Timestamp,Temp,Humid,Radn,Wind_degree,Wind,Rainfall,Battery
2026-09-01 00:00:00,24.94,92.22,0.0,36,0.0,0.0,13.04
2026-09-01 00:01:00,24.91,92.23,0.0,36,0.0,0.0,13.04
2026-09-01 00:02:00,24.93,92.24,0.0,36,0.0,0.0,13.04
2026-09-01 00:03:00,24.91,92.24,0.0,36,0.015,0.0,13.04
2026-09-01 00:04:00,24.93,92.27,0.0,36,0.0,0.0,13.04
2026-09-01 00:05:00,24.9,92.29,0.0,36,0.0,0.0,13.04
2026-09-01 00:06:00,24.91,92.32,0.0,36,0.0,0.0,13.04
2026-09-01 00:07:00,24.9,92.32,0.0,38,0.345,0.0,13.04
2026-09-01 00:08:00,24.88,92.29,0.0,39,0.54,0.0,13.04
2026-09-01 00:09:00,24.87,92.34,0.0,39,0.12,0.0,13.04
2026-09-01 00:10:00,24.87,92.36,0.0,39,0.015,0.0,13.04
2026-09-01 00:11:00,24.87,92.39,0.0,75,0.075,0.0,13.04
2026-09-01 00:12:00,24.84,92.41,0.0,75,0.03,0.0,13.04
2026-09-01 00:13:00,24.84,92.42,0.0,75,0.0,0.0,13.04
2026-09-01 00:14:00,24.83,92.48,0.0,75,0.0,0.0,13.04
2026-09-01 00:15:00,24.83,92.51,0.0,75,0.0,0.0,13.04
2026-09-01 00:16:00,24.83,92.49,0.0,75,0.0,0.0,13.04
2026-09-01 00:17:00,24.86,92.53,0.0,75,0.0,0.0,13.04
2026-09-01 00:18:00,24.83,92.58,0.0,75,0.0,0.0,13.04
2026-09-01 00:19:00,24.84,92.6,0.0,75,0.0,0.0,13.04
2026-09-01 00:20:00,24.84,92.66,0.0,75,0.0,0.0,13.04
2026-09-01 00:21:00,24.88,92.71,0.0,75,0.09,0.0,13.04
2026-09-01 00:22:00,24.87,92.72,0.0,75,0.225,0.0,13.04
2026-09-01 00:23:00,24.86,92.73,0.0,75,0.015,0.0,13.04
2026-09-01 00:24:00,24.86,92.72,0.0,75,0.045,0.0,13.04
2026-09-01 00:25:00,24.86,92.72,0.0,75,0.075,0.0,13.04
2026-09-01 00:26:00,24.84,92.73,0.0,75,0.06,0.0,13.04
2026-09-01 00:27:00,24.84,92.73,0.0,75,0.18,0.0,13.04
2026-09-01 00:28:00,24.84,92.75,0.0,75,0.15,0.0,13.04
2026-09-01 00:29:00,24.86,92.8,0.0,75,0.18,0.0,13.04
2026-09-01 00:30:00,24.81,92.75,0.0,75,0.09,0.0,13.04
2026-09-01 00:31:00,24.83,92.79,0.0,75,0.03,0.0,13.04
2026-09-01 00:32:00,24.81,92.8,0.0,44,0.39,0.0,13.04
2026-09-01 00:33:00,24.8,92.78,0.0,64,0.45,0.0,13.04
2026-09-01 00:34:00,24.77,92.79,0.0,62,0.15,0.0,13.04
2026-09-01 00:35:00,24.79,92.82,0.0,62,0.09,0.0,13.04
2026-09-01 00:36:00,24.8,92.88,0.0,62,0.0,0.0,13.04
2026-09-01 00:37:00,24.76,92.85,0.0,62,0.045,0.0,13.04
2026-09-01 00:38:00,24.8,92.91,0.0,62,0.15,0.0,13.04
2026-09-01 00:39:00,24.8,92.97,0.0,62,0.015,0.0,13.04
2026-09-01 00:40:00,24.8,92.93,0.0,62,0.045,0.0,13.04
2026-09-01 00:41:00,24.8,92.93,0.0,62,0.06,0.0,13.04
2026-09-01 00:42:00,24.8,92.95,0.0,62,0.0,0.0,13.04
2026-09-01 00:43:00,24.83,92.99,0.0,62,0.105,0.0,13.04
2026-09-01 00:44:00,24.8,92.94,0.0,62,0.0,0.0,13.04
2026-09-01 00:45:00,24.8,92.97,0.0,62,0.0,0.0,13.04
2026-09-01 00:46:00,24.8,92.94,0.0,62,0.0,0.0,13.04
2026-09-01 00:47:00,24.8,92.94,0.0,62,0.015,0.0,13.04
2026-09-01 00:48:00,24.81,92.93,0.0,62,0.0,0.0,13.04
2026-09-01 00:49:00,24.81,92.97,0.0,62,0.0,0.0,13.04
2026-09-01 00:50:00,24.81,92.97,0.0,62,0.015,0.0,13.04
2026-09-01 00:51:00,24.8,92.96,0.0,62,0.015,0.0,13.01
2026-09-01 00:52:00,24.8,92.99,0.0,62,0.0,0.0,13.04
2026-09-01 00:53:00,24.8,92.98,0.0,62,0.0,0.0,13.04
2026-09-01 00:54:00,24.79,92.99,0.0,62,0.0,0.0,13.01
2026-09-01 00:55:00,24.8,93.0,0.0,62,0.015,0.0,13.01
2026-09-01 00:56:00,24.83,93.01,0.0,62,0.0,0.0,13.04
2026-09-01 00:57:00,24.81,93.01,0.0,62,0.015,0.0,13.04
2026-09-01 00:58:00,24.81,92.98,0.0,62,0.0,0.0,13.04
2026-09-01 00:59:00,24.83,92.97,0.0,62,0.0,0.0,13.01
2026-09-01 01:00:00,24.83,92.97,0.0,62,0.0,0.0,13.01
2026-09-01 01:01:00,24.84,93.02,0.0,62,0.03,0.0,13.01
2026-09-01 01:02:00,24.83,92.95,0.0,62,0.0,0.0,13.01
2026-09-01 01:03:00,24.83,92.97,0.0,62,0.0,0.0,13.01
2026-09-01 01:04:00,24.81,92.96,0.0,62,0.0,0.0,13.01
2026-09-01 01:05:00,24.83,92.93,0.0,62,0.0,0.0,13.01
2026-09-01 01:06:00,24.84,92.93,0.0,62,0.0,0.0,13.01
2026-09-01 01:07:00,24.83,92.93,0.0,62,0.0,0.0,13.01
2026-09-01 01:08:00,24.84,92.88,0.0,62,0.0,0.0,13.01
2026-09-01 01:09:00,24.84,92.86,0.0,62,0.015,0.0,12.97
2026-09-01 01:10:00,24.83,92.9,0.0,62,0.075,0.0,13.01
2026-09-01 01:11:00,24.84,92.81,0.0,62,0.0,0.0,12.97
2026-09-01 01:12:00,24.81,92.83,0.0,62,0.015,0.0,12.97
2026-09-01 01:13:00,24.86,92.83,0.0,62,0.0,0.0,12.97
2026-09-01 01:14:00,24.87,92.8,0.0,62,0.0,0.0,13.01
2026-09-01 01:15:00,24.88,92.77,0.0,62,0.0,0.0,12.97
2026-09-01 01:16:00,24.88,92.78,0.0,62,0.0,0.0,12.97
2026-09-01 01:17:00,24.88,92.72,0.0,62,0.0,0.0,13.01
2026-09-01 01:18:00,24.93,92.71,0.0,62,0.03,0.0,13.01
2026-09-01 01:19:00,24.91,92.62,0.0,62,0.03,0.0,13.01
2026-09-01 01:20:00,24.93,92.54,0.0,62,0.0,0.0,13.01
2026-09-01 01:21:00,24.93,92.5,0.0,62,0.0,0.0,12.97
2026-09-01 01:22:00,24.95,92.51,0.0,62,0.0,0.0,12.97
2026-09-01 01:23:00,24.95,92.42,0.0,62,0.0,0.0,13.01
2026-09-01 01:24:00,24.97,92.38,0.0,62,0.045,0.0,12.97
2026-09-01 01:25:00,25.01,92.33,0.0,62,0.015,0.0,12.97
2026-09-01 01:26:00,25.04,92.26,0.0,62,0.0,0.0,12.97
2026-09-01 01:27:00,25.04,92.16,0.0,62,0.195,0.0,12.97
2026-09-01 01:28:00,25.08,92.09,0.0,62,0.0,0.0,12.97
2026-09-01 01:29:00,25.07,91.96,0.0,62,0.015,0.0,12.97
2026-09-01 01:30:00,25.1,91.85,0.0,62,0.105,0.0,12.97
2026-09-01 01:31:00,25.11,91.77,0.0,62,0.0,0.0,12.97
2026-09-01 01:32:00,25.19,91.66,0.0,20,0.285,0.0,12.97
2026-09-01 01:33:00,25.17,91.49,0.0,20,0.03,0.0,12.97
2026-09-01 01:34:00,25.24,91.4,0.0,20,0.15,0.0,12.97
2026-09-01 01:35:00,25.27,91.22,0.0,20,0.045,0.0,12.97
2026-09-01 01:36:00,25.27,91.06,0.0,20,0.06,0.0,12.97
2026-09-01 01:37:00,25.29,90.87,0.0,233,0.375,0.0,12.97
2026-09-01 01:38:00,25.29,90.74,0.0,290,0.09,0.0,12.97
2026-09-01 01:39:00,25.32,90.59,0.0,12,0.105,0.0,12.97
2026-09-01 01:40:00,25.34,90.46,0.0,12,0.165,0.0,12.97
2026-09-01 01:41:00,25.38,90.27,0.0,338,0.105,0.0,12.97
2026-09-01 01:42:00,25.39,90.11,0.0,338,0.0,0.0,12.97
2026-09-01 01:43:00,25.39,89.92,0.0,340,0.165,0.0,12.97
2026-09-01 01:44:00,25.42,89.79,0.0,255,0.09,0.0,12.97
2026-09-01 01:45:00,25.41,89.63,0.0,220,0.24,0.0,12.97
2026-09-01 01:46:00,25.41,89.5,0.0,220,0.03,0.0,12.97
2026-09-01 01:47:00,25.42,89.4,0.0,281,0.105,0.0,12.97
2026-09-01 01:48:00,25.44,89.3,0.0,281,0.0,0.0,12.97
2026-09-01 01:49:00,25.44,89.17,0.0,281,0.0,0.0,12.97
2026-09-01 01:50:00,25.48,89.06,0.0,306,0.15,0.0,12.97
2026-09-01 01:51:00,25.48,88.94,0.0,306,0.045,0.0,12.97
2026-09-01 01:52:00,25.5,88.83,0.0,314,0.015,0.0,12.97
2026-09-01 01:53:00,25.48,88.76,0.0,114,0.18,0.0,12.97
2026-09-01 01:54:00,25.5,88.63,0.0,116,0.105,0.0,12.97
2026-09-01 01:55:00,25.52,88.53,0.0,260,0.09,0.0,12.97
2026-09-01 01:56:00,25.53,88.46,0.0,260,0.0,0.0,12.97
2026-09-01 01:57:00,25.56,88.4,0.0,260,0.015,0.0,12.97
2026-09-01 01:58:00,25.53,88.28,0.0,260,0.015,0.0,12.97
2026-09-01 01:59:00,25.56,88.28,0.0,290,0.255,0.0,12.97
2026-09-01 02:00:00,25.56,88.16,0.0,290,0.0,0.0,12.97
2026-09-01 02:01:00,25.61,88.14,0.0,290,0.015,0.0,12.97
2026-09-01 02:02:00,25.59,88.08,0.0,290,0.0,0.0,12.97
2026-09-01 02:03:00,25.59,88.08,0.0,290,0.0,0.0,12.97
2026-09-01 02:04:00,25.59,88.03,0.0,290,0.015,0.0,12.97
2026-09-01 02:05:00,25.58,87.99,0.0,290,0.0,0.0,12.97
2026-09-01 02:06:00,25.58,87.95,0.0,290,0.0,0.0,12.97
2026-09-01 02:07:00,25.59,88.0,0.0,290,0.0,0.0,12.97
2026-09-01 02:08:00,25.58,87.99,0.0,290,0.0,0.0,12.97
2026-09-01 02:09:00,25.58,87.96,0.0,290,0.0,0.0,12.97
2026-09-01 02:10:00,25.55,87.93,0.0,290,0.0,0.0,12.97
2026-09-01 02:11:00,25.53,87.97,0.0,290,0.0,0.0,12.93
2026-09-01 02:12:00,25.56,87.99,0.0,290,0.0,0.0,12.93
2026-09-01 02:13:00,25.53,87.88,0.0,290,0.0,0.0,12.97
2026-09-01 02:14:00,25.5,87.94,0.0,290,0.0,0.0,12.93
2026-09-01 02:15:00,25.49,87.97,0.0,290,0.0,0.0,12.93
2026-09-01 02:16:00,25.48,87.95,0.0,290,0.0,0.0,12.97
2026-09-01 02:17:00,25.46,87.97,0.0,290,0.0,0.0,12.93
2026-09-01 02:18:00,25.46,88.06,0.0,290,0.0,0.0,12.97
2026-09-01 02:19:00,25.42,88.1,0.0,290,0.0,0.0,12.97
2026-09-01 02:20:00,25.38,88.19,0.0,290,0.0,0.0,12.93
2026-09-01 02:21:00,25.42,88.29,0.0,290,0.0,0.0,12.93
2026-09-01 02:22:00,25.38,88.27,0.0,290,0.0,0.0,12.93
2026-09-01 02:23:00,25.37,88.43,0.0,290,0.0,0.0,12.93
2026-09-01 02:24:00,25.34,88.58,0.0,290,0.0,0.0,12.93
2026-09-01 02:25:00,25.32,88.71,0.0,290,0.0,0.0,12.93
2026-09-01 02:26:00,25.31,88.76,0.0,290,0.0,0.0,12.93
2026-09-01 02:27:00,25.25,88.94,0.0,290,0.0,0.0,12.93
2026-09-01 02:28:00,25.24,89.06,0.0,290,0.0,0.0,12.93
2026-09-01 02:29:00,25.17,89.11,0.0,290,0.0,0.0,12.93
2026-09-01 02:30:00,25.13,89.26,0.0,290,0.0,0.0,12.93
2026-09-01 02:31:00,25.08,89.38,0.0,290,0.015,0.0,12.93
2026-09-01 02:32:00,25.02,89.43,0.0,290,0.0,0.0,12.93
2026-09-01 02:33:00,25.0,89.57,0.0,290,0.0,0.0,12.93
2026-09-01 02:34:00,24.95,89.68,0.0,290,0.0,0.0,12.93
2026-09-01 02:35:00,24.91,89.81,0.0,290,0.0,0.0,12.93
2026-09-01 02:36:00,24.91,89.91,0.0,290,0.015,0.0,12.93
2026-09-01 02:37:00,24.87,89.98,0.0,290,0.0,0.0,12.93
2026-09-01 02:38:00,24.84,90.05,0.0,290,0.0,0.0,12.93
2026-09-01 02:39:00,24.84,90.17,0.0,290,0.0,0.0,12.93
2026-09-01 02:40:00,24.8,90.21,0.0,290,0.0,0.0,12.93
2026-09-01 02:41:00,24.79,90.23,0.0,290,0.0,0.0,12.93
2026-09-01 02:42:00,24.74,90.3,0.0,290,0.0,0.0,12.93
2026-09-01 02:43:00,24.74,90.39,0.0,290,0.0,0.0,12.93
2026-09-01 02:44:00,24.7,90.41,0.0,290,0.0,0.0,12.93
2026-09-01 02:45:00,24.67,90.44,0.0,290,0.0,0.0,12.93
2026-09-01 02:46:00,24.67,90.5,0.0,290,0.0,0.0,12.93
2026-09-01 02:47:00,24.66,90.57,0.0,290,0.0,0.0,12.93
2026-09-01 02:48:00,24.66,90.61,0.0,290,0.0,0.0,12.93
2026-09-01 02:49:00,24.63,90.75,0.0,290,0.015,0.0,12.93
2026-09-01 02:50:00,24.64,90.83,0.0,290,0.015,0.0,12.93
2026-09-01 02:51:00,24.7,90.95,0.0,290,0.015,0.0,12.93
2026-09-01 02:52:00,24.7,90.98,0.0,290,0.06,0.0,12.93
2026-09-01 02:53:00,24.74,91.03,0.0,290,0.105,0.0,12.93
2026-09-01 02:54:00,24.73,91.05,0.0,290,0.015,0.0,12.93
2026-09-01 02:55:00,24.73,91.0,0.0,290,0.0,0.0,12.93
2026-09-01 02:56:00,24.77,90.99,0.0,290,0.0,0.0,12.93
2026-09-01 02:57:00,24.77,90.97,0.0,290,0.0,0.0,12.93
2026-09-01 02:58:00,24.76,90.93,0.0,290,0.03,0.0,12.93
2026-09-01 02:59:00,24.79,90.94,0.0,290,0.0,0.0,12.93
2026-09-01 03:00:00,24.77,90.93,0.0,290,0.0,0.0,12.93
2026-09-01 03:01:00,24.79,90.89,0.0,290,0.0,0.0,12.93
2026-09-01 03:02:00,24.81,90.88,0.0,290,0.0,0.0,12.93
2026-09-01 03:03:00,24.8,90.86,0.0,290,0.015,0.0,12.93
2026-09-01 03:04:00,24.8,90.81,0.0,290,0.0,0.0,12.93
2026-09-01 03:05:00,24.8,90.72,0.0,290,0.0,0.0,12.93
2026-09-01 03:06:00,24.79,90.7,0.0,290,0.0,0.0,12.93
2026-09-01 03:07:00,24.77,90.67,0.0,290,0.0,0.0,12.93
2026-09-01 03:08:00,24.76,90.65,0.0,290,0.0,0.0,12.93
2026-09-01 03:09:00,24.74,90.67,0.0,290,0.0,0.0,12.93
2026-09-01 03:10:00,24.7,90.72,0.0,290,0.015,0.0,12.93
2026-09-01 03:11:00,24.74,90.73,0.0,290,0.0,0.0,12.93
2026-09-01 03:12:00,24.7,90.79,0.0,290,0.0,0.0,12.93
2026-09-01 03:13:00,24.7,90.84,0.0,290,0.0,0.0,12.93
2026-09-01 03:14:00,24.71,90.85,0.0,290,0.0,0.0,12.93
2026-09-01 03:15:00,24.73,90.83,0.0,290,0.015,0.0,12.93
2026-09-01 03:16:00,24.73,90.84,0.0,290,0.0,0.0,12.93
2026-09-01 03:17:00,24.73,90.89,0.0,290,0.0,0.0,12.93
2026-09-01 03:18:00,24.73,90.81,0.0,290,0.0,0.0,12.93
2026-09-01 03:19:00,24.74,90.85,0.0,290,0.06,0.0,12.93
2026-09-01 03:20:00,24.73,90.85,0.0,290,0.015,0.0,12.93
2026-09-01 03:21:00,24.71,90.78,0.0,290,0.03,0.0,12.93
2026-09-01 03:22:00,24.73,90.75,0.0,290,0.0,0.0,12.93
2026-09-01 03:23:00,24.71,90.68,0.0,290,0.015,0.0,12.93
2026-09-01 03:24:00,24.7,90.66,0.0,290,0.015,0.0,12.93
2026-09-01 03:25:00,24.67,90.63,0.0,290,0.06,0.0,12.93
2026-09-01 03:26:00,24.69,90.55,0.0,290,0.0,0.0,12.93
2026-09-01 03:27:00,24.69,90.53,0.0,290,0.0,0.0,12.93
2026-09-01 03:28:00,24.7,90.46,0.0,290,0.0,0.0,12.93
2026-09-01 03:29:00,24.69,90.44,0.0,290,0.0,0.0,12.93
2026-09-01 03:30:00,24.66,90.38,0.0,290,0.0,0.0,12.93
2026-09-01 03:31:00,24.67,90.36,0.0,290,0.0,0.0,12.93
2026-09-01 03:32:00,24.64,90.38,0.0,290,0.0,0.0,12.93
2026-09-01 03:33:00,24.63,90.33,0.0,290,0.0,0.0,12.93
2026-09-01 03:34:00,24.62,90.41,0.0,290,0.0,0.0,12.93
2026-09-01 03:35:00,24.62,90.44,0.0,290,0.0,0.0,12.93
2026-09-01 03:36:00,24.59,90.47,0.0,290,0.0,0.0,12.93
2026-09-01 03:37:00,24.56,90.51,0.0,290,0.0,0.0,12.93
2026-09-01 03:38:00,24.54,90.57,0.0,290,0.0,0.0,12.93
2026-09-01 03:39:00,24.54,90.61,0.0,290,0.0,0.0,12.93
2026-09-01 03:40:00,24.51,90.64,0.0,290,0.015,0.0,12.93
2026-09-01 03:41:00,24.47,90.71,0.0,290,0.075,0.0,12.93
2026-09-01 03:42:00,24.47,90.78,0.0,290,0.24,0.0,12.93
2026-09-01 03:43:00,24.47,90.83,0.0,290,0.135,0.0,12.93
2026-09-01 03:44:00,24.46,90.88,0.0,43,0.165,0.0,12.93
2026-09-01 03:45:00,24.44,90.92,0.0,43,0.06,0.0,12.93
2026-09-01 03:46:00,24.46,90.99,0.0,63,0.345,0.0,12.93
2026-09-01 03:47:00,24.43,91.02,0.0,63,0.27,0.0,12.93
2026-09-01 03:48:00,24.44,91.05,0.0,63,0.105,0.0,12.93
2026-09-01 03:49:00,24.43,91.1,0.0,63,0.0,0.0,12.93
2026-09-01 03:50:00,24.42,91.11,0.0,63,0.0,0.0,12.93
2026-09-01 03:51:00,24.43,91.1,0.0,63,0.0,0.0,12.93
2026-09-01 03:52:00,24.43,91.06,0.0,63,0.0,0.0,12.93
2026-09-01 03:53:00,24.4,91.12,0.0,63,0.0,0.0,12.93
2026-09-01 03:54:00,24.42,91.17,0.0,63,0.0,0.0,12.93
2026-09-01 03:55:00,24.42,91.16,0.0,63,0.0,0.0,12.93
2026-09-01 03:56:00,24.39,91.17,0.0,63,0.0,0.0,12.93
2026-09-01 03:57:00,24.39,91.21,0.0,63,0.0,0.0,12.93
2026-09-01 03:58:00,24.39,91.19,0.0,63,0.0,0.0,12.93
2026-09-01 03:59:00,24.35,91.18,0.0,63,0.0,0.0,12.93
2026-09-01 04:00:00,24.35,91.28,0.0,63,0.0,0.0,12.93
2026-09-01 04:01:00,24.38,91.25,0.0,63,0.0,0.0,12.93
2026-09-01 04:02:00,24.36,91.27,0.0,63,0.0,0.0,12.93
2026-09-01 04:03:00,24.38,91.3,0.0,63,0.0,0.0,12.93
2026-09-01 04:04:00,24.38,91.26,0.0,63,0.0,0.0,12.93
2026-09-01 04:05:00,24.36,91.27,0.0,63,0.0,0.0,12.93
2026-09-01 04:06:00,24.36,91.26,0.0,63,0.0,0.0,12.93
2026-09-01 04:07:00,24.38,91.29,0.0,63,0.0,0.0,12.93
2026-09-01 04:08:00,24.36,91.31,0.0,63,0.0,0.0,12.93
2026-09-01 04:09:00,24.33,91.3,0.0,63,0.0,0.0,12.93
2026-09-01 04:10:00,24.38,91.32,0.0,63,0.0,0.0,12.93
2026-09-01 04:11:00,24.38,91.32,0.0,63,0.0,0.0,12.93
2026-09-01 04:12:00,24.35,91.25,0.0,63,0.0,0.0,12.93
2026-09-01 04:13:00,24.39,91.3,0.0,63,0.0,0.0,12.93
2026-09-01 04:14:00,24.4,91.18,0.0,63,0.0,0.0,12.93
2026-09-01 04:15:00,24.39,91.09,0.0,63,0.0,0.0,12.93
2026-09-01 04:16:00,24.39,91.08,0.0,63,0.03,0.0,12.93
2026-09-01 04:17:00,24.42,91.09,0.0,63,0.09,0.0,12.93
2026-09-01 04:18:00,24.44,91.05,0.0,47,0.195,0.0,12.93
2026-09-01 04:19:00,24.46,90.95,0.0,47,0.165,0.0,12.93
2026-09-01 04:20:00,24.46,90.94,0.0,38,0.21,0.0,12.93
2026-09-01 04:21:00,24.46,90.79,0.0,53,0.09,0.0,12.93
2026-09-01 04:22:00,24.46,90.73,0.0,50,0.195,0.0,12.89
2026-09-01 04:23:00,24.47,90.62,0.0,50,0.09,0.0,12.93
2026-09-01 04:24:00,24.5,90.55,0.0,335,0.165,0.0,12.93
2026-09-01 04:25:00,24.51,90.38,0.0,338,0.225,0.0,12.89
2026-09-01 04:26:00,24.56,90.22,0.0,338,0.255,0.0,12.93
2026-09-01 04:27:00,24.59,90.04,0.0,119,0.45,0.0,12.89
2026-09-01 04:28:00,24.63,89.86,0.0,8,0.24,0.0,12.93
2026-09-01 04:29:00,24.69,89.71,0.0,347,0.54,0.0,12.93
2026-09-01 04:30:00,24.73,89.58,0.0,328,0.36,0.0,12.93
2026-09-01 04:31:00,24.76,89.38,0.0,328,0.12,0.0,12.89
2026-09-01 04:32:00,24.8,89.21,0.0,0,0.105,0.0,12.89
2026-09-01 04:33:00,24.8,88.99,0.0,118,0.375,0.0,12.93
2026-09-01 04:34:00,24.86,88.79,0.0,16,0.255,0.0,12.93
2026-09-01 04:35:00,24.88,88.56,0.0,306,0.21,0.0,12.93
2026-09-01 04:36:00,24.91,88.28,0.0,143,0.645,0.0,12.93
2026-09-01 04:37:00,24.95,88.02,0.0,44,0.54,0.0,12.93
2026-09-01 04:38:00,25.04,87.82,0.0,168,0.48,0.0,12.93
2026-09-01 04:39:00,25.07,87.63,0.0,236,0.36,0.0,12.89
2026-09-01 04:40:00,25.15,87.45,0.0,302,0.345,0.0,12.89
2026-09-01 04:41:00,25.13,87.32,0.0,348,0.3,0.0,12.89
2026-09-01 04:42:00,25.14,87.22,0.0,348,0.195,0.0,12.89
2026-09-01 04:43:00,25.17,87.06,0.0,83,0.3,0.0,12.89
2026-09-01 04:44:00,25.19,86.91,0.0,1,0.57,0.0,12.89
2026-09-01 04:45:00,25.21,86.79,0.0,299,0.285,0.0,12.89
2026-09-01 04:46:00,25.25,86.65,0.0,162,0.315,0.0,12.93
2026-09-01 04:47:00,25.27,86.4,0.0,211,0.585,0.0,12.93
2026-09-01 04:48:00,25.32,86.14,0.0,159,0.39,0.0,12.93
2026-09-01 04:49:00,25.38,85.93,0.0,62,0.195,0.0,12.93
2026-09-01 04:50:00,25.44,85.73,0.0,22,0.285,0.0,12.89
2026-09-01 04:51:00,25.49,85.43,0.0,8,0.39,0.0,12.89
2026-09-01 04:52:00,25.53,85.25,0.0,3,0.195,0.0,12.89
2026-09-01 04:53:00,25.58,84.99,0.0,352,0.42,0.0,12.89
2026-09-01 04:54:00,25.65,84.81,0.0,359,0.24,0.0,12.89
2026-09-01 04:55:00,25.66,84.62,0.0,359,0.33,0.0,12.89
2026-09-01 04:56:00,25.73,84.49,0.0,73,0.06,0.0,12.89
2026-09-01 04:57:00,25.75,84.23,0.0,43,0.57,0.0,12.89
2026-09-01 04:58:00,25.8,84.14,0.0,43,0.3,0.0,12.89
2026-09-01 04:59:00,25.79,84.1,0.0,40,0.045,0.0,12.89
2026-09-01 05:00:00,25.82,83.94,0.0,84,0.585,0.0,12.89
2026-09-01 05:01:00,25.83,83.97,0.0,24,0.54,0.0,12.89
2026-09-01 05:02:00,25.88,83.94,0.0,24,0.255,0.0,12.89
2026-09-01 05:03:00,25.89,83.9,0.0,24,0.12,0.0,12.89
2026-09-01 05:04:00,25.86,83.87,0.0,7,0.105,0.0,12.89
2026-09-01 05:05:00,25.89,83.78,0.0,97,0.51,0.0,12.89
2026-09-01 05:06:00,25.9,83.7,0.0,75,0.48,0.0,12.89
2026-09-01 05:07:00,25.9,83.65,0.0,293,0.54,0.0,12.89
2026-09-01 05:08:00,25.96,83.55,0.0,7,0.36,0.0,12.89
2026-09-01 05:09:00,25.99,83.53,0.0,137,0.285,0.0,12.89
2026-09-01 05:10:00,25.97,83.5,0.0,44,0.285,0.0,12.89
2026-09-01 05:11:00,25.96,83.48,0.0,328,0.45,0.0,12.89
2026-09-01 05:12:00,25.99,83.44,0.0,8,0.36,0.0,12.89
2026-09-01 05:13:00,25.97,83.51,0.0,8,0.03,0.0,12.89
2026-09-01 05:14:00,25.95,83.48,0.0,51,0.585,0.0,12.89
2026-09-01 05:15:00,25.99,83.49,0.0,46,0.24,0.0,12.89
2026-09-01 05:16:00,26.0,83.51,0.0,33,0.24,0.0,12.89
2026-09-01 05:17:00,25.97,83.49,0.0,45,0.285,0.0,12.89
2026-09-01 05:18:00,25.99,83.52,0.0,45,0.12,0.0,12.89
2026-09-01 05:19:00,25.96,83.56,0.0,45,0.105,0.0,12.89
2026-09-01 05:20:00,25.93,83.65,0.0,45,0.015,0.0,12.89
2026-09-01 05:21:00,25.92,83.74,0.0,85,0.21,0.0,12.89
2026-09-01 05:22:00,25.9,83.76,0.0,82,0.345,0.0,12.89
2026-09-01 05:23:00,25.89,83.79,0.0,34,0.285,0.0,12.89
2026-09-01 05:24:00,25.9,83.79,0.0,34,0.045,0.0,12.89
2026-09-01 05:25:00,25.9,83.81,0.0,348,0.15,0.0,12.89
2026-09-01 05:26:00,25.86,83.86,0.0,348,0.15,0.0,12.89
2026-09-01 05:27:00,25.86,83.91,0.0,348,0.03,0.0,12.89
2026-09-01 05:28:00,25.82,83.99,0.0,358,0.36,0.0,12.89
2026-09-01 05:29:00,25.8,84.04,0.0,358,0.03,0.0,12.89
2026-09-01 05:30:00,25.82,84.06,0.0,73,0.135,0.0,12.89
2026-09-01 05:31:00,25.82,84.11,0.0,144,0.3,0.0,12.89
2026-09-01 05:32:00,25.82,84.1,0.0,144,0.015,0.0,12.89
2026-09-01 05:33:00,25.79,84.16,0.0,297,0.255,0.0,12.89
2026-09-01 05:34:00,25.75,84.15,0.0,297,0.06,0.0,12.89
2026-09-01 05:35:00,25.75,84.22,0.0,297,0.0,0.0,12.89
2026-09-01 05:36:00,25.75,84.25,0.0,297,0.015,0.0,12.89
2026-09-01 05:37:00,25.72,84.36,0.0,297,0.0,0.0,12.89
2026-09-01 05:38:00,25.68,84.42,0.0,297,0.015,0.0,12.89
2026-09-01 05:39:00,25.66,84.53,0.0,297,0.0,0.0,12.89
2026-09-01 05:40:00,25.61,84.5,0.0,297,0.0,0.0,12.89
2026-09-01 05:41:00,25.61,84.67,0.0,297,0.015,0.0,12.89
2026-09-01 05:42:00,25.61,84.74,0.0,297,0.0,0.0,12.89
2026-09-01 05:43:00,25.56,84.9,0.0,297,0.0,0.0,12.89
2026-09-01 05:44:00,25.5,84.95,0.0,297,0.0,0.0,12.89
2026-09-01 05:45:00,25.46,85.01,0.0,297,0.045,0.0,12.89
2026-09-01 05:46:00,25.49,85.14,0.0,297,0.03,0.0,12.89
2026-09-01 05:47:00,25.48,85.21,0.0,297,0.015,0.0,12.89
2026-09-01 05:48:00,25.44,85.27,0.0,297,0.015,0.0,12.89
2026-09-01 05:49:00,25.41,85.33,0.0,305,0.015,0.0,12.89
2026-09-01 05:50:00,25.39,85.4,0.0,249,0.3,0.0,12.89
2026-09-01 05:51:00,25.39,85.49,0.76,249,0.03,0.0,12.89
2026-09-01 05:52:00,25.38,85.58,0.0,249,0.06,0.0,12.89
2026-09-01 05:53:00,25.35,85.59,0.76,249,0.015,0.0,12.89
2026-09-01 05:54:00,25.32,85.69,0.76,249,0.03,0.0,12.89
2026-09-01 05:55:00,25.31,85.76,1.14,249,0.0,0.0,12.89
2026-09-01 05:56:00,25.29,85.76,1.53,249,0.0,0.0,12.89
2026-09-01 05:57:00,25.29,85.84,1.53,249,0.09,0.0,12.89
2026-09-01 05:58:00,25.28,85.89,2.29,249,0.0,0.0,12.89
2026-09-01 05:59:00,25.25,85.95,1.91,249,0.0,0.0,12.89
2026-09-01 06:00:00,25.24,85.98,1.91,249,0.12,0.0,12.89
2026-09-01 06:01:00,25.22,86.01,2.29,222,0.195,0.0,12.89
2026-09-01 06:02:00,25.22,86.04,2.29,209,0.165,0.0,12.89
2026-09-01 06:03:00,25.22,86.05,3.05,246,0.255,0.0,12.89
2026-09-01 06:04:00,25.25,86.06,3.43,301,0.18,0.0,12.89
2026-09-01 06:05:00,25.22,86.02,4.2,274,0.18,0.0,12.89
2026-09-01 06:06:00,25.24,86.04,4.2,151,0.105,0.0,12.89
2026-09-01 06:07:00,25.24,85.99,4.58,151,0.015,0.0,12.89
2026-09-01 06:08:00,25.25,86.0,4.58,151,0.0,0.0,12.89
2026-09-01 06:09:00,25.25,85.98,5.34,151,0.03,0.0,12.89
2026-09-01 06:10:00,25.21,86.03,5.72,151,0.0,0.0,12.89
2026-09-01 06:11:00,25.21,86.03,6.49,213,0.105,0.0,12.89
2026-09-01 06:12:00,25.19,86.09,7.63,276,0.12,0.0,12.89
2026-09-01 06:13:00,25.24,86.11,8.01,276,0.0,0.0,12.89
2026-09-01 06:14:00,25.18,86.16,8.39,276,0.0,0.0,12.89
2026-09-01 06:15:00,25.21,86.22,8.77,276,0.15,0.0,12.89
2026-09-01 06:16:00,25.15,86.28,9.54,276,0.045,0.0,12.89
2026-09-01 06:17:00,25.17,86.32,10.68,276,0.045,0.0,12.89
2026-09-01 06:18:00,25.15,86.37,11.06,276,0.0,0.0,12.89
2026-09-01 06:19:00,25.14,86.4,12.21,276,0.0,0.0,12.89
2026-09-01 06:20:00,25.11,86.43,11.83,276,0.045,0.0,12.89
2026-09-01 06:21:00,25.1,86.51,12.21,276,0.015,0.0,12.89
2026-09-01 06:22:00,25.08,86.55,12.97,276,0.0,0.0,12.89
2026-09-01 06:23:00,25.05,86.61,13.73,276,0.0,0.0,12.89
2026-09-01 06:24:00,25.02,86.67,14.5,276,0.0,0.0,12.89
2026-09-01 06:25:00,25.01,86.77,15.26,276,0.0,0.0,12.89
2026-09-01 06:26:00,24.98,86.86,16.78,276,0.0,0.0,12.89
2026-09-01 06:27:00,24.97,86.92,18.31,276,0.0,0.0,12.89
2026-09-01 06:28:00,24.94,86.98,19.07,276,0.0,0.0,12.89
2026-09-01 06:29:00,24.95,87.03,20.6,276,0.0,0.0,12.89
2026-09-01 06:30:00,24.94,87.12,22.51,276,0.03,0.0,12.89
2026-09-01 06:31:00,24.9,87.19,24.41,276,0.0,0.0,12.89
2026-09-01 06:32:00,24.91,87.29,25.94,276,0.0,0.0,12.93
2026-09-01 06:33:00,24.9,87.35,28.23,276,0.045,0.0,12.93
2026-09-01 06:34:00,24.91,87.43,30.52,276,0.0,0.0,12.93
2026-09-01 06:35:00,24.9,87.46,33.95,276,0.045,0.0,12.93
2026-09-01 06:36:00,24.91,87.52,38.91,276,0.0,0.0,12.93
2026-09-01 06:37:00,24.91,87.6,44.63,276,0.0,0.0,12.97
2026-09-01 06:38:00,24.88,87.62,49.59,276,0.0,0.0,13.04
2026-09-01 06:39:00,24.91,87.68,54.17,276,0.015,0.0,13.04
2026-09-01 06:40:00,24.93,87.73,58.37,276,0.0,0.0,13.04
2026-09-01 06:41:00,24.93,87.73,62.94,276,0.015,0.0,13.04
2026-09-01 06:42:00,24.94,87.71,66.76,289,0.09,0.0,13.08
2026-09-01 06:43:00,24.95,87.74,70.19,287,0.165,0.0,13.08
2026-09-01 06:44:00,24.97,87.73,72.1,287,0.12,0.0,13.12
2026-09-01 06:45:00,24.95,87.73,75.91,53,0.285,0.0,13.16
2026-09-01 06:46:00,24.97,87.75,77.82,64,0.195,0.0,13.16
2026-09-01 06:47:00,24.97,87.72,80.11,56,0.375,0.0,13.16
2026-09-01 06:48:00,24.98,87.72,82.4,68,0.39,0.0,13.16
2026-09-01 06:49:00,25.0,87.73,83.92,68,0.165,0.0,13.16
2026-09-01 06:50:00,25.04,87.71,86.21,68,0.255,0.0,13.16
2026-09-01 06:51:00,25.05,87.69,88.5,68,0.03,0.0,13.16
2026-09-01 06:52:00,25.11,87.69,90.79,68,0.0,0.0,13.16
2026-09-01 06:53:00,25.18,87.62,93.08,68,0.015,0.0,13.16
2026-09-01 06:54:00,25.22,87.5,95.37,68,0.0,0.0,13.16
2026-09-01 06:55:00,25.28,87.37,98.04,68,0.0,0.0,13.16
2026-09-01 06:56:00,25.31,87.23,99.95,68,0.0,0.0,13.16
2026-09-01 06:57:00,25.38,87.08,101.85,68,0.0,0.0,13.16
2026-09-01 06:58:00,25.42,86.93,103.38,68,0.0,0.0,13.16
2026-09-01 06:59:00,25.49,86.78,106.05,68,0.0,0.0,13.46
2026-09-01 07:00:00,25.53,86.67,108.72,68,0.0,0.0,13.46
2026-09-01 07:01:00,25.62,86.47,110.63,68,0.03,0.0,13.46
2026-09-01 07:02:00,25.68,86.29,111.39,68,0.015,0.0,13.46
2026-09-01 07:03:00,25.75,86.11,112.54,68,0.015,0.0,13.46
2026-09-01 07:04:00,25.8,85.76,116.73,68,0.03,0.0,13.46
2026-09-01 07:05:00,25.88,85.62,122.45,68,0.135,0.0,13.46
2026-09-01 07:06:00,25.95,85.38,128.18,68,0.06,0.0,13.53
2026-09-01 07:07:00,26.01,85.26,126.27,68,0.09,0.0,13.53
2026-09-01 07:08:00,26.06,85.24,136.57,68,0.0,0.0,13.57
2026-09-01 07:09:00,26.13,85.19,134.28,68,0.0,0.0,13.57
2026-09-01 07:10:00,26.21,84.95,129.32,68,0.12,0.0,13.57
2026-09-01 07:11:00,26.27,84.88,128.94,68,0.0,0.0,13.53
2026-09-01 07:12:00,26.31,84.63,119.78,78,0.075,0.0,13.53
2026-09-01 07:13:00,26.34,84.22,103.38,47,0.225,0.0,13.46
2026-09-01 07:14:00,26.43,84.01,86.98,47,0.105,0.0,13.46
2026-09-01 07:15:00,26.46,83.73,80.87,359,0.345,0.0,13.46
2026-09-01 07:16:00,26.51,83.36,77.06,266,0.195,0.0,13.46
2026-09-01 07:17:00,26.51,82.92,75.15,47,0.555,0.0,13.46
2026-09-01 07:18:00,26.54,82.62,75.53,12,0.375,0.0,13.46
2026-09-01 07:19:00,26.61,82.49,78.58,293,0.405,0.0,13.46
2026-09-01 07:20:00,26.61,82.23,84.31,160,0.495,0.0,13.46
2026-09-01 07:21:00,26.64,81.94,86.98,56,0.375,0.0,13.46
2026-09-01 07:22:00,26.7,81.78,92.32,56,0.105,0.0,13.46
2026-09-01 07:23:00,26.74,81.78,91.94,300,0.435,0.0,13.46
2026-09-01 07:24:00,26.78,81.65,95.75,36,0.36,0.0,13.46
2026-09-01 07:25:00,26.84,81.55,103.76,37,0.045,0.0,13.46
2026-09-01 07:26:00,26.87,81.57,112.54,37,0.09,0.0,13.53
2026-09-01 07:27:00,26.87,81.61,117.49,37,0.015,0.0,13.53
2026-09-01 07:28:00,26.87,81.34,124.36,303,0.405,0.0,13.53
2026-09-01 07:29:00,26.88,81.16,136.19,34,0.405,0.0,13.61
2026-09-01 07:30:00,26.92,81.0,136.57,109,0.69,0.0,13.61
2026-09-01 07:31:00,26.96,80.86,133.13,44,0.465,0.0,13.61
2026-09-01 07:32:00,27.01,80.9,133.52,44,0.045,0.0,13.61
2026-09-01 07:33:00,27.05,80.79,134.66,20,0.435,0.0,13.64
2026-09-01 07:34:00,27.05,80.55,136.19,53,0.57,0.0,13.64
2026-09-01 07:35:00,27.14,80.4,140.76,28,0.975,0.0,13.64
2026-09-01 07:36:00,27.14,80.4,141.15,273,0.465,0.0,13.64
2026-09-01 07:37:00,27.15,80.41,146.11,305,0.27,0.0,13.79
2026-09-01 07:38:00,27.18,80.16,159.46,258,0.42,0.0,13.79
2026-09-01 07:39:00,27.21,80.03,158.69,328,0.27,0.0,13.79
2026-09-01 07:40:00,27.24,80.15,180.06,352,0.09,0.0,13.79
2026-09-01 07:41:00,27.25,80.0,150.68,171,0.735,0.0,13.79
2026-09-01 07:42:00,27.26,79.97,159.08,320,0.525,0.0,13.79
2026-09-01 07:43:00,27.25,79.87,143.43,0,0.585,0.0,13.79
2026-09-01 07:44:00,27.24,79.54,144.58,111,0.645,0.0,13.79
2026-09-01 07:45:00,27.24,79.51,143.43,51,0.675,0.0,13.79
2026-09-01 07:46:00,27.24,79.49,154.5,90,0.36,0.0,13.79
2026-09-01 07:47:00,27.28,79.31,138.86,36,0.405,0.0,13.79
2026-09-01 07:48:00,27.29,79.14,137.33,313,0.465,0.0,13.64
2026-09-01 07:49:00,27.29,79.19,136.19,313,0.51,0.0,13.64
2026-09-01 07:50:00,27.29,79.18,137.33,28,0.135,0.0,13.79
2026-09-01 07:51:00,27.3,79.14,140.0,359,0.405,0.0,13.79
2026-09-01 07:52:00,27.32,79.08,140.38,286,0.45,0.0,13.79
2026-09-01 07:53:00,27.3,79.22,147.25,0,0.495,0.0,13.79
2026-09-01 07:54:00,27.32,79.1,167.47,90,0.465,0.0,13.79
2026-09-01 07:55:00,27.36,78.91,148.01,53,0.51,0.0,13.79
2026-09-01 07:56:00,27.32,78.72,146.11,130,0.675,0.0,13.79
2026-09-01 07:57:00,27.35,78.67,146.11,197,0.6,0.0,13.79
2026-09-01 07:58:00,27.35,78.73,147.25,297,0.27,0.0,13.79
2026-09-01 07:59:00,27.33,78.92,148.01,59,0.645,0.0,13.79
2026-09-01 08:00:00,27.35,78.85,149.54,263,0.675,0.0,13.79
2026-09-01 08:01:00,27.37,78.84,150.3,294,0.45,0.0,13.79
2026-09-01 08:02:00,27.35,78.71,151.45,39,0.975,0.0,13.79
2026-09-01 08:03:00,27.35,78.73,155.64,68,0.675,0.0,13.79
2026-09-01 08:04:00,27.35,78.57,159.08,11,0.93,0.0,13.79
2026-09-01 08:05:00,27.33,78.49,166.32,152,0.93,0.0,13.79
2026-09-01 08:06:00,27.33,78.71,174.33,332,0.765,0.0,13.79
2026-09-01 08:07:00,27.37,78.84,316.62,340,0.63,0.0,14.09
2026-09-01 08:08:00,27.42,78.59,238.8,323,0.78,0.0,14.09
2026-09-01 08:09:00,27.45,78.37,186.92,332,0.885,0.0,14.09
2026-09-01 08:10:00,27.49,78.14,194.93,104,0.675,0.0,14.09
2026-09-01 08:11:00,27.49,78.04,187.3,45,0.72,0.0,14.09
2026-09-01 08:12:00,27.5,78.0,178.53,125,0.465,0.0,14.09
2026-09-01 08:13:00,27.53,78.0,179.67,92,0.81,0.0,14.09
2026-09-01 08:14:00,27.54,77.92,194.17,29,0.765,0.0,14.09
2026-09-01 08:15:00,27.59,77.95,193.79,133,0.36,0.0,14.09
2026-09-01 08:16:00,27.62,77.78,192.65,90,0.195,0.0,14.09
2026-09-01 08:17:00,27.67,77.71,223.16,359,0.615,0.0,14.09
2026-09-01 08:18:00,27.7,77.63,320.06,342,0.765,0.0,14.13
2026-09-01 08:19:00,27.79,77.35,349.81,123,0.57,0.0,14.13
2026-09-01 08:20:00,27.96,76.93,360.88,132,0.555,0.0,14.13
2026-09-01 08:21:00,28.07,76.47,384.91,328,0.525,0.0,14.13
2026-09-01 08:22:00,28.2,76.15,387.58,21,0.345,0.0,14.13
2026-09-01 08:23:00,28.34,75.81,239.57,346,0.465,0.0,14.09
2026-09-01 08:24:00,28.44,75.56,348.29,320,0.57,0.0,14.13
2026-09-01 08:25:00,28.48,74.86,254.06,79,0.57,0.0,14.09
2026-09-01 08:26:00,28.49,74.91,318.91,26,0.435,0.0,14.13
2026-09-01 08:27:00,28.48,74.78,193.03,297,0.945,0.0,14.09
2026-09-01 08:28:00,28.45,74.58,203.33,56,0.945,0.0,14.09
2026-09-01 08:29:00,28.42,74.93,284.2,236,0.42,0.0,14.13
2026-09-01 08:30:00,28.49,74.89,210.57,154,0.315,0.0,14.09
2026-09-01 08:31:00,28.54,74.51,194.55,238,0.3,0.0,14.09
2026-09-01 08:32:00,28.58,74.47,220.49,303,0.585,0.0,14.09
2026-09-01 08:33:00,28.58,74.04,178.15,199,0.69,0.0,14.09
2026-09-01 08:34:00,28.61,74.06,181.96,22,0.555,0.0,14.09
2026-09-01 08:35:00,28.58,74.26,143.43,304,0.255,0.0,14.09
2026-09-01 08:36:00,28.56,74.07,141.15,282,0.75,0.0,14.09
2026-09-01 08:37:00,28.52,74.24,148.01,76,0.495,0.0,14.09
2026-09-01 08:38:00,28.49,74.57,153.73,205,0.3,0.0,14.09
2026-09-01 08:39:00,28.46,74.48,164.42,250,0.495,0.0,14.09
2026-09-01 08:40:00,28.45,74.49,225.83,343,0.39,0.0,14.09
2026-09-01 08:41:00,28.48,74.64,171.66,109,0.645,0.0,14.09
2026-09-01 08:42:00,28.48,74.47,192.65,36,0.225,0.0,14.09
2026-09-01 08:43:00,28.49,74.5,179.67,36,0.225,0.0,14.09
2026-09-01 08:44:00,28.48,74.56,177.77,266,0.165,0.0,14.09
2026-09-01 08:45:00,28.46,74.66,179.67,15,0.69,0.0,14.09
2026-09-01 08:46:00,28.44,74.77,182.35,12,0.54,0.0,14.09
2026-09-01 08:47:00,28.41,75.01,180.06,93,0.18,0.0,14.09
2026-09-01 08:48:00,28.39,75.0,185.78,16,0.27,0.0,14.09
2026-09-01 08:49:00,28.42,74.99,195.32,104,0.42,0.0,14.09
2026-09-01 08:50:00,28.44,74.69,283.05,264,0.435,0.0,14.13
2026-09-01 08:51:00,28.45,74.74,338.75,237,0.57,0.0,14.13
2026-09-01 08:52:00,28.52,74.74,251.77,276,0.375,0.0,14.13
2026-09-01 08:53:00,28.54,74.66,217.82,276,0.06,0.0,14.09
2026-09-01 08:54:00,28.58,74.8,215.92,289,0.27,0.0,14.09
2026-09-01 08:55:00,28.61,74.8,265.89,257,0.33,0.0,14.13
2026-09-01 08:56:00,28.65,74.29,263.98,260,0.345,0.0,14.13
2026-09-01 08:57:00,28.69,74.14,264.36,242,0.795,0.0,14.13
2026-09-01 08:58:00,28.69,74.22,325.4,286,0.48,0.0,14.13
2026-09-01 08:59:00,28.82,74.2,462.73,299,0.135,0.0,14.13
2026-09-01 09:00:00,28.97,73.91,478.75,299,0.15,0.0,14.13
2026-09-01 09:01:00,29.19,73.19,368.12,321,0.165,0.0,14.13
2026-09-01 09:02:00,29.36,72.53,449.76,321,0.09,0.0,14.13
2026-09-01 09:03:00,29.54,72.34,586.33,272,0.12,0.0,14.13
2026-09-01 09:04:00,29.67,71.51,266.27,157,0.495,0.0,14.09
2026-09-01 09:05:00,29.75,71.06,521.86,320,0.225,0.0,14.13
2026-09-01 09:06:00,29.87,70.23,391.39,267,0.72,0.0,14.13
2026-09-01 09:07:00,29.89,69.43,549.32,271,0.885,0.0,14.13
2026-09-01 09:08:00,29.91,69.08,531.01,276,1.155,0.0,14.13
2026-09-01 09:09:00,29.92,68.82,570.69,252,1.065,0.0,14.13
2026-09-01 09:10:00,29.87,69.21,289.16,228,1.23,0.0,14.09
2026-09-01 09:11:00,29.94,69.66,519.19,261,0.21,0.0,14.13
2026-09-01 09:12:00,29.99,68.87,283.44,206,1.095,0.0,14.09
2026-09-01 09:13:00,29.99,68.9,278.48,255,0.885,0.0,14.09
2026-09-01 09:14:00,29.96,69.44,562.68,291,0.735,0.0,14.09
2026-09-01 09:15:00,30.02,69.29,308.23,328,0.33,0.0,14.09
2026-09-01 09:16:00,30.05,68.84,700.77,226,0.6,0.0,14.09
2026-09-01 09:17:00,30.19,68.62,707.64,225,0.255,0.0,14.09
2026-09-01 09:18:00,30.32,68.49,672.16,278,0.405,0.0,14.09
2026-09-01 09:19:00,30.54,68.1,684.37,24,0.3,0.0,14.09
2026-09-01 09:20:00,30.65,67.47,440.6,204,0.495,0.0,14.09
2026-09-01 09:21:00,30.69,67.67,620.28,332,0.435,0.0,14.09
2026-09-01 09:22:00,30.7,66.71,442.89,240,0.72,0.0,14.09
2026-09-01 09:23:00,30.7,66.53,204.85,0,1.02,0.0,14.09
2026-09-01 09:24:00,30.54,66.7,223.16,146,1.095,0.0,14.09
2026-09-01 09:25:00,30.35,66.73,289.92,220,1.275,0.0,14.09
2026-09-01 09:26:00,30.15,67.13,375.75,312,1.155,0.0,14.09
2026-09-01 09:27:00,30.05,67.55,593.58,217,0.825,0.0,14.09
2026-09-01 09:28:00,30.05,68.0,341.04,289,0.63,0.0,14.09
2026-09-01 09:29:00,30.08,67.85,642.4,297,0.57,0.0,14.09
2026-09-01 09:30:00,30.11,67.96,460.44,253,0.765,0.0,14.09
2026-09-01 09:31:00,30.23,68.06,635.16,356,0.165,0.0,14.09
2026-09-01 09:32:00,30.39,67.9,610.36,67,0.315,0.0,14.09
2026-09-01 09:33:00,30.61,67.63,611.89,74,0.375,0.0,14.09
2026-09-01 09:34:00,30.84,67.27,600.06,298,0.21,0.0,14.09
2026-09-01 09:35:00,31.07,66.7,630.58,246,0.42,0.0,14.09
2026-09-01 09:36:00,31.23,65.72,242.62,170,0.465,0.0,14.09
2026-09-01 09:37:00,31.23,65.23,211.72,14,0.705,0.0,14.09
2026-09-01 09:38:00,31.11,65.91,694.29,359,0.3,0.0,14.09
2026-09-01 09:39:00,31.05,66.27,647.36,54,0.855,0.0,14.09
2026-09-01 09:40:00,31.04,66.52,663.39,120,0.465,0.0,14.09
2026-09-01 09:41:00,31.16,66.52,672.16,86,0.165,0.0,14.09
2026-09-01 09:42:00,31.24,65.0,282.67,328,0.27,0.0,14.09
2026-09-01 09:43:00,31.2,64.33,741.21,238,0.45,0.0,14.09
2026-09-01 09:44:00,31.25,64.91,325.78,314,0.36,0.0,14.09
2026-09-01 09:45:00,31.24,65.45,577.55,317,0.495,0.0,14.09
2026-09-01 09:46:00,31.28,64.79,532.92,125,0.84,0.0,14.09
2026-09-01 09:47:00,31.24,65.18,627.91,11,0.855,0.0,14.09
2026-09-01 09:48:00,31.24,65.36,680.55,242,0.675,0.0,14.09
2026-09-01 09:49:00,31.28,65.17,667.58,33,0.495,0.0,14.09
2026-09-01 09:50:00,31.45,65.57,693.14,115,0.18,0.0,14.09
2026-09-01 09:51:00,31.57,64.21,672.54,255,0.765,0.0,14.09
2026-09-01 09:52:00,31.61,63.59,635.16,346,0.915,0.0,14.09
2026-09-01 09:53:00,31.65,63.89,343.33,15,0.84,0.0,14.09
2026-09-01 09:54:00,31.64,63.29,266.65,159,0.795,0.0,14.09
2026-09-01 09:55:00,31.6,63.44,598.92,351,0.57,0.0,14.09
2026-09-01 09:56:00,31.49,63.54,531.78,149,0.705,0.0,14.09
2026-09-01 09:57:00,31.48,63.98,815.59,105,0.555,0.0,14.09
2026-09-01 09:58:00,31.54,63.59,611.89,106,0.225,0.0,14.09
2026-09-01 09:59:00,31.57,63.59,322.73,28,0.39,0.0,14.09
2026-09-01 10:00:00,31.51,63.41,329.21,334,1.17,0.0,14.09
2026-09-01 10:01:00,31.32,63.76,609.6,229,1.245,0.0,14.09
2026-09-01 10:02:00,31.21,64.47,623.71,276,0.885,0.0,14.09
2026-09-01 10:03:00,31.25,64.72,672.16,274,0.6,0.0,14.09
2026-09-01 10:04:00,31.37,63.44,696.57,255,0.345,0.0,14.09
2026-09-01 10:05:00,31.46,62.63,349.81,257,0.165,0.0,14.09
2026-09-01 10:06:00,31.42,63.29,337.61,132,0.915,0.0,14.09
2026-09-01 10:07:00,31.35,63.78,279.62,93,0.6,0.0,14.09
2026-09-01 10:08:00,31.24,64.23,274.66,121,0.78,0.0,14.09
2026-09-01 10:09:00,31.14,64.39,340.28,332,0.495,0.0,14.09
2026-09-01 10:10:00,31.05,64.76,340.66,167,0.51,0.0,14.09
2026-09-01 10:11:00,30.98,64.3,414.66,278,0.795,0.0,14.09
2026-09-01 10:12:00,30.94,65.11,461.59,299,0.555,0.0,14.09
2026-09-01 10:13:00,31.0,65.0,347.52,152,0.285,0.0,14.09
2026-09-01 10:14:00,31.04,65.24,774.78,54,0.54,0.0,14.09
2026-09-01 10:15:00,31.24,64.81,761.81,332,0.39,0.0,14.09
2026-09-01 10:16:00,31.45,64.27,775.16,332,0.21,0.0,14.09
2026-09-01 10:17:00,31.6,63.48,739.3,251,0.495,0.0,14.09
2026-09-01 10:18:00,31.78,63.1,686.27,30,0.39,0.0,14.09
2026-09-01 10:19:00,31.93,62.4,722.51,39,0.72,0.0,14.09
2026-09-01 10:20:00,31.93,62.05,806.06,237,1.05,0.0,14.09
2026-09-01 10:21:00,31.86,62.03,724.8,58,1.32,0.0,14.09
2026-09-01 10:22:00,31.79,62.15,743.11,125,0.915,0.0,14.09
2026-09-01 10:23:00,31.82,62.2,704.97,226,0.69,0.0,14.09
2026-09-01 10:24:00,31.85,62.49,736.63,69,0.705,0.0,14.09
2026-09-01 10:25:00,31.88,62.23,624.09,158,0.9,0.0,14.09
2026-09-01 10:26:00,31.89,62.39,649.65,133,0.585,0.0,14.09
2026-09-01 10:27:00,31.93,62.42,653.47,264,0.645,0.0,14.09
2026-09-01 10:28:00,31.99,62.46,640.5,266,0.675,0.0,14.09
2026-09-01 10:29:00,31.95,61.55,567.64,229,1.47,0.0,14.09
2026-09-01 10:30:00,31.86,62.0,345.62,320,1.02,0.0,14.09
2026-09-01 10:31:00,31.76,61.67,307.09,113,0.84,0.0,14.09
2026-09-01 10:32:00,31.68,62.15,402.46,95,0.765,0.0,14.09
2026-09-01 10:33:00,31.58,62.56,411.61,286,0.615,0.0,14.09
2026-09-01 10:34:00,31.45,62.04,383.0,54,1.74,0.0,14.09
2026-09-01 10:35:00,31.25,63.09,255.97,10,1.065,0.0,14.09
2026-09-01 10:36:00,31.11,63.03,346.0,183,1.605,0.0,14.09
2026-09-01 10:37:00,30.98,62.94,210.96,125,1.245,0.0,14.09
2026-09-01 10:38:00,30.82,63.4,211.34,240,1.305,0.0,14.09
2026-09-01 10:39:00,30.72,63.95,211.72,229,0.945,0.0,14.09
2026-09-01 10:40:00,30.67,64.46,231.94,202,0.855,0.0,14.09
2026-09-01 10:41:00,30.61,64.75,236.13,204,1.245,0.0,14.09
2026-09-01 10:42:00,30.54,65.3,226.21,12,0.48,0.0,14.09
2026-09-01 10:43:00,30.47,65.22,233.08,310,0.66,0.0,14.09
2026-09-01 10:44:00,30.49,65.5,218.2,348,0.09,0.0,14.09
2026-09-01 10:45:00,30.54,65.78,214.39,8,0.645,0.0,14.09
2026-09-01 10:46:00,30.54,65.41,235.75,327,0.39,0.0,14.09
2026-09-01 10:47:00,30.54,65.57,247.96,148,0.81,0.0,14.09
2026-09-01 10:48:00,30.58,65.34,259.02,5,0.45,0.0,14.09
2026-09-01 10:49:00,30.53,65.31,284.96,176,0.795,0.0,14.09
2026-09-01 10:50:00,30.53,64.89,289.92,233,0.915,0.0,14.09
2026-09-01 10:51:00,30.53,64.84,297.55,217,0.615,0.0,14.09
2026-09-01 10:52:00,30.54,64.89,322.73,87,0.435,0.0,14.09
2026-09-01 10:53:00,30.56,64.9,344.09,233,0.615,0.0,14.09
2026-09-01 10:54:00,30.61,65.12,778.21,306,0.48,0.0,14.09
2026-09-01 10:55:00,30.72,65.25,699.24,201,0.645,0.0,14.09
2026-09-01 10:56:00,30.84,64.79,366.6,246,0.945,0.0,14.09
2026-09-01 10:57:00,30.91,65.1,383.38,184,0.45,0.0,14.09
2026-09-01 10:58:00,31.03,64.91,661.86,16,0.555,0.0,14.09
2026-09-01 10:59:00,31.09,63.98,319.68,269,1.365,0.0,14.09
2026-09-01 11:00:00,31.14,63.82,877.78,158,0.96,0.0,14.09
2026-09-01 11:01:00,31.24,63.84,855.65,254,0.675,0.0,14.09
2026-09-01 11:02:00,31.37,63.62,777.07,243,0.96,0.0,14.09
2026-09-01 11:03:00,31.48,63.03,713.74,271,1.095,0.0,14.09
2026-09-01 11:04:00,31.46,62.99,648.89,311,1.53,0.0,14.09
2026-09-01 11:05:00,31.46,63.13,450.9,277,0.87,0.0,14.09
2026-09-01 11:06:00,31.44,62.92,373.46,349,0.945,0.0,14.09
2026-09-01 11:07:00,31.42,62.59,173.19,6,0.78,0.0,14.09
2026-09-01 11:08:00,31.38,62.25,168.23,294,0.705,0.0,14.09
2026-09-01 11:09:00,31.27,62.68,216.3,284,1.035,0.0,14.09
2026-09-01 11:10:00,31.2,62.55,171.66,212,0.84,0.0,14.09
2026-09-01 11:11:00,31.16,62.43,167.85,49,1.005,0.0,14.09
2026-09-01 11:12:00,31.1,62.56,175.86,47,0.675,0.0,14.09
2026-09-01 11:13:00,31.03,62.89,210.57,30,0.87,0.0,14.09
2026-09-01 11:14:00,30.95,63.22,261.69,93,0.795,0.0,14.09
2026-09-01 11:15:00,30.9,63.51,770.58,59,0.66,0.0,14.09
2026-09-01 11:16:00,30.98,63.51,748.84,75,0.735,0.0,14.09
2026-09-01 11:17:00,31.1,62.05,700.77,318,0.825,0.0,14.09
2026-09-01 11:18:00,31.13,62.39,241.47,152,0.96,0.0,14.09
2026-09-01 11:19:00,31.16,62.72,672.92,76,0.81,0.0,14.09
2026-09-01 11:20:00,31.21,62.54,225.07,31,0.975,0.0,14.09
2026-09-01 11:21:00,31.24,62.52,705.73,160,1.41,0.0,14.09
2026-09-01 11:22:00,31.27,62.96,640.12,144,0.69,0.0,14.09
2026-09-01 11:23:00,31.35,61.93,723.66,99,0.585,0.0,14.09
2026-09-01 11:24:00,31.45,61.87,740.44,205,0.93,0.0,14.09
2026-09-01 11:25:00,31.52,61.58,259.78,13,0.66,0.0,14.09
2026-09-01 11:26:00,31.49,61.64,813.31,153,0.615,0.0,14.09
2026-09-01 11:27:00,31.61,61.58,836.58,284,0.465,0.0,14.09
2026-09-01 11:28:00,31.72,62.01,813.31,269,0.81,0.0,14.09
2026-09-01 11:29:00,31.76,61.35,203.71,335,0.825,0.0,14.09
2026-09-01 11:30:00,31.78,61.66,202.56,87,0.525,0.0,14.09
2026-09-01 11:31:00,31.76,61.36,841.15,335,0.78,0.0,14.09
2026-09-01 11:32:00,31.76,61.04,836.58,13,1.125,0.0,14.09
2026-09-01 11:33:00,31.79,61.46,817.5,117,0.615,0.0,14.09
2026-09-01 11:34:00,31.85,61.23,815.21,112,0.63,0.0,14.09
2026-09-01 11:35:00,32.01,61.15,172.05,248,0.555,0.0,14.09
2026-09-01 11:36:00,32.09,60.8,146.11,7,0.255,0.0,14.09
2026-09-01 11:37:00,32.05,60.52,772.11,24,0.645,0.0,14.09
2026-09-01 11:38:00,32.05,60.5,742.35,142,0.585,0.0,14.09
2026-09-01 11:39:00,32.05,60.95,782.41,328,0.81,0.0,14.09
2026-09-01 11:40:00,32.12,60.41,799.57,199,0.435,0.0,14.09
2026-09-01 11:41:00,32.19,60.41,800.34,0,0.45,0.0,14.09
2026-09-01 11:42:00,32.32,61.01,798.81,3,0.195,0.0,14.09
2026-09-01 11:43:00,32.44,60.59,798.43,164,0.405,0.0,14.09
2026-09-01 11:44:00,32.5,59.49,795.38,63,0.765,0.0,14.09
2026-09-01 11:45:00,32.53,59.52,790.8,131,0.555,0.0,14.09
2026-09-01 11:46:00,32.5,58.78,789.27,59,0.885,0.0,14.09
2026-09-01 11:47:00,32.46,58.0,786.98,239,0.825,0.0,14.09
2026-09-01 11:48:00,32.43,58.59,782.02,3,0.735,0.0,14.09
2026-09-01 11:49:00,32.44,58.44,786.22,312,0.645,0.0,14.09
2026-09-01 11:50:00,32.49,58.53,786.6,234,0.84,0.0,14.09
2026-09-01 11:51:00,32.53,58.36,786.98,207,0.96,0.0,14.09
2026-09-01 11:52:00,32.57,58.42,789.65,274,0.555,0.0,14.09
2026-09-01 11:53:00,32.57,58.41,795.0,69,0.615,0.0,14.09
2026-09-01 11:54:00,32.59,58.76,806.06,190,0.255,0.0,14.09
2026-09-01 11:55:00,32.7,58.96,339.51,280,0.195,0.0,14.09
2026-09-01 11:56:00,32.74,58.9,849.93,63,0.3,0.0,14.09
2026-09-01 11:57:00,32.83,58.25,348.67,117,0.84,0.0,14.09
2026-09-01 11:58:00,32.76,58.12,831.24,92,0.855,0.0,14.09
2026-09-01 11:59:00,32.73,58.03,824.75,78,1.035,0.0,14.09
2026-09-01 12:00:00,32.73,58.49,824.37,304,0.48,0.0,14.09
2026-09-01 12:01:00,32.77,58.62,868.62,165,0.705,0.0,14.09
2026-09-01 12:02:00,32.77,58.47,857.56,127,0.69,0.0,14.09
2026-09-01 12:03:00,32.84,58.05,815.98,142,0.795,0.0,14.09
2026-09-01 12:04:00,32.88,57.73,803.39,27,0.63,0.0,14.09
2026-09-01 12:05:00,32.9,56.78,793.85,0,0.96,0.0,14.09
2026-09-01 12:06:00,32.9,57.69,797.67,21,0.39,0.0,14.09
2026-09-01 12:07:00,33.0,57.11,797.67,124,0.765,0.0,14.09
2026-09-01 12:08:00,33.01,56.69,795.76,255,1.05,0.0,14.09
2026-09-01 12:09:00,32.95,57.15,803.01,267,0.96,0.0,14.09
2026-09-01 12:10:00,32.91,56.65,820.94,96,1.335,0.0,14.09
2026-09-01 12:11:00,32.9,56.85,842.68,80,1.245,0.0,14.09
2026-09-01 12:12:00,32.87,57.09,362.4,4,1.125,0.0,14.09
2026-09-01 12:13:00,32.8,57.04,867.09,251,1.455,0.0,14.09
2026-09-01 12:14:00,32.81,57.64,877.39,3,0.765,0.0,14.09
2026-09-01 12:15:00,32.88,57.69,872.82,197,0.555,0.0,14.09
2026-09-01 12:16:00,33.0,57.8,887.31,198,0.345,0.0,14.09
2026-09-01 12:17:00,33.2,58.08,897.61,73,0.21,0.0,14.09
2026-09-01 12:18:00,33.41,57.71,873.2,145,0.675,0.0,14.09
2026-09-01 12:19:00,33.59,56.5,866.33,123,0.36,0.0,14.09
2026-09-01 12:20:00,33.72,55.73,299.84,295,0.405,0.0,14.09
2026-09-01 12:21:00,33.74,55.37,302.13,175,0.87,0.0,14.09
2026-09-01 12:22:00,33.69,55.92,695.43,139,1.08,0.0,14.09
2026-09-01 12:23:00,33.62,55.93,911.35,251,0.735,0.0,14.09
2026-09-01 12:24:00,33.61,55.56,905.62,20,0.84,0.0,14.09
2026-09-01 12:25:00,33.54,55.45,900.66,342,1.245,0.0,14.09
2026-09-01 12:26:00,33.41,56.0,911.73,90,1.59,0.0,14.09
2026-09-01 12:27:00,33.38,56.27,219.35,185,0.495,0.0,14.09
2026-09-01 12:28:00,33.34,55.88,226.21,305,0.585,0.0,14.09
2026-09-01 12:29:00,33.21,56.97,547.42,153,1.11,0.0,14.09
2026-09-01 12:30:00,33.14,56.58,918.97,58,0.69,0.0,14.09
2026-09-01 12:31:00,33.1,57.53,893.42,27,0.45,0.0,14.09
2026-09-01 12:32:00,33.27,57.23,891.13,49,0.18,0.0,14.09
2026-09-01 12:33:00,33.47,56.71,914.78,17,0.285,0.0,14.09
2026-09-01 12:34:00,33.58,56.04,210.19,239,0.495,0.0,14.09
2026-09-01 12:35:00,33.54,56.02,223.16,136,0.855,0.0,14.09
2026-09-01 12:36:00,33.37,56.08,255.97,156,0.75,0.0,14.09
2026-09-01 12:37:00,33.25,56.36,216.3,70,0.525,0.0,14.09
2026-09-01 12:38:00,33.1,56.66,722.13,305,0.555,0.0,14.09
2026-09-01 12:39:00,33.06,57.24,238.04,263,0.39,0.0,14.09
2026-09-01 12:40:00,32.98,57.09,240.33,337,0.51,0.0,14.09
2026-09-01 12:41:00,32.93,57.36,227.74,239,0.63,0.0,14.09
2026-09-01 12:42:00,32.87,57.93,218.59,222,0.615,0.0,14.09
2026-09-01 12:43:00,32.86,58.43,221.26,315,0.48,0.0,14.09
2026-09-01 12:44:00,32.84,58.78,199.51,315,0.075,0.0,14.09
2026-09-01 12:45:00,32.84,57.76,188.07,101,0.72,0.0,14.09
2026-09-01 12:46:00,32.77,58.2,168.61,79,0.42,0.0,14.09
2026-09-01 12:47:00,32.74,58.14,179.29,105,0.375,0.0,14.09
2026-09-01 12:48:00,32.66,58.27,219.35,87,0.465,0.0,14.09
2026-09-01 12:49:00,32.69,58.73,986.5,202,0.36,0.0,14.09
2026-09-01 12:50:00,32.86,58.26,352.86,359,0.405,0.0,14.09
2026-09-01 12:51:00,33.0,58.24,421.15,92,0.3,0.0,14.09
2026-09-01 12:52:00,33.04,57.86,217.82,104,0.99,0.0,14.09
2026-09-01 12:53:00,32.95,57.88,225.45,19,0.705,0.0,14.09
2026-09-01 12:54:00,32.86,58.47,259.02,62,0.645,0.0,14.09
2026-09-01 12:55:00,32.79,58.53,292.21,187,0.87,0.0,14.09
2026-09-01 12:56:00,32.71,58.84,414.28,151,0.555,0.0,14.09
2026-09-01 12:57:00,32.81,58.15,1041.43,199,0.27,0.0,14.09
2026-09-01 12:58:00,33.01,58.69,368.51,180,0.135,0.0,14.09
2026-09-01 12:59:00,33.17,57.76,268.94,126,0.42,0.0,14.09
2026-09-01 13:00:00,33.27,57.5,408.18,292,0.57,0.0,14.09
2026-09-01 13:01:00,33.35,56.66,962.08,247,0.36,0.0,14.09
2026-09-01 13:02:00,33.4,56.37,956.74,255,1.035,0.0,14.09
2026-09-01 13:03:00,33.51,56.5,971.24,204,0.615,0.0,14.09
2026-09-01 13:04:00,33.65,55.34,971.62,253,1.125,0.0,14.09
2026-09-01 13:05:00,33.79,54.57,963.99,6,0.975,0.0,14.09
2026-09-01 13:06:00,34.02,53.79,947.59,82,0.99,0.0,14.09
2026-09-01 13:07:00,34.18,52.96,914.78,66,0.96,0.0,14.09
2026-09-01 13:08:00,34.29,53.09,959.79,358,0.6,0.0,14.09
2026-09-01 13:09:00,34.43,52.74,989.93,201,1.005,0.0,14.09
2026-09-01 13:10:00,34.43,53.04,287.25,110,0.795,0.0,14.09
2026-09-01 13:11:00,34.36,53.05,884.64,162,0.915,0.0,14.09
2026-09-01 13:12:00,34.29,53.05,969.33,125,0.9,0.0,14.09
2026-09-01 13:13:00,34.2,53.38,247.2,172,0.885,0.0,14.09
2026-09-01 13:14:00,34.08,53.49,251.77,9,1.05,0.0,14.09
2026-09-01 13:15:00,33.92,54.29,564.2,50,1.08,0.0,14.09
2026-09-01 13:16:00,33.97,54.96,281.53,233,0.495,0.0,14.09
2026-09-01 13:17:00,34.05,55.84,214.77,110,0.6,0.0,14.09
2026-09-01 13:18:00,33.95,56.51,217.82,127,0.6,0.0,14.09
2026-09-01 13:19:00,33.85,56.79,217.06,317,0.675,0.0,14.09
2026-09-01 13:20:00,33.75,57.16,225.83,148,0.705,0.0,14.09
2026-09-01 13:21:00,33.64,57.39,229.65,21,1.035,0.0,14.09
2026-09-01 13:22:00,33.49,57.34,506.22,115,0.915,0.0,14.09
2026-09-01 13:23:00,33.49,57.82,954.83,271,0.81,0.0,14.09
2026-09-01 13:24:00,33.61,57.79,1003.66,185,0.96,0.0,14.09
2026-09-01 13:25:00,33.72,57.74,426.87,65,0.72,0.0,14.09
2026-09-01 13:26:00,33.82,57.85,920.88,179,0.975,0.0,14.09
2026-09-01 13:27:00,34.02,57.66,897.61,145,0.45,0.0,14.09
2026-09-01 13:28:00,34.23,55.89,893.03,289,1.11,0.0,14.09
2026-09-01 13:29:00,34.27,56.36,896.85,80,1.29,0.0,14.09
2026-09-01 13:30:00,34.36,55.93,881.21,132,0.93,0.0,14.09
2026-09-01 13:31:00,34.52,55.87,859.08,199,0.63,0.0,14.09
2026-09-01 13:32:00,34.75,55.43,864.04,246,0.48,0.0,14.09
2026-09-01 13:33:00,34.98,55.03,864.42,171,0.435,0.0,14.09
2026-09-01 13:34:00,35.21,53.36,867.86,31,0.615,0.0,14.09
2026-09-01 13:35:00,35.2,52.97,873.58,270,1.395,0.0,14.09
2026-09-01 13:36:00,35.13,53.19,869.76,136,1.17,0.0,14.09
2026-09-01 13:37:00,35.07,53.78,862.13,201,0.9,0.0,14.09
2026-09-01 13:38:00,35.13,53.77,846.49,230,0.3,0.0,14.09
2026-09-01 13:39:00,35.2,53.78,471.5,171,0.345,0.0,13.91
2026-09-01 13:40:00,35.27,53.33,220.87,146,0.525,0.0,13.91
2026-09-01 13:41:00,35.1,53.53,685.51,255,0.75,0.0,14.09
2026-09-01 13:42:00,34.93,53.78,803.77,40,0.765,0.0,14.09
2026-09-01 13:43:00,34.8,54.25,141.15,112,0.915,0.0,13.83
2026-09-01 13:44:00,34.57,54.82,141.53,115,0.45,0.0,13.91
2026-09-01 13:45:00,34.35,55.73,167.85,232,0.405,0.0,13.91
2026-09-01 13:46:00,34.2,56.22,224.31,304,0.375,0.0,13.91
2026-09-01 13:47:00,34.15,56.61,928.51,208,0.69,0.0,14.09
2026-09-01 13:48:00,34.23,56.6,267.8,218,0.42,0.0,13.91
2026-09-01 13:49:00,34.23,55.84,280.77,359,0.765,0.0,13.91
2026-09-01 13:50:00,34.11,56.54,621.42,164,0.51,0.0,14.09
2026-09-01 13:51:00,34.2,55.75,378.81,284,0.585,0.0,13.91
2026-09-01 13:52:00,34.23,56.05,292.59,333,0.39,0.0,13.91
2026-09-01 13:53:00,34.2,56.12,629.82,303,1.02,0.0,14.09
2026-09-01 13:54:00,34.18,56.17,265.13,137,0.765,0.0,13.91
2026-09-01 13:55:00,34.08,56.39,247.96,108,1.185,0.0,13.91
2026-09-01 13:56:00,33.86,57.15,255.21,195,1.23,0.0,13.91
2026-09-01 13:57:00,33.66,57.95,263.98,127,0.57,0.0,13.91
2026-09-01 13:58:00,33.57,58.25,310.52,254,0.75,0.0,13.91
2026-09-01 13:59:00,33.51,58.59,979.25,166,1.02,0.0,14.09
2026-09-01 14:00:00,33.54,58.45,431.83,166,0.855,0.0,14.09
2026-09-01 14:01:00,33.57,58.61,460.44,116,0.57,0.0,14.09
2026-09-01 14:02:00,33.61,58.27,357.44,237,1.2,0.0,14.09
2026-09-01 14:03:00,33.58,58.49,378.81,94,1.02,0.0,14.09
2026-09-01 14:04:00,33.59,58.62,510.41,65,0.51,0.0,14.09
2026-09-01 14:05:00,33.61,58.61,399.02,246,0.72,0.0,14.09
2026-09-01 14:06:00,33.62,58.76,382.24,53,0.585,0.0,14.09
2026-09-01 14:07:00,33.65,58.57,351.72,53,0.765,0.0,14.09
2026-09-01 14:08:00,33.66,58.64,328.45,117,0.555,0.0,14.09
2026-09-01 14:09:00,33.59,58.95,319.3,9,0.465,0.0,14.09
2026-09-01 14:10:00,33.57,58.83,311.67,127,0.765,0.0,14.09
2026-09-01 14:11:00,33.57,58.78,306.71,127,0.375,0.0,14.09
2026-09-01 14:12:00,33.54,59.1,288.78,186,0.765,0.0,14.09
2026-09-01 14:13:00,33.42,59.41,262.07,108,0.555,0.0,13.91
2026-09-01 14:14:00,33.41,59.76,229.65,236,0.96,0.0,13.91
2026-09-01 14:15:00,33.32,59.89,187.69,209,0.78,0.0,13.91
2026-09-01 14:16:00,33.2,59.88,148.01,351,0.735,0.0,13.91
2026-09-01 14:17:00,33.04,60.19,119.4,289,1.065,0.0,13.83
2026-09-01 14:18:00,32.9,60.32,100.71,111,1.275,0.0,13.79
2026-09-01 14:19:00,32.66,61.18,91.55,126,0.765,0.0,13.79
2026-09-01 14:20:00,32.51,61.73,90.03,62,0.885,0.0,13.79
2026-09-01 14:21:00,32.43,62.24,93.08,152,0.63,0.0,13.79
2026-09-01 14:22:00,32.35,63.23,99.18,178,0.315,0.0,13.79
2026-09-01 14:23:00,32.3,65.5,105.67,286,0.9,0.0,13.79
2026-09-01 14:24:00,32.08,68.98,121.69,149,0.915,0.254,13.79
2026-09-01 14:25:00,31.64,70.6,137.33,181,0.795,0.254,13.91
2026-09-01 14:26:00,31.1,72.15,156.79,314,1.065,0.0,13.91
2026-09-01 14:27:00,30.58,72.3,178.53,32,1.02,0.254,14.09
2026-09-01 14:28:00,30.19,75.09,199.13,34,0.345,0.0,14.09
2026-09-01 14:29:00,29.91,75.62,229.65,9,0.375,0.0,14.09
2026-09-01 14:30:00,29.75,77.02,269.7,174,0.24,0.0,14.09
2026-09-01 14:31:00,29.64,77.61,367.74,174,0.21,0.0,14.09
2026-09-01 14:32:00,29.57,77.47,275.81,54,0.24,0.0,14.09
2026-09-01 14:33:00,29.58,78.47,273.52,54,0.015,0.0,14.09
2026-09-01 14:34:00,29.58,78.56,305.18,120,0.375,0.0,14.09
2026-09-01 14:35:00,29.54,77.94,421.53,2,0.51,0.0,14.09
2026-09-01 14:36:00,29.61,78.34,372.7,55,0.165,0.0,14.09
2026-09-01 14:37:00,29.64,76.6,368.51,249,0.48,0.0,14.09
2026-09-01 14:38:00,29.71,76.34,376.13,318,0.3,0.0,14.09
2026-09-01 14:39:00,29.73,74.17,370.79,305,0.885,0.0,14.09
2026-09-01 14:40:00,29.74,73.93,356.68,85,0.9,0.0,14.09
2026-09-01 14:41:00,29.77,72.11,355.92,316,1.17,0.0,14.09
2026-09-01 14:42:00,29.81,72.86,381.86,233,0.75,0.0,14.09
2026-09-01 14:43:00,29.85,72.07,545.13,339,0.87,0.0,14.09
2026-09-01 14:44:00,29.95,72.19,725.57,179,1.05,0.0,14.09
2026-09-01 14:45:00,30.14,72.48,825.51,185,0.57,0.0,14.09
2026-09-01 14:46:00,30.35,70.46,553.9,134,0.63,0.0,14.09
2026-09-01 14:47:00,30.47,70.85,423.82,230,0.615,0.0,14.09
2026-09-01 14:48:00,30.53,70.64,357.44,74,0.885,0.0,14.09
2026-09-01 14:49:00,30.59,71.28,329.21,138,0.255,0.0,14.09
2026-09-01 14:50:00,30.62,70.91,363.55,31,0.495,0.0,14.09
2026-09-01 14:51:00,30.62,70.02,332.27,91,0.615,0.0,14.09
2026-09-01 14:52:00,30.58,69.54,303.27,35,0.795,0.0,14.09
2026-09-01 14:53:00,30.56,70.12,272.37,127,0.51,0.0,14.09
2026-09-01 14:54:00,30.54,69.95,247.2,257,0.36,0.0,14.09
2026-09-01 14:55:00,30.58,70.43,231.56,158,0.195,0.0,14.09
2026-09-01 14:56:00,30.56,69.93,224.31,163,0.51,0.0,14.09
2026-09-01 14:57:00,30.54,70.17,223.16,112,0.825,0.0,14.09
2026-09-01 14:58:00,30.49,70.03,219.35,72,0.615,0.0,14.09
2026-09-01 14:59:00,30.39,69.81,218.2,175,0.84,0.0,14.09
2026-09-01 15:00:00,30.33,69.74,212.48,186,0.825,0.0,14.09
2026-09-01 15:01:00,30.23,69.15,203.71,92,1.155,0.0,14.09
2026-09-01 15:02:00,30.19,69.52,202.94,96,1.17,0.0,14.09
2026-09-01 15:03:00,30.15,69.46,218.59,166,0.75,0.0,14.09
2026-09-01 15:04:00,30.15,69.47,252.16,336,0.555,0.0,14.09
2026-09-01 15:05:00,30.18,69.74,308.61,97,0.465,0.0,14.09
2026-09-01 15:06:00,30.18,69.21,349.81,171,0.945,0.0,14.09
2026-09-01 15:07:00,30.23,68.96,367.36,178,0.675,0.0,14.09
2026-09-01 15:08:00,30.29,68.74,375.75,188,0.78,0.0,14.09
2026-09-01 15:09:00,30.32,67.81,362.4,0,1.05,0.0,14.09
2026-09-01 15:10:00,30.36,68.02,367.36,328,0.9,0.0,14.09
2026-09-01 15:11:00,30.39,68.6,407.03,212,0.765,0.0,14.09
2026-09-01 15:12:00,30.5,68.53,434.88,81,0.48,0.0,14.09
2026-09-01 15:13:00,30.66,68.23,474.56,73,0.345,0.0,14.09
2026-09-01 15:14:00,30.8,67.85,623.33,0,0.51,0.0,14.09
2026-09-01 15:15:00,30.98,67.91,575.27,161,0.36,0.0,14.09
2026-09-01 15:16:00,31.23,67.41,595.86,194,0.075,0.0,14.09
2026-09-01 15:17:00,31.46,66.87,479.51,88,0.21,0.0,14.09
2026-09-01 15:18:00,31.65,66.18,443.27,124,0.375,0.0,14.09
2026-09-01 15:19:00,31.76,66.14,403.98,78,0.33,0.0,14.09
2026-09-01 15:20:00,31.83,65.46,419.62,72,0.495,0.0,14.09
2026-09-01 15:21:00,31.81,64.59,546.27,355,1.125,0.0,14.09
2026-09-01 15:22:00,31.79,64.81,615.32,206,1.035,0.0,14.09
2026-09-01 15:23:00,31.88,65.4,624.86,52,0.51,0.0,14.09
2026-09-01 15:24:00,32.05,64.07,607.69,74,0.645,0.0,14.09
2026-09-01 15:25:00,32.15,64.1,377.28,64,0.75,0.0,14.09
2026-09-01 15:26:00,32.1,63.17,355.15,358,1.2,0.0,14.09
2026-09-01 15:27:00,32.03,64.22,330.74,226,0.735,0.0,14.09
2026-09-01 15:28:00,31.99,64.41,311.28,58,0.51,0.0,14.09
2026-09-01 15:29:00,31.96,64.21,278.48,253,0.54,0.0,14.09
2026-09-01 15:30:00,31.92,64.22,244.53,113,0.48,0.0,14.09
2026-09-01 15:31:00,31.86,63.03,217.44,231,1.02,0.0,14.09
2026-09-01 15:32:00,31.73,63.4,198.75,158,0.975,0.0,14.09
2026-09-01 15:33:00,31.64,64.11,187.69,214,0.48,0.0,14.09
2026-09-01 15:34:00,31.52,64.06,183.11,196,1.17,0.0,14.09
2026-09-01 15:35:00,31.38,64.34,177.39,165,0.84,0.0,14.09
2026-09-01 15:36:00,31.3,64.86,176.24,217,0.645,0.0,14.09
2026-09-01 15:37:00,31.27,65.56,176.24,214,0.57,0.0,14.09
2026-09-01 15:38:00,31.23,65.15,195.32,111,0.705,0.0,14.09
2026-09-01 15:39:00,31.21,65.49,241.86,178,0.645,0.0,14.09
2026-09-01 15:40:00,31.21,65.6,273.9,265,0.48,0.0,14.09
2026-09-01 15:41:00,31.27,64.97,271.99,55,0.48,0.0,14.09
2026-09-01 15:42:00,31.3,64.84,256.73,166,0.72,0.0,14.09
2026-09-01 15:43:00,31.31,64.79,273.9,347,0.615,0.0,14.09
2026-09-01 15:44:00,31.35,64.66,256.35,173,0.855,0.0,14.09
2026-09-01 15:45:00,31.35,65.83,264.74,170,0.84,0.0,14.09
2026-09-01 15:46:00,31.34,66.78,342.57,217,0.36,0.0,14.09
2026-09-01 15:47:00,31.42,67.75,516.14,249,0.975,0.0,14.09
2026-09-01 15:48:00,31.64,67.45,393.68,250,0.435,0.0,14.09
2026-09-01 15:49:00,31.73,67.51,313.57,130,0.585,0.0,14.09
2026-09-01 15:50:00,31.69,67.54,286.87,282,0.75,0.0,14.09
2026-09-01 15:51:00,31.61,67.57,267.41,240,1.215,0.0,14.09
2026-09-01 15:52:00,31.46,68.08,257.11,141,0.945,0.0,14.09
2026-09-01 15:53:00,31.34,68.23,255.59,158,1.05,0.0,14.09
2026-09-01 15:54:00,31.21,68.56,264.74,198,0.87,0.0,14.09
2026-09-01 15:55:00,31.11,68.89,278.1,234,0.765,0.0,14.09
2026-09-01 15:56:00,31.11,69.15,293.74,25,0.555,0.0,14.09
2026-09-01 15:57:00,31.11,69.08,285.73,188,0.585,0.0,14.09
2026-09-01 15:58:00,31.1,69.29,254.06,284,1.125,0.0,14.09
2026-09-01 15:59:00,31.03,69.42,227.74,159,0.78,0.0,14.09
2026-09-01 16:00:00,30.97,69.85,212.48,164,0.495,0.0,14.09
2026-09-01 16:01:00,30.95,69.88,200.27,165,0.54,0.0,14.09
2026-09-01 16:02:00,30.93,70.12,191.88,138,0.54,0.0,14.09
2026-09-01 16:03:00,30.94,70.05,188.07,311,0.27,0.0,14.09
2026-09-01 16:04:00,30.94,69.79,186.54,100,0.48,0.0,14.09
2026-09-01 16:05:00,30.91,69.61,189.59,17,0.6,0.0,14.09
2026-09-01 16:06:00,30.9,69.84,193.41,359,0.3,0.0,14.09
2026-09-01 16:07:00,30.89,69.92,196.46,165,0.39,0.0,14.09
2026-09-01 16:08:00,30.9,70.03,200.66,181,0.225,0.0,14.09
2026-09-01 16:09:00,30.9,69.44,204.85,25,0.525,0.0,14.09
2026-09-01 16:10:00,30.84,69.05,209.81,168,0.6,0.0,14.09
2026-09-01 16:11:00,30.79,68.93,217.06,334,0.45,0.0,14.09
2026-09-01 16:12:00,30.73,68.95,226.98,315,0.48,0.0,14.09
2026-09-01 16:13:00,30.69,69.33,243.38,14,0.45,0.0,14.09
2026-09-01 16:14:00,30.61,69.81,278.1,14,0.21,0.0,14.09
2026-09-01 16:15:00,30.7,70.11,379.95,37,0.315,0.0,14.09
2026-09-01 16:16:00,30.82,70.21,300.98,75,0.225,0.0,14.09
2026-09-01 16:17:00,30.93,69.53,324.64,73,0.105,0.0,14.09
2026-09-01 16:18:00,31.0,68.52,264.36,165,0.555,0.0,14.09
2026-09-01 16:19:00,31.03,68.57,244.14,269,0.45,0.0,14.09
2026-09-01 16:20:00,31.05,68.14,219.35,164,0.495,0.0,14.09
2026-09-01 16:21:00,31.0,68.23,203.71,160,0.48,0.0,14.09
2026-09-01 16:22:00,30.94,68.76,196.08,194,0.465,0.0,14.09
2026-09-01 16:23:00,30.91,68.7,193.03,241,0.255,0.0,14.09
2026-09-01 16:24:00,30.91,68.76,189.21,232,0.3,0.0,14.09
2026-09-01 16:25:00,30.91,68.72,181.96,174,0.195,0.0,14.09
2026-09-01 16:26:00,30.89,68.66,175.86,161,0.42,0.0,14.09
2026-09-01 16:27:00,30.86,69.22,170.52,158,0.27,0.0,14.09
2026-09-01 16:28:00,30.86,68.71,167.09,158,0.06,0.0,14.09
2026-09-01 16:29:00,30.87,68.79,164.03,225,0.225,0.0,14.09
2026-09-01 16:30:00,30.83,68.36,160.22,34,0.405,0.0,14.09
2026-09-01 16:31:00,30.76,68.52,157.55,118,0.465,0.0,14.09
2026-09-01 16:32:00,30.7,68.83,156.79,126,0.255,0.0,14.09
2026-09-01 16:33:00,30.66,68.88,156.79,224,0.24,0.0,14.09
2026-09-01 16:34:00,30.63,69.1,159.46,36,0.6,0.0,14.09
2026-09-01 16:35:00,30.58,69.2,160.98,85,0.405,0.0,14.09
2026-09-01 16:36:00,30.5,69.4,162.51,328,0.24,0.0,14.09
2026-09-01 16:37:00,30.46,69.79,162.51,243,0.705,0.0,14.09
2026-09-01 16:38:00,30.45,70.0,163.27,125,0.315,0.0,14.09
2026-09-01 16:39:00,30.42,70.24,165.56,223,0.255,0.0,14.09
2026-09-01 16:40:00,30.42,70.11,192.65,88,0.255,0.0,14.09
2026-09-01 16:41:00,30.45,70.2,200.27,88,0.18,0.0,14.09
2026-09-01 16:42:00,30.47,70.26,190.36,303,0.24,0.0,14.09
2026-09-01 16:43:00,30.52,70.38,195.7,303,0.03,0.0,14.09
2026-09-01 16:44:00,30.59,69.9,196.08,319,0.15,0.0,14.09
2026-09-01 16:45:00,30.61,69.59,204.47,320,0.27,0.0,14.09
2026-09-01 16:46:00,30.63,69.66,217.44,347,0.18,0.0,14.09
2026-09-01 16:47:00,30.65,70.03,307.47,359,0.18,0.0,14.09
2026-09-01 16:48:00,30.7,69.61,215.15,358,0.285,0.0,14.09
2026-09-01 16:49:00,30.77,69.03,210.19,168,0.495,0.0,14.09
2026-09-01 16:50:00,30.76,68.86,203.71,63,0.36,0.0,14.09
2026-09-01 16:51:00,30.8,69.24,195.32,95,0.165,0.0,14.09
2026-09-01 16:52:00,30.84,69.26,185.78,190,0.09,0.0,14.09
2026-09-01 16:53:00,30.89,69.2,182.73,81,0.165,0.0,14.09
2026-09-01 16:54:00,30.93,69.26,182.73,177,0.285,0.0,14.09
2026-09-01 16:55:00,30.91,69.21,186.54,168,0.225,0.0,14.09
2026-09-01 16:56:00,30.9,68.79,189.59,50,0.6,0.0,14.09
2026-09-01 16:57:00,30.87,68.95,187.3,181,0.42,0.0,14.09
2026-09-01 16:58:00,30.82,69.19,181.58,88,0.405,0.0,14.09
2026-09-01 16:59:00,30.79,69.19,173.57,123,0.435,0.0,14.09
2026-09-01 17:00:00,30.73,69.53,168.99,119,0.405,0.0,14.09
2026-09-01 17:01:00,30.73,69.67,168.23,317,0.18,0.0,14.09
2026-09-01 17:02:00,30.73,69.9,168.23,241,0.3,0.0,14.09
2026-09-01 17:03:00,30.76,69.94,164.03,115,0.27,0.0,14.09
2026-09-01 17:04:00,30.77,69.86,164.42,122,0.15,0.0,14.09
2026-09-01 17:05:00,30.76,69.94,167.09,208,0.525,0.0,14.09
2026-09-01 17:06:00,30.79,69.96,172.43,213,0.18,0.0,14.09
2026-09-01 17:07:00,30.76,69.95,175.48,178,0.42,0.0,14.09
2026-09-01 17:08:00,30.73,70.16,344.47,50,0.69,0.0,14.09
2026-09-01 17:09:00,30.77,70.47,306.71,92,0.645,0.0,14.09
2026-09-01 17:10:00,30.79,70.52,253.3,254,1.05,0.0,14.09
2026-09-01 17:11:00,30.73,70.57,183.49,252,1.005,0.0,14.09
2026-09-01 17:12:00,30.63,70.93,174.33,189,0.285,0.0,14.09
2026-09-01 17:13:00,30.58,71.31,169.38,220,0.24,0.0,14.09
2026-09-01 17:14:00,30.5,71.37,163.27,3,0.375,0.0,14.09
2026-09-01 17:15:00,30.45,71.69,152.21,246,0.42,0.0,14.09
2026-09-01 17:16:00,30.38,71.92,138.09,247,0.66,0.0,14.09
2026-09-01 17:17:00,30.28,72.16,130.85,271,0.675,0.0,14.09
2026-09-01 17:18:00,30.15,72.25,123.98,48,0.75,0.0,14.09
2026-09-01 17:19:00,30.07,72.53,120.55,171,0.765,0.0,14.09
2026-09-01 17:20:00,29.96,72.54,118.64,199,1.035,0.0,14.09
2026-09-01 17:21:00,29.85,73.0,114.06,255,0.555,0.0,13.91
2026-09-01 17:22:00,29.77,73.14,113.3,231,0.525,0.0,13.83
2026-09-01 17:23:00,29.75,73.39,113.68,159,0.39,0.0,13.91
2026-09-01 17:24:00,29.71,73.26,124.36,177,1.08,0.0,14.09
2026-09-01 17:25:00,29.68,73.32,135.42,140,0.885,0.0,14.09
2026-09-01 17:26:00,29.65,73.13,135.42,172,0.555,0.0,14.09
2026-09-01 17:27:00,29.63,73.3,139.62,304,0.45,0.0,14.09
2026-09-01 17:28:00,29.63,73.29,140.38,260,0.78,0.0,14.09
2026-09-01 17:29:00,29.63,73.29,138.86,225,0.45,0.0,14.09
2026-09-01 17:30:00,29.61,73.26,141.15,46,0.72,0.0,14.09
2026-09-01 17:31:00,29.61,72.93,144.2,248,0.99,0.0,14.09
2026-09-01 17:32:00,29.58,72.56,146.87,217,0.99,0.0,14.09
2026-09-01 17:33:00,29.54,72.47,144.96,181,0.975,0.0,14.09
2026-09-01 17:34:00,29.55,72.34,141.53,212,0.915,0.0,14.09
2026-09-01 17:35:00,29.53,72.04,134.66,352,1.185,0.0,14.09
2026-09-01 17:36:00,29.51,72.26,126.27,288,1.23,0.0,14.09
2026-09-01 17:37:00,29.48,72.52,119.78,273,0.21,0.0,14.09
2026-09-01 17:38:00,29.51,72.42,115.97,156,0.51,0.0,14.09
2026-09-01 17:39:00,29.5,72.4,115.21,351,0.87,0.0,14.09
2026-09-01 17:40:00,29.45,72.45,117.88,313,1.05,0.0,14.09
2026-09-01 17:41:00,29.45,72.64,126.65,166,0.675,0.0,14.09
2026-09-01 17:42:00,29.48,72.53,127.79,173,0.525,0.0,14.09
2026-09-01 17:43:00,29.48,72.4,131.23,26,1.005,0.0,14.09
2026-09-01 17:44:00,29.51,72.47,133.9,330,0.57,0.0,14.09
2026-09-01 17:45:00,29.47,72.25,136.19,115,1.08,0.0,14.09
2026-09-01 17:46:00,29.48,72.43,144.2,42,0.45,0.0,14.09
2026-09-01 17:47:00,29.51,72.42,154.88,185,0.465,0.0,14.09
2026-09-01 17:48:00,29.54,72.33,161.36,296,0.675,0.0,14.09
2026-09-01 17:49:00,29.57,72.12,166.7,244,0.465,0.0,14.09
2026-09-01 17:50:00,29.58,72.23,166.7,197,0.51,0.0,14.09
2026-09-01 17:51:00,29.58,72.23,164.03,195,0.54,0.0,14.09
2026-09-01 17:52:00,29.6,72.31,156.02,231,0.27,0.0,14.09
2026-09-01 17:53:00,29.61,71.78,145.34,266,0.375,0.0,14.09
2026-09-01 17:54:00,29.63,72.0,135.42,143,0.51,0.0,14.09
2026-09-01 17:55:00,29.63,71.91,129.7,270,0.375,0.0,14.09
2026-09-01 17:56:00,29.64,72.19,126.65,88,0.54,0.0,14.09
2026-09-01 17:57:00,29.6,72.02,125.51,161,0.555,0.0,14.09
2026-09-01 17:58:00,29.57,72.06,118.26,289,0.81,0.0,14.09
2026-09-01 17:59:00,29.57,72.35,106.81,224,0.405,0.0,14.09
2026-09-01 18:00:00,29.55,72.39,95.75,117,0.135,0.0,14.09
2026-09-01 18:01:00,29.55,72.43,86.98,308,0.93,0.0,13.83
2026-09-01 18:02:00,29.5,72.5,81.25,221,0.9,0.0,13.79
2026-09-01 18:03:00,29.43,72.86,78.2,173,0.255,0.0,13.79
2026-09-01 18:04:00,29.4,73.2,67.52,174,0.09,0.0,13.79
2026-09-01 18:05:00,29.4,73.57,51.5,291,0.435,0.0,13.79
2026-09-01 18:06:00,29.36,74.11,40.82,208,0.555,0.0,13.64
2026-09-01 18:07:00,29.32,74.54,37.38,335,0.855,0.0,13.53
2026-09-01 18:08:00,29.22,75.02,36.24,275,0.795,0.0,13.53
2026-09-01 18:09:00,29.13,75.64,32.81,355,1.455,0.0,13.46
2026-09-01 18:10:00,29.05,76.14,27.85,290,1.08,0.0,13.46
2026-09-01 18:11:00,28.97,76.46,24.8,216,0.54,0.0,13.46
2026-09-01 18:12:00,28.89,76.83,23.27,195,0.855,0.0,13.16
2026-09-01 18:13:00,28.82,77.23,24.41,181,0.945,0.0,13.16
2026-09-01 18:14:00,28.78,77.53,26.7,190,0.39,0.0,13.16
2026-09-01 18:15:00,28.75,77.72,30.14,240,0.12,0.0,13.16
2026-09-01 18:16:00,28.74,77.69,32.04,129,0.285,0.0,13.16
2026-09-01 18:17:00,28.68,77.56,31.28,296,0.6,0.0,13.16
2026-09-01 18:18:00,28.66,77.65,30.9,170,0.165,0.0,13.16
2026-09-01 18:19:00,28.62,77.49,28.99,242,0.42,0.0,13.16
2026-09-01 18:20:00,28.61,77.57,25.94,50,0.585,0.0,13.16
2026-09-01 18:21:00,28.58,77.68,27.08,217,0.69,0.0,13.16
2026-09-01 18:22:00,28.55,77.94,30.52,268,0.36,0.0,13.16
2026-09-01 18:23:00,28.52,78.0,29.37,161,0.42,0.0,13.16
2026-09-01 18:24:00,28.54,78.18,29.37,224,0.21,0.0,13.16
2026-09-01 18:25:00,28.52,78.26,26.7,224,0.135,0.0,13.16
2026-09-01 18:26:00,28.54,78.2,23.65,197,0.225,0.0,13.16
2026-09-01 18:27:00,28.52,78.33,20.6,191,0.27,0.0,13.16
2026-09-01 18:28:00,28.48,78.34,17.93,203,0.585,0.0,13.16
2026-09-01 18:29:00,28.41,78.46,15.26,253,0.9,0.0,13.16
2026-09-01 18:30:00,28.38,78.62,15.26,161,0.24,0.0,13.16
2026-09-01 18:31:00,28.32,78.73,14.5,212,0.555,0.0,13.16
2026-09-01 18:32:00,28.25,78.89,13.35,207,0.15,0.0,13.16
2026-09-01 18:33:00,28.25,78.99,13.35,207,0.105,0.0,13.16
2026-09-01 18:34:00,28.21,79.04,13.35,57,0.315,0.0,13.16
2026-09-01 18:35:00,28.18,79.04,13.35,213,0.255,0.0,13.16
2026-09-01 18:36:00,28.15,79.1,13.35,236,0.12,0.0,13.16
2026-09-01 18:37:00,28.11,78.84,11.44,358,0.66,0.0,13.16
2026-09-01 18:38:00,28.08,79.0,10.3,236,0.3,0.0,13.12
2026-09-01 18:39:00,28.07,78.99,9.54,12,0.15,0.0,13.12
2026-09-01 18:40:00,28.01,79.03,9.16,235,0.285,0.0,13.12
2026-09-01 18:41:00,27.98,79.02,8.77,146,0.285,0.0,13.08
2026-09-01 18:42:00,27.97,79.16,8.39,57,0.18,0.0,13.08
2026-09-01 18:43:00,27.97,79.09,8.01,57,0.03,0.0,13.08
2026-09-01 18:44:00,27.98,79.02,7.63,57,0.09,0.0,13.08
2026-09-01 18:45:00,27.97,78.91,6.87,57,0.225,0.0,13.08
2026-09-01 18:46:00,27.97,78.96,6.49,57,0.0,0.0,13.04
2026-09-01 18:47:00,27.97,78.88,5.72,57,0.0,0.0,13.04
2026-09-01 18:48:00,27.96,78.86,5.34,57,0.015,0.0,13.04
2026-09-01 18:49:00,27.97,78.91,4.96,57,0.045,0.0,13.04
2026-09-01 18:50:00,27.97,78.99,4.58,57,0.0,0.0,13.04
2026-09-01 18:51:00,27.94,79.12,3.81,57,0.03,0.0,13.04
2026-09-01 18:52:00,27.93,79.11,3.05,57,0.135,0.0,13.04
2026-09-01 18:53:00,27.88,79.07,2.67,43,0.12,0.0,13.04
2026-09-01 18:54:00,27.88,79.29,2.67,43,0.045,0.0,13.04
2026-09-01 18:55:00,27.88,79.27,2.67,43,0.045,0.0,13.04
2026-09-01 18:56:00,27.86,79.29,2.29,43,0.03,0.0,13.04
2026-09-01 18:57:00,27.86,79.28,1.91,43,0.015,0.0,13.04
2026-09-01 18:58:00,27.87,79.41,1.53,45,0.09,0.0,13.04
2026-09-01 18:59:00,27.87,79.55,1.53,201,0.12,0.0,13.04
2026-09-01 19:00:00,27.81,79.66,1.14,201,0.105,0.0,13.04
2026-09-01 19:01:00,27.8,79.49,1.14,203,0.105,0.0,13.04
2026-09-01 19:02:00,27.76,79.04,0.76,70,0.255,0.0,13.04
2026-09-01 19:03:00,27.76,78.94,0.76,340,0.33,0.0,13.04
2026-09-01 19:04:00,27.73,78.91,0.76,340,0.06,0.0,13.04
2026-09-01 19:05:00,27.74,78.91,0.76,340,0.0,0.0,13.04
2026-09-01 19:06:00,27.76,78.98,0.0,334,0.135,0.0,13.04
2026-09-01 19:07:00,27.74,78.87,0.0,317,0.255,0.0,13.04
2026-09-01 19:08:00,27.74,78.89,0.0,317,0.045,0.0,13.04
2026-09-01 19:09:00,27.72,78.78,0.0,42,0.15,0.0,13.04
2026-09-01 19:10:00,27.74,78.7,0.0,242,0.39,0.0,13.04
2026-09-01 19:11:00,27.72,78.81,0.0,255,0.27,0.0,13.04
2026-09-01 19:12:00,27.73,78.89,0.0,255,0.0,0.0,13.04
2026-09-01 19:13:00,27.7,78.91,0.0,255,0.03,0.0,13.04
2026-09-01 19:14:00,27.69,78.93,0.0,262,0.075,0.0,13.04
2026-09-01 19:15:00,27.7,78.83,0.0,221,0.21,0.0,13.04
2026-09-01 19:16:00,27.66,78.77,0.0,216,0.18,0.0,13.04
2026-09-01 19:17:00,27.66,78.96,0.0,216,0.045,0.0,13.04
2026-09-01 19:18:00,27.65,79.04,0.0,255,0.21,0.0,13.04
2026-09-01 19:19:00,27.63,78.99,0.0,141,0.15,0.0,13.04
2026-09-01 19:20:00,27.66,79.11,0.0,141,0.09,0.0,13.04
2026-09-01 19:21:00,27.63,79.03,0.0,141,0.045,0.0,13.04
2026-09-01 19:22:00,27.65,79.11,0.0,124,0.045,0.0,13.04
2026-09-01 19:23:00,27.65,79.13,0.0,299,0.345,0.0,13.04
2026-09-01 19:24:00,27.63,79.2,0.0,318,0.075,0.0,13.04
2026-09-01 19:25:00,27.62,79.21,0.0,311,0.09,0.0,13.04
2026-09-01 19:26:00,27.6,79.32,0.0,238,0.105,0.0,13.04
2026-09-01 19:27:00,27.57,79.35,0.0,237,0.045,0.0,13.04
2026-09-01 19:28:00,27.57,79.51,0.0,262,0.18,0.0,13.04
2026-09-01 19:29:00,27.57,79.59,0.0,287,0.015,0.0,13.04
2026-09-01 19:30:00,27.59,79.7,0.0,275,0.72,0.0,13.04
2026-09-01 19:31:00,27.53,79.86,0.0,328,0.225,0.0,13.04
2026-09-01 19:32:00,27.53,79.98,0.0,35,0.21,0.0,13.04
2026-09-01 19:33:00,27.53,80.0,0.0,35,0.06,0.0,13.04
2026-09-01 19:34:00,27.56,80.07,0.0,35,0.12,0.0,13.04
2026-09-01 19:35:00,27.5,80.09,0.0,80,0.12,0.0,13.04
2026-09-01 19:36:00,27.54,80.12,0.0,80,0.03,0.0,13.04
2026-09-01 19:37:00,27.56,80.13,0.0,0,0.39,0.0,13.04
2026-09-01 19:38:00,27.54,80.06,0.0,319,0.225,0.0,13.04
2026-09-01 19:39:00,27.54,80.1,0.0,249,0.735,0.0,13.04
2026-09-01 19:40:00,27.5,80.2,0.0,191,0.24,0.0,13.04
2026-09-01 19:41:00,27.49,80.26,0.0,328,0.285,0.0,13.04
2026-09-01 19:42:00,27.49,80.4,0.0,227,0.135,0.0,13.04
2026-09-01 19:43:00,27.46,80.45,0.0,63,0.225,0.0,13.04
2026-09-01 19:44:00,27.47,80.57,0.0,63,0.12,0.0,13.04
2026-09-01 19:45:00,27.49,80.62,0.0,63,0.015,0.0,13.04
2026-09-01 19:46:00,27.47,80.66,0.0,63,0.015,0.0,13.04
2026-09-01 19:47:00,27.45,80.63,0.0,60,0.09,0.0,13.04
2026-09-01 19:48:00,27.47,80.59,0.0,349,0.645,0.0,13.04
2026-09-01 19:49:00,27.47,80.48,0.0,36,0.255,0.0,13.04
2026-09-01 19:50:00,27.45,80.55,0.0,65,0.45,0.0,13.04
2026-09-01 19:51:00,27.45,80.59,0.0,319,0.48,0.0,13.04
2026-09-01 19:52:00,27.42,80.67,0.0,278,0.645,0.0,13.04
2026-09-01 19:53:00,27.36,80.79,0.0,239,0.39,0.0,13.04
2026-09-01 19:54:00,27.35,80.87,0.0,164,0.27,0.0,13.04
2026-09-01 19:55:00,27.32,80.9,0.0,266,0.66,0.0,13.04
2026-09-01 19:56:00,27.3,80.89,0.0,3,0.735,0.0,13.04
2026-09-01 19:57:00,27.25,80.98,0.0,225,0.57,0.0,13.04
2026-09-01 19:58:00,27.22,81.08,0.0,159,0.375,0.0,13.04
2026-09-01 19:59:00,27.19,81.13,0.0,177,0.795,0.0,13.04
2026-09-01 20:00:00,27.15,81.13,0.0,155,0.51,0.0,13.04
2026-09-01 20:01:00,27.12,81.09,0.0,153,0.495,0.0,13.04
2026-09-01 20:02:00,27.11,81.03,0.0,287,0.96,0.0,13.04
2026-09-01 20:03:00,27.06,81.09,0.0,347,0.975,0.0,13.04
2026-09-01 20:04:00,27.02,81.1,0.0,269,1.08,0.0,13.04
2026-09-01 20:05:00,26.94,81.19,0.0,320,0.99,0.0,13.04
2026-09-01 20:06:00,26.92,81.25,0.0,212,0.525,0.0,13.04
2026-09-01 20:07:00,26.92,81.41,0.0,278,0.555,0.0,13.04
2026-09-01 20:08:00,26.91,81.42,0.0,260,0.495,0.0,13.04
2026-09-01 20:09:00,26.88,81.44,0.0,272,0.315,0.0,13.04
2026-09-01 20:10:00,26.88,81.39,0.0,270,0.12,0.0,13.04
2026-09-01 20:11:00,26.89,81.38,0.0,222,0.315,0.0,13.04
2026-09-01 20:12:00,26.91,81.4,0.0,227,0.18,0.0,13.04
2026-09-01 20:13:00,26.91,81.49,0.0,187,0.36,0.0,13.04
2026-09-01 20:14:00,26.92,81.54,0.0,160,0.285,0.0,13.04
2026-09-01 20:15:00,26.92,81.54,0.0,160,0.36,0.0,13.04
2026-09-01 20:16:00,26.92,81.54,0.0,168,0.21,0.0,13.04
2026-09-01 20:17:00,26.91,81.69,0.0,189,0.135,0.0,13.04
2026-09-01 20:18:00,26.91,81.78,0.0,176,0.225,0.0,13.04
2026-09-01 20:19:00,26.92,81.94,0.0,188,0.315,0.0,13.04
2026-09-01 20:20:00,26.91,81.99,0.0,157,0.33,0.0,13.04
2026-09-01 20:21:00,26.88,82.16,0.0,177,0.6,0.0,13.04
2026-09-01 20:22:00,26.88,82.27,0.0,217,0.315,0.0,13.04
2026-09-01 20:23:00,26.87,82.34,0.0,217,0.0,0.0,13.04
2026-09-01 20:24:00,26.84,82.33,0.0,217,0.045,0.0,13.04
2026-09-01 20:25:00,26.84,82.48,0.0,131,0.15,0.0,13.04
2026-09-01 20:26:00,26.82,82.42,0.0,216,0.39,0.0,13.04
2026-09-01 20:27:00,26.84,82.49,0.0,274,0.555,0.0,13.04
2026-09-01 20:28:00,26.79,82.47,0.0,176,0.36,0.0,13.04
2026-09-01 20:29:00,26.78,82.33,0.0,238,0.405,0.0,13.04
2026-09-01 20:30:00,26.75,82.33,0.0,231,0.39,0.0,13.04
2026-09-01 20:31:00,26.75,82.31,0.0,279,0.45,0.0,13.04
2026-09-01 20:32:00,26.73,82.27,0.0,298,0.45,0.0,13.04
2026-09-01 20:33:00,26.71,82.31,0.0,233,0.405,0.0,13.04
2026-09-01 20:34:00,26.68,82.37,0.0,217,0.345,0.0,13.04
2026-09-01 20:35:00,26.7,82.35,0.0,281,0.405,0.0,13.04
2026-09-01 20:36:00,26.7,82.36,0.0,290,0.57,0.0,13.04
2026-09-01 20:37:00,26.68,82.35,0.0,290,0.195,0.0,13.04
2026-09-01 20:38:00,26.67,82.43,0.0,290,0.045,0.0,13.04
2026-09-01 20:39:00,26.65,82.44,0.0,290,0.06,0.0,13.04
2026-09-01 20:40:00,26.64,82.47,0.0,290,0.06,0.0,13.04
2026-09-01 20:41:00,26.65,82.48,0.0,290,0.0,0.0,13.04
2026-09-01 20:42:00,26.64,82.51,0.0,290,0.0,0.0,13.04
2026-09-01 20:43:00,26.63,82.41,0.0,290,0.0,0.0,13.04
2026-09-01 20:44:00,26.64,82.39,0.0,290,0.045,0.0,13.04
2026-09-01 20:45:00,26.63,82.38,0.0,290,0.0,0.0,13.04
2026-09-01 20:46:00,26.61,82.31,0.0,290,0.0,0.0,13.04
2026-09-01 20:47:00,26.63,82.36,0.0,290,0.015,0.0,13.04
2026-09-01 20:48:00,26.64,82.37,0.0,290,0.0,0.0,13.04
2026-09-01 20:49:00,26.65,82.4,0.0,290,0.015,0.0,13.04
2026-09-01 20:50:00,26.67,82.36,0.0,290,0.015,0.0,13.04
2026-09-01 20:51:00,26.68,82.39,0.0,290,0.0,0.0,13.04
2026-09-01 20:52:00,26.68,82.42,0.0,290,0.0,0.0,13.04
2026-09-01 20:53:00,26.67,82.39,0.0,290,0.06,0.0,13.04
2026-09-01 20:54:00,26.63,82.38,0.0,290,0.045,0.0,13.04
2026-09-01 20:55:00,26.64,82.41,0.0,290,0.03,0.0,13.04
2026-09-01 20:56:00,26.64,82.5,0.0,290,0.03,0.0,13.04
2026-09-01 20:57:00,26.63,82.52,0.0,290,0.06,0.0,13.04
2026-09-01 20:58:00,26.57,82.43,0.0,290,0.12,0.0,13.04
2026-09-01 20:59:00,26.58,82.37,0.0,290,0.285,0.0,13.04
2026-09-01 21:00:00,26.58,82.43,0.0,290,0.0,0.0,13.04
2026-09-01 21:01:00,26.58,82.53,0.0,290,0.045,0.0,13.04
2026-09-01 21:02:00,26.61,82.4,0.0,290,0.075,0.0,13.04
2026-09-01 21:03:00,26.58,82.37,0.0,290,0.165,0.0,13.04
2026-09-01 21:04:00,26.55,82.46,0.0,290,0.0,0.0,13.04
2026-09-01 21:05:00,26.54,82.43,0.0,290,0.0,0.0,13.04
2026-09-01 21:06:00,26.54,82.28,0.0,290,0.105,0.0,13.04
2026-09-01 21:07:00,26.55,82.26,0.0,290,0.015,0.0,13.04
2026-09-01 21:08:00,26.55,82.2,0.0,290,0.015,0.0,13.04
2026-09-01 21:09:00,26.54,82.17,0.0,290,0.0,0.0,13.04
2026-09-01 21:10:00,26.57,82.23,0.0,290,0.0,0.0,13.04
2026-09-01 21:11:00,26.57,82.19,0.0,290,0.045,0.0,13.04
2026-09-01 21:12:00,26.58,82.1,0.0,290,0.03,0.0,13.04
2026-09-01 21:13:00,26.6,82.11,0.0,290,0.0,0.0,13.04
2026-09-01 21:14:00,26.6,82.11,0.0,290,0.0,0.0,13.04
2026-09-01 21:15:00,26.63,82.11,0.0,290,0.0,0.0,13.04
2026-09-01 21:16:00,26.64,82.11,0.0,252,0.075,0.0,13.04
2026-09-01 21:17:00,26.64,81.93,0.0,226,0.255,0.0,13.04
2026-09-01 21:18:00,26.65,81.89,0.0,226,0.015,0.0,13.04
2026-09-01 21:19:00,26.67,81.89,0.0,226,0.045,0.0,13.04
2026-09-01 21:20:00,26.7,81.76,0.0,44,0.12,0.0,13.04
2026-09-01 21:21:00,26.71,81.74,0.0,3,0.27,0.0,13.04
2026-09-01 21:22:00,26.71,81.72,0.0,3,0.015,0.0,13.04
2026-09-01 21:23:00,26.77,81.68,0.0,3,0.09,0.0,13.04
2026-09-01 21:24:00,26.75,81.57,0.0,31,0.315,0.0,13.04
2026-09-01 21:25:00,26.75,81.56,0.0,74,0.18,0.0,13.04
2026-09-01 21:26:00,26.79,81.46,0.0,140,0.18,0.0,13.04
2026-09-01 21:27:00,26.82,81.4,0.0,103,0.345,0.0,13.04
2026-09-01 21:28:00,26.87,81.2,0.0,263,0.315,0.0,13.04
2026-09-01 21:29:00,26.87,81.07,0.0,262,0.12,0.0,13.04
2026-09-01 21:30:00,26.88,81.15,0.0,106,0.525,0.0,13.04
2026-09-01 21:31:00,26.91,81.21,0.0,265,0.495,0.0,13.04
2026-09-01 21:32:00,26.89,81.2,0.0,0,0.33,0.0,13.04
2026-09-01 21:33:00,26.87,81.23,0.0,43,0.27,0.0,13.04
2026-09-01 21:34:00,26.84,81.32,0.0,356,0.45,0.0,13.04
2026-09-01 21:35:00,26.81,81.44,0.0,288,0.465,0.0,13.04
2026-09-01 21:36:00,26.75,81.53,0.0,275,0.69,0.0,13.04
2026-09-01 21:37:00,26.74,81.72,0.0,275,0.195,0.0,13.04
2026-09-01 21:38:00,26.73,81.76,0.0,229,0.615,0.0,13.04
2026-09-01 21:39:00,26.67,81.84,0.0,340,0.315,0.0,13.04
2026-09-01 21:40:00,26.63,81.95,0.0,340,0.045,0.0,13.04
2026-09-01 21:41:00,26.61,82.05,0.0,340,0.075,0.0,13.04
2026-09-01 21:42:00,26.61,82.11,0.0,340,0.03,0.0,13.04
2026-09-01 21:43:00,26.58,82.17,0.0,340,0.0,0.0,13.04
2026-09-01 21:44:00,26.57,82.17,0.0,340,0.045,0.0,13.04
2026-09-01 21:45:00,26.57,82.28,0.0,340,0.0,0.0,13.04
2026-09-01 21:46:00,26.57,82.33,0.0,340,0.045,0.0,13.04
2026-09-01 21:47:00,26.55,82.22,0.0,340,0.09,0.0,13.04
2026-09-01 21:48:00,26.54,82.16,0.0,340,0.015,0.0,13.04
2026-09-01 21:49:00,26.52,82.22,0.0,340,0.015,0.0,13.04
2026-09-01 21:50:00,26.52,82.18,0.0,340,0.09,0.0,13.04
2026-09-01 21:51:00,26.54,82.25,0.0,340,0.0,0.0,13.04
2026-09-01 21:52:00,26.52,82.27,0.0,340,0.015,0.0,13.04
2026-09-01 21:53:00,26.54,82.27,0.0,340,0.015,0.0,13.04
2026-09-01 21:54:00,26.5,82.32,0.0,340,0.0,0.0,13.04
2026-09-01 21:55:00,26.52,82.35,0.0,327,0.09,0.0,13.04
2026-09-01 21:56:00,26.54,82.41,0.0,327,0.06,0.0,13.04
2026-09-01 21:57:00,26.51,82.39,0.0,327,0.0,0.0,13.04
2026-09-01 21:58:00,26.51,82.37,0.0,327,0.0,0.0,13.04
2026-09-01 21:59:00,26.54,82.38,0.0,327,0.0,0.0,13.04
2026-09-01 22:00:00,26.51,82.42,0.0,327,0.0,0.0,13.04
2026-09-01 22:01:00,26.51,82.48,0.0,327,0.0,0.0,13.04
2026-09-01 22:02:00,26.52,82.63,0.0,327,0.0,0.0,13.04
2026-09-01 22:03:00,26.51,82.66,0.0,327,0.03,0.0,13.04
2026-09-01 22:04:00,26.48,82.73,0.0,327,0.015,0.0,13.04
2026-09-01 22:05:00,26.46,82.74,0.0,327,0.0,0.0,13.04
2026-09-01 22:06:00,26.47,82.78,0.0,327,0.0,0.0,13.04
2026-09-01 22:07:00,26.44,82.82,0.0,327,0.0,0.0,13.04
2026-09-01 22:08:00,26.44,82.87,0.0,327,0.0,0.0,13.04
2026-09-01 22:09:00,26.44,82.97,0.0,327,0.0,0.0,13.04
2026-09-01 22:10:00,26.43,83.1,0.0,327,0.0,0.0,13.04
2026-09-01 22:11:00,26.43,83.23,0.0,327,0.0,0.0,13.04
2026-09-01 22:12:00,26.4,83.31,0.0,327,0.0,0.0,13.04
2026-09-01 22:13:00,26.4,83.39,0.0,327,0.0,0.0,13.04
2026-09-01 22:14:00,26.37,83.37,0.0,327,0.015,0.0,13.04
2026-09-01 22:15:00,26.34,83.48,0.0,327,0.045,0.0,13.04
2026-09-01 22:16:00,26.34,83.58,0.0,327,0.015,0.0,13.04
2026-09-01 22:17:00,26.31,83.65,0.0,33,0.165,0.0,13.04
2026-09-01 22:18:00,26.28,83.77,0.0,65,0.39,0.0,13.04
2026-09-01 22:19:00,26.2,83.95,0.0,61,0.54,0.0,13.04
2026-09-01 22:20:00,26.15,84.21,0.0,61,0.18,0.0,13.04
2026-09-01 22:21:00,26.07,84.33,0.0,62,0.345,0.0,13.04
2026-09-01 22:22:00,26.0,84.47,0.0,61,0.585,0.0,13.04
2026-09-01 22:23:00,25.95,84.63,0.0,61,0.525,0.0,13.04
2026-09-01 22:24:00,25.89,84.81,0.0,69,0.465,0.0,13.04
2026-09-01 22:25:00,25.88,84.97,0.0,69,0.105,0.0,13.04
2026-09-01 22:26:00,25.8,85.07,0.0,69,0.33,0.0,13.04
2026-09-01 22:27:00,25.82,85.18,0.0,69,0.195,0.0,13.04
2026-09-01 22:28:00,25.79,85.27,0.0,69,0.09,0.0,13.04
2026-09-01 22:29:00,25.78,85.33,0.0,69,0.09,0.0,13.04
2026-09-01 22:30:00,25.76,85.46,0.0,69,0.06,0.0,13.04
2026-09-01 22:31:00,25.75,85.57,0.0,69,0.33,0.0,13.04
2026-09-01 22:32:00,25.7,85.66,0.0,69,0.345,0.0,13.04
2026-09-01 22:33:00,25.68,85.78,0.0,69,0.165,0.0,13.04
2026-09-01 22:34:00,25.68,85.91,0.0,69,0.045,0.0,13.04
2026-09-01 22:35:00,25.64,85.9,0.0,69,0.0,0.0,13.04
2026-09-01 22:36:00,25.64,85.91,0.0,69,0.0,0.0,13.04
2026-09-01 22:37:00,25.65,85.99,0.0,69,0.0,0.0,13.04
2026-09-01 22:38:00,25.64,86.0,0.0,69,0.06,0.0,13.04
2026-09-01 22:39:00,25.61,86.0,0.0,69,0.0,0.0,13.04
2026-09-01 22:40:00,25.66,86.05,0.0,69,0.0,0.0,13.04
2026-09-01 22:41:00,25.66,86.07,0.0,69,0.03,0.0,13.04
2026-09-01 22:42:00,25.69,86.0,0.0,69,0.03,0.0,13.04
2026-09-01 22:43:00,25.7,85.94,0.0,69,0.0,0.0,13.04
2026-09-01 22:44:00,25.69,85.78,0.0,69,0.0,0.0,13.04
2026-09-01 22:45:00,25.69,85.72,0.0,69,0.0,0.0,13.04
2026-09-01 22:46:00,25.75,85.71,0.0,69,0.0,0.0,13.04
2026-09-01 22:47:00,25.76,85.76,0.0,69,0.0,0.0,13.04
2026-09-01 22:48:00,25.76,85.69,0.0,69,0.0,0.0,13.04
2026-09-01 22:49:00,25.76,85.64,0.0,69,0.0,0.0,13.04
2026-09-01 22:50:00,25.78,85.58,0.0,69,0.0,0.0,13.04
2026-09-01 22:51:00,25.79,85.53,0.0,69,0.0,0.0,13.04
2026-09-01 22:52:00,25.78,85.52,0.0,69,0.075,0.0,13.04
2026-09-01 22:53:00,25.78,85.43,0.0,69,0.0,0.0,13.04
2026-09-01 22:54:00,25.79,85.41,0.0,69,0.0,0.0,13.04
2026-09-01 22:55:00,25.78,85.35,0.0,69,0.0,0.0,13.04
2026-09-01 22:56:00,25.79,85.37,0.0,69,0.0,0.0,13.04
2026-09-01 22:57:00,25.78,85.35,0.0,69,0.0,0.0,13.04
2026-09-01 22:58:00,25.8,85.33,0.0,69,0.0,0.0,13.04
2026-09-01 22:59:00,25.8,85.36,0.0,69,0.0,0.0,13.04
2026-09-01 23:00:00,25.78,85.31,0.0,69,0.0,0.0,13.04
2026-09-01 23:01:00,25.79,85.34,0.0,69,0.0,0.0,13.04
2026-09-01 23:02:00,25.76,85.42,0.0,69,0.075,0.0,13.04
2026-09-01 23:03:00,25.75,85.55,0.0,69,0.0,0.0,13.04
2026-09-01 23:04:00,25.73,85.6,0.0,69,0.09,0.0,13.04
2026-09-01 23:05:00,25.73,85.79,0.0,69,0.0,0.0,13.04
2026-09-01 23:06:00,25.69,85.89,0.0,69,0.0,0.0,13.04
2026-09-01 23:07:00,25.65,85.95,0.0,69,0.0,0.0,13.04
2026-09-01 23:08:00,25.62,86.08,0.0,69,0.0,0.0,13.04
2026-09-01 23:09:00,25.58,86.18,0.0,69,0.0,0.0,13.04
2026-09-01 23:10:00,25.53,86.3,0.0,69,0.0,0.0,13.04
2026-09-01 23:11:00,25.53,86.42,0.0,69,0.015,0.0,13.04
2026-09-01 23:12:00,25.52,86.57,0.0,69,0.015,0.0,13.04
2026-09-01 23:13:00,25.46,86.67,0.0,69,0.0,0.0,13.01
2026-09-01 23:14:00,25.45,86.78,0.0,69,0.03,0.0,13.04
2026-09-01 23:15:00,25.42,86.89,0.0,69,0.075,0.0,13.01
2026-09-01 23:16:00,25.38,86.99,0.0,69,0.24,0.0,13.04
2026-09-01 23:17:00,25.34,87.18,0.0,69,0.06,0.0,13.04
2026-09-01 23:18:00,25.31,87.33,0.0,69,0.015,0.0,13.04
2026-09-01 23:19:00,25.29,87.41,0.0,69,0.0,0.0,13.04
2026-09-01 23:20:00,25.27,87.54,0.0,69,0.0,0.0,13.04
2026-09-01 23:21:00,25.31,87.69,0.0,69,0.0,0.0,12.97
2026-09-01 23:22:00,25.29,87.74,0.0,69,0.03,0.0,13.01
2026-09-01 23:23:00,25.27,87.82,0.0,69,0.0,0.0,13.01
2026-09-01 23:24:00,25.28,87.84,0.0,69,0.03,0.0,13.04
2026-09-01 23:25:00,25.27,87.94,0.0,69,0.0,0.0,13.01
2026-09-01 23:26:00,25.28,87.96,0.0,69,0.0,0.0,13.01
2026-09-01 23:27:00,25.28,88.0,0.0,69,0.0,0.0,13.01
2026-09-01 23:28:00,25.25,88.05,0.0,69,0.015,0.0,13.04
2026-09-01 23:29:00,25.28,88.07,0.0,69,0.24,0.0,13.04
2026-09-01 23:30:00,25.28,88.05,0.0,69,0.315,0.0,12.97
2026-09-01 23:31:00,25.27,88.13,0.0,69,0.015,0.0,13.01
2026-09-01 23:32:00,25.27,88.16,0.0,69,0.0,0.0,13.01
2026-09-01 23:33:00,25.28,88.22,0.0,69,0.0,0.0,13.01
2026-09-01 23:34:00,25.27,88.2,0.0,69,0.0,0.0,13.01
2026-09-01 23:35:00,25.28,88.23,0.0,69,0.03,0.0,12.97
2026-09-01 23:36:00,25.31,88.23,0.0,69,0.015,0.0,12.97
2026-09-01 23:37:00,25.28,88.23,0.0,69,0.0,0.0,13.01
2026-09-01 23:38:00,25.28,88.21,0.0,69,0.015,0.0,12.97
2026-09-01 23:39:00,25.27,88.18,0.0,69,0.0,0.0,12.97
2026-09-01 23:40:00,25.25,88.22,0.0,69,0.015,0.0,13.01
2026-09-01 23:41:00,25.28,88.22,0.0,69,0.03,0.0,13.01
2026-09-01 23:42:00,25.27,88.19,0.0,69,0.0,0.0,12.97
2026-09-01 23:43:00,25.24,88.22,0.0,69,0.0,0.0,12.97
2026-09-01 23:44:00,25.27,88.28,0.0,69,0.0,0.0,12.97
2026-09-01 23:45:00,25.24,88.24,0.0,69,0.0,0.0,13.01
2026-09-01 23:46:00,25.22,88.29,0.0,69,0.015,0.0,12.97
2026-09-01 23:47:00,25.22,88.31,0.0,69,0.0,0.0,13.01
2026-09-01 23:48:00,25.19,88.32,0.0,69,0.015,0.0,12.97
2026-09-01 23:49:00,25.18,88.33,0.0,69,0.015,0.0,13.01
2026-09-01 23:50:00,25.15,88.4,0.0,69,0.0,0.0,12.97
2026-09-01 23:51:00,25.18,88.43,0.0,69,0.0,0.0,12.97
2026-09-01 23:52:00,25.17,88.46,0.0,69,0.0,0.0,12.97
2026-09-01 23:53:00,25.19,88.49,0.0,69,0.0,0.0,12.97
2026-09-01 23:54:00,25.14,88.53,0.0,69,0.03,0.0,12.97
2026-09-01 23:55:00,25.18,88.5,0.0,69,0.105,0.0,12.97
2026-09-01 23:56:00,25.15,88.49,0.0,69,0.045,0.0,12.97
2026-09-01 23:57:00,25.18,88.48,0.0,69,0.015,0.0,12.97
2026-09-01 23:58:00,25.14,88.51,0.0,69,0.03,0.0,12.97
2026-09-01 23:59:00,25.15,88.55,0.0,69,0.015,0.0,12.97
2026-09-02 00:00:00,25.15,88.65,0.0,69,0.0,0.0,12.97
2026-09-02 00:01:00,25.15,88.67,0.0,69,0.0,0.0,12.97
2026-09-02 00:02:00,25.15,88.67,0.0,69,0.0,0.0,12.97
2026-09-02 00:03:00,25.17,88.66,0.0,69,0.0,0.0,12.97
2026-09-02 00:04:00,25.15,88.68,0.0,69,0.045,0.0,12.97
2026-09-02 00:05:00,25.14,88.66,0.0,69,0.03,0.0,12.97
2026-09-02 00:06:00,25.14,88.69,0.0,69,0.03,0.0,12.97
2026-09-02 00:07:00,25.17,88.76,0.0,69,0.0,0.0,12.97
2026-09-02 00:08:00,25.14,88.73,0.0,69,0.0,0.0,12.97
2026-09-02 00:09:00,25.18,88.69,0.0,69,0.015,0.0,12.97
2026-09-02 00:10:00,25.17,88.73,0.0,69,0.0,0.0,12.97
2026-09-02 00:11:00,25.17,88.69,0.0,69,0.03,0.0,12.97
2026-09-02 00:12:00,25.14,88.65,0.0,69,0.09,0.0,12.97
2026-09-02 00:13:00,25.13,88.64,0.0,69,0.06,0.0,12.97
2026-09-02 00:14:00,25.1,88.65,0.0,69,0.285,0.0,12.97
2026-09-02 00:15:00,25.05,88.7,0.0,69,0.63,0.0,12.97
2026-09-02 00:16:00,25.08,88.73,0.0,69,0.6,0.0,12.97
2026-09-02 00:17:00,25.04,88.82,0.0,69,0.24,0.0,12.97
2026-09-02 00:18:00,25.02,88.86,0.0,69,0.18,0.0,12.97
2026-09-02 00:19:00,25.01,88.9,0.0,69,0.15,0.0,12.97
2026-09-02 00:20:00,25.05,88.98,0.0,69,0.06,0.0,12.97
2026-09-02 00:21:00,25.05,89.01,0.0,69,0.18,0.0,12.93
2026-09-02 00:22:00,25.04,89.07,0.0,69,0.165,0.0,12.97
2026-09-02 00:23:00,25.08,89.1,0.0,69,0.105,0.0,12.97
2026-09-02 00:24:00,25.08,89.04,0.0,69,0.3,0.0,12.97
2026-09-02 00:25:00,25.1,89.02,0.0,69,0.255,0.0,12.97
2026-09-02 00:26:00,25.1,88.97,0.0,69,0.06,0.0,12.97
2026-09-02 00:27:00,25.08,88.93,0.0,69,0.09,0.0,12.93
2026-09-02 00:28:00,25.1,88.92,0.0,69,0.105,0.0,12.97
2026-09-02 00:29:00,25.13,88.9,0.0,69,0.0,0.0,12.97
2026-09-02 00:30:00,25.13,88.88,0.0,69,0.045,0.0,12.97
2026-09-02 00:31:00,25.07,88.9,0.0,69,0.045,0.0,12.97
2026-09-02 00:32:00,25.08,88.91,0.0,69,0.0,0.0,12.93
2026-09-02 00:33:00,25.08,88.91,0.0,69,0.0,0.0,12.97
2026-09-02 00:34:00,25.1,88.92,0.0,69,0.0,0.0,12.93
2026-09-02 00:35:00,25.08,88.93,0.0,69,0.015,0.0,12.97
2026-09-02 00:36:00,25.1,88.89,0.0,69,0.015,0.0,12.93
2026-09-02 00:37:00,25.07,88.82,0.0,69,0.54,0.0,12.93
2026-09-02 00:38:00,25.04,88.83,0.0,69,0.18,0.0,12.93
2026-09-02 00:39:00,24.98,88.87,0.0,69,0.225,0.0,12.97
2026-09-02 00:40:00,24.94,88.96,0.0,69,0.42,0.0,12.93
2026-09-02 00:41:00,24.93,89.01,0.0,58,0.735,0.0,12.93
2026-09-02 00:42:00,24.91,89.13,0.0,66,0.48,0.0,12.93
2026-09-02 00:43:00,24.86,89.19,0.0,64,0.555,0.0,12.93
2026-09-02 00:44:00,24.83,89.27,0.0,52,0.18,0.0,12.93
2026-09-02 00:45:00,24.84,89.34,0.0,57,0.24,0.0,12.97
2026-09-02 00:46:00,24.83,89.42,0.0,53,0.345,0.0,12.93
2026-09-02 00:47:00,24.8,89.46,0.0,54,0.33,0.0,12.93
2026-09-02 00:48:00,24.79,89.52,0.0,58,0.285,0.0,12.93
2026-09-02 00:49:00,24.76,89.54,0.0,58,0.015,0.0,12.93
2026-09-02 00:50:00,24.76,89.66,0.0,58,0.0,0.0,12.93
2026-09-02 00:51:00,24.76,89.64,0.0,58,0.06,0.0,12.93
2026-09-02 00:52:00,24.77,89.74,0.0,58,0.015,0.0,12.93
2026-09-02 00:53:00,24.77,89.82,0.0,58,0.0,0.0,12.93
2026-09-02 00:54:00,24.76,89.84,0.0,58,0.0,0.0,12.93
2026-09-02 00:55:00,24.79,89.88,0.0,58,0.0,0.0,12.93
2026-09-02 00:56:00,24.81,89.92,0.0,58,0.0,0.0,12.93
2026-09-02 00:57:00,24.83,89.94,0.0,58,0.0,0.0,12.93
2026-09-02 00:58:00,24.8,89.92,0.0,58,0.0,0.0,12.93
2026-09-02 00:59:00,24.81,89.85,0.0,58,0.0,0.0,12.93
2026-09-02 01:00:00,24.8,89.82,0.0,58,0.0,0.0,12.93
2026-09-02 01:01:00,24.79,89.8,0.0,58,0.0,0.0,12.93
2026-09-02 01:02:00,24.8,89.76,0.0,58,0.0,0.0,12.93
2026-09-02 01:03:00,24.8,89.8,0.0,58,0.0,0.0,12.93
2026-09-02 01:04:00,24.76,89.77,0.0,58,0.0,0.0,12.93
2026-09-02 01:05:00,24.76,89.79,0.0,58,0.0,0.0,12.93
2026-09-02 01:06:00,24.77,89.78,0.0,58,0.0,0.0,12.93
2026-09-02 01:07:00,24.77,89.8,0.0,58,0.0,0.0,12.93
2026-09-02 01:08:00,24.77,89.83,0.0,58,0.0,0.0,12.93
2026-09-02 01:09:00,24.76,89.84,0.0,58,0.06,0.0,12.93
2026-09-02 01:10:00,24.77,89.82,0.0,58,0.045,0.0,12.93
2026-09-02 01:11:00,24.74,89.84,0.0,58,0.015,0.0,12.93
2026-09-02 01:12:00,24.71,89.85,0.0,58,0.075,0.0,12.93
2026-09-02 01:13:00,24.76,89.93,0.0,58,0.0,0.0,12.93
2026-09-02 01:14:00,24.74,89.86,0.0,58,0.045,0.0,12.93
2026-09-02 01:15:00,24.74,89.91,0.0,58,0.0,0.0,12.93
2026-09-02 01:16:00,24.76,89.92,0.0,58,0.0,0.0,12.93
2026-09-02 01:17:00,24.76,89.91,0.0,58,0.0,0.0,12.93
2026-09-02 01:18:00,24.76,89.87,0.0,58,0.135,0.0,12.93
2026-09-02 01:19:00,24.73,89.92,0.0,58,0.015,0.0,12.93
2026-09-02 01:20:00,24.74,89.92,0.0,58,0.0,0.0,12.93
2026-09-02 01:21:00,24.74,89.95,0.0,58,0.0,0.0,12.93
2026-09-02 01:22:00,24.77,89.92,0.0,58,0.0,0.0,12.93
2026-09-02 01:23:00,24.79,89.91,0.0,58,0.0,0.0,12.93
2026-09-02 01:24:00,24.77,89.89,0.0,58,0.0,0.0,12.93
2026-09-02 01:25:00,24.76,89.88,0.0,58,0.0,0.0,12.93
2026-09-02 01:26:00,24.8,89.9,0.0,58,0.0,0.0,12.93
2026-09-02 01:27:00,24.77,89.82,0.0,58,0.015,0.0,12.93
2026-09-02 01:28:00,24.76,89.79,0.0,58,0.045,0.0,12.93
2026-09-02 01:29:00,24.77,89.79,0.0,58,0.015,0.0,12.93
2026-09-02 01:30:00,24.77,89.8,0.0,58,0.0,0.0,12.93
2026-09-02 01:31:00,24.76,89.79,0.0,58,0.0,0.0,12.93
2026-09-02 01:32:00,24.77,89.79,0.0,58,0.045,0.0,12.93
2026-09-02 01:33:00,24.79,89.75,0.0,58,0.06,0.0,12.93
2026-09-02 01:34:00,24.79,89.76,0.0,58,0.03,0.0,12.93
2026-09-02 01:35:00,24.79,89.77,0.0,58,0.0,0.0,12.93
2026-09-02 01:36:00,24.8,89.72,0.0,58,0.015,0.0,12.93
2026-09-02 01:37:00,24.79,89.68,0.0,58,0.03,0.0,12.93
2026-09-02 01:38:00,24.77,89.68,0.0,58,0.045,0.0,12.93
2026-09-02 01:39:00,24.79,89.71,0.0,58,0.0,0.0,12.93
2026-09-02 01:40:00,24.79,89.69,0.0,58,0.0,0.0,12.93
2026-09-02 01:41:00,24.77,89.7,0.0,58,0.045,0.0,12.93
2026-09-02 01:42:00,24.76,89.65,0.0,58,0.0,0.0,12.93
2026-09-02 01:43:00,24.77,89.67,0.0,58,0.06,0.0,12.93
2026-09-02 01:44:00,24.74,89.68,0.0,58,0.21,0.0,12.93
2026-09-02 01:45:00,24.73,89.69,0.0,58,0.03,0.0,12.93
2026-09-02 01:46:00,24.73,89.61,0.0,58,0.12,0.0,12.93
2026-09-02 01:47:00,24.73,89.64,0.0,58,0.0,0.0,12.93
2026-09-02 01:48:00,24.71,89.67,0.0,58,0.0,0.0,12.93
2026-09-02 01:49:00,24.69,89.71,0.0,58,0.015,0.0,12.93
2026-09-02 01:50:00,24.71,89.77,0.0,58,0.03,0.0,12.93
2026-09-02 01:51:00,24.7,89.76,0.0,58,0.045,0.0,12.93
2026-09-02 01:52:00,24.69,89.77,0.0,58,0.015,0.0,12.93
2026-09-02 01:53:00,24.71,89.79,0.0,58,0.0,0.0,12.93
2026-09-02 01:54:00,24.71,89.82,0.0,58,0.0,0.0,12.93
2026-09-02 01:55:00,24.71,89.83,0.0,58,0.015,0.0,12.93
2026-09-02 01:56:00,24.7,89.85,0.0,58,0.015,0.0,12.93
2026-09-02 01:57:00,24.73,89.83,0.0,58,0.0,0.0,12.93
2026-09-02 01:58:00,24.73,89.81,0.0,58,0.09,0.0,12.93
2026-09-02 01:59:00,24.71,89.81,0.0,58,0.03,0.0,12.93
2026-09-02 02:00:00,24.71,89.81,0.0,58,0.135,0.0,12.93
2026-09-02 02:01:00,24.76,89.84,0.0,58,0.27,0.0,12.93
2026-09-02 02:02:00,24.79,89.84,0.0,58,0.24,0.0,12.93
2026-09-02 02:03:00,24.81,89.75,0.0,58,0.21,0.0,12.93
2026-09-02 02:04:00,24.83,89.69,0.0,58,0.12,0.0,12.93
2026-09-02 02:05:00,24.84,89.63,0.0,58,0.06,0.0,12.93
2026-09-02 02:06:00,24.87,89.56,0.0,58,0.0,0.0,12.93
2026-09-02 02:07:00,24.87,89.54,0.0,58,0.0,0.0,12.93
2026-09-02 02:08:00,24.88,89.47,0.0,58,0.0,0.0,12.93
2026-09-02 02:09:00,24.87,89.42,0.0,58,0.0,0.0,12.93
2026-09-02 02:10:00,24.9,89.39,0.0,58,0.0,0.0,12.93
2026-09-02 02:11:00,24.87,89.38,0.0,58,0.0,0.0,12.93
2026-09-02 02:12:00,24.91,89.33,0.0,58,0.0,0.0,12.93
2026-09-02 02:13:00,24.94,89.31,0.0,58,0.0,0.0,12.93
2026-09-02 02:14:00,24.93,89.31,0.0,58,0.0,0.0,12.93
2026-09-02 02:15:00,24.94,89.26,0.0,58,0.0,0.0,12.93
2026-09-02 02:16:00,24.91,89.25,0.0,58,0.03,0.0,12.93
2026-09-02 02:17:00,24.93,89.26,0.0,58,0.03,0.0,12.93
2026-09-02 02:18:00,24.93,89.15,0.0,58,0.045,0.0,12.93
2026-09-02 02:19:00,24.93,89.16,0.0,58,0.0,0.0,12.93
2026-09-02 02:20:00,24.88,89.15,0.0,58,0.0,0.0,12.93
2026-09-02 02:21:00,24.88,89.16,0.0,58,0.015,0.0,12.93
2026-09-02 02:22:00,24.87,89.17,0.0,58,0.015,0.0,12.93
2026-09-02 02:23:00,24.86,89.19,0.0,58,0.015,0.0,12.93
2026-09-02 02:24:00,24.84,89.28,0.0,58,0.0,0.0,12.93
2026-09-02 02:25:00,24.84,89.31,0.0,58,0.0,0.0,12.93
2026-09-02 02:26:00,24.83,89.31,0.0,58,0.015,0.0,12.93
2026-09-02 02:27:00,24.81,89.31,0.0,58,0.015,0.0,12.93
2026-09-02 02:28:00,24.84,89.32,0.0,58,0.015,0.0,12.93
2026-09-02 02:29:00,24.83,89.3,0.0,58,0.045,0.0,12.93
2026-09-02 02:30:00,24.84,89.29,0.0,58,0.045,0.0,12.93
2026-09-02 02:31:00,24.83,89.3,0.0,58,0.0,0.0,12.93
2026-09-02 02:32:00,24.81,89.22,0.0,58,0.015,0.0,12.93
2026-09-02 02:33:00,24.81,89.19,0.0,58,0.0,0.0,12.93
2026-09-02 02:34:00,24.81,89.14,0.0,58,0.015,0.0,12.93
2026-09-02 02:35:00,24.83,89.06,0.0,58,0.09,0.0,12.93
2026-09-02 02:36:00,24.81,89.03,0.0,58,0.0,0.0,12.93
2026-09-02 02:37:00,24.81,89.0,0.0,58,0.105,0.0,12.93
2026-09-02 02:38:00,24.81,89.02,0.0,58,0.135,0.0,12.93
2026-09-02 02:39:00,24.87,88.98,0.0,58,0.03,0.0,12.93
2026-09-02 02:40:00,24.87,88.87,0.0,58,0.03,0.0,12.93
2026-09-02 02:41:00,24.84,88.7,0.0,136,0.165,0.0,12.93
2026-09-02 02:42:00,24.84,88.61,0.0,136,0.165,0.0,12.93
2026-09-02 02:43:00,24.84,88.49,0.0,174,0.24,0.0,12.93
2026-09-02 02:44:00,24.86,88.43,0.0,178,0.195,0.0,12.93
2026-09-02 02:45:00,24.83,88.36,0.0,178,0.105,0.0,12.93
2026-09-02 02:46:00,24.83,88.27,0.0,258,0.36,0.0,12.93
2026-09-02 02:47:00,24.81,88.17,0.0,193,0.105,0.0,12.93
2026-09-02 02:48:00,24.83,88.08,0.0,193,0.09,0.0,12.93
2026-09-02 02:49:00,24.81,87.95,0.0,193,0.075,0.0,12.93
2026-09-02 02:50:00,24.81,87.91,0.0,193,0.0,0.0,12.93
2026-09-02 02:51:00,24.81,87.88,0.0,193,0.0,0.0,12.93
2026-09-02 02:52:00,24.8,87.79,0.0,193,0.0,0.0,12.93
2026-09-02 02:53:00,24.84,87.77,0.0,193,0.0,0.0,12.93
2026-09-02 02:54:00,24.83,87.73,0.0,193,0.0,0.0,12.93
2026-09-02 02:55:00,24.83,87.73,0.0,193,0.0,0.0,12.93
2026-09-02 02:56:00,24.81,87.77,0.0,193,0.0,0.0,12.93
2026-09-02 02:57:00,24.83,87.79,0.0,193,0.0,0.0,12.93
2026-09-02 02:58:00,24.83,87.86,0.0,193,0.0,0.0,12.93
2026-09-02 02:59:00,24.83,87.88,0.0,193,0.0,0.0,12.93
2026-09-02 03:00:00,24.86,87.89,0.0,193,0.0,0.0,12.93
2026-09-02 03:01:00,24.84,87.94,0.0,145,0.0,0.0,12.93
2026-09-02 03:02:00,24.81,87.99,0.0,145,0.0,0.0,12.93
2026-09-02 03:03:00,24.86,87.94,0.0,145,0.0,0.0,12.93
2026-09-02 03:04:00,24.8,88.0,0.0,145,0.0,0.0,12.93
2026-09-02 03:05:00,24.83,88.03,0.0,145,0.0,0.0,12.93
2026-09-02 03:06:00,24.8,88.04,0.0,145,0.0,0.0,12.93
2026-09-02 03:07:00,24.81,88.06,0.0,145,0.0,0.0,12.93
2026-09-02 03:08:00,24.8,88.08,0.0,145,0.0,0.0,12.93
2026-09-02 03:09:00,24.83,88.13,0.0,145,0.0,0.0,12.93
2026-09-02 03:10:00,24.81,88.18,0.0,145,0.0,0.0,12.89
2026-09-02 03:11:00,24.81,88.26,0.0,145,0.0,0.0,12.93
2026-09-02 03:12:00,24.86,88.3,0.0,145,0.0,0.0,12.93
2026-09-02 03:13:00,24.87,88.29,0.0,145,0.0,0.0,12.93
2026-09-02 03:14:00,24.84,88.22,0.0,145,0.0,0.0,12.93
2026-09-02 03:15:00,24.84,88.27,0.0,145,0.0,0.0,12.93
2026-09-02 03:16:00,24.9,88.21,0.0,145,0.0,0.0,12.89
2026-09-02 03:17:00,24.88,88.25,0.0,145,0.0,0.0,12.93
2026-09-02 03:18:00,24.88,88.15,0.0,145,0.0,0.0,12.93
2026-09-02 03:19:00,24.87,88.07,0.0,145,0.0,0.0,12.93
2026-09-02 03:20:00,24.88,87.98,0.0,145,0.0,0.0,12.93
2026-09-02 03:21:00,24.87,87.91,0.0,145,0.0,0.0,12.89
2026-09-02 03:22:00,24.86,87.87,0.0,145,0.0,0.0,12.89
2026-09-02 03:23:00,24.87,87.87,0.0,145,0.0,0.0,12.93
2026-09-02 03:24:00,24.9,87.9,0.0,145,0.0,0.0,12.89
2026-09-02 03:25:00,24.88,87.8,0.0,148,0.015,0.0,12.89
2026-09-02 03:26:00,24.87,87.74,0.0,148,0.03,0.0,12.89
2026-09-02 03:27:00,24.87,87.65,0.0,148,0.105,0.0,12.89
2026-09-02 03:28:00,24.86,87.56,0.0,148,0.03,0.0,12.93
2026-09-02 03:29:00,24.86,87.47,0.0,148,0.09,0.0,12.93
2026-09-02 03:30:00,24.84,87.42,0.0,148,0.015,0.0,12.93
2026-09-02 03:31:00,24.88,87.46,0.0,148,0.03,0.0,12.89
2026-09-02 03:32:00,24.88,87.49,0.0,148,0.09,0.0,12.89
2026-09-02 03:33:00,24.91,87.53,0.0,148,0.0,0.0,12.89
2026-09-02 03:34:00,24.94,87.52,0.0,148,0.0,0.0,12.89
2026-09-02 03:35:00,24.9,87.59,0.0,148,0.06,0.0,12.89
2026-09-02 03:36:00,24.91,87.66,0.0,148,0.0,0.0,12.89
2026-09-02 03:37:00,24.94,87.67,0.0,148,0.0,0.0,12.89
2026-09-02 03:38:00,24.94,87.7,0.0,148,0.03,0.0,12.93
2026-09-02 03:39:00,24.95,87.71,0.0,148,0.0,0.0,12.89
2026-09-02 03:40:00,24.91,87.69,0.0,148,0.03,0.0,12.89
2026-09-02 03:41:00,24.9,87.69,0.0,148,0.015,0.0,12.89
2026-09-02 03:42:00,24.87,87.72,0.0,148,0.18,0.0,12.89
2026-09-02 03:43:00,24.8,87.76,0.0,148,0.045,0.0,12.89
2026-09-02 03:44:00,24.83,87.87,0.0,148,0.015,0.0,12.89
2026-09-02 03:45:00,24.8,87.99,0.0,148,0.09,0.0,12.89
2026-09-02 03:46:00,24.8,88.03,0.0,148,0.0,0.0,12.89
2026-09-02 03:47:00,24.8,88.09,0.0,148,0.0,0.0,12.89
2026-09-02 03:48:00,24.81,88.12,0.0,148,0.0,0.0,12.89
2026-09-02 03:49:00,24.81,88.15,0.0,148,0.0,0.0,12.89
2026-09-02 03:50:00,24.79,88.16,0.0,148,0.03,0.0,12.89
2026-09-02 03:51:00,24.8,88.15,0.0,148,0.045,0.0,12.89
2026-09-02 03:52:00,24.8,88.15,0.0,148,0.0,0.0,12.89
2026-09-02 03:53:00,24.79,88.12,0.0,148,0.015,0.0,12.89
2026-09-02 03:54:00,24.77,88.14,0.0,148,0.045,0.0,12.89
2026-09-02 03:55:00,24.76,88.13,0.0,148,0.0,0.0,12.89
2026-09-02 03:56:00,24.74,88.16,0.0,57,0.12,0.0,12.89
2026-09-02 03:57:00,24.73,88.19,0.0,65,0.585,0.0,12.89
2026-09-02 03:58:00,24.73,88.24,0.0,50,0.345,0.0,12.89
2026-09-02 03:59:00,24.73,88.35,0.0,51,0.615,0.0,12.89
2026-09-02 04:00:00,24.71,88.45,0.0,59,0.765,0.0,12.89
2026-09-02 04:01:00,24.66,88.56,0.0,64,0.57,0.0,12.89
2026-09-02 04:02:00,24.63,88.64,0.0,61,0.555,0.0,12.89
2026-09-02 04:03:00,24.62,88.69,0.0,63,0.39,0.0,12.89
2026-09-02 04:04:00,24.59,88.8,0.0,63,0.36,0.0,12.89
2026-09-02 04:05:00,24.57,88.86,0.0,63,0.105,0.0,12.89
2026-09-02 04:06:00,24.54,88.97,0.0,63,0.015,0.0,12.89
2026-09-02 04:07:00,24.53,89.04,0.0,63,0.12,0.0,12.89
2026-09-02 04:08:00,24.49,89.14,0.0,63,0.045,0.0,12.89
2026-09-02 04:09:00,24.49,89.2,0.0,63,0.21,0.0,12.89
2026-09-02 04:10:00,24.47,89.28,0.0,63,0.045,0.0,12.89
2026-09-02 04:11:00,24.44,89.31,0.0,63,0.36,0.0,12.89
2026-09-02 04:12:00,24.46,89.42,0.0,63,0.0,0.0,12.89
2026-09-02 04:13:00,24.42,89.45,0.0,63,0.285,0.0,12.89
2026-09-02 04:14:00,24.4,89.54,0.0,63,0.39,0.0,12.89
2026-09-02 04:15:00,24.4,89.62,0.0,65,0.42,0.0,12.89
2026-09-02 04:16:00,24.39,89.67,0.0,68,0.375,0.0,12.89
2026-09-02 04:17:00,24.39,89.71,0.0,68,0.465,0.0,12.89
2026-09-02 04:18:00,24.35,89.81,0.0,68,0.045,0.0,12.89
2026-09-02 04:19:00,24.38,89.82,0.0,68,0.0,0.0,12.89
2026-09-02 04:20:00,24.38,89.89,0.0,68,0.0,0.0,12.89
2026-09-02 04:21:00,24.39,89.93,0.0,68,0.165,0.0,12.89
2026-09-02 04:22:00,24.4,89.95,0.0,68,0.105,0.0,12.89
2026-09-02 04:23:00,24.42,90.01,0.0,68,0.015,0.0,12.89
2026-09-02 04:24:00,24.4,90.02,0.0,68,0.075,0.0,12.89
2026-09-02 04:25:00,24.4,89.99,0.0,68,0.18,0.0,12.89
2026-09-02 04:26:00,24.42,89.95,0.0,68,0.09,0.0,12.89
2026-09-02 04:27:00,24.42,89.95,0.0,68,0.15,0.0,12.89
2026-09-02 04:28:00,24.4,89.94,0.0,68,0.195,0.0,12.89
2026-09-02 04:29:00,24.4,89.9,0.0,68,0.24,0.0,12.89
2026-09-02 04:30:00,24.38,89.91,0.0,68,0.315,0.0,12.89
2026-09-02 04:31:00,24.39,89.98,0.0,68,0.21,0.0,12.89
2026-09-02 04:32:00,24.35,89.99,0.0,68,0.165,0.0,12.89
2026-09-02 04:33:00,24.33,90.02,0.0,68,0.12,0.0,12.89
2026-09-02 04:34:00,24.35,90.06,0.0,68,0.03,0.0,12.89
2026-09-02 04:35:00,24.33,90.08,0.0,68,0.315,0.0,12.89
2026-09-02 04:36:00,24.32,90.06,0.0,68,0.285,0.0,12.89
2026-09-02 04:37:00,24.35,90.14,0.0,68,0.075,0.0,12.89
2026-09-02 04:38:00,24.33,90.16,0.0,68,0.21,0.0,12.89
2026-09-02 04:39:00,24.33,90.14,0.0,68,0.18,0.0,12.89
2026-09-02 04:40:00,24.32,90.1,0.0,68,0.15,0.0,12.89
2026-09-02 04:41:00,24.32,90.17,0.0,68,0.015,0.0,12.89
2026-09-02 04:42:00,24.32,90.2,0.0,68,0.06,0.0,12.89
2026-09-02 04:43:00,24.32,90.22,0.0,68,0.15,0.0,12.89
2026-09-02 04:44:00,24.32,90.24,0.0,68,0.405,0.0,12.89
2026-09-02 04:45:00,24.3,90.24,0.0,68,0.42,0.0,12.89
2026-09-02 04:46:00,24.33,90.26,0.0,68,0.045,0.0,12.89
2026-09-02 04:47:00,24.33,90.3,0.0,68,0.075,0.0,12.89
2026-09-02 04:48:00,24.33,90.29,0.0,68,0.45,0.0,12.89
2026-09-02 04:49:00,24.33,90.22,0.0,68,0.33,0.0,12.89
2026-09-02 04:50:00,24.36,90.25,0.0,68,0.105,0.0,12.89
2026-09-02 04:51:00,24.3,90.22,0.0,68,0.105,0.0,12.89
2026-09-02 04:52:00,24.35,90.23,0.0,68,0.135,0.0,12.89
2026-09-02 04:53:00,24.32,90.23,0.0,68,0.03,0.0,12.89
2026-09-02 04:54:00,24.35,90.22,0.0,68,0.03,0.0,12.89
2026-09-02 04:55:00,24.35,90.23,0.0,68,0.045,0.0,12.89
2026-09-02 04:56:00,24.35,90.21,0.0,68,0.06,0.0,12.89
2026-09-02 04:57:00,24.33,90.24,0.0,68,0.12,0.0,12.89
2026-09-02 04:58:00,24.35,90.23,0.0,68,0.0,0.0,12.89
2026-09-02 04:59:00,24.33,90.17,0.0,68,0.255,0.0,12.89
2026-09-02 05:00:00,24.32,90.16,0.0,68,0.36,0.0,12.89
2026-09-02 05:01:00,24.33,90.18,0.0,68,0.27,0.0,12.89
2026-09-02 05:02:00,24.32,90.21,0.0,68,0.0,0.0,12.89
2026-09-02 05:03:00,24.32,90.25,0.0,68,0.15,0.0,12.89
2026-09-02 05:04:00,24.32,90.22,0.0,68,0.3,0.0,12.89
2026-09-02 05:05:00,24.32,90.25,0.0,68,0.09,0.0,12.89
2026-09-02 05:06:00,24.33,90.22,0.0,68,0.195,0.0,12.89
2026-09-02 05:07:00,24.32,90.25,0.0,68,0.375,0.0,12.89
2026-09-02 05:08:00,24.32,90.24,0.0,68,0.435,0.0,12.89
2026-09-02 05:09:00,24.29,90.24,0.0,65,0.45,0.0,12.89
2026-09-02 05:10:00,24.3,90.28,0.0,65,0.165,0.0,12.89
2026-09-02 05:11:00,24.3,90.25,0.0,65,0.12,0.0,12.89
2026-09-02 05:12:00,24.28,90.29,0.0,65,0.045,0.0,12.89
2026-09-02 05:13:00,24.32,90.31,0.0,65,0.135,0.0,12.89
2026-09-02 05:14:00,24.32,90.26,0.0,65,0.42,0.0,12.89
2026-09-02 05:15:00,24.3,90.22,0.0,65,0.3,0.0,12.89
2026-09-02 05:16:00,24.29,90.22,0.0,65,0.0,0.0,12.89
2026-09-02 05:17:00,24.33,90.24,0.0,65,0.0,0.0,12.89
2026-09-02 05:18:00,24.33,90.24,0.0,65,0.0,0.0,12.89
2026-09-02 05:19:00,24.33,90.3,0.0,65,0.0,0.0,12.89
2026-09-02 05:20:00,24.35,90.21,0.0,65,0.06,0.0,12.89
2026-09-02 05:21:00,24.35,90.15,0.0,65,0.315,0.0,12.89
2026-09-02 05:22:00,24.35,90.12,0.0,65,0.435,0.0,12.89
2026-09-02 05:23:00,24.3,90.07,0.0,65,0.645,0.0,12.89
2026-09-02 05:24:00,24.33,90.11,0.0,61,0.525,0.0,12.89
2026-09-02 05:25:00,24.3,90.16,0.0,61,0.18,0.0,12.89
2026-09-02 05:26:00,24.33,90.15,0.0,61,0.285,0.0,12.89
2026-09-02 05:27:00,24.33,90.17,0.0,61,0.315,0.0,12.89
2026-09-02 05:28:00,24.33,90.17,0.0,61,0.105,0.0,12.89
2026-09-02 05:29:00,24.35,90.19,0.0,61,0.0,0.0,12.89
2026-09-02 05:30:00,24.35,90.18,0.0,61,0.105,0.0,12.89
2026-09-02 05:31:00,24.35,90.17,0.0,61,0.18,0.0,12.89
2026-09-02 05:32:00,24.33,90.19,0.0,61,0.315,0.0,12.89
2026-09-02 05:33:00,24.38,90.25,0.0,61,0.345,0.0,12.89
2026-09-02 05:34:00,24.33,90.24,0.0,61,0.06,0.0,12.89
2026-09-02 05:35:00,24.33,90.21,0.0,73,0.36,0.0,12.89
2026-09-02 05:36:00,24.35,90.24,0.0,73,0.09,0.0,12.89
2026-09-02 05:37:00,24.35,90.22,0.0,73,0.12,0.0,12.89
2026-09-02 05:38:00,24.36,90.23,0.0,73,0.015,0.0,12.89
2026-09-02 05:39:00,24.36,90.23,0.0,73,0.0,0.0,12.89
2026-09-02 05:40:00,24.36,90.23,0.0,73,0.0,0.0,12.89
2026-09-02 05:41:00,24.36,90.19,0.0,73,0.015,0.0,12.89
2026-09-02 05:42:00,24.4,90.14,0.0,73,0.12,0.0,12.89
2026-09-02 05:43:00,24.36,90.16,0.0,73,0.0,0.0,12.89
2026-09-02 05:44:00,24.39,90.08,0.0,73,0.075,0.0,12.89
2026-09-02 05:45:00,24.39,90.06,0.0,73,0.015,0.0,12.89
2026-09-02 05:46:00,24.39,90.05,0.0,73,0.0,0.0,12.89
2026-09-02 05:47:00,24.39,90.03,0.0,73,0.0,0.0,12.89
2026-09-02 05:48:00,24.39,89.98,0.0,73,0.0,0.0,12.89
2026-09-02 05:49:00,24.44,89.96,0.0,73,0.03,0.0,12.89
2026-09-02 05:50:00,24.4,89.89,0.0,73,0.0,0.0,12.89
2026-09-02 05:51:00,24.42,89.85,0.0,73,0.06,0.0,12.89
2026-09-02 05:52:00,24.43,89.81,0.0,73,0.045,0.0,12.89
2026-09-02 05:53:00,24.44,89.8,0.0,73,0.315,0.0,12.89
2026-09-02 05:54:00,24.44,89.8,0.0,73,0.075,0.0,12.89
2026-09-02 05:55:00,24.44,89.75,0.0,73,0.06,0.0,12.89
2026-09-02 05:56:00,24.43,89.74,0.76,73,0.045,0.0,12.89
2026-09-02 05:57:00,24.42,89.71,0.0,73,0.06,0.0,12.89
2026-09-02 05:58:00,24.39,89.58,0.76,73,0.105,0.0,12.89
2026-09-02 05:59:00,24.36,89.54,0.76,73,0.045,0.0,12.89
2026-09-02 06:00:00,24.36,89.55,0.0,73,0.165,0.0,12.89
2026-09-02 06:01:00,24.33,89.55,0.76,73,0.105,0.0,12.89
2026-09-02 06:02:00,24.36,89.54,0.0,73,0.24,0.0,12.89
2026-09-02 06:03:00,24.35,89.55,0.76,73,0.09,0.0,12.89
2026-09-02 06:04:00,24.36,89.58,0.76,73,0.015,0.0,12.89
2026-09-02 06:05:00,24.39,89.6,0.76,73,0.0,0.0,12.89
2026-09-02 06:06:00,24.4,89.64,1.14,73,0.21,0.0,12.89
2026-09-02 06:07:00,24.4,89.63,1.14,73,0.39,0.0,12.89
2026-09-02 06:08:00,24.4,89.63,1.53,73,0.435,0.0,12.89
2026-09-02 06:09:00,24.42,89.61,1.91,73,0.51,0.0,12.89
2026-09-02 06:10:00,24.42,89.59,2.29,73,0.105,0.0,12.89
2026-09-02 06:11:00,24.42,89.63,2.67,73,0.03,0.0,12.89
2026-09-02 06:12:00,24.42,89.65,3.05,73,0.0,0.0,12.89
2026-09-02 06:13:00,24.43,89.65,3.43,73,0.0,0.0,12.89
2026-09-02 06:14:00,24.43,89.59,4.58,73,0.12,0.0,12.89
2026-09-02 06:15:00,24.4,89.53,5.34,73,0.015,0.0,12.89
2026-09-02 06:16:00,24.42,89.56,5.72,73,0.0,0.0,12.89
2026-09-02 06:17:00,24.4,89.53,6.1,73,0.045,0.0,12.89
2026-09-02 06:18:00,24.39,89.51,6.49,73,0.3,0.0,12.89
2026-09-02 06:19:00,24.4,89.53,7.25,73,0.27,0.0,12.89
2026-09-02 06:20:00,24.39,89.42,8.01,73,0.465,0.0,12.89
2026-09-02 06:21:00,24.38,89.46,8.77,73,0.36,0.0,12.89
2026-09-02 06:22:00,24.4,89.5,9.16,73,0.06,0.0,12.89
2026-09-02 06:23:00,24.4,89.41,10.3,73,0.345,0.0,12.89
2026-09-02 06:24:00,24.42,89.45,11.06,73,0.42,0.0,12.89
2026-09-02 06:25:00,24.42,89.44,11.83,73,0.195,0.0,12.89
2026-09-02 06:26:00,24.44,89.41,13.35,77,0.315,0.0,12.89
2026-09-02 06:27:00,24.44,89.41,14.88,77,0.015,0.0,12.89
2026-09-02 06:28:00,24.46,89.38,16.02,77,0.015,0.0,12.89
2026-09-02 06:29:00,24.47,89.36,17.93,77,0.06,0.0,12.89
2026-09-02 06:30:00,24.47,89.32,19.84,77,0.015,0.0,12.89
2026-09-02 06:31:00,24.53,89.31,21.36,77,0.105,0.0,12.89
2026-09-02 06:32:00,24.53,89.21,22.51,77,0.06,0.0,12.89
2026-09-02 06:33:00,24.54,89.2,22.89,77,0.135,0.0,12.89
2026-09-02 06:34:00,24.53,89.12,24.03,77,0.12,0.0,12.89
2026-09-02 06:35:00,24.56,89.09,24.41,77,0.105,0.0,12.89
2026-09-02 06:36:00,24.62,89.02,24.41,77,0.165,0.0,12.89
2026-09-02 06:37:00,24.62,88.93,24.41,77,0.12,0.0,12.89
2026-09-02 06:38:00,24.64,88.9,25.56,77,0.12,0.0,12.89
2026-09-02 06:39:00,24.67,88.85,25.94,77,0.105,0.0,12.89
2026-09-02 06:40:00,24.69,88.76,26.7,77,0.27,0.0,12.93
2026-09-02 06:41:00,24.7,88.78,27.47,77,0.045,0.0,12.89
2026-09-02 06:42:00,24.71,88.7,28.61,77,0.105,0.0,12.93
2026-09-02 06:43:00,24.73,88.65,29.76,77,0.0,0.0,12.93
2026-09-02 06:44:00,24.77,88.67,30.9,77,0.03,0.0,12.93
2026-09-02 06:45:00,24.77,88.55,33.57,77,0.24,0.0,12.93
2026-09-02 06:46:00,24.76,88.45,36.24,77,0.135,0.0,12.93
2026-09-02 06:47:00,24.76,88.36,40.05,77,0.165,0.0,12.93
2026-09-02 06:48:00,24.79,88.33,45.4,77,0.075,0.0,13.01
2026-09-02 06:49:00,24.79,88.32,52.26,77,0.0,0.0,13.04
2026-09-02 06:50:00,24.83,88.29,55.7,77,0.0,0.0,13.04
2026-09-02 06:51:00,24.86,88.21,49.21,77,0.0,0.0,13.04
2026-09-02 06:52:00,24.86,88.12,45.78,77,0.0,0.0,13.04
2026-09-02 06:53:00,24.88,88.15,44.63,77,0.015,0.0,13.04
2026-09-02 06:54:00,24.9,88.14,43.87,77,0.0,0.0,13.04
2026-09-02 06:55:00,24.93,88.11,41.96,77,0.015,0.0,13.04
2026-09-02 06:56:00,24.95,88.1,39.67,77,0.0,0.0,13.04
2026-09-02 06:57:00,24.95,88.11,39.29,77,0.0,0.0,13.04
2026-09-02 06:58:00,24.98,88.08,40.44,77,0.0,0.0,13.04
2026-09-02 06:59:00,24.98,88.08,43.11,77,0.0,0.0,13.04
2026-09-02 07:00:00,25.02,88.07,44.25,77,0.015,0.0,13.04
2026-09-02 07:01:00,25.0,88.11,44.25,77,0.06,0.0,13.04
2026-09-02 07:02:00,25.02,88.06,41.2,77,0.075,0.0,13.04
2026-09-02 07:03:00,25.0,88.03,37.38,77,0.195,0.0,13.04
2026-09-02 07:04:00,25.0,88.08,33.57,77,0.0,0.0,13.04
2026-09-02 07:05:00,25.01,88.1,32.04,77,0.045,0.0,13.04
2026-09-02 07:06:00,25.01,88.14,32.04,77,0.015,0.0,13.04
2026-09-02 07:07:00,25.0,88.12,33.95,77,0.03,0.0,13.04
2026-09-02 07:08:00,25.02,88.11,37.38,77,0.0,0.0,13.04
2026-09-02 07:09:00,25.01,88.1,41.58,77,0.105,0.0,13.04
2026-09-02 07:10:00,25.01,88.04,45.4,77,0.33,0.0,13.04
2026-09-02 07:11:00,24.94,87.85,47.68,60,0.78,0.0,13.04
2026-09-02 07:12:00,24.91,87.97,48.07,64,0.36,0.0,13.04
2026-09-02 07:13:00,24.93,88.02,47.3,63,0.57,0.0,13.04
2026-09-02 07:14:00,24.9,88.05,45.78,69,0.45,0.0,13.04
2026-09-02 07:15:00,24.9,88.12,44.63,64,0.405,0.0,13.04
2026-09-02 07:16:00,24.9,88.15,43.11,94,0.33,0.0,13.04
2026-09-02 07:17:00,24.87,88.17,43.11,56,0.69,0.0,13.04
2026-09-02 07:18:00,24.87,88.2,42.34,74,0.765,0.0,13.04
2026-09-02 07:19:00,24.86,88.17,41.58,88,0.645,0.0,13.04
2026-09-02 07:20:00,24.83,88.2,40.44,107,0.375,0.0,13.04
2026-09-02 07:21:00,24.83,88.24,39.67,53,0.465,0.0,13.04
2026-09-02 07:22:00,24.84,88.32,39.67,53,0.045,0.0,13.04
2026-09-02 07:23:00,24.83,88.28,40.44,91,0.525,0.0,13.04
2026-09-02 07:24:00,24.86,88.28,43.87,73,0.315,0.0,13.08
2026-09-02 07:25:00,24.83,88.22,47.68,92,0.885,0.0,13.08
2026-09-02 07:26:00,24.84,88.22,49.97,71,0.75,0.0,13.08
2026-09-02 07:27:00,24.83,88.26,50.74,81,0.33,0.0,13.08
2026-09-02 07:28:00,24.83,88.28,49.21,81,0.165,0.0,13.12
2026-09-02 07:29:00,24.83,88.32,48.07,81,0.075,0.0,13.12
2026-09-02 07:30:00,24.87,88.3,48.83,81,0.33,0.0,13.12
2026-09-02 07:31:00,24.88,88.33,52.64,81,0.315,0.0,13.12
2026-09-02 07:32:00,24.87,88.31,55.7,68,0.555,0.0,13.12
2026-09-02 07:33:00,24.88,88.35,57.98,68,0.36,0.0,13.16
2026-09-02 07:34:00,24.91,88.39,59.51,68,0.27,0.0,13.16
2026-09-02 07:35:00,24.93,88.4,59.51,68,0.21,0.0,13.16
2026-09-02 07:36:00,24.93,88.37,59.51,68,0.24,0.0,13.16
2026-09-02 07:37:00,24.97,88.38,58.37,68,0.21,0.0,13.16
2026-09-02 07:38:00,24.98,88.32,58.37,68,0.21,0.0,13.16
2026-09-02 07:39:00,25.01,88.26,60.27,68,0.225,0.0,13.16
2026-09-02 07:40:00,25.01,88.21,65.23,60,0.345,0.0,13.16
2026-09-02 07:41:00,24.97,88.08,71.34,53,0.495,0.0,13.16
2026-09-02 07:42:00,24.98,88.06,76.68,65,0.45,0.0,13.16
2026-09-02 07:43:00,25.0,88.0,80.49,38,0.255,0.0,13.16
2026-09-02 07:44:00,25.01,87.91,84.69,43,0.06,0.0,13.16
2026-09-02 07:45:00,25.05,87.79,90.41,63,0.165,0.0,13.16
2026-09-02 07:46:00,25.05,87.53,98.8,37,0.33,0.0,13.16
2026-09-02 07:47:00,25.04,87.35,106.43,72,0.42,0.0,13.16
2026-09-02 07:48:00,25.04,87.12,112.54,60,0.495,0.0,13.16
2026-09-02 07:49:00,25.07,86.96,116.35,74,0.84,0.0,13.16
2026-09-02 07:50:00,25.07,86.94,117.11,63,0.555,0.0,13.16
2026-09-02 07:51:00,25.1,86.78,117.11,78,0.63,0.0,13.46
2026-09-02 07:52:00,25.13,86.73,116.35,79,0.66,0.0,13.46
2026-09-02 07:53:00,25.17,86.7,114.82,79,0.18,0.0,13.46
2026-09-02 07:54:00,25.19,86.59,114.82,65,0.27,0.0,13.46
2026-09-02 07:55:00,25.27,86.55,116.73,65,0.225,0.0,13.46
2026-09-02 07:56:00,25.28,86.4,119.4,61,0.405,0.0,13.46
2026-09-02 07:57:00,25.32,86.16,121.69,68,0.615,0.0,13.46
2026-09-02 07:58:00,25.32,85.91,123.6,71,0.615,0.0,13.46
2026-09-02 07:59:00,25.32,85.75,124.36,76,0.825,0.0,13.53
2026-09-02 08:00:00,25.37,85.81,124.36,69,0.225,0.0,13.53
2026-09-02 08:01:00,25.39,85.87,123.22,69,0.015,0.0,13.53
2026-09-02 08:02:00,25.44,85.87,124.36,69,0.12,0.0,13.53
2026-09-02 08:03:00,25.48,85.77,127.79,79,0.39,0.0,13.53
2026-09-02 08:04:00,25.5,85.71,132.75,106,0.45,0.0,13.53
2026-09-02 08:05:00,25.52,85.68,138.86,84,0.675,0.0,13.57
2026-09-02 08:06:00,25.53,85.69,145.34,74,0.435,0.0,13.61
2026-09-02 08:07:00,25.58,85.66,151.45,53,0.345,0.0,13.61
2026-09-02 08:08:00,25.58,85.66,156.79,53,0.075,0.0,13.64
2026-09-02 08:09:00,25.68,85.63,163.27,53,0.03,0.0,13.64
2026-09-02 08:10:00,25.75,85.6,168.61,53,0.015,0.0,13.79
2026-09-02 08:11:00,25.78,85.45,175.48,53,0.105,0.0,13.79
2026-09-02 08:12:00,25.85,85.4,185.02,53,0.27,0.0,13.79
2026-09-02 08:13:00,25.89,85.31,193.03,53,0.195,0.0,13.79
2026-09-02 08:14:00,25.95,85.14,214.77,53,0.21,0.0,13.79
2026-09-02 08:15:00,26.01,85.17,227.36,53,0.0,0.0,13.79
2026-09-02 08:16:00,26.09,85.03,241.86,53,0.06,0.0,13.83
2026-09-02 08:17:00,26.19,84.78,238.42,53,0.24,0.0,13.83
2026-09-02 08:18:00,26.27,84.79,238.8,53,0.0,0.0,13.91
2026-09-02 08:19:00,26.38,84.43,238.42,17,0.12,0.0,13.91
2026-09-02 08:20:00,26.46,83.89,224.69,17,0.09,0.0,13.83
2026-09-02 08:21:00,26.54,83.58,215.15,17,0.03,0.0,13.79
2026-09-02 08:22:00,26.6,83.17,211.72,17,0.06,0.0,13.79
2026-09-02 08:23:00,26.65,83.08,215.92,17,0.045,0.0,13.83
2026-09-02 08:24:00,26.71,82.63,214.77,77,0.165,0.0,13.83
2026-09-02 08:25:00,26.74,82.31,215.53,77,0.345,0.0,13.83
2026-09-02 08:26:00,26.75,82.16,217.82,43,0.54,0.0,13.91
2026-09-02 08:27:00,26.77,81.96,221.64,22,0.405,0.0,14.09
2026-09-02 08:28:00,26.81,82.02,222.78,22,0.105,0.0,14.09
2026-09-02 08:29:00,26.84,81.95,217.06,214,0.435,0.0,14.09
2026-09-02 08:30:00,26.88,82.03,218.97,298,0.21,0.0,14.09
2026-09-02 08:31:00,26.92,81.81,218.2,308,0.18,0.0,14.09
2026-09-02 08:32:00,26.94,81.62,214.39,106,0.165,0.0,14.09
2026-09-02 08:33:00,26.94,81.31,211.72,85,0.285,0.0,14.09
2026-09-02 08:34:00,26.95,81.33,215.53,85,0.18,0.0,14.09
2026-09-02 08:35:00,26.99,81.23,214.01,85,0.045,0.0,14.09
2026-09-02 08:36:00,27.02,81.03,218.2,43,0.225,0.0,14.09
2026-09-02 08:37:00,27.01,81.03,242.24,43,0.045,0.0,14.09
2026-09-02 08:38:00,27.05,81.1,234.23,43,0.015,0.0,14.09
2026-09-02 08:39:00,27.11,81.04,242.62,43,0.0,0.0,14.09
2026-09-02 08:40:00,27.18,80.97,212.1,42,0.0,0.0,14.09
2026-09-02 08:41:00,27.24,80.72,204.09,42,0.015,0.0,14.09
2026-09-02 08:42:00,27.3,80.6,200.27,328,0.015,0.0,14.09
2026-09-02 08:43:00,27.35,80.4,197.6,25,0.105,0.0,14.09
2026-09-02 08:44:00,27.37,80.33,197.6,50,0.18,0.0,14.09
2026-09-02 08:45:00,27.4,80.27,199.51,50,0.0,0.0,14.09
2026-09-02 08:46:00,27.43,80.09,202.56,50,0.045,0.0,14.09
2026-09-02 08:47:00,27.47,79.92,205.23,316,0.15,0.0,14.09
2026-09-02 08:48:00,27.52,79.98,206.38,316,0.0,0.0,14.09
2026-09-02 08:49:00,27.56,79.84,205.62,316,0.0,0.0,14.09
2026-09-02 08:50:00,27.54,79.37,204.47,316,0.21,0.0,14.09
2026-09-02 08:51:00,27.54,79.28,203.33,316,0.045,0.0,14.09
2026-09-02 08:52:00,27.57,79.3,202.56,316,0.0,0.0,14.09
2026-09-02 08:53:00,27.59,79.2,199.89,316,0.0,0.0,14.09
2026-09-02 08:54:00,27.57,79.25,197.22,316,0.03,0.0,14.09
2026-09-02 08:55:00,27.59,79.27,194.55,316,0.0,0.0,14.09
2026-09-02 08:56:00,27.6,79.24,192.65,316,0.015,0.0,14.09
2026-09-02 08:57:00,27.63,79.21,192.26,316,0.0,0.0,14.09
2026-09-02 08:58:00,27.66,79.06,190.74,316,0.0,0.0,14.09
2026-09-02 08:59:00,27.66,78.94,189.21,316,0.03,0.0,14.09
2026-09-02 09:00:00,27.66,78.87,187.69,316,0.0,0.0,14.09
2026-09-02 09:01:00,27.67,78.95,187.3,316,0.0,0.0,14.09
2026-09-02 09:02:00,27.67,78.86,186.92,316,0.165,0.0,14.09
2026-09-02 09:03:00,27.67,79.03,186.92,316,0.0,0.0,14.09
2026-09-02 09:04:00,27.72,79.09,187.69,316,0.0,0.0,14.09
2026-09-02 09:05:00,27.79,79.16,188.45,316,0.0,0.0,14.09
2026-09-02 09:06:00,27.8,79.21,189.21,316,0.0,0.0,14.09
2026-09-02 09:07:00,27.84,78.86,189.21,251,0.195,0.0,14.09
2026-09-02 09:08:00,27.87,79.0,188.83,251,0.015,0.0,14.09
2026-09-02 09:09:00,27.84,78.94,189.21,251,0.0,0.0,14.09
2026-09-02 09:10:00,27.87,78.91,190.36,251,0.015,0.0,14.09
2026-09-02 09:11:00,27.88,78.93,192.26,251,0.015,0.0,14.09
2026-09-02 09:12:00,27.88,78.74,194.17,251,0.015,0.0,14.09
2026-09-02 09:13:00,27.9,78.49,196.84,251,0.195,0.0,14.09
2026-09-02 09:14:00,27.86,78.43,202.18,251,0.225,0.0,14.09
2026-09-02 09:15:00,27.81,78.61,220.11,251,0.135,0.0,14.09
2026-09-02 09:16:00,27.81,78.74,213.24,251,0.075,0.0,14.09
2026-09-02 09:17:00,27.84,78.77,210.19,251,0.03,0.0,14.09
2026-09-02 09:18:00,27.86,78.61,208.67,251,0.0,0.0,14.09
2026-09-02 09:19:00,27.93,78.57,215.15,251,0.0,0.0,14.09
2026-09-02 09:20:00,27.98,78.6,223.54,251,0.0,0.0,14.09
2026-09-02 09:21:00,28.0,78.07,232.7,251,0.0,0.0,14.09
2026-09-02 09:22:00,28.08,77.98,240.71,221,0.165,0.0,14.09
2026-09-02 09:23:00,28.07,77.9,247.96,221,0.03,0.0,14.09
2026-09-02 09:24:00,28.15,77.76,254.06,221,0.015,0.0,14.09
2026-09-02 09:25:00,28.2,77.39,259.4,221,0.135,0.0,14.09
2026-09-02 09:26:00,28.23,77.13,264.36,244,0.045,0.0,14.09
2026-09-02 09:27:00,28.27,76.86,269.7,240,0.09,0.0,14.09
2026-09-02 09:28:00,28.31,77.06,268.18,240,0.0,0.0,14.13
2026-09-02 09:29:00,28.36,76.76,268.94,240,0.015,0.0,14.09
2026-09-02 09:30:00,28.42,76.71,267.41,240,0.015,0.0,14.09
2026-09-02 09:31:00,28.45,76.17,267.03,359,0.315,0.0,14.09
2026-09-02 09:32:00,28.45,76.07,265.13,359,0.06,0.0,14.09
2026-09-02 09:33:00,28.49,76.03,263.22,359,0.045,0.0,14.09
2026-09-02 09:34:00,28.56,76.0,263.98,359,0.0,0.0,14.09
2026-09-02 09:35:00,28.58,75.51,265.51,12,0.435,0.0,14.09
2026-09-02 09:36:00,28.54,75.45,265.51,12,0.315,0.0,14.09
2026-09-02 09:37:00,28.48,75.81,265.89,12,0.135,0.0,14.09
2026-09-02 09:38:00,28.45,75.76,269.7,273,0.315,0.0,14.09
2026-09-02 09:39:00,28.44,75.94,273.14,93,0.225,0.0,14.09
2026-09-02 09:40:00,28.42,75.91,274.28,93,0.075,0.0,14.09
2026-09-02 09:41:00,28.45,75.92,276.19,163,0.045,0.0,14.09
2026-09-02 09:42:00,28.44,75.9,278.1,238,0.45,0.0,14.09
2026-09-02 09:43:00,28.44,75.96,281.53,238,0.075,0.0,14.09
2026-09-02 09:44:00,28.44,76.07,286.87,238,0.075,0.0,14.09
2026-09-02 09:45:00,28.45,76.27,292.21,238,0.09,0.0,14.09
2026-09-02 09:46:00,28.49,76.21,297.17,238,0.045,0.0,14.09
2026-09-02 09:47:00,28.51,76.1,301.75,238,0.135,0.0,14.09
2026-09-02 09:48:00,28.52,76.24,304.42,313,0.36,0.0,14.09
2026-09-02 09:49:00,28.54,76.52,309.38,313,0.015,0.0,14.09
2026-09-02 09:50:00,28.61,76.37,320.06,142,0.12,0.0,14.09
2026-09-02 09:51:00,28.66,76.22,333.03,39,0.255,0.0,14.09
2026-09-02 09:52:00,28.72,76.06,341.42,273,0.105,0.0,14.09
2026-09-02 09:53:00,28.75,75.83,364.69,264,0.195,0.0,14.09
2026-09-02 09:54:00,28.79,75.6,387.58,187,0.555,0.0,14.09
2026-09-02 09:55:00,28.81,75.57,433.74,184,0.225,0.0,14.09
2026-09-02 09:56:00,28.85,75.73,445.56,184,0.105,0.0,14.09
2026-09-02 09:57:00,28.93,75.4,481.8,240,0.21,0.0,14.09
2026-09-02 09:58:00,29.0,75.05,513.85,166,0.18,0.0,14.09
2026-09-02 09:59:00,29.1,75.13,495.92,144,0.105,0.0,14.09
2026-09-02 10:00:00,29.24,74.85,585.18,172,0.12,0.0,14.09
2026-09-02 10:01:00,29.4,74.43,724.8,181,0.09,0.0,14.09
2026-09-02 10:02:00,29.61,73.97,535.97,181,0.03,0.0,14.09
2026-09-02 10:03:00,29.74,73.37,542.84,181,0.03,0.0,14.09
2026-09-02 10:04:00,29.85,72.99,619.13,181,0.075,0.0,14.09
2026-09-02 10:05:00,29.98,72.17,804.15,174,0.225,0.0,14.09
2026-09-02 10:06:00,30.15,72.3,846.11,124,0.345,0.0,14.09
2026-09-02 10:07:00,30.33,71.81,675.97,142,0.105,0.0,14.09
2026-09-02 10:08:00,30.53,70.88,425.73,142,0.165,0.0,14.09
2026-09-02 10:09:00,30.66,70.82,350.96,142,0.015,0.0,14.09
2026-09-02 10:10:00,30.67,70.14,316.24,354,0.39,0.0,14.09
2026-09-02 10:11:00,30.67,70.15,285.34,14,0.54,0.0,14.09
2026-09-02 10:12:00,30.65,70.41,264.36,343,0.15,0.0,14.09
2026-09-02 10:13:00,30.58,70.64,252.92,341,0.12,0.0,14.09
2026-09-02 10:14:00,30.46,70.57,243.0,150,0.225,0.0,14.09
2026-09-02 10:15:00,30.35,70.72,234.99,150,0.225,0.0,14.09
2026-09-02 10:16:00,30.25,70.7,223.93,150,0.15,0.0,14.09
2026-09-02 10:17:00,30.15,70.92,215.53,150,0.06,0.0,14.09
2026-09-02 10:18:00,30.07,71.35,210.19,150,0.03,0.0,14.09
2026-09-02 10:19:00,29.96,72.09,205.62,150,0.06,0.0,14.09
2026-09-02 10:20:00,29.87,72.47,202.18,150,0.285,0.0,14.09
2026-09-02 10:21:00,29.74,73.22,201.42,207,0.27,0.0,14.09
2026-09-02 10:22:00,29.6,73.67,204.47,187,0.225,0.0,14.09
2026-09-02 10:23:00,29.54,74.06,212.48,187,0.255,0.0,14.09
2026-09-02 10:24:00,29.43,74.44,224.69,187,0.075,0.0,14.09
2026-09-02 10:25:00,29.38,74.64,237.28,187,0.09,0.0,14.09
2026-09-02 10:26:00,29.37,74.93,246.43,187,0.105,0.0,14.09
2026-09-02 10:27:00,29.38,75.12,256.35,187,0.03,0.0,14.09
2026-09-02 10:28:00,29.38,75.16,262.46,187,0.06,0.0,14.09
2026-09-02 10:29:00,29.41,75.21,266.27,149,0.165,0.0,14.09
2026-09-02 10:30:00,29.38,75.37,267.03,149,0.24,0.0,14.09
2026-09-02 10:31:00,29.34,75.32,267.41,184,0.24,0.0,14.09
2026-09-02 10:32:00,29.27,75.34,267.8,162,0.225,0.0,14.09
2026-09-02 10:33:00,29.22,75.66,273.14,162,0.285,0.0,14.09
2026-09-02 10:34:00,29.13,75.77,280.38,159,0.24,0.0,14.09
2026-09-02 10:35:00,29.07,76.0,283.05,159,0.15,0.0,14.09
2026-09-02 10:36:00,29.05,76.27,290.3,159,0.165,0.0,14.09
2026-09-02 10:37:00,29.02,76.2,305.18,159,0.3,0.0,14.09
2026-09-02 10:38:00,29.02,76.56,323.11,245,0.18,0.0,14.09
2026-09-02 10:39:00,29.06,76.43,341.42,184,0.225,0.0,14.09
2026-09-02 10:40:00,29.1,76.42,355.92,184,0.045,0.0,14.09
2026-09-02 10:41:00,29.14,76.29,376.9,184,0.135,0.0,14.09
2026-09-02 10:42:00,29.19,76.12,373.08,184,0.135,0.0,14.09
2026-09-02 10:43:00,29.24,76.06,373.85,191,0.12,0.0,14.09
2026-09-02 10:44:00,29.33,75.84,378.81,191,0.18,0.0,14.09
2026-09-02 10:45:00,29.37,75.7,394.45,105,0.165,0.0,14.09
2026-09-02 10:46:00,29.45,75.54,417.33,183,0.21,0.0,14.09
2026-09-02 10:47:00,29.53,75.15,443.27,123,0.15,0.0,14.09
2026-09-02 10:48:00,29.57,75.13,446.71,133,0.12,0.0,14.09
2026-09-02 10:49:00,29.65,74.83,445.18,135,0.045,0.0,14.09
2026-09-02 10:50:00,29.74,74.7,453.19,135,0.135,0.0,14.09
2026-09-02 10:51:00,29.77,74.34,390.63,140,0.315,0.0,14.09
2026-09-02 10:52:00,29.85,74.2,384.53,163,0.105,0.0,14.09
2026-09-02 10:53:00,29.8,73.89,377.66,163,0.285,0.0,14.09
2026-09-02 10:54:00,29.74,73.83,372.32,218,0.345,0.0,14.09
2026-09-02 10:55:00,29.75,73.82,371.18,180,0.225,0.0,14.09
2026-09-02 10:56:00,29.74,73.81,356.3,180,0.165,0.0,14.09
2026-09-02 10:57:00,29.77,73.82,344.85,145,0.285,0.0,14.09
2026-09-02 10:58:00,29.77,73.57,342.95,145,0.195,0.0,14.09
2026-09-02 10:59:00,29.77,73.64,343.33,145,0.15,0.0,14.09
2026-09-02 11:00:00,29.73,73.64,347.14,164,0.165,0.0,14.09
2026-09-02 11:01:00,29.75,73.96,357.82,164,0.03,0.0,14.09
2026-09-02 11:02:00,29.8,73.93,358.97,164,0.075,0.0,14.09
2026-09-02 11:03:00,29.77,73.6,368.12,164,0.27,0.0,14.09
2026-09-02 11:04:00,29.74,73.73,368.51,190,0.3,0.0,14.09
2026-09-02 11:05:00,29.73,73.92,386.43,220,0.465,0.0,14.09
2026-09-02 11:06:00,29.7,74.09,367.74,207,0.27,0.0,14.09
2026-09-02 11:07:00,29.67,73.96,366.98,190,0.27,0.0,14.09
2026-09-02 11:08:00,29.67,74.09,366.98,187,0.15,0.0,14.09
2026-09-02 11:09:00,29.64,74.02,368.89,168,0.21,0.0,14.09
2026-09-02 11:10:00,29.7,74.18,365.07,175,0.24,0.0,14.09
2026-09-02 11:11:00,29.75,74.1,406.27,135,0.21,0.0,14.09
2026-09-02 11:12:00,29.77,73.79,365.45,146,0.405,0.0,14.09
2026-09-02 11:13:00,29.75,73.65,370.41,156,0.45,0.0,14.09
2026-09-02 11:14:00,29.77,73.75,370.41,234,0.09,0.0,14.09
2026-09-02 11:15:00,29.8,73.38,393.68,189,0.465,0.0,14.09
2026-09-02 11:16:00,29.73,73.65,404.36,359,0.6,0.0,14.09
2026-09-02 11:17:00,29.63,73.63,536.74,163,0.435,0.0,14.09
2026-09-02 11:18:00,29.63,74.02,397.12,188,0.27,0.0,14.09
2026-09-02 11:19:00,29.6,74.06,419.62,156,0.48,0.0,14.09
2026-09-02 11:20:00,29.6,74.0,420.77,148,0.12,0.0,14.09
2026-09-02 11:21:00,29.63,74.2,432.97,153,0.315,0.0,14.09
2026-09-02 11:22:00,29.63,74.21,443.66,193,0.15,0.0,14.09
2026-09-02 11:23:00,29.67,73.76,428.02,216,0.615,0.0,14.09
2026-09-02 11:24:00,29.65,73.84,445.56,175,0.255,0.0,14.09
2026-09-02 11:25:00,29.71,73.8,404.75,181,0.21,0.0,14.09
2026-09-02 11:26:00,29.71,73.76,392.92,241,0.57,0.0,14.09
2026-09-02 11:27:00,29.75,73.56,391.39,158,0.255,0.0,14.09
2026-09-02 11:28:00,29.73,73.68,390.25,7,0.09,0.0,14.09
2026-09-02 11:29:00,29.74,73.4,400.17,183,0.36,0.0,14.09
2026-09-02 11:30:00,29.77,73.38,392.16,184,0.12,0.0,14.09
2026-09-02 11:31:00,29.78,73.2,384.15,153,0.315,0.0,14.09
2026-09-02 11:32:00,29.73,73.14,376.13,158,0.225,0.0,14.09
2026-09-02 11:33:00,29.7,73.3,376.13,233,0.21,0.0,14.09
2026-09-02 11:34:00,29.73,73.17,377.28,253,0.24,0.0,14.09
2026-09-02 11:35:00,29.8,73.19,378.42,253,0.045,0.0,14.09
2026-09-02 11:36:00,29.85,73.19,383.76,253,0.0,0.0,14.09
2026-09-02 11:37:00,29.95,72.7,391.39,77,0.405,0.0,14.09
2026-09-02 11:38:00,29.96,72.77,400.93,76,0.345,0.0,14.09
2026-09-02 11:39:00,29.99,72.99,413.52,104,0.105,0.0,14.09
2026-09-02 11:40:00,30.01,72.51,433.74,104,0.045,0.0,14.09
2026-09-02 11:41:00,29.99,72.33,444.8,104,0.15,0.0,14.09
2026-09-02 11:42:00,29.99,72.55,457.39,104,0.15,0.0,14.09
2026-09-02 11:43:00,30.09,72.47,454.34,104,0.03,0.0,14.09
2026-09-02 11:44:00,30.12,72.32,449.38,252,0.465,0.0,14.09
2026-09-02 11:45:00,30.08,72.5,426.87,253,0.345,0.0,14.09
2026-09-02 11:46:00,30.12,72.42,412.76,215,0.12,0.0,14.09
2026-09-02 11:47:00,30.15,72.49,405.51,269,0.21,0.0,14.09
2026-09-02 11:48:00,30.21,72.5,397.88,243,0.345,0.0,14.09
2026-09-02 11:49:00,30.23,72.46,395.21,155,0.375,0.0,14.09
2026-09-02 11:50:00,30.23,72.49,393.3,169,0.21,0.0,14.09
2026-09-02 11:51:00,30.28,71.71,389.87,150,0.21,0.0,14.09
2026-09-02 11:52:00,30.29,71.78,386.05,134,0.24,0.0,14.09
2026-09-02 11:53:00,30.31,71.92,383.0,194,0.27,0.0,14.09
2026-09-02 11:54:00,30.29,71.69,382.62,5,0.345,0.0,14.09
2026-09-02 11:55:00,30.31,71.67,387.96,63,0.24,0.0,14.09
2026-09-02 11:56:00,30.31,71.98,413.9,140,0.12,0.0,14.09
2026-09-02 11:57:00,30.35,71.4,401.31,105,0.54,0.0,14.09
2026-09-02 11:58:00,30.33,71.71,409.32,123,0.345,0.0,14.09
2026-09-02 11:59:00,30.36,71.64,484.09,123,0.03,0.0,14.09
2026-09-02 12:00:00,30.4,71.67,402.08,123,0.075,0.0,14.09
2026-09-02 12:01:00,30.49,71.33,392.92,91,0.105,0.0,14.09
2026-09-02 12:02:00,30.49,71.36,385.67,77,0.3,0.0,14.09
2026-09-02 12:03:00,30.45,71.36,392.16,67,0.42,0.0,14.09
2026-09-02 12:04:00,30.39,72.03,373.85,67,0.225,0.0,14.09
2026-09-02 12:05:00,30.32,71.56,357.44,151,0.3,0.0,14.09
2026-09-02 12:06:00,30.26,71.82,347.14,151,0.195,0.0,14.09
2026-09-02 12:07:00,30.22,71.96,337.99,207,0.18,0.0,14.09
2026-09-02 12:08:00,30.22,71.7,330.36,207,0.24,0.0,14.09
2026-09-02 12:09:00,30.19,71.72,326.16,207,0.06,0.0,14.09
2026-09-02 12:10:00,30.19,71.92,324.25,188,0.24,0.0,14.09
2026-09-02 12:11:00,30.15,71.84,324.64,213,0.24,0.0,14.09
2026-09-02 12:12:00,30.11,71.58,325.78,155,0.27,0.0,14.09
2026-09-02 12:13:00,30.07,71.67,329.59,166,0.225,0.0,14.09
2026-09-02 12:14:00,30.01,71.73,336.46,162,0.345,0.0,14.09
2026-09-02 12:15:00,29.98,71.81,347.91,162,0.225,0.0,14.09
2026-09-02 12:16:00,29.98,71.83,347.14,198,0.24,0.0,14.09
2026-09-02 12:17:00,29.95,72.29,345.62,198,0.09,0.0,14.09
2026-09-02 12:18:00,29.96,72.14,342.57,198,0.09,0.0,14.09
2026-09-02 12:19:00,29.98,72.05,339.51,198,0.015,0.0,14.09
2026-09-02 12:20:00,30.07,72.16,332.27,198,0.03,0.0,14.09
2026-09-02 12:21:00,30.09,72.1,323.11,198,0.09,0.0,14.09
2026-09-02 12:22:00,30.14,72.04,321.58,198,0.135,0.0,14.09
2026-09-02 12:23:00,30.11,71.45,324.64,198,0.285,0.0,14.09
2026-09-02 12:24:00,30.02,71.53,322.73,198,0.285,0.0,14.09
2026-09-02 12:25:00,30.01,71.85,320.44,143,0.09,0.0,14.09
2026-09-02 12:26:00,30.01,72.09,323.49,179,0.57,0.0,14.09
2026-09-02 12:27:00,29.95,71.75,337.61,136,0.435,0.0,14.09
2026-09-02 12:28:00,29.95,72.05,360.49,252,0.435,0.0,14.09
2026-09-02 12:29:00,29.95,71.73,379.19,266,0.54,0.0,14.09
2026-09-02 12:30:00,29.92,71.59,394.06,162,0.375,0.0,14.09
2026-09-02 12:31:00,29.95,71.64,403.98,225,0.27,0.0,14.09
2026-09-02 12:32:00,29.98,71.53,413.14,232,0.555,0.0,14.09
2026-09-02 12:33:00,30.05,71.25,419.24,302,0.585,0.0,14.09
2026-09-02 12:34:00,30.07,71.17,436.79,144,0.33,0.0,14.09
2026-09-02 12:35:00,30.08,71.33,429.16,190,0.33,0.0,14.09
2026-09-02 12:36:00,30.14,71.41,424.58,190,0.075,0.0,14.09
2026-09-02 12:37:00,30.15,70.78,434.12,134,0.3,0.0,14.09
2026-09-02 12:38:00,30.21,70.97,410.47,134,0.03,0.0,14.09
2026-09-02 12:39:00,30.26,70.86,392.92,242,0.285,0.0,14.09
2026-09-02 12:40:00,30.29,70.87,376.52,201,0.3,0.0,14.09
2026-09-02 12:41:00,30.35,70.75,343.71,201,0.015,0.0,14.09
2026-09-02 12:42:00,30.35,70.56,307.09,170,0.285,0.0,14.09
2026-09-02 12:43:00,30.35,70.36,285.34,224,0.315,0.0,14.09
2026-09-02 12:44:00,30.36,70.46,273.52,246,0.24,0.0,14.09
2026-09-02 12:45:00,30.32,70.54,268.56,186,0.21,0.0,14.09
2026-09-02 12:46:00,30.26,70.74,268.56,186,0.165,0.0,14.09
2026-09-02 12:47:00,30.22,70.77,274.66,186,0.21,0.0,14.09
2026-09-02 12:48:00,30.21,70.62,290.3,250,0.255,0.0,14.09
2026-09-02 12:49:00,30.25,70.51,308.23,316,0.36,0.0,14.09
2026-09-02 12:50:00,30.29,70.12,328.07,289,0.24,0.0,14.09
2026-09-02 12:51:00,30.31,70.03,334.17,265,0.585,0.0,14.09
2026-09-02 12:52:00,30.31,70.12,342.57,314,0.48,0.0,14.09
2026-09-02 12:53:00,30.29,70.16,354.77,359,0.495,0.0,14.09
2026-09-02 12:54:00,30.29,70.15,367.74,219,0.45,0.0,14.09
2026-09-02 12:55:00,30.32,70.21,372.32,156,0.525,0.0,14.09
2026-09-02 12:56:00,30.26,70.41,381.86,148,0.285,0.0,14.09
2026-09-02 12:57:00,30.22,70.53,401.69,151,0.24,0.0,14.09
2026-09-02 12:58:00,30.26,70.65,469.21,184,0.18,0.0,14.09
2026-09-02 12:59:00,30.35,70.49,464.64,235,0.39,0.0,14.09
2026-09-02 13:00:00,30.42,70.24,479.9,235,0.165,0.0,14.09
2026-09-02 13:01:00,30.52,70.49,478.37,235,0.165,0.0,14.09
2026-09-02 13:02:00,30.61,69.79,472.65,194,0.21,0.0,14.09
2026-09-02 13:03:00,30.66,69.65,496.3,194,0.135,0.0,14.09
2026-09-02 13:04:00,30.76,69.42,482.95,194,0.12,0.0,14.09
2026-09-02 13:05:00,30.87,68.98,452.05,236,0.36,0.0,14.09
2026-09-02 13:06:00,30.93,68.38,427.63,204,0.39,0.0,14.09
2026-09-02 13:07:00,30.95,68.14,412.38,251,0.525,0.0,14.09
2026-09-02 13:08:00,30.95,68.23,401.31,249,0.66,0.0,14.09
2026-09-02 13:09:00,30.95,68.11,394.06,359,0.315,0.0,14.09
2026-09-02 13:10:00,30.94,68.3,391.39,180,0.315,0.0,14.09
2026-09-02 13:11:00,30.95,68.27,392.54,199,0.255,0.0,14.09
2026-09-02 13:12:00,30.95,68.31,400.93,112,0.315,0.0,14.09
2026-09-02 13:13:00,30.98,68.37,399.79,203,0.09,0.0,14.09
2026-09-02 13:14:00,30.98,68.3,404.36,174,0.24,0.0,14.09
2026-09-02 13:15:00,30.98,68.32,412.38,166,0.285,0.0,14.09
2026-09-02 13:16:00,30.98,68.53,426.49,160,0.21,0.0,14.09
2026-09-02 13:17:00,30.98,68.65,429.16,160,0.42,0.0,14.09
2026-09-02 13:18:00,30.98,68.53,424.96,236,0.285,0.0,14.09
2026-09-02 13:19:00,31.01,68.79,415.05,201,0.21,0.0,14.09
2026-09-02 13:20:00,30.98,68.43,404.75,193,0.39,0.0,14.09
2026-09-02 13:21:00,30.95,68.67,388.72,278,0.36,0.0,14.09
2026-09-02 13:22:00,30.95,68.85,377.28,223,0.255,0.0,14.09
2026-09-02 13:23:00,30.89,68.27,418.86,184,0.555,0.0,14.09
2026-09-02 13:24:00,30.84,68.57,442.51,150,0.36,0.0,14.09
2026-09-02 13:25:00,30.9,68.37,419.62,154,0.18,0.0,14.09
2026-09-02 13:26:00,30.86,68.35,430.3,243,0.435,0.0,14.09
2026-09-02 13:27:00,30.87,68.42,505.46,161,0.21,0.0,14.09
2026-09-02 13:28:00,30.9,68.26,502.78,225,0.435,0.0,14.09
2026-09-02 13:29:00,30.9,68.25,674.45,192,0.48,0.0,14.09
2026-09-02 13:30:00,30.95,68.19,648.89,221,0.39,0.0,14.09
2026-09-02 13:31:00,31.03,67.62,616.85,165,0.675,0.0,14.09
2026-09-02 13:32:00,31.07,67.55,651.56,260,0.465,0.0,14.09
2026-09-02 13:33:00,31.14,67.5,673.3,154,0.72,0.0,14.09
2026-09-02 13:34:00,31.27,67.0,479.51,154,0.18,0.0,14.09
2026-09-02 13:35:00,31.3,65.96,326.92,205,0.765,0.0,14.09
2026-09-02 13:36:00,31.2,65.87,274.28,171,0.495,0.0,14.09
2026-09-02 13:37:00,31.07,65.97,252.16,144,0.645,0.0,14.09
2026-09-02 13:38:00,30.89,66.27,254.83,162,0.555,0.0,14.09
2026-09-02 13:39:00,30.76,66.58,251.77,151,0.3,0.0,14.09
2026-09-02 13:40:00,30.63,66.87,237.66,192,0.66,0.0,14.09
2026-09-02 13:41:00,30.58,67.04,233.46,235,0.285,0.0,14.09
2026-09-02 13:42:00,30.5,67.45,246.43,184,0.375,0.0,14.09
2026-09-02 13:43:00,30.43,67.66,254.44,165,0.315,0.0,14.09
2026-09-02 13:44:00,30.39,67.88,265.51,158,0.465,0.0,14.09
2026-09-02 13:45:00,30.36,67.93,275.81,159,0.48,0.0,14.09
2026-09-02 13:46:00,30.31,68.22,290.68,144,0.375,0.0,14.09
2026-09-02 13:47:00,30.23,68.26,309.38,180,0.435,0.0,14.09
2026-09-02 13:48:00,30.19,68.38,329.98,192,0.495,0.0,14.09
2026-09-02 13:49:00,30.12,68.42,357.06,187,0.42,0.0,14.09
2026-09-02 13:50:00,30.14,68.64,344.09,114,0.315,0.0,14.09
2026-09-02 13:51:00,30.14,68.89,329.21,175,0.345,0.0,14.09
2026-09-02 13:52:00,30.15,68.9,335.7,136,0.51,0.0,14.09
2026-09-02 13:53:00,30.15,68.98,368.12,105,0.63,0.0,14.09
2026-09-02 13:54:00,30.12,69.0,385.67,207,0.45,0.0,14.09
2026-09-02 13:55:00,30.15,68.59,406.27,179,0.465,0.0,14.09
2026-09-02 13:56:00,30.21,68.16,439.46,198,0.495,0.0,14.09
2026-09-02 13:57:00,30.23,68.05,445.56,179,0.48,0.0,14.09
2026-09-02 13:58:00,30.33,67.93,412.76,162,0.12,0.0,14.09
2026-09-02 13:59:00,30.33,67.25,396.73,176,0.675,0.0,14.09
2026-09-02 14:00:00,30.33,66.67,392.54,120,0.825,0.0,14.09
2026-09-02 14:01:00,30.33,67.37,392.92,120,0.165,0.0,14.09
2026-09-02 14:02:00,30.4,67.32,386.43,161,0.15,0.0,14.09
2026-09-02 14:03:00,30.43,67.11,365.07,210,0.33,0.0,14.09
2026-09-02 14:04:00,30.43,67.02,341.04,162,0.435,0.0,14.09
2026-09-02 14:05:00,30.45,67.24,328.83,256,0.39,0.0,14.09
2026-09-02 14:06:00,30.46,67.16,312.43,167,0.45,0.0,14.09
2026-09-02 14:07:00,30.43,67.52,283.05,219,0.435,0.0,14.09
2026-09-02 14:08:00,30.42,67.66,262.46,219,0.585,0.0,14.09
2026-09-02 14:09:00,30.36,67.85,253.68,131,0.435,0.0,14.09
2026-09-02 14:10:00,30.31,67.93,253.3,320,0.465,0.0,14.09
2026-09-02 14:11:00,30.31,68.1,254.83,202,0.63,0.0,14.09
2026-09-02 14:12:00,30.29,68.25,254.06,215,0.225,0.0,14.09
2026-09-02 14:13:00,30.22,68.33,247.2,229,0.48,0.0,14.09
2026-09-02 14:14:00,30.19,68.11,233.08,170,0.27,0.0,14.09
2026-09-02 14:15:00,30.15,68.11,208.29,195,0.225,0.0,14.09
2026-09-02 14:16:00,30.04,68.17,187.3,162,0.525,0.0,14.09
2026-09-02 14:17:00,30.02,68.76,177.0,162,0.15,0.0,14.09
2026-09-02 14:18:00,29.98,69.02,176.24,162,0.18,0.0,14.09
2026-09-02 14:19:00,29.96,68.92,185.02,195,0.195,0.0,14.09
2026-09-02 14:20:00,29.96,69.24,196.08,157,0.315,0.0,14.09
2026-09-02 14:21:00,29.95,69.04,202.56,192,0.21,0.0,14.09
2026-09-02 14:22:00,29.94,69.13,211.72,171,0.21,0.0,14.09
2026-09-02 14:23:00,29.87,69.22,221.26,171,0.315,0.0,14.09
2026-09-02 14:24:00,29.87,69.28,230.41,171,0.24,0.0,14.09
2026-09-02 14:25:00,29.87,69.36,241.86,171,0.18,0.0,14.09
2026-09-02 14:26:00,29.87,69.36,255.21,158,0.3,0.0,14.09
2026-09-02 14:27:00,29.85,69.02,281.15,228,0.54,0.0,14.09
2026-09-02 14:28:00,29.84,68.55,317.39,16,0.555,0.0,14.09
2026-09-02 14:29:00,29.78,68.7,350.96,148,0.435,0.0,14.09
2026-09-02 14:30:00,29.8,69.05,364.69,171,0.39,0.0,14.09
2026-09-02 14:31:00,29.8,68.42,367.36,230,0.495,0.0,14.09
2026-09-02 14:32:00,29.81,68.53,384.53,200,0.48,0.0,14.09
2026-09-02 14:33:00,29.8,68.28,383.38,173,0.615,0.0,14.09
2026-09-02 14:34:00,29.77,68.46,379.57,142,0.585,0.0,14.09
2026-09-02 14:35:00,29.74,68.79,401.31,223,0.57,0.0,14.09
2026-09-02 14:36:00,29.75,69.13,413.14,211,0.51,0.0,14.09
2026-09-02 14:37:00,29.78,68.77,428.78,194,0.555,0.0,14.09
2026-09-02 14:38:00,29.83,68.85,449.38,144,0.375,0.0,14.09
2026-09-02 14:39:00,29.87,68.36,392.16,166,0.69,0.0,14.09
2026-09-02 14:40:00,29.92,68.06,391.01,173,0.57,0.0,14.09
2026-09-02 14:41:00,29.94,68.44,384.53,169,0.345,0.0,14.09
2026-09-02 14:42:00,29.99,67.99,353.63,169,0.255,0.0,14.09
2026-09-02 14:43:00,30.08,67.95,347.52,138,0.39,0.0,14.09
2026-09-02 14:44:00,30.11,67.79,346.0,171,0.48,0.0,14.09
2026-09-02 14:45:00,30.11,67.9,318.91,198,0.48,0.0,14.09
2026-09-02 14:46:00,30.15,67.79,306.71,336,0.405,0.0,14.09
2026-09-02 14:47:00,30.18,67.73,337.61,169,0.345,0.0,14.09
2026-09-02 14:48:00,30.18,67.6,295.26,252,0.465,0.0,14.09
2026-09-02 14:49:00,30.16,67.7,286.11,57,0.48,0.0,14.09
2026-09-02 14:50:00,30.11,67.84,280.0,173,0.3,0.0,14.09
2026-09-02 14:51:00,30.04,67.77,271.61,185,0.36,0.0,14.09
2026-09-02 14:52:00,29.99,68.05,261.69,212,0.585,0.0,14.09
2026-09-02 14:53:00,29.96,68.21,255.21,165,0.285,0.0,14.09
2026-09-02 14:54:00,29.92,68.31,249.49,171,0.18,0.0,14.09
2026-09-02 14:55:00,29.91,68.5,243.38,213,0.165,0.0,14.09
2026-09-02 14:56:00,29.89,68.54,236.51,170,0.255,0.0,14.09
2026-09-02 14:57:00,29.88,68.8,232.32,183,0.18,0.0,14.09
2026-09-02 14:58:00,29.84,68.37,232.7,104,1.23,0.0,14.09
2026-09-02 14:59:00,29.8,68.68,234.61,200,0.435,0.0,14.09
2026-09-02 15:00:00,29.68,68.44,236.9,150,0.45,0.0,14.09
2026-09-02 15:01:00,29.63,68.42,236.13,181,0.525,0.0,14.09
2026-09-02 15:02:00,29.58,68.69,236.13,135,0.285,0.0,14.09
2026-09-02 15:03:00,29.57,68.75,232.32,273,0.57,0.0,14.09
2026-09-02 15:04:00,29.6,68.74,236.13,198,0.165,0.0,14.09
2026-09-02 15:05:00,29.63,68.85,239.57,191,0.195,0.0,14.09
2026-09-02 15:06:00,29.64,68.66,235.37,184,0.435,0.0,14.09
2026-09-02 15:07:00,29.65,68.76,230.03,184,0.135,0.0,14.09
2026-09-02 15:08:00,29.6,68.76,225.07,184,0.165,0.0,14.09
2026-09-02 15:09:00,29.61,68.97,225.07,184,0.21,0.0,14.09
2026-09-02 15:10:00,29.6,69.31,215.92,180,0.195,0.0,14.09
2026-09-02 15:11:00,29.61,69.11,206.76,198,0.225,0.0,14.09
2026-09-02 15:12:00,29.58,68.96,200.27,114,0.42,0.0,14.09
2026-09-02 15:13:00,29.48,68.8,191.88,173,0.675,0.0,14.09
2026-09-02 15:14:00,29.37,69.01,184.63,174,0.345,0.0,14.09
2026-09-02 15:15:00,29.32,69.71,178.53,186,0.27,0.0,14.09
2026-09-02 15:16:00,29.29,69.7,173.95,186,0.06,0.0,14.09
2026-09-02 15:17:00,29.3,70.07,169.76,170,0.18,0.0,14.09
2026-09-02 15:18:00,29.29,70.17,166.7,170,0.165,0.0,14.09
2026-09-02 15:19:00,29.24,69.8,163.27,161,0.45,0.0,14.09
2026-09-02 15:20:00,29.23,70.17,159.08,122,0.3,0.0,14.09
2026-09-02 15:21:00,29.17,70.29,154.88,209,0.21,0.0,14.09
2026-09-02 15:22:00,29.13,70.52,150.68,59,0.3,0.0,14.09
2026-09-02 15:23:00,29.06,70.7,147.25,83,0.84,0.0,14.09
2026-09-02 15:24:00,28.96,71.37,144.58,56,0.66,0.0,14.09
2026-09-02 15:25:00,28.89,71.43,143.05,132,0.6,0.0,14.09
2026-09-02 15:26:00,28.82,71.61,141.91,124,0.315,0.0,14.09
2026-09-02 15:27:00,28.72,70.65,141.15,3,0.99,0.0,14.09
2026-09-02 15:28:00,28.68,70.77,141.15,112,0.705,0.0,14.09
2026-09-02 15:29:00,28.58,70.84,141.53,254,0.495,0.0,14.09
2026-09-02 15:30:00,28.52,70.93,142.29,202,0.345,0.0,14.09
2026-09-02 15:31:00,28.49,70.73,144.2,283,0.63,0.0,14.09
2026-09-02 15:32:00,28.48,70.64,145.34,192,0.39,0.0,14.09
2026-09-02 15:33:00,28.48,70.75,144.96,171,0.42,0.0,14.09
2026-09-02 15:34:00,28.49,70.75,144.96,171,0.18,0.0,14.09
2026-09-02 15:35:00,28.51,70.92,144.58,220,0.225,0.0,14.09
2026-09-02 15:36:00,28.52,71.09,144.58,212,0.03,0.0,14.09
2026-09-02 15:37:00,28.54,70.94,143.05,212,0.135,0.0,14.09
2026-09-02 15:38:00,28.56,70.81,141.53,208,0.36,0.0,14.09
2026-09-02 15:39:00,28.55,70.69,138.86,93,0.315,0.0,14.09
2026-09-02 15:40:00,28.54,70.93,137.33,202,0.21,0.0,14.09
2026-09-02 15:41:00,28.51,70.96,136.57,161,0.24,0.0,14.09
2026-09-02 15:42:00,28.51,70.99,137.71,161,0.165,0.0,14.09
2026-09-02 15:43:00,28.54,71.2,140.38,161,0.075,0.0,14.09
2026-09-02 15:44:00,28.54,71.38,143.82,114,0.18,0.0,14.09
2026-09-02 15:45:00,28.56,71.58,146.87,114,0.045,0.0,14.09
2026-09-02 15:46:00,28.58,71.46,151.45,113,0.165,0.0,14.09
2026-09-02 15:47:00,28.55,71.7,156.02,176,0.315,0.0,14.09
2026-09-02 15:48:00,28.58,71.72,159.46,55,0.345,0.0,14.09
2026-09-02 15:49:00,28.58,71.71,161.75,78,0.105,0.0,14.09
2026-09-02 15:50:00,28.61,71.99,163.27,96,0.09,0.0,14.09
2026-09-02 15:51:00,28.64,71.84,161.75,173,0.105,0.0,14.09
2026-09-02 15:52:00,28.68,71.75,157.93,173,0.0,0.0,14.09
2026-09-02 15:53:00,28.68,71.62,152.97,209,0.285,0.0,14.09
2026-09-02 15:54:00,28.69,71.79,147.63,56,0.225,0.0,14.09
2026-09-02 15:55:00,28.68,71.81,143.82,218,0.345,0.0,14.09
2026-09-02 15:56:00,28.69,71.93,141.15,198,0.225,0.0,14.09
2026-09-02 15:57:00,28.65,72.13,138.09,163,0.225,0.0,14.09
2026-09-02 15:58:00,28.64,72.36,139.62,170,0.135,0.0,14.09
2026-09-02 15:59:00,28.64,72.53,143.05,180,0.3,0.0,14.09
2026-09-02 16:00:00,28.62,72.43,146.87,224,0.81,0.0,14.09
2026-09-02 16:01:00,28.55,72.83,150.3,106,0.465,0.0,14.09
2026-09-02 16:02:00,28.51,72.99,151.06,214,0.435,0.0,14.09
2026-09-02 16:03:00,28.48,73.26,147.25,214,0.255,0.0,14.09
2026-09-02 16:04:00,28.45,73.37,139.62,166,0.39,0.0,14.09
2026-09-02 16:05:00,28.46,73.45,130.46,198,0.24,0.0,14.09
2026-09-02 16:06:00,28.45,73.42,123.22,194,0.21,0.0,14.09
2026-09-02 16:07:00,28.51,73.43,120.93,189,0.12,0.0,14.09
2026-09-02 16:08:00,28.45,73.45,123.6,161,0.435,0.0,14.09
2026-09-02 16:09:00,28.35,73.98,130.08,172,0.72,0.0,14.09
2026-09-02 16:10:00,28.25,74.56,136.57,204,0.765,0.0,14.09
2026-09-02 16:11:00,28.15,75.15,138.86,175,0.465,0.0,14.09
2026-09-02 16:12:00,28.1,75.51,132.37,214,0.735,0.0,14.09
2026-09-02 16:13:00,27.98,76.03,125.89,213,0.765,0.0,14.09
2026-09-02 16:14:00,27.86,76.48,122.45,209,0.9,0.0,14.09
2026-09-02 16:15:00,27.76,76.74,120.55,150,0.915,0.0,14.09
2026-09-02 16:16:00,27.66,76.93,121.31,156,0.645,0.0,14.09
2026-09-02 16:17:00,27.59,77.24,119.02,172,0.495,0.0,14.09
2026-09-02 16:18:00,27.53,77.55,115.59,156,0.615,0.0,14.09
2026-09-02 16:19:00,27.47,77.73,110.63,152,0.6,0.0,14.09
2026-09-02 16:20:00,27.46,77.87,107.19,128,0.39,0.0,14.09
2026-09-02 16:21:00,27.37,78.24,102.62,193,0.855,0.0,14.09
2026-09-02 16:22:00,27.35,78.58,99.57,198,0.225,0.0,14.09
2026-09-02 16:23:00,27.33,78.75,96.89,174,0.375,0.0,14.09
2026-09-02 16:24:00,27.25,78.7,96.89,184,0.51,0.0,14.09
2026-09-02 16:25:00,27.26,78.74,97.66,184,0.105,0.0,14.09
2026-09-02 16:26:00,27.24,78.87,97.28,225,0.195,0.0,14.09
2026-09-02 16:27:00,27.22,78.38,96.13,309,0.555,0.0,14.09
2026-09-02 16:28:00,27.22,78.22,94.61,188,0.435,0.0,14.09
2026-09-02 16:29:00,27.21,77.9,91.17,146,0.45,0.0,14.09
2026-09-02 16:30:00,27.21,77.83,86.21,110,0.51,0.0,14.09
2026-09-02 16:31:00,27.22,77.74,80.11,110,0.015,0.0,13.83
2026-09-02 16:32:00,27.25,77.56,73.24,110,0.015,0.0,13.83
2026-09-02 16:33:00,27.28,77.41,68.28,134,0.06,0.0,13.79
2026-09-02 16:34:00,27.3,77.31,64.47,111,0.09,0.0,13.79
2026-09-02 16:35:00,27.29,77.26,64.85,75,0.21,0.0,13.79
2026-09-02 16:36:00,27.32,77.2,66.0,79,0.375,0.0,13.79
2026-09-02 16:37:00,27.32,77.2,69.81,146,0.255,0.0,13.83
2026-09-02 16:38:00,27.33,77.16,74.77,186,0.27,0.0,13.79
2026-09-02 16:39:00,27.36,77.21,80.49,186,0.015,0.0,13.83
2026-09-02 16:40:00,27.42,77.33,86.21,190,0.135,0.0,13.83
2026-09-02 16:41:00,27.39,77.18,91.17,190,0.075,0.0,13.91
2026-09-02 16:42:00,27.42,77.35,95.75,175,0.18,0.0,14.09
2026-09-02 16:43:00,27.46,77.49,99.18,175,0.15,0.0,14.09
2026-09-02 16:44:00,27.47,77.52,101.47,175,0.015,0.0,14.09
2026-09-02 16:45:00,27.5,77.42,102.24,175,0.0,0.0,14.09
2026-09-02 16:46:00,27.52,77.06,103.0,144,0.045,0.0,14.09
2026-09-02 16:47:00,27.5,77.08,101.85,144,0.15,0.0,14.09
2026-09-02 16:48:00,27.5,77.07,100.33,144,0.075,0.0,14.09
2026-09-02 16:49:00,27.5,77.22,98.04,144,0.075,0.0,14.09
2026-09-02 16:50:00,27.52,77.37,96.51,144,0.075,0.0,14.09
2026-09-02 16:51:00,27.49,77.37,96.13,144,0.075,0.0,14.09
2026-09-02 16:52:00,27.49,77.46,96.13,144,0.015,0.0,14.09
2026-09-02 16:53:00,27.53,77.46,96.51,144,0.045,0.0,14.09
2026-09-02 16:54:00,27.52,77.52,97.28,144,0.045,0.0,13.91
2026-09-02 16:55:00,27.54,77.4,97.66,144,0.195,0.0,14.09
2026-09-02 16:56:00,27.54,77.0,98.04,144,0.045,0.0,14.09
2026-09-02 16:57:00,27.56,76.88,97.66,144,0.0,0.0,14.09
2026-09-02 16:58:00,27.6,76.85,96.13,144,0.0,0.0,14.09
2026-09-02 16:59:00,27.6,76.47,93.46,144,0.045,0.0,13.91
2026-09-02 17:00:00,27.6,76.59,90.41,144,0.015,0.0,13.91
2026-09-02 17:01:00,27.6,76.55,89.65,144,0.015,0.0,13.83
2026-09-02 17:02:00,27.62,75.98,91.94,144,0.135,0.0,13.83
2026-09-02 17:03:00,27.6,75.77,94.61,144,0.075,0.0,13.83
2026-09-02 17:04:00,27.6,75.9,96.89,144,0.105,0.0,13.83
2026-09-02 17:05:00,27.62,75.82,97.66,88,0.195,0.0,13.83
2026-09-02 17:06:00,27.62,75.69,97.66,78,0.45,0.0,13.83
2026-09-02 17:07:00,27.56,75.54,97.28,78,0.51,0.0,13.83
2026-09-02 17:08:00,27.53,75.43,96.89,78,0.255,0.0,13.83
2026-09-02 17:09:00,27.5,75.67,95.37,89,0.555,0.0,13.83
2026-09-02 17:10:00,27.46,76.14,93.08,41,0.57,0.0,13.79
2026-09-02 17:11:00,27.43,76.45,90.03,42,0.24,0.0,13.79
2026-09-02 17:12:00,27.39,76.69,86.59,42,0.51,0.0,13.79
2026-09-02 17:13:00,27.36,76.99,82.4,47,0.27,0.0,13.79
2026-09-02 17:14:00,27.32,76.79,78.2,50,0.525,0.0,13.79
2026-09-02 17:15:00,27.28,76.96,75.15,70,0.765,0.0,13.79
2026-09-02 17:16:00,27.25,77.22,73.62,80,0.48,0.0,13.79
2026-09-02 17:17:00,27.25,77.38,73.62,86,0.375,0.0,13.79
2026-09-02 17:18:00,27.22,77.26,73.24,86,0.285,0.0,13.79
2026-09-02 17:19:00,27.25,77.37,73.24,80,0.33,0.0,13.79
2026-09-02 17:20:00,27.26,77.36,72.1,84,0.15,0.0,13.79
2026-09-02 17:21:00,27.26,77.32,70.95,24,0.54,0.0,13.79
2026-09-02 17:22:00,27.25,77.33,69.05,92,0.33,0.0,13.79
2026-09-02 17:23:00,27.25,77.3,68.28,51,0.585,0.0,13.79
2026-09-02 17:24:00,27.22,77.25,67.9,57,0.315,0.0,13.79
2026-09-02 17:25:00,27.22,77.38,67.9,56,0.345,0.0,13.79
2026-09-02 17:26:00,27.22,77.42,67.9,54,0.63,0.0,13.79
2026-09-02 17:27:00,27.22,77.48,68.67,324,0.09,0.0,13.79
2026-09-02 17:28:00,27.24,77.18,69.43,59,0.36,0.0,13.79
2026-09-02 17:29:00,27.21,77.24,70.19,83,0.42,0.0,13.79
2026-09-02 17:30:00,27.24,77.3,70.57,88,0.345,0.0,13.79
2026-09-02 17:31:00,27.25,77.36,70.19,88,0.015,0.0,13.79
2026-09-02 17:32:00,27.26,77.25,69.05,88,0.015,0.0,13.79
2026-09-02 17:33:00,27.28,77.13,67.9,78,0.63,0.0,13.79
2026-09-02 17:34:00,27.24,77.14,66.76,70,1.035,0.0,13.79
2026-09-02 17:35:00,27.19,77.34,65.23,104,0.84,0.0,13.79
2026-09-02 17:36:00,27.15,77.56,63.71,133,0.765,0.0,13.79
2026-09-02 17:37:00,27.12,77.71,62.18,61,0.48,0.0,13.79
2026-09-02 17:38:00,27.09,77.81,60.27,60,0.75,0.0,13.64
2026-09-02 17:39:00,27.05,78.13,58.37,95,0.825,0.0,13.61
2026-09-02 17:40:00,26.99,78.25,56.46,38,1.065,0.0,13.61
2026-09-02 17:41:00,26.96,78.64,55.31,28,0.765,0.0,13.53
2026-09-02 17:42:00,26.95,78.74,54.17,31,0.24,0.0,13.53
2026-09-02 17:43:00,26.92,79.0,54.17,82,0.99,0.0,13.53
2026-09-02 17:44:00,26.89,79.13,53.41,66,0.885,0.0,13.53
2026-09-02 17:45:00,26.88,79.3,53.41,119,0.675,0.0,13.53
2026-09-02 17:46:00,26.85,79.52,53.03,88,0.435,0.0,13.46
2026-09-02 17:47:00,26.81,79.8,53.03,93,0.42,0.0,13.46
2026-09-02 17:48:00,26.82,79.89,52.64,102,0.33,0.0,13.46
2026-09-02 17:49:00,26.79,79.93,51.88,121,0.675,0.0,13.46
2026-09-02 17:50:00,26.75,79.95,50.74,59,0.855,0.0,13.46
2026-09-02 17:51:00,26.75,80.07,50.35,34,0.78,0.0,13.46
2026-09-02 17:52:00,26.74,80.08,49.59,94,0.33,0.0,13.46
2026-09-02 17:53:00,26.74,80.04,48.83,90,0.375,0.0,13.46
2026-09-02 17:54:00,26.77,80.21,48.45,90,0.21,0.0,13.46
2026-09-02 17:55:00,26.81,80.2,48.07,90,0.03,0.0,13.46
2026-09-02 17:56:00,26.79,79.98,47.3,70,0.375,0.0,13.16
2026-09-02 17:57:00,26.78,79.97,46.92,58,0.615,0.0,13.16
2026-09-02 17:58:00,26.79,80.06,45.78,80,0.3,0.0,13.16
2026-09-02 17:59:00,26.81,80.24,45.4,80,0.075,0.0,13.16
2026-09-02 18:00:00,26.81,80.23,43.87,58,0.405,0.0,13.16
2026-09-02 18:01:00,26.81,80.31,43.11,48,0.375,0.0,13.16
2026-09-02 18:02:00,26.82,80.36,41.58,63,0.075,0.0,13.16
2026-09-02 18:03:00,26.78,80.22,40.05,75,0.225,0.0,13.16
2026-09-02 18:04:00,26.75,80.21,39.29,75,0.24,0.0,13.16
2026-09-02 18:05:00,26.71,80.34,38.53,75,0.15,0.0,13.16
2026-09-02 18:06:00,26.68,80.41,37.38,75,0.345,0.0,13.16
2026-09-02 18:07:00,26.67,80.54,36.62,81,0.405,0.0,13.16
2026-09-02 18:08:00,26.65,80.67,35.86,81,0.15,0.0,13.16
2026-09-02 18:09:00,26.64,80.71,34.71,81,0.105,0.0,13.16
2026-09-02 18:10:00,26.61,80.79,33.95,54,0.48,0.0,13.16
2026-09-02 18:11:00,26.58,80.82,32.43,76,0.45,0.0,13.16
2026-09-02 18:12:00,26.57,80.92,31.66,86,0.45,0.0,13.16
2026-09-02 18:13:00,26.55,80.98,30.52,93,0.255,0.0,13.16
2026-09-02 18:14:00,26.54,81.07,29.37,93,0.0,0.0,13.16
2026-09-02 18:15:00,26.52,81.01,28.61,80,0.585,0.0,13.16
2026-09-02 18:16:00,26.51,81.03,27.47,79,0.255,0.0,13.16
2026-09-02 18:17:00,26.5,80.91,26.32,81,0.75,0.0,13.16
2026-09-02 18:18:00,26.5,81.05,25.18,75,0.39,0.0,13.16
2026-09-02 18:19:00,26.48,81.14,23.65,81,0.36,0.0,13.16
2026-09-02 18:20:00,26.47,81.17,22.51,102,0.45,0.0,13.16
2026-09-02 18:21:00,26.48,81.17,21.36,104,0.435,0.0,13.16
2026-09-02 18:22:00,26.5,81.24,20.22,104,0.135,0.0,13.16
2026-09-02 18:23:00,26.48,81.25,19.07,86,0.51,0.0,13.16
2026-09-02 18:24:00,26.46,81.34,18.31,86,0.015,0.0,13.16
2026-09-02 18:25:00,26.48,81.47,17.17,86,0.015,0.0,13.16
2026-09-02 18:26:00,26.5,81.46,16.4,86,0.0,0.0,13.16
2026-09-02 18:27:00,26.5,81.36,15.64,86,0.0,0.0,13.16
2026-09-02 18:28:00,26.51,81.28,14.11,86,0.045,0.0,13.12
2026-09-02 18:29:00,26.5,81.29,13.35,86,0.0,0.0,13.12
2026-09-02 18:30:00,26.5,81.26,12.59,86,0.0,0.0,13.12
2026-09-02 18:31:00,26.51,81.24,11.83,86,0.015,0.0,13.08
2026-09-02 18:32:00,26.51,81.25,10.68,86,0.015,0.0,13.08
2026-09-02 18:33:00,26.51,80.87,9.92,86,0.03,0.0,13.08
2026-09-02 18:34:00,26.48,80.6,9.54,86,0.0,0.0,13.08
2026-09-02 18:35:00,26.5,80.63,9.16,86,0.0,0.0,13.08
2026-09-02 18:36:00,26.5,80.72,8.01,86,0.0,0.0,13.04
2026-09-02 18:37:00,26.48,80.74,8.01,86,0.0,0.0,13.04
2026-09-02 18:38:00,26.47,80.83,7.63,86,0.0,0.0,13.04
2026-09-02 18:39:00,26.5,80.68,7.25,86,0.0,0.0,13.04
2026-09-02 18:40:00,26.52,80.47,6.49,86,0.0,0.0,13.04
2026-09-02 18:41:00,26.51,80.4,6.1,86,0.0,0.0,13.04
2026-09-02 18:42:00,26.51,80.33,6.1,86,0.03,0.0,13.04
2026-09-02 18:43:00,26.52,80.25,5.34,86,0.0,0.0,13.04
2026-09-02 18:44:00,26.54,80.25,4.58,86,0.0,0.0,13.04
2026-09-02 18:45:00,26.54,80.23,4.2,86,0.0,0.0,13.04
2026-09-02 18:46:00,26.57,80.33,3.05,86,0.03,0.0,13.04
2026-09-02 18:47:00,26.57,80.28,2.67,86,0.0,0.0,13.04
2026-09-02 18:48:00,26.55,80.25,2.29,86,0.0,0.0,13.04
2026-09-02 18:49:00,26.57,80.14,1.91,86,0.015,0.0,13.04
2026-09-02 18:50:00,26.55,80.14,1.91,86,0.015,0.0,13.04
2026-09-02 18:51:00,26.55,80.16,1.53,86,0.015,0.0,13.04
2026-09-02 18:52:00,26.54,80.1,1.53,86,0.0,0.0,13.04
2026-09-02 18:53:00,26.6,80.12,1.53,86,0.015,0.0,13.04
2026-09-02 18:54:00,26.6,79.96,1.14,86,0.03,0.0,13.04
2026-09-02 18:55:00,26.57,79.86,1.14,86,0.0,0.0,13.04
2026-09-02 18:56:00,26.6,79.91,0.76,86,0.0,0.0,13.04
2026-09-02 18:57:00,26.61,79.92,1.14,86,0.03,0.0,13.04
2026-09-02 18:58:00,26.63,80.05,1.14,86,0.015,0.0,13.04
2026-09-02 18:59:00,26.64,80.18,1.14,86,0.03,0.0,13.04
2026-09-02 19:00:00,26.65,80.27,1.14,86,0.0,0.0,13.04
2026-09-02 19:01:00,26.64,80.3,0.0,86,0.0,0.0,13.04
2026-09-02 19:02:00,26.63,80.29,0.76,86,0.0,0.0,13.04
2026-09-02 19:03:00,26.61,80.29,0.0,86,0.03,0.0,13.04
2026-09-02 19:04:00,26.61,80.26,0.76,86,0.015,0.0,13.04
2026-09-02 19:05:00,26.57,80.07,0.76,86,0.0,0.0,13.04
2026-09-02 19:06:00,26.58,79.88,0.76,86,0.09,0.0,13.04
2026-09-02 19:07:00,26.58,79.65,0.76,86,0.045,0.0,13.04
2026-09-02 19:08:00,26.58,79.56,0.0,86,0.015,0.0,13.04
2026-09-02 19:09:00,26.64,79.45,0.0,86,0.0,0.0,13.04
2026-09-02 19:10:00,26.65,79.39,0.0,86,0.015,0.0,13.04
2026-09-02 19:11:00,26.68,79.36,0.0,86,0.0,0.0,13.04
2026-09-02 19:12:00,26.71,79.3,0.0,86,0.075,0.0,13.04
2026-09-02 19:13:00,26.73,79.22,0.0,86,0.045,0.0,13.04
2026-09-02 19:14:00,26.7,79.13,0.0,86,0.0,0.0,13.04
2026-09-02 19:15:00,26.7,79.19,0.0,86,0.0,0.0,13.04
2026-09-02 19:16:00,26.68,79.15,0.0,86,0.03,0.0,13.04
2026-09-02 19:17:00,26.7,79.11,0.0,86,0.03,0.0,13.04
2026-09-02 19:18:00,26.65,79.17,0.0,86,0.0,0.0,13.04
2026-09-02 19:19:00,26.67,79.22,0.0,86,0.0,0.0,13.04
2026-09-02 19:20:00,26.63,79.28,0.0,86,0.0,0.0,13.04
2026-09-02 19:21:00,26.64,79.4,0.0,86,0.0,0.0,13.04
2026-09-02 19:22:00,26.65,79.54,0.0,86,0.015,0.0,13.04
2026-09-02 19:23:00,26.64,79.63,0.0,86,0.0,0.0,13.04
2026-09-02 19:24:00,26.6,79.62,0.0,86,0.0,0.0,13.04
2026-09-02 19:25:00,26.64,79.78,0.0,86,0.0,0.0,13.04
2026-09-02 19:26:00,26.64,79.83,0.0,86,0.015,0.0,13.04
2026-09-02 19:27:00,26.61,79.84,0.0,86,0.0,0.0,13.04
2026-09-02 19:28:00,26.61,79.88,0.0,86,0.03,0.0,13.04
2026-09-02 19:29:00,26.58,79.87,0.0,86,0.03,0.0,13.04
2026-09-02 19:30:00,26.55,79.81,0.0,86,0.09,0.0,13.04
2026-09-02 19:31:00,26.54,79.87,0.0,86,0.0,0.0,13.04
2026-09-02 19:32:00,26.52,79.98,0.0,86,0.06,0.0,13.04
2026-09-02 19:33:00,26.51,80.04,0.0,86,0.015,0.0,13.04
2026-09-02 19:34:00,26.52,80.07,0.0,86,0.0,0.0,13.04
2026-09-02 19:35:00,26.52,80.18,0.0,86,0.0,0.0,13.04
2026-09-02 19:36:00,26.5,80.2,0.0,86,0.015,0.0,13.04
2026-09-02 19:37:00,26.48,80.29,0.0,86,0.0,0.0,13.04
2026-09-02 19:38:00,26.47,80.33,0.0,86,0.0,0.0,13.04
2026-09-02 19:39:00,26.47,80.49,0.0,86,0.0,0.0,13.04
2026-09-02 19:40:00,26.46,80.61,0.0,86,0.0,0.0,13.04
2026-09-02 19:41:00,26.44,80.76,0.0,86,0.015,0.0,13.04
2026-09-02 19:42:00,26.43,80.71,0.0,86,0.18,0.0,13.04
2026-09-02 19:43:00,26.38,80.79,0.0,86,0.0,0.0,13.04
2026-09-02 19:44:00,26.34,80.75,0.0,86,0.0,0.0,13.04
2026-09-02 19:45:00,26.34,80.78,0.0,86,0.03,0.0,13.04
2026-09-02 19:46:00,26.28,80.73,0.0,86,0.12,0.0,13.04
2026-09-02 19:47:00,26.27,80.79,0.0,86,0.015,0.0,13.04
2026-09-02 19:48:00,26.26,80.87,0.0,86,0.135,0.0,13.04
2026-09-02 19:49:00,26.23,81.02,0.0,86,0.075,0.0,13.04
2026-09-02 19:50:00,26.24,81.09,0.0,86,0.075,0.0,13.04
2026-09-02 19:51:00,26.23,81.12,0.0,86,0.045,0.0,13.04
2026-09-02 19:52:00,26.2,81.14,0.0,86,0.015,0.0,13.04
2026-09-02 19:53:00,26.23,81.16,0.0,86,0.0,0.0,13.04
2026-09-02 19:54:00,26.23,81.17,0.0,86,0.105,0.0,13.04
2026-09-02 19:55:00,26.21,81.1,0.0,86,0.345,0.0,13.04
2026-09-02 19:56:00,26.19,81.04,0.0,86,0.42,0.0,13.04
2026-09-02 19:57:00,26.19,81.08,0.0,86,0.51,0.0,13.04
2026-09-02 19:58:00,26.15,81.12,0.0,86,0.3,0.0,13.04
2026-09-02 19:59:00,26.17,81.03,0.0,73,0.54,0.0,13.04
2026-09-02 20:00:00,26.17,81.01,0.0,73,0.3,0.0,13.04
2026-09-02 20:01:00,26.16,81.05,0.0,73,0.465,0.0,13.04
2026-09-02 20:02:00,26.15,81.07,0.0,73,0.285,0.0,13.04
2026-09-02 20:03:00,26.16,81.19,0.0,79,0.135,0.0,13.04
2026-09-02 20:04:00,26.12,81.21,0.0,79,0.24,0.0,13.04
2026-09-02 20:05:00,26.1,81.23,0.0,86,0.345,0.0,13.04
2026-09-02 20:06:00,26.1,81.34,0.0,75,0.375,0.0,13.04
2026-09-02 20:07:00,26.04,81.64,0.0,102,0.375,0.0,13.04
2026-09-02 20:08:00,25.99,81.82,0.0,58,0.555,0.0,13.04
2026-09-02 20:09:00,25.92,82.09,0.0,93,0.465,0.0,13.04
2026-09-02 20:10:00,25.9,82.34,0.0,104,0.72,0.0,13.04
2026-09-02 20:11:00,25.86,82.52,0.0,96,0.135,0.0,13.04
2026-09-02 20:12:00,25.85,82.66,0.0,96,0.015,0.0,13.04
2026-09-02 20:13:00,25.83,82.79,0.0,96,0.21,0.0,13.04
2026-09-02 20:14:00,25.82,82.96,0.0,96,0.285,0.0,13.04
2026-09-02 20:15:00,25.78,83.07,0.0,96,0.06,0.0,13.04
2026-09-02 20:16:00,25.79,83.21,0.0,96,0.075,0.0,13.04
2026-09-02 20:17:00,25.75,83.36,0.0,85,0.255,0.0,13.04
2026-09-02 20:18:00,25.75,83.48,0.0,51,0.51,0.0,13.04
2026-09-02 20:19:00,25.72,83.57,0.0,80,0.285,0.0,13.04
2026-09-02 20:20:00,25.7,83.76,0.0,81,0.225,0.0,13.04
2026-09-02 20:21:00,25.69,83.79,0.0,60,0.255,0.0,13.04
2026-09-02 20:22:00,25.7,83.91,0.0,58,0.405,0.0,13.04
2026-09-02 20:23:00,25.69,83.96,0.0,42,0.285,0.0,13.04
2026-09-02 20:24:00,25.66,84.03,0.0,359,0.255,0.0,13.04
2026-09-02 20:25:00,25.66,84.06,0.0,2,0.09,0.0,13.04
2026-09-02 20:26:00,25.68,84.07,0.0,256,0.225,0.0,13.04
2026-09-02 20:27:00,25.7,84.09,0.0,182,0.18,0.0,13.04
2026-09-02 20:28:00,25.73,84.08,0.0,181,0.15,0.0,13.04
2026-09-02 20:29:00,25.73,84.05,0.0,184,0.165,0.0,13.04
2026-09-02 20:30:00,25.76,84.13,0.0,184,0.135,0.0,13.04
2026-09-02 20:31:00,25.75,84.06,0.0,184,0.015,0.0,13.04
2026-09-02 20:32:00,25.78,84.01,0.0,184,0.0,0.0,13.04
2026-09-02 20:33:00,25.78,83.93,0.0,182,0.105,0.0,13.04
2026-09-02 20:34:00,25.8,83.88,0.0,182,0.135,0.0,13.04
2026-09-02 20:35:00,25.8,83.9,0.0,182,0.015,0.0,13.04
2026-09-02 20:36:00,25.83,83.79,0.0,182,0.06,0.0,13.04
2026-09-02 20:37:00,25.83,83.63,0.0,182,0.0,0.0,13.04
2026-09-02 20:38:00,25.83,83.5,0.0,182,0.0,0.0,13.04
2026-09-02 20:39:00,25.83,83.54,0.0,182,0.03,0.0,13.04
2026-09-02 20:40:00,25.85,83.59,0.0,98,0.21,0.0,13.04
2026-09-02 20:41:00,25.86,83.6,0.0,98,0.06,0.0,13.04
2026-09-02 20:42:00,25.86,83.53,0.0,98,0.06,0.0,13.04
2026-09-02 20:43:00,25.88,83.49,0.0,98,0.03,0.0,13.04
2026-09-02 20:44:00,25.9,83.6,0.0,111,0.045,0.0,13.04
2026-09-02 20:45:00,25.93,83.69,0.0,111,0.06,0.0,13.04
2026-09-02 20:46:00,25.9,83.69,0.0,111,0.06,0.0,13.04
2026-09-02 20:47:00,25.92,83.77,0.0,111,0.15,0.0,13.04
2026-09-02 20:48:00,25.93,83.78,0.0,111,0.045,0.0,13.04
2026-09-02 20:49:00,25.9,83.78,0.0,111,0.0,0.0,13.04
2026-09-02 20:50:00,25.89,83.81,0.0,111,0.015,0.0,13.04
2026-09-02 20:51:00,25.89,83.79,0.0,111,0.03,0.0,13.04
2026-09-02 20:52:00,25.86,83.81,0.0,67,0.525,0.0,13.04
2026-09-02 20:53:00,25.8,83.94,0.0,67,0.42,0.0,13.04
2026-09-02 20:54:00,25.75,84.14,0.0,67,0.435,0.0,13.04
2026-09-02 20:55:00,25.7,84.28,0.0,67,0.375,0.0,13.04
2026-09-02 20:56:00,25.65,84.38,0.0,67,0.585,0.0,13.04
2026-09-02 20:57:00,25.61,84.34,0.0,67,0.675,0.0,13.04
2026-09-02 20:58:00,25.59,84.49,0.0,67,0.48,0.0,13.04
2026-09-02 20:59:00,25.58,84.56,0.0,67,0.18,0.0,13.04
2026-09-02 21:00:00,25.58,84.57,0.0,67,0.165,0.0,13.04
2026-09-02 21:01:00,25.56,84.55,0.0,67,0.12,0.0,13.04
2026-09-02 21:02:00,25.56,84.47,0.0,67,0.045,0.0,13.04
2026-09-02 21:03:00,25.58,84.43,0.0,67,0.0,0.0,13.04
2026-09-02 21:04:00,25.58,84.38,0.0,67,0.0,0.0,13.04
2026-09-02 21:05:00,25.62,84.35,0.0,67,0.0,0.0,13.04
2026-09-02 21:06:00,25.65,84.44,0.0,67,0.0,0.0,13.04
2026-09-02 21:07:00,25.66,84.43,0.0,67,0.0,0.0,13.04
2026-09-02 21:08:00,25.68,84.5,0.0,67,0.0,0.0,13.04
2026-09-02 21:09:00,25.69,84.51,0.0,67,0.0,0.0,13.04
2026-09-02 21:10:00,25.7,84.45,0.0,67,0.0,0.0,13.04
2026-09-02 21:11:00,25.69,84.5,0.0,67,0.0,0.0,13.04
2026-09-02 21:12:00,25.69,84.56,0.0,67,0.0,0.0,13.04
2026-09-02 21:13:00,25.69,84.47,0.0,67,0.0,0.0,13.04
2026-09-02 21:14:00,25.66,84.48,0.0,67,0.0,0.0,13.04
2026-09-02 21:15:00,25.66,84.53,0.0,67,0.0,0.0,13.04
2026-09-02 21:16:00,25.68,84.52,0.0,67,0.0,0.0,13.04
2026-09-02 21:17:00,25.66,84.55,0.0,67,0.0,0.0,13.04
2026-09-02 21:18:00,25.65,84.52,0.0,67,0.0,0.0,13.04
2026-09-02 21:19:00,25.66,84.64,0.0,67,0.0,0.0,13.04
2026-09-02 21:20:00,25.68,84.66,0.0,67,0.0,0.0,13.04
2026-09-02 21:21:00,25.64,84.65,0.0,67,0.015,0.0,13.04
2026-09-02 21:22:00,25.65,84.67,0.0,67,0.075,0.0,13.04
2026-09-02 21:23:00,25.66,84.67,0.0,67,0.09,0.0,13.04
2026-09-02 21:24:00,25.68,84.66,0.0,67,0.0,0.0,13.04
2026-09-02 21:25:00,25.69,84.67,0.0,67,0.045,0.0,13.04
2026-09-02 21:26:00,25.66,84.68,0.0,67,0.045,0.0,13.04
2026-09-02 21:27:00,25.68,84.71,0.0,67,0.135,0.0,13.04
2026-09-02 21:28:00,25.69,84.76,0.0,67,0.165,0.0,13.04
2026-09-02 21:29:00,25.66,84.75,0.0,67,0.27,0.0,13.04
2026-09-02 21:30:00,25.68,84.72,0.0,67,0.39,0.0,13.04
2026-09-02 21:31:00,25.64,84.77,0.0,67,0.12,0.0,13.04
2026-09-02 21:32:00,25.61,84.79,0.0,67,0.03,0.0,13.04
2026-09-02 21:33:00,25.62,84.88,0.0,67,0.0,0.0,13.04
2026-09-02 21:34:00,25.61,84.89,0.0,67,0.0,0.0,13.04
2026-09-02 21:35:00,25.59,84.89,0.0,67,0.0,0.0,13.04
2026-09-02 21:36:00,25.61,84.94,0.0,67,0.0,0.0,13.04
2026-09-02 21:37:00,25.59,85.03,0.0,67,0.0,0.0,13.04
2026-09-02 21:38:00,25.58,85.09,0.0,67,0.075,0.0,13.04
2026-09-02 21:39:00,25.53,85.09,0.0,67,0.09,0.0,13.04
2026-09-02 21:40:00,25.5,85.16,0.0,67,0.225,0.0,13.04
2026-09-02 21:41:00,25.46,85.29,0.0,67,0.12,0.0,13.04
2026-09-02 21:42:00,25.41,85.4,0.0,67,0.195,0.0,13.04
2026-09-02 21:43:00,25.38,85.51,0.0,67,0.0,0.0,13.04
2026-09-02 21:44:00,25.34,85.58,0.0,67,0.0,0.0,13.04
2026-09-02 21:45:00,25.32,85.71,0.0,67,0.0,0.0,13.04
2026-09-02 21:46:00,25.34,85.75,0.0,67,0.015,0.0,13.04
2026-09-02 21:47:00,25.34,85.81,0.0,67,0.06,0.0,13.04
2026-09-02 21:48:00,25.35,85.92,0.0,67,0.03,0.0,13.04
2026-09-02 21:49:00,25.34,85.91,0.0,67,0.0,0.0,13.04
2026-09-02 21:50:00,25.34,85.89,0.0,67,0.0,0.0,13.04
2026-09-02 21:51:00,25.32,85.94,0.0,67,0.0,0.0,13.04
2026-09-02 21:52:00,25.31,85.97,0.0,67,0.0,0.0,13.04
2026-09-02 21:53:00,25.32,86.01,0.0,67,0.075,0.0,13.04
2026-09-02 21:54:00,25.35,86.09,0.0,67,0.045,0.0,13.04
2026-09-02 21:55:00,25.29,86.03,0.0,67,0.0,0.0,13.04
2026-09-02 21:56:00,25.32,86.07,0.0,67,0.0,0.0,13.04
2026-09-02 21:57:00,25.31,86.09,0.0,67,0.0,0.0,13.04
2026-09-02 21:58:00,25.32,86.07,0.0,67,0.0,0.0,13.04
2026-09-02 21:59:00,25.34,86.02,0.0,67,0.0,0.0,13.04
2026-09-02 22:00:00,25.32,86.01,0.0,67,0.09,0.0,13.04
2026-09-02 22:01:00,25.32,85.94,0.0,67,0.0,0.0,13.04
2026-09-02 22:02:00,25.32,85.94,0.0,67,0.0,0.0,13.04
2026-09-02 22:03:00,25.29,85.9,0.0,67,0.0,0.0,13.04
2026-09-02 22:04:00,25.31,85.91,0.0,67,0.0,0.0,13.04
2026-09-02 22:05:00,25.27,85.78,0.0,67,0.36,0.0,13.04
2026-09-02 22:06:00,25.24,85.73,0.0,67,0.57,0.0,13.04
2026-09-02 22:07:00,25.14,85.75,0.0,67,0.555,0.0,13.04
2026-09-02 22:08:00,25.1,85.86,0.0,55,0.54,0.0,13.04
2026-09-02 22:09:00,25.08,85.97,0.0,57,0.57,0.0,13.04
2026-09-02 22:10:00,24.98,86.06,0.0,75,0.645,0.0,13.04
2026-09-02 22:11:00,24.95,86.16,0.0,65,0.63,0.0,13.04
2026-09-02 22:12:00,24.9,86.3,0.0,62,0.54,0.0,13.04
2026-09-02 22:13:00,24.87,86.43,0.0,62,0.21,0.0,13.04
2026-09-02 22:14:00,24.84,86.57,0.0,62,0.285,0.0,13.04
2026-09-02 22:15:00,24.81,86.65,0.0,62,0.42,0.0,13.04
2026-09-02 22:16:00,24.8,86.72,0.0,78,0.195,0.0,13.04
2026-09-02 22:17:00,24.81,86.79,0.0,78,0.12,0.0,13.04
2026-09-02 22:18:00,24.79,86.88,0.0,78,0.315,0.0,13.04
2026-09-02 22:19:00,24.79,86.85,0.0,71,0.51,0.0,13.04
2026-09-02 22:20:00,24.79,86.88,0.0,56,0.75,0.0,13.04
2026-09-02 22:21:00,24.76,86.99,0.0,56,0.375,0.0,13.04
2026-09-02 22:22:00,24.73,87.07,0.0,56,0.075,0.0,13.04
2026-09-02 22:23:00,24.73,87.09,0.0,56,0.03,0.0,13.04
2026-09-02 22:24:00,24.74,87.19,0.0,56,0.33,0.0,13.04
2026-09-02 22:25:00,24.73,87.23,0.0,56,0.39,0.0,13.04
2026-09-02 22:26:00,24.73,87.26,0.0,56,0.39,0.0,13.04
2026-09-02 22:27:00,24.71,87.27,0.0,56,0.15,0.0,13.04
2026-09-02 22:28:00,24.7,87.27,0.0,56,0.03,0.0,13.04
2026-09-02 22:29:00,24.71,87.26,0.0,56,0.12,0.0,13.04
2026-09-02 22:30:00,24.71,87.29,0.0,56,0.0,0.0,13.04
2026-09-02 22:31:00,24.7,87.29,0.0,56,0.015,0.0,13.04
2026-09-02 22:32:00,24.73,87.23,0.0,56,0.0,0.0,13.04
2026-09-02 22:33:00,24.74,87.26,0.0,56,0.0,0.0,13.04
2026-09-02 22:34:00,24.76,87.26,0.0,56,0.12,0.0,13.04
2026-09-02 22:35:00,24.76,87.24,0.0,91,0.465,0.0,13.04
2026-09-02 22:36:00,24.8,87.27,0.0,58,0.3,0.0,13.04
2026-09-02 22:37:00,24.79,87.21,0.0,86,0.27,0.0,13.04
2026-09-02 22:38:00,24.83,87.17,0.0,86,0.225,0.0,13.04
2026-09-02 22:39:00,24.81,87.14,0.0,86,0.165,0.0,13.04
2026-09-02 22:40:00,24.8,87.02,0.0,86,0.09,0.0,13.04
2026-09-02 22:41:00,24.79,86.97,0.0,86,0.075,0.0,13.04
2026-09-02 22:42:00,24.83,86.99,0.0,86,0.0,0.0,13.04
2026-09-02 22:43:00,24.81,86.99,0.0,86,0.0,0.0,13.04
2026-09-02 22:44:00,24.84,86.98,0.0,86,0.0,0.0,13.04
2026-09-02 22:45:00,24.87,86.91,0.0,86,0.06,0.0,13.04
2026-09-02 22:46:00,24.88,86.88,0.0,86,0.015,0.0,13.04
2026-09-02 22:47:00,24.88,86.78,0.0,86,0.0,0.0,13.04
2026-09-02 22:48:00,24.91,86.74,0.0,86,0.0,0.0,13.04
2026-09-02 22:49:00,24.94,86.62,0.0,86,0.0,0.0,13.04
2026-09-02 22:50:00,24.93,86.58,0.0,86,0.03,0.0,13.04
2026-09-02 22:51:00,24.95,86.57,0.0,86,0.0,0.0,13.04
2026-09-02 22:52:00,24.95,86.55,0.0,86,0.0,0.0,13.04
2026-09-02 22:53:00,24.94,86.53,0.0,86,0.015,0.0,13.04
2026-09-02 22:54:00,24.95,86.53,0.0,86,0.0,0.0,13.04
2026-09-02 22:55:00,24.97,86.53,0.0,86,0.0,0.0,13.04
2026-09-02 22:56:00,24.91,86.56,0.0,86,0.03,0.0,13.04
2026-09-02 22:57:00,24.91,86.55,0.0,86,0.195,0.0,13.04
2026-09-02 22:58:00,24.88,86.59,0.0,86,0.06,0.0,13.04
2026-09-02 22:59:00,24.84,86.55,0.0,95,0.42,0.0,13.04
2026-09-02 23:00:00,24.8,86.56,0.0,52,0.6,0.0,13.04
2026-09-02 23:01:00,24.8,86.63,0.0,104,0.375,0.0,13.04
2026-09-02 23:02:00,24.77,86.72,0.0,102,0.135,0.0,13.04
2026-09-02 23:03:00,24.74,86.76,0.0,124,0.21,0.0,13.04
2026-09-02 23:04:00,24.77,86.78,0.0,124,0.015,0.0,13.04
2026-09-02 23:05:00,24.79,86.77,0.0,111,0.225,0.0,13.04
2026-09-02 23:06:00,24.76,86.78,0.0,111,0.03,0.0,13.04
2026-09-02 23:07:00,24.77,86.76,0.0,111,0.03,0.0,13.04
2026-09-02 23:08:00,24.79,86.76,0.0,111,0.0,0.0,13.04
2026-09-02 23:09:00,24.77,86.73,0.0,111,0.0,0.0,13.04
2026-09-02 23:10:00,24.79,86.77,0.0,111,0.0,0.0,13.04
2026-09-02 23:11:00,24.81,86.78,0.0,111,0.0,0.0,13.01
2026-09-02 23:12:00,24.8,86.74,0.0,111,0.0,0.0,13.01
2026-09-02 23:13:00,24.81,86.74,0.0,111,0.0,0.0,13.04
2026-09-02 23:14:00,24.81,86.77,0.0,111,0.0,0.0,13.04
2026-09-02 23:15:00,24.86,86.71,0.0,111,0.0,0.0,13.04
2026-09-02 23:16:00,24.84,86.65,0.0,111,0.135,0.0,13.04
2026-09-02 23:17:00,24.84,86.61,0.0,111,0.255,0.0,13.04
2026-09-02 23:18:00,24.84,86.67,0.0,111,0.15,0.0,13.04
2026-09-02 23:19:00,24.8,86.72,0.0,111,0.075,0.0,13.04
2026-09-02 23:20:00,24.8,86.76,0.0,111,0.015,0.0,13.04
2026-09-02 23:21:00,24.76,86.78,0.0,111,0.0,0.0,13.01
2026-09-02 23:22:00,24.76,86.75,0.0,111,0.03,0.0,13.04
2026-09-02 23:23:00,24.77,86.8,0.0,111,0.045,0.0,13.04
2026-09-02 23:24:00,24.76,86.79,0.0,111,0.0,0.0,13.04
2026-09-02 23:25:00,24.77,86.78,0.0,111,0.015,0.0,13.04
2026-09-02 23:26:00,24.77,86.79,0.0,83,0.18,0.0,13.04
2026-09-02 23:27:00,24.76,86.77,0.0,83,0.12,0.0,13.04
2026-09-02 23:28:00,24.77,86.75,0.0,83,0.015,0.0,13.04
2026-09-02 23:29:00,24.76,86.7,0.0,83,0.0,0.0,13.01
2026-09-02 23:30:00,24.76,86.74,0.0,83,0.0,0.0,13.04
2026-09-02 23:31:00,24.74,86.79,0.0,83,0.0,0.0,13.01
2026-09-02 23:32:00,24.73,86.85,0.0,83,0.015,0.0,13.01
2026-09-02 23:33:00,24.71,86.84,0.0,83,0.0,0.0,12.97
2026-09-02 23:34:00,24.71,86.84,0.0,83,0.0,0.0,13.01
2026-09-02 23:35:00,24.69,86.85,0.0,83,0.015,0.0,13.01
2026-09-02 23:36:00,24.67,86.87,0.0,83,0.165,0.0,13.01
2026-09-02 23:37:00,24.67,86.89,0.0,83,0.075,0.0,13.01
2026-09-02 23:38:00,24.66,86.94,0.0,83,0.0,0.0,13.01
2026-09-02 23:39:00,24.64,86.92,0.0,83,0.0,0.0,13.01
2026-09-02 23:40:00,24.67,86.95,0.0,83,0.0,0.0,13.01
2026-09-02 23:41:00,24.69,86.95,0.0,83,0.045,0.0,12.97
2026-09-02 23:42:00,24.7,86.97,0.0,83,0.015,0.0,13.01
2026-09-02 23:43:00,24.69,86.95,0.0,83,0.0,0.0,12.97
2026-09-02 23:44:00,24.7,86.92,0.0,83,0.0,0.0,13.04
2026-09-02 23:45:00,24.71,86.96,0.0,83,0.0,0.0,13.01
2026-09-02 23:46:00,24.71,86.88,0.0,83,0.0,0.0,13.01
2026-09-02 23:47:00,24.74,86.86,0.0,83,0.015,0.0,12.97
2026-09-02 23:48:00,24.74,86.81,0.0,83,0.0,0.0,13.01
2026-09-02 23:49:00,24.76,86.77,0.0,83,0.0,0.0,13.01
2026-09-02 23:50:00,24.76,86.71,0.0,83,0.0,0.0,12.97
2026-09-02 23:51:00,24.8,86.7,0.0,83,0.0,0.0,12.97
2026-09-02 23:52:00,24.8,86.65,0.0,83,0.0,0.0,12.97
2026-09-02 23:53:00,24.81,86.63,0.0,83,0.0,0.0,12.97
2026-09-02 23:54:00,24.84,86.66,0.0,83,0.0,0.0,13.01
2026-09-02 23:55:00,24.83,86.65,0.0,83,0.0,0.0,13.01
2026-09-02 23:56:00,24.83,86.65,0.0,83,0.0,0.0,13.01
2026-09-02 23:57:00,24.84,86.66,0.0,83,0.0,0.0,12.97
2026-09-02 23:58:00,24.86,86.64,0.0,83,0.0,0.0,13.01
2026-09-02 23:59:00,24.84,86.64,0.0,83,0.0,0.0,13.01
2026-09-03 00:00:00,24.83,86.66,0.0,83,0.0,0.0,12.97
2026-09-03 00:01:00,24.83,86.65,0.0,83,0.0,0.0,12.97
2026-09-03 00:02:00,24.81,86.64,0.0,83,0.0,0.0,12.97
2026-09-03 00:03:00,24.81,86.69,0.0,83,0.0,0.0,12.97
2026-09-03 00:04:00,24.81,86.75,0.0,83,0.03,0.0,12.97
2026-09-03 00:05:00,24.81,86.79,0.0,83,0.0,0.0,12.97
2026-09-03 00:06:00,24.79,86.82,0.0,83,0.0,0.0,12.97
2026-09-03 00:07:00,24.79,86.85,0.0,83,0.0,0.0,13.01
2026-09-03 00:08:00,24.77,86.87,0.0,83,0.0,0.0,12.97
2026-09-03 00:09:00,24.8,86.91,0.0,83,0.0,0.0,13.01
2026-09-03 00:10:00,24.79,86.92,0.0,83,0.0,0.0,13.01
2026-09-03 00:11:00,24.79,86.91,0.0,83,0.0,0.0,12.97
2026-09-03 00:12:00,24.77,86.9,0.0,83,0.0,0.0,12.97
2026-09-03 00:13:00,24.8,86.89,0.0,83,0.015,0.0,12.97
2026-09-03 00:14:00,24.79,86.74,0.0,90,0.09,0.0,12.97
2026-09-03 00:15:00,24.83,86.66,0.0,90,0.0,0.0,12.97
2026-09-03 00:16:00,24.81,86.62,0.0,90,0.0,0.0,12.97
2026-09-03 00:17:00,24.84,86.58,0.0,90,0.0,0.0,12.97
2026-09-03 00:18:00,24.9,86.55,0.0,90,0.0,0.0,12.97
2026-09-03 00:19:00,24.87,86.57,0.0,90,0.0,0.0,12.97
2026-09-03 00:20:00,24.9,86.56,0.0,90,0.0,0.0,12.97
2026-09-03 00:21:00,24.91,86.48,0.0,90,0.06,0.0,12.97
2026-09-03 00:22:00,24.91,86.39,0.0,90,0.09,0.0,12.97
2026-09-03 00:23:00,24.9,86.37,0.0,90,0.0,0.0,12.97
2026-09-03 00:24:00,24.91,86.38,0.0,90,0.0,0.0,12.97
2026-09-03 00:25:00,24.93,86.42,0.0,90,0.0,0.0,12.97
2026-09-03 00:26:00,24.91,86.45,0.0,90,0.015,0.0,12.97
2026-09-03 00:27:00,24.93,86.5,0.0,90,0.0,0.0,12.97
2026-09-03 00:28:00,24.91,86.56,0.0,90,0.0,0.0,12.97
2026-09-03 00:29:00,24.91,86.56,0.0,90,0.0,0.0,12.97
2026-09-03 00:30:00,24.87,86.56,0.0,90,0.0,0.0,12.97
2026-09-03 00:31:00,24.87,86.57,0.0,90,0.0,0.0,12.97
2026-09-03 00:32:00,24.87,86.56,0.0,90,0.03,0.0,12.97
2026-09-03 00:33:00,24.84,86.57,0.0,90,0.015,0.0,12.97
2026-09-03 00:34:00,24.83,86.48,0.0,165,0.165,0.0,12.97
2026-09-03 00:35:00,24.83,86.43,0.0,165,0.045,0.0,12.97
2026-09-03 00:36:00,24.84,86.34,0.0,165,0.12,0.0,12.97
2026-09-03 00:37:00,24.86,86.25,0.0,165,0.0,0.0,12.97
2026-09-03 00:38:00,24.86,86.18,0.0,165,0.0,0.0,12.97
2026-09-03 00:39:00,24.88,86.19,0.0,165,0.06,0.0,12.97
2026-09-03 00:40:00,24.9,86.2,0.0,165,0.015,0.0,12.97
2026-09-03 00:41:00,24.86,86.15,0.0,165,0.045,0.0,12.97
2026-09-03 00:42:00,24.9,86.12,0.0,165,0.03,0.0,12.97
2026-09-03 00:43:00,24.88,86.14,0.0,165,0.0,0.0,12.97
2026-09-03 00:44:00,24.91,86.16,0.0,165,0.0,0.0,12.93
2026-09-03 00:45:00,24.91,86.17,0.0,165,0.0,0.0,12.97
2026-09-03 00:46:00,24.93,86.11,0.0,165,0.015,0.0,12.97
2026-09-03 00:47:00,24.9,86.15,0.0,165,0.0,0.0,12.97
2026-09-03 00:48:00,24.93,86.14,0.0,165,0.0,0.0,12.97
2026-09-03 00:49:00,24.9,86.1,0.0,165,0.0,0.0,12.97
2026-09-03 00:50:00,24.87,86.13,0.0,165,0.06,0.0,12.97
2026-09-03 00:51:00,24.88,86.2,0.0,165,0.015,0.0,12.93
2026-09-03 00:52:00,24.88,86.24,0.0,165,0.03,0.0,12.93
2026-09-03 00:53:00,24.84,86.25,0.0,165,0.015,0.0,12.93
2026-09-03 00:54:00,24.83,86.32,0.0,165,0.0,0.0,12.97
2026-09-03 00:55:00,24.83,86.41,0.0,165,0.0,0.0,12.93
2026-09-03 00:56:00,24.8,86.47,0.0,165,0.0,0.0,12.93
2026-09-03 00:57:00,24.83,86.56,0.0,165,0.0,0.0,12.93
2026-09-03 00:58:00,24.8,86.62,0.0,165,0.0,0.0,12.93
2026-09-03 00:59:00,24.74,86.65,0.0,165,0.0,0.0,12.97
2026-09-03 01:00:00,24.74,86.71,0.0,165,0.0,0.0,12.93
2026-09-03 01:01:00,24.74,86.79,0.0,165,0.0,0.0,12.93
2026-09-03 01:02:00,24.74,86.88,0.0,165,0.0,0.0,12.93
2026-09-03 01:03:00,24.69,86.94,0.0,165,0.0,0.0,12.97
2026-09-03 01:04:00,24.69,87.02,0.0,165,0.0,0.0,12.93
2026-09-03 01:05:00,24.66,87.09,0.0,165,0.0,0.0,12.97
2026-09-03 01:06:00,24.63,87.07,0.0,165,0.015,0.0,12.97
2026-09-03 01:07:00,24.59,87.09,0.0,165,0.24,0.0,12.93
2026-09-03 01:08:00,24.54,87.17,0.0,165,0.075,0.0,12.93
2026-09-03 01:09:00,24.51,87.24,0.0,165,0.06,0.0,12.93
2026-09-03 01:10:00,24.5,87.33,0.0,165,0.03,0.0,12.93
2026-09-03 01:11:00,24.44,87.39,0.0,165,0.015,0.0,12.93
2026-09-03 01:12:00,24.44,87.46,0.0,165,0.015,0.0,12.93
2026-09-03 01:13:00,24.44,87.52,0.0,165,0.0,0.0,12.93
2026-09-03 01:14:00,24.43,87.59,0.0,165,0.0,0.0,12.93
2026-09-03 01:15:00,24.43,87.65,0.0,165,0.0,0.0,12.93
2026-09-03 01:16:00,24.4,87.69,0.0,165,0.015,0.0,12.93
2026-09-03 01:17:00,24.42,87.65,0.0,165,0.15,0.0,12.93
2026-09-03 01:18:00,24.38,87.69,0.0,165,0.015,0.0,12.93
2026-09-03 01:19:00,24.35,87.72,0.0,165,0.015,0.0,12.93
2026-09-03 01:20:00,24.38,87.78,0.0,165,0.0,0.0,12.93
2026-09-03 01:21:00,24.35,87.79,0.0,165,0.0,0.0,12.93
2026-09-03 01:22:00,24.36,87.88,0.0,165,0.015,0.0,12.93
2026-09-03 01:23:00,24.35,87.92,0.0,165,0.0,0.0,12.93
2026-09-03 01:24:00,24.33,87.96,0.0,165,0.0,0.0,12.93
2026-09-03 01:25:00,24.33,87.99,0.0,165,0.0,0.0,12.93
2026-09-03 01:26:00,24.32,88.06,0.0,165,0.015,0.0,12.93
2026-09-03 01:27:00,24.3,88.09,0.0,165,0.045,0.0,12.93
2026-09-03 01:28:00,24.33,88.11,0.0,165,0.0,0.0,12.93
2026-09-03 01:29:00,24.35,88.14,0.0,165,0.015,0.0,12.93
2026-09-03 01:30:00,24.3,88.21,0.0,165,0.0,0.0,12.93
2026-09-03 01:31:00,24.3,88.19,0.0,165,0.0,0.0,12.93
2026-09-03 01:32:00,24.3,88.22,0.0,165,0.0,0.0,12.93
2026-09-03 01:33:00,24.3,88.22,0.0,165,0.0,0.0,12.93
2026-09-03 01:34:00,24.28,88.18,0.0,165,0.0,0.0,12.93
2026-09-03 01:35:00,24.28,88.22,0.0,165,0.0,0.0,12.93
2026-09-03 01:36:00,24.25,88.21,0.0,165,0.15,0.0,12.93
2026-09-03 01:37:00,24.25,88.2,0.0,165,0.18,0.0,12.93
2026-09-03 01:38:00,24.22,88.22,0.0,165,0.21,0.0,12.93
2026-09-03 01:39:00,24.2,88.25,0.0,165,0.06,0.0,12.93
2026-09-03 01:40:00,24.2,88.31,0.0,165,0.015,0.0,12.93
2026-09-03 01:41:00,24.22,88.36,0.0,165,0.015,0.0,12.93
2026-09-03 01:42:00,24.2,88.39,0.0,165,0.0,0.0,12.93
2026-09-03 01:43:00,24.19,88.38,0.0,165,0.0,0.0,12.93
2026-09-03 01:44:00,24.2,88.4,0.0,165,0.0,0.0,12.93
2026-09-03 01:45:00,24.19,88.4,0.0,165,0.0,0.0,12.93
2026-09-03 01:46:00,24.16,88.44,0.0,165,0.0,0.0,12.93
2026-09-03 01:47:00,24.2,88.49,0.0,165,0.0,0.0,12.93
2026-09-03 01:48:00,24.22,88.5,0.0,165,0.015,0.0,12.93
2026-09-03 01:49:00,24.22,88.51,0.0,165,0.0,0.0,12.93
2026-09-03 01:50:00,24.22,88.53,0.0,165,0.0,0.0,12.93
2026-09-03 01:51:00,24.22,88.57,0.0,165,0.0,0.0,12.93
2026-09-03 01:52:00,24.22,88.53,0.0,165,0.0,0.0,12.93
2026-09-03 01:53:00,24.2,88.53,0.0,165,0.0,0.0,12.93
2026-09-03 01:54:00,24.2,88.5,0.0,165,0.0,0.0,12.93
2026-09-03 01:55:00,24.19,88.56,0.0,165,0.105,0.0,12.93
2026-09-03 01:56:00,24.15,88.56,0.0,165,0.03,0.0,12.93
2026-09-03 01:57:00,24.15,88.59,0.0,165,0.0,0.0,12.93
2026-09-03 01:58:00,24.16,88.6,0.0,165,0.0,0.0,12.93
2026-09-03 01:59:00,24.18,88.66,0.0,165,0.0,0.0,12.93
2026-09-03 02:00:00,24.15,88.65,0.0,165,0.0,0.0,12.93
2026-09-03 02:01:00,24.16,88.71,0.0,165,0.0,0.0,12.93
2026-09-03 02:02:00,24.16,88.69,0.0,165,0.0,0.0,12.93
2026-09-03 02:03:00,24.19,88.73,0.0,165,0.0,0.0,12.93
2026-09-03 02:04:00,24.16,88.67,0.0,165,0.015,0.0,12.93
2026-09-03 02:05:00,24.18,88.69,0.0,165,0.015,0.0,12.93
2026-09-03 02:06:00,24.18,88.71,0.0,165,0.03,0.0,12.93
2026-09-03 02:07:00,24.16,88.74,0.0,165,0.03,0.0,12.93
2026-09-03 02:08:00,24.18,88.79,0.0,165,0.0,0.0,12.93
2026-09-03 02:09:00,24.15,88.78,0.0,165,0.0,0.0,12.93
2026-09-03 02:10:00,24.18,88.82,0.0,165,0.06,0.0,12.93
2026-09-03 02:11:00,24.16,88.78,0.0,165,0.03,0.0,12.93
2026-09-03 02:12:00,24.16,88.8,0.0,191,0.24,0.0,12.93
2026-09-03 02:13:00,24.15,88.83,0.0,189,0.06,0.0,12.93
2026-09-03 02:14:00,24.11,88.83,0.0,189,0.09,0.0,12.93
2026-09-03 02:15:00,24.09,88.88,0.0,189,0.06,0.0,12.93
2026-09-03 02:16:00,24.08,88.9,0.0,90,0.33,0.0,12.93
2026-09-03 02:17:00,24.05,88.92,0.0,49,0.405,0.0,12.93
2026-09-03 02:18:00,24.02,88.98,0.0,49,0.21,0.0,12.93
2026-09-03 02:19:00,23.99,88.98,0.0,47,0.285,0.0,12.93
2026-09-03 02:20:00,23.98,89.07,0.0,213,0.105,0.0,12.93
2026-09-03 02:21:00,23.95,89.07,0.0,102,0.105,0.0,12.93
2026-09-03 02:22:00,23.93,89.15,0.0,32,0.105,0.0,12.93
2026-09-03 02:23:00,23.91,89.12,0.0,35,0.33,0.0,12.93
2026-09-03 02:24:00,23.89,89.15,0.0,87,0.495,0.0,12.93
2026-09-03 02:25:00,23.87,89.16,0.0,33,0.195,0.0,12.93
2026-09-03 02:26:00,23.85,89.27,0.0,33,0.015,0.0,12.93
2026-09-03 02:27:00,23.85,89.24,0.0,86,0.18,0.0,12.93
2026-09-03 02:28:00,23.85,89.24,0.0,69,0.3,0.0,12.93
2026-09-03 02:29:00,23.82,89.29,0.0,69,0.015,0.0,12.93
2026-09-03 02:30:00,23.84,89.35,0.0,69,0.0,0.0,12.93
2026-09-03 02:31:00,23.84,89.39,0.0,69,0.0,0.0,12.93
2026-09-03 02:32:00,23.85,89.43,0.0,69,0.0,0.0,12.93
2026-09-03 02:33:00,23.84,89.48,0.0,69,0.0,0.0,12.93
2026-09-03 02:34:00,23.87,89.44,0.0,69,0.06,0.0,12.93
2026-09-03 02:35:00,23.89,89.42,0.0,69,0.0,0.0,12.93
2026-09-03 02:36:00,23.88,89.43,0.0,69,0.18,0.0,12.93
2026-09-03 02:37:00,23.89,89.37,0.0,69,0.135,0.0,12.93
2026-09-03 02:38:00,23.91,89.33,0.0,69,0.03,0.0,12.93
2026-09-03 02:39:00,23.89,89.27,0.0,55,0.225,0.0,12.93
2026-09-03 02:40:00,23.88,89.11,0.0,62,0.495,0.0,12.93
2026-09-03 02:41:00,23.87,89.09,0.0,62,0.165,0.0,12.93
2026-09-03 02:42:00,23.87,89.06,0.0,56,0.105,0.0,12.93
2026-09-03 02:43:00,23.85,89.02,0.0,56,0.045,0.0,12.93
2026-09-03 02:44:00,23.87,89.0,0.0,56,0.195,0.0,12.93
2026-09-03 02:45:00,23.84,88.93,0.0,53,0.345,0.0,12.93
2026-09-03 02:46:00,23.85,88.91,0.0,53,0.33,0.0,12.93
2026-09-03 02:47:00,23.84,88.82,0.0,52,0.24,0.0,12.93
2026-09-03 02:48:00,23.84,88.79,0.0,76,0.345,0.0,12.93
2026-09-03 02:49:00,23.88,88.79,0.0,66,0.285,0.0,12.93
2026-09-03 02:50:00,23.87,88.76,0.0,65,0.255,0.0,12.93
2026-09-03 02:51:00,23.91,88.8,0.0,65,0.0,0.0,12.93
2026-09-03 02:52:00,23.89,88.78,0.0,65,0.015,0.0,12.93
2026-09-03 02:53:00,23.92,88.78,0.0,75,0.09,0.0,12.93
2026-09-03 02:54:00,23.92,88.77,0.0,75,0.015,0.0,12.93
2026-09-03 02:55:00,23.96,88.71,0.0,75,0.06,0.0,12.93
2026-09-03 02:56:00,23.95,88.66,0.0,75,0.0,0.0,12.93
2026-09-03 02:57:00,23.99,88.61,0.0,75,0.0,0.0,12.93
2026-09-03 02:58:00,23.99,88.52,0.0,75,0.0,0.0,12.93
2026-09-03 02:59:00,24.01,88.48,0.0,75,0.0,0.0,12.93
2026-09-03 03:00:00,24.03,88.44,0.0,75,0.0,0.0,12.93
2026-09-03 03:01:00,24.05,88.36,0.0,75,0.0,0.0,12.93
2026-09-03 03:02:00,24.05,88.34,0.0,75,0.0,0.0,12.93
2026-09-03 03:03:00,24.06,88.28,0.0,75,0.015,0.0,12.93
2026-09-03 03:04:00,24.08,88.23,0.0,75,0.09,0.0,12.93
2026-09-03 03:05:00,24.08,88.2,0.0,75,0.12,0.0,12.93
2026-09-03 03:06:00,24.06,88.29,0.0,75,0.015,0.0,12.93
2026-09-03 03:07:00,24.09,88.26,0.0,75,0.075,0.0,12.93
2026-09-03 03:08:00,24.08,88.21,0.0,75,0.06,0.0,12.93
2026-09-03 03:09:00,24.06,88.24,0.0,75,0.0,0.0,12.93
2026-09-03 03:10:00,24.08,88.19,0.0,75,0.0,0.0,12.93
2026-09-03 03:11:00,24.06,88.2,0.0,77,0.0,0.0,12.93
2026-09-03 03:12:00,24.09,88.18,0.0,77,0.0,0.0,12.89
2026-09-03 03:13:00,24.09,88.2,0.0,77,0.0,0.0,12.89
2026-09-03 03:14:00,24.08,88.16,0.0,77,0.03,0.0,12.93
2026-09-03 03:15:00,24.08,88.08,0.0,77,0.0,0.0,12.93
2026-09-03 03:16:00,24.09,88.1,0.0,77,0.0,0.0,12.89
2026-09-03 03:17:00,24.11,88.02,0.0,77,0.075,0.0,12.93
2026-09-03 03:18:00,24.06,87.96,0.0,77,0.165,0.0,12.93
2026-09-03 03:19:00,24.05,88.0,0.0,77,0.03,0.0,12.89
2026-09-03 03:20:00,24.02,88.02,0.0,77,0.015,0.0,12.89
2026-09-03 03:21:00,24.05,88.08,0.0,77,0.015,0.0,12.89
2026-09-03 03:22:00,24.02,88.08,0.0,77,0.0,0.0,12.89
2026-09-03 03:23:00,24.03,88.13,0.0,77,0.0,0.0,12.89
2026-09-03 03:24:00,24.03,88.14,0.0,77,0.03,0.0,12.93
2026-09-03 03:25:00,24.02,88.13,0.0,77,0.03,0.0,12.93
2026-09-03 03:26:00,24.02,88.12,0.0,77,0.0,0.0,12.93
2026-09-03 03:27:00,24.03,88.16,0.0,77,0.0,0.0,12.89
2026-09-03 03:28:00,24.03,88.16,0.0,77,0.0,0.0,12.89
2026-09-03 03:29:00,24.03,88.18,0.0,77,0.0,0.0,12.93
2026-09-03 03:30:00,24.01,88.2,0.0,77,0.0,0.0,12.89
2026-09-03 03:31:00,24.02,88.15,0.0,77,0.03,0.0,12.89
2026-09-03 03:32:00,24.03,88.17,0.0,77,0.0,0.0,12.89
2026-09-03 03:33:00,24.03,88.18,0.0,77,0.03,0.0,12.89
2026-09-03 03:34:00,24.02,88.18,0.0,77,0.0,0.0,12.89
2026-09-03 03:35:00,24.02,88.16,0.0,77,0.045,0.0,12.89
2026-09-03 03:36:00,24.01,88.2,0.0,77,0.0,0.0,12.89
2026-09-03 03:37:00,23.99,88.22,0.0,77,0.03,0.0,12.89
2026-09-03 03:38:00,23.99,88.29,0.0,77,0.0,0.0,12.89
2026-09-03 03:39:00,24.01,88.28,0.0,77,0.0,0.0,12.89
2026-09-03 03:40:00,23.96,88.25,0.0,77,0.0,0.0,12.89
2026-09-03 03:41:00,23.99,88.35,0.0,77,0.03,0.0,12.89
2026-09-03 03:42:00,23.96,88.37,0.0,77,0.015,0.0,12.89
2026-09-03 03:43:00,23.96,88.36,0.0,77,0.0,0.0,12.89
2026-09-03 03:44:00,23.98,88.41,0.0,77,0.18,0.0,12.89
2026-09-03 03:45:00,23.95,88.36,0.0,77,0.075,0.0,12.89
2026-09-03 03:46:00,23.96,88.36,0.0,77,0.0,0.0,12.89
2026-09-03 03:47:00,23.93,88.32,0.0,77,0.0,0.0,12.89
2026-09-03 03:48:00,23.92,88.27,0.0,77,0.0,0.0,12.89
2026-09-03 03:49:00,23.92,88.23,0.0,77,0.0,0.0,12.89
2026-09-03 03:50:00,23.92,88.13,0.0,77,0.0,0.0,12.89
2026-09-03 03:51:00,23.92,88.08,0.0,77,0.015,0.0,12.89
2026-09-03 03:52:00,23.91,88.03,0.0,77,0.0,0.0,12.89
2026-09-03 03:53:00,23.93,87.99,0.0,77,0.03,0.0,12.89
2026-09-03 03:54:00,23.92,87.98,0.0,77,0.0,0.0,12.89
2026-09-03 03:55:00,23.91,87.91,0.0,77,0.0,0.0,12.89
2026-09-03 03:56:00,23.93,87.95,0.0,77,0.015,0.0,12.89
2026-09-03 03:57:00,23.93,87.91,0.0,77,0.0,0.0,12.89
2026-09-03 03:58:00,23.95,87.93,0.0,77,0.0,0.0,12.89
2026-09-03 03:59:00,23.93,87.95,0.0,77,0.0,0.0,12.89
2026-09-03 04:00:00,23.93,87.93,0.0,77,0.0,0.0,12.89
2026-09-03 04:01:00,23.93,87.91,0.0,77,0.0,0.0,12.89
2026-09-03 04:02:00,23.96,87.88,0.0,77,0.0,0.0,12.89
2026-09-03 04:03:00,23.93,87.89,0.0,77,0.0,0.0,12.89
2026-09-03 04:04:00,23.95,87.91,0.0,77,0.0,0.0,12.89
2026-09-03 04:05:00,23.95,87.9,0.0,77,0.0,0.0,12.89
2026-09-03 04:06:00,23.96,87.96,0.0,77,0.0,0.0,12.89
2026-09-03 04:07:00,23.98,88.0,0.0,77,0.0,0.0,12.89
2026-09-03 04:08:00,23.95,88.02,0.0,77,0.0,0.0,12.89
2026-09-03 04:09:00,23.98,88.01,0.0,77,0.0,0.0,12.89
2026-09-03 04:10:00,23.98,88.01,0.0,77,0.0,0.0,12.89
2026-09-03 04:11:00,23.96,88.09,0.0,77,0.0,0.0,12.89
2026-09-03 04:12:00,23.95,88.09,0.0,77,0.015,0.0,12.89
2026-09-03 04:13:00,23.92,88.09,0.0,77,0.0,0.0,12.89
2026-09-03 04:14:00,23.95,88.15,0.0,77,0.015,0.0,12.89
2026-09-03 04:15:00,23.95,88.18,0.0,77,0.0,0.0,12.89
2026-09-03 04:16:00,23.93,88.2,0.0,77,0.0,0.0,12.89
2026-09-03 04:17:00,23.93,88.24,0.0,77,0.0,0.0,12.89
2026-09-03 04:18:00,23.91,88.26,0.0,77,0.015,0.0,12.89
2026-09-03 04:19:00,23.91,88.26,0.0,77,0.03,0.0,12.89
2026-09-03 04:20:00,23.89,88.27,0.0,77,0.0,0.0,12.89
2026-09-03 04:21:00,23.88,88.28,0.0,77,0.0,0.0,12.89
2026-09-03 04:22:00,23.88,88.31,0.0,77,0.0,0.0,12.89
2026-09-03 04:23:00,23.88,88.31,0.0,77,0.0,0.0,12.89
2026-09-03 04:24:00,23.87,88.33,0.0,77,0.0,0.0,12.89
2026-09-03 04:25:00,23.85,88.28,0.0,77,0.0,0.0,12.89
2026-09-03 04:26:00,23.87,88.32,0.0,77,0.0,0.0,12.89
2026-09-03 04:27:00,23.85,88.34,0.0,77,0.0,0.0,12.89
2026-09-03 04:28:00,23.84,88.39,0.0,77,0.0,0.0,12.89
2026-09-03 04:29:00,23.84,88.38,0.0,77,0.0,0.0,12.89
2026-09-03 04:30:00,23.81,88.37,0.0,77,0.0,0.0,12.89
2026-09-03 04:31:00,23.79,88.43,0.0,77,0.0,0.0,12.89
2026-09-03 04:32:00,23.75,88.42,0.0,77,0.09,0.0,12.89
2026-09-03 04:33:00,23.74,88.52,0.0,77,0.015,0.0,12.89
2026-09-03 04:34:00,23.71,88.61,0.0,77,0.0,0.0,12.89
2026-09-03 04:35:00,23.68,88.65,0.0,77,0.0,0.0,12.89
2026-09-03 04:36:00,23.67,88.71,0.0,77,0.015,0.0,12.89
2026-09-03 04:37:00,23.67,88.73,0.0,77,0.0,0.0,12.89
2026-09-03 04:38:00,23.68,88.83,0.0,77,0.015,0.0,12.89
2026-09-03 04:39:00,23.67,88.86,0.0,77,0.0,0.0,12.89
2026-09-03 04:40:00,23.64,88.92,0.0,77,0.0,0.0,12.89
2026-09-03 04:41:00,23.65,88.96,0.0,77,0.0,0.0,12.89
2026-09-03 04:42:00,23.68,89.03,0.0,77,0.03,0.0,12.89
2026-09-03 04:43:00,23.68,89.06,0.0,77,0.075,0.0,12.89
2026-09-03 04:44:00,23.68,89.11,0.0,77,0.015,0.0,12.89
2026-09-03 04:45:00,23.7,89.14,0.0,77,0.045,0.0,12.89
2026-09-03 04:46:00,23.71,89.16,0.0,77,0.0,0.0,12.89
2026-09-03 04:47:00,23.68,89.2,0.0,77,0.0,0.0,12.89
2026-09-03 04:48:00,23.71,89.18,0.0,77,0.03,0.0,12.89
2026-09-03 04:49:00,23.72,89.21,0.0,77,0.015,0.0,12.89
2026-09-03 04:50:00,23.71,89.21,0.0,77,0.0,0.0,12.89
2026-09-03 04:51:00,23.71,89.22,0.0,77,0.0,0.0,12.89
2026-09-03 04:52:00,23.71,89.25,0.0,77,0.0,0.0,12.89
2026-09-03 04:53:00,23.68,89.2,0.0,77,0.0,0.0,12.89
2026-09-03 04:54:00,23.67,89.27,0.0,77,0.105,0.0,12.89
2026-09-03 04:55:00,23.67,89.31,0.0,77,0.0,0.0,12.89
2026-09-03 04:56:00,23.64,89.28,0.0,77,0.0,0.0,12.89
2026-09-03 04:57:00,23.62,89.33,0.0,77,0.0,0.0,12.89
2026-09-03 04:58:00,23.62,89.4,0.0,77,0.0,0.0,12.89
2026-09-03 04:59:00,23.61,89.41,0.0,77,0.0,0.0,12.89
2026-09-03 05:00:00,23.6,89.54,0.0,77,0.015,0.0,12.89
2026-09-03 05:01:00,23.62,89.54,0.0,77,0.0,0.0,12.89
2026-09-03 05:02:00,23.6,89.57,0.0,77,0.0,0.0,12.89
2026-09-03 05:03:00,23.6,89.55,0.0,77,0.0,0.0,12.89
2026-09-03 05:04:00,23.6,89.61,0.0,77,0.0,0.0,12.89
2026-09-03 05:05:00,23.6,89.66,0.0,77,0.0,0.0,12.89
2026-09-03 05:06:00,23.57,89.6,0.0,77,0.09,0.0,12.89
2026-09-03 05:07:00,23.55,89.64,0.0,77,0.12,0.0,12.89
2026-09-03 05:08:00,23.54,89.63,0.0,77,0.06,0.0,12.89
2026-09-03 05:09:00,23.51,89.65,0.0,77,0.03,0.0,12.89
2026-09-03 05:10:00,23.5,89.69,0.0,77,0.0,0.0,12.89
2026-09-03 05:11:00,23.47,89.76,0.0,77,0.0,0.0,12.89
2026-09-03 05:12:00,23.51,89.76,0.0,77,0.0,0.0,12.89
2026-09-03 05:13:00,23.47,89.78,0.0,77,0.0,0.0,12.89
2026-09-03 05:14:00,23.48,89.85,0.0,77,0.0,0.0,12.89
2026-09-03 05:15:00,23.48,89.87,0.0,77,0.0,0.0,12.89
2026-09-03 05:16:00,23.48,89.93,0.0,77,0.0,0.0,12.89
2026-09-03 05:17:00,23.48,89.93,0.0,77,0.0,0.0,12.89
2026-09-03 05:18:00,23.45,89.93,0.0,77,0.0,0.0,12.89
2026-09-03 05:19:00,23.47,89.93,0.0,77,0.045,0.0,12.89
2026-09-03 05:20:00,23.44,89.94,0.0,77,0.015,0.0,12.89
2026-09-03 05:21:00,23.42,89.9,0.0,77,0.225,0.0,12.89
2026-09-03 05:22:00,23.38,89.94,0.0,77,0.12,0.0,12.89
2026-09-03 05:23:00,23.37,89.97,0.0,77,0.285,0.0,12.89
2026-09-03 05:24:00,23.37,90.1,0.0,77,0.03,0.0,12.89
2026-09-03 05:25:00,23.37,90.14,0.0,77,0.075,0.0,12.89
2026-09-03 05:26:00,23.34,90.19,0.0,77,0.225,0.0,12.89
2026-09-03 05:27:00,23.34,90.27,0.0,77,0.03,0.0,12.89
2026-09-03 05:28:00,23.34,90.29,0.0,77,0.255,0.0,12.89
2026-09-03 05:29:00,23.31,90.38,0.0,77,0.09,0.0,12.89
2026-09-03 05:30:00,23.33,90.41,0.0,77,0.135,0.0,12.89
2026-09-03 05:31:00,23.31,90.48,0.0,77,0.03,0.0,12.89
2026-09-03 05:32:00,23.3,90.48,0.0,77,0.09,0.0,12.89
2026-09-03 05:33:00,23.31,90.57,0.0,77,0.105,0.0,12.89
2026-09-03 05:34:00,23.3,90.58,0.0,77,0.015,0.0,12.89
2026-09-03 05:35:00,23.3,90.63,0.0,77,0.0,0.0,12.89
2026-09-03 05:36:00,23.29,90.73,0.0,77,0.015,0.0,12.89
2026-09-03 05:37:00,23.3,90.71,0.0,77,0.0,0.0,12.89
2026-09-03 05:38:00,23.33,90.72,0.0,77,0.0,0.0,12.89
2026-09-03 05:39:00,23.31,90.69,0.0,77,0.0,0.0,12.89
2026-09-03 05:40:00,23.31,90.68,0.0,77,0.0,0.0,12.89
2026-09-03 05:41:00,23.31,90.71,0.0,77,0.0,0.0,12.89
2026-09-03 05:42:00,23.33,90.69,0.0,77,0.0,0.0,12.89
2026-09-03 05:43:00,23.31,90.69,0.0,77,0.045,0.0,12.89
2026-09-03 05:44:00,23.31,90.69,0.0,77,0.0,0.0,12.89
2026-09-03 05:45:00,23.34,90.76,0.0,77,0.0,0.0,12.89
2026-09-03 05:46:00,23.31,90.76,0.0,77,0.0,0.0,12.89
2026-09-03 05:47:00,23.31,90.76,0.0,77,0.0,0.0,12.89
2026-09-03 05:48:00,23.31,90.74,0.0,77,0.015,0.0,12.89
2026-09-03 05:49:00,23.31,90.75,0.0,77,0.0,0.0,12.89
2026-09-03 05:50:00,23.34,90.78,0.0,77,0.03,0.0,12.89
2026-09-03 05:51:00,23.34,90.79,0.0,77,0.0,0.0,12.89
2026-09-03 05:52:00,23.36,90.8,0.0,77,0.0,0.0,12.89
2026-09-03 05:53:00,23.34,90.81,0.0,77,0.0,0.0,12.89
2026-09-03 05:54:00,23.34,90.75,0.0,77,0.0,0.0,12.89
2026-09-03 05:55:00,23.37,90.74,0.0,77,0.0,0.0,12.89
2026-09-03 05:56:00,23.34,90.81,0.0,77,0.0,0.0,12.89
2026-09-03 05:57:00,23.37,90.73,0.0,77,0.0,0.0,12.89
2026-09-03 05:58:00,23.36,90.79,0.0,77,0.015,0.0,12.89
2026-09-03 05:59:00,23.4,90.79,0.0,77,0.0,0.0,12.89
2026-09-03 06:00:00,23.37,90.78,0.0,77,0.0,0.0,12.89
2026-09-03 06:01:00,23.38,90.79,0.0,77,0.0,0.0,12.89
2026-09-03 06:02:00,23.37,90.73,0.0,77,0.015,0.0,12.89
2026-09-03 06:03:00,23.37,90.75,0.0,77,0.0,0.0,12.89
2026-09-03 06:04:00,23.38,90.7,0.0,77,0.165,0.0,12.89
2026-09-03 06:05:00,23.37,90.54,0.0,77,0.255,0.0,12.89
2026-09-03 06:06:00,23.38,90.52,0.0,77,0.18,0.0,12.89
2026-09-03 06:07:00,23.36,90.48,0.0,77,0.015,0.0,12.89
2026-09-03 06:08:00,23.37,90.51,0.76,77,0.03,0.0,12.89
2026-09-03 06:09:00,23.36,90.47,1.14,77,0.09,0.0,12.89
2026-09-03 06:10:00,23.36,90.41,1.53,77,0.09,0.0,12.89
2026-09-03 06:11:00,23.37,90.38,1.53,77,0.015,0.0,12.89
2026-09-03 06:12:00,23.33,90.32,1.53,77,0.0,0.0,12.89
2026-09-03 06:13:00,23.36,90.33,1.91,77,0.0,0.0,12.89
2026-09-03 06:14:00,23.31,90.3,2.29,77,0.0,0.0,12.89
2026-09-03 06:15:00,23.33,90.23,2.29,77,0.015,0.0,12.89
2026-09-03 06:16:00,23.33,90.25,2.29,77,0.075,0.0,12.89
2026-09-03 06:17:00,23.33,90.19,2.67,77,0.0,0.0,12.89
2026-09-03 06:18:00,23.33,90.18,2.67,77,0.015,0.0,12.89
2026-09-03 06:19:00,23.36,90.17,3.05,77,0.0,0.0,12.89
2026-09-03 06:20:00,23.38,90.11,3.43,77,0.06,0.0,12.89
2026-09-03 06:21:00,23.37,90.01,4.2,77,0.24,0.0,12.89
2026-09-03 06:22:00,23.36,90.0,4.58,77,0.03,0.0,12.89
2026-09-03 06:23:00,23.38,89.95,5.34,77,0.03,0.0,12.89
2026-09-03 06:24:00,23.37,89.92,5.72,77,0.06,0.0,12.89
2026-09-03 06:25:00,23.37,89.84,6.49,77,0.0,0.0,12.89
2026-09-03 06:26:00,23.38,89.8,6.87,77,0.0,0.0,12.89
2026-09-03 06:27:00,23.4,89.74,7.25,77,0.03,0.0,12.89
2026-09-03 06:28:00,23.41,89.69,7.63,77,0.045,0.0,12.89
2026-09-03 06:29:00,23.41,89.65,8.01,77,0.015,0.0,12.89
2026-09-03 06:30:00,23.42,89.64,8.39,77,0.0,0.0,12.89
2026-09-03 06:31:00,23.44,89.65,9.16,77,0.0,0.0,12.89
2026-09-03 06:32:00,23.44,89.59,10.3,77,0.0,0.0,12.89
2026-09-03 06:33:00,23.44,89.54,11.83,77,0.075,0.0,12.89
2026-09-03 06:34:00,23.47,89.51,13.73,77,0.0,0.0,12.89
2026-09-03 06:35:00,23.45,89.47,14.88,77,0.03,0.0,12.89
2026-09-03 06:36:00,23.48,89.39,15.64,77,0.195,0.0,12.89
2026-09-03 06:37:00,23.47,89.33,16.4,77,0.06,0.0,12.89
2026-09-03 06:38:00,23.47,89.37,17.55,77,0.015,0.0,12.89
2026-09-03 06:39:00,23.48,89.29,19.07,77,0.03,0.0,12.89
2026-09-03 06:40:00,23.48,89.27,20.98,77,0.0,0.0,12.89
2026-09-03 06:41:00,23.48,89.24,22.13,77,0.105,0.0,12.89
2026-09-03 06:42:00,23.51,89.16,23.65,77,0.09,0.0,12.89
2026-09-03 06:43:00,23.5,89.09,24.8,77,0.0,0.0,12.89
2026-09-03 06:44:00,23.48,89.09,26.32,77,0.0,0.0,12.89
2026-09-03 06:45:00,23.5,89.11,27.85,77,0.0,0.0,12.89
2026-09-03 06:46:00,23.55,89.07,29.37,77,0.0,0.0,12.89
2026-09-03 06:47:00,23.54,89.0,30.52,77,0.015,0.0,12.89
2026-09-03 06:48:00,23.55,88.92,31.28,77,0.0,0.0,12.89
2026-09-03 06:49:00,23.58,88.86,32.43,77,0.015,0.0,12.89
2026-09-03 06:50:00,23.58,88.77,32.81,77,0.0,0.0,12.93
2026-09-03 06:51:00,23.58,88.67,33.57,77,0.015,0.0,12.89
2026-09-03 06:52:00,23.6,88.65,34.71,77,0.0,0.0,12.93
2026-09-03 06:53:00,23.64,88.6,35.48,77,0.0,0.0,12.93
2026-09-03 06:54:00,23.65,88.51,36.24,77,0.0,0.0,12.93
2026-09-03 06:55:00,23.65,88.46,37.38,77,0.045,0.0,12.93
2026-09-03 06:56:00,23.67,88.44,38.91,77,0.0,0.0,12.93
2026-09-03 06:57:00,23.68,88.4,41.2,77,0.045,0.0,12.93
2026-09-03 06:58:00,23.7,88.28,43.87,77,0.015,0.0,12.93
2026-09-03 06:59:00,23.7,88.24,46.92,77,0.0,0.0,12.97
2026-09-03 07:00:00,23.72,88.27,49.21,77,0.0,0.0,13.04
2026-09-03 07:01:00,23.74,88.26,50.74,77,0.0,0.0,13.04
2026-09-03 07:02:00,23.75,88.17,50.74,77,0.15,0.0,13.04
2026-09-03 07:03:00,23.77,88.13,50.35,77,0.0,0.0,13.04
2026-09-03 07:04:00,23.77,88.05,50.35,77,0.0,0.0,13.04
2026-09-03 07:05:00,23.78,88.03,51.88,77,0.0,0.0,13.04
2026-09-03 07:06:00,23.77,87.91,52.64,77,0.075,0.0,13.08
2026-09-03 07:07:00,23.79,87.93,54.55,77,0.0,0.0,13.08
2026-09-03 07:08:00,23.82,87.9,57.6,77,0.03,0.0,13.08
2026-09-03 07:09:00,23.84,87.86,62.18,77,0.0,0.0,13.12
2026-09-03 07:10:00,23.84,87.87,66.76,77,0.255,0.0,13.12
2026-09-03 07:11:00,23.84,87.84,71.34,77,0.0,0.0,13.16
2026-09-03 07:12:00,23.87,87.85,75.15,77,0.015,0.0,13.16
2026-09-03 07:13:00,23.89,87.78,79.73,77,0.09,0.0,13.16
2026-09-03 07:14:00,23.89,87.66,83.92,46,0.3,0.0,13.16
2026-09-03 07:15:00,23.88,87.62,89.27,46,0.135,0.0,13.16
2026-09-03 07:16:00,23.93,87.64,93.08,46,0.015,0.0,13.16
2026-09-03 07:17:00,23.89,87.55,97.66,46,0.075,0.0,13.16
2026-09-03 07:18:00,23.91,87.6,101.47,76,0.105,0.0,13.16
2026-09-03 07:19:00,23.92,87.55,106.05,63,0.36,0.0,13.16
2026-09-03 07:20:00,23.95,87.66,109.48,63,0.045,0.0,13.16
2026-09-03 07:21:00,23.99,87.65,112.15,63,0.0,0.0,13.16
2026-09-03 07:22:00,24.01,87.62,114.06,63,0.015,0.0,13.16
2026-09-03 07:23:00,24.05,87.6,115.97,63,0.0,0.0,13.46
2026-09-03 07:24:00,24.09,87.54,118.26,63,0.03,0.0,13.46
2026-09-03 07:25:00,24.12,87.49,117.11,63,0.03,0.0,13.46
2026-09-03 07:26:00,24.13,87.25,115.59,63,0.345,0.0,13.46
2026-09-03 07:27:00,24.16,87.22,120.16,63,0.315,0.0,13.53
2026-09-03 07:28:00,24.18,87.25,123.22,63,0.03,0.0,13.53
2026-09-03 07:29:00,24.22,87.24,124.36,63,0.09,0.0,13.53
2026-09-03 07:30:00,24.28,87.19,131.99,63,0.195,0.0,13.57
2026-09-03 07:31:00,24.28,86.98,134.66,61,0.345,0.0,13.61
2026-09-03 07:32:00,24.29,87.04,137.33,61,0.03,0.0,13.64
2026-09-03 07:33:00,24.32,86.98,119.78,61,0.015,0.0,13.61
2026-09-03 07:34:00,24.39,86.9,124.36,61,0.0,0.0,13.61
2026-09-03 07:35:00,24.4,86.8,112.54,61,0.075,0.0,13.57
2026-09-03 07:36:00,24.46,86.78,117.11,61,0.015,0.0,13.53
2026-09-03 07:37:00,24.49,86.74,114.06,61,0.0,0.0,13.53
2026-09-03 07:38:00,24.51,86.67,112.92,61,0.0,0.0,13.53
2026-09-03 07:39:00,24.54,86.53,113.3,61,0.0,0.0,13.53
2026-09-03 07:40:00,24.54,86.34,114.44,61,0.255,0.0,13.53
2026-09-03 07:41:00,24.53,86.05,115.21,61,0.465,0.0,13.53
2026-09-03 07:42:00,24.51,86.04,115.59,61,0.15,0.0,13.53
2026-09-03 07:43:00,24.49,86.21,116.35,61,0.0,0.0,13.53
2026-09-03 07:44:00,24.53,86.23,117.88,61,0.15,0.0,13.53
2026-09-03 07:45:00,24.54,86.23,119.78,61,0.255,0.0,13.53
2026-09-03 07:46:00,24.54,86.17,121.69,61,0.255,0.0,13.57
2026-09-03 07:47:00,24.59,86.3,124.36,61,0.045,0.0,13.57
2026-09-03 07:48:00,24.59,86.24,126.27,61,0.09,0.0,13.57
2026-09-03 07:49:00,24.63,86.28,128.18,113,0.03,0.0,13.61
2026-09-03 07:50:00,24.66,86.25,128.94,118,0.15,0.0,13.61
2026-09-03 07:51:00,24.7,86.22,128.18,118,0.045,0.0,13.61
2026-09-03 07:52:00,24.7,86.19,128.18,118,0.06,0.0,13.61
2026-09-03 07:53:00,24.74,86.14,128.18,118,0.045,0.0,13.61
2026-09-03 07:54:00,24.79,86.07,128.94,118,0.105,0.0,13.61
2026-09-03 07:55:00,24.77,85.98,130.85,118,0.015,0.0,13.64
2026-09-03 07:56:00,24.84,85.94,133.13,118,0.045,0.0,13.64
2026-09-03 07:57:00,24.87,85.88,135.81,118,0.09,0.0,13.64
2026-09-03 07:58:00,24.94,85.87,138.86,118,0.0,0.0,13.64
2026-09-03 07:59:00,24.97,85.8,143.05,118,0.0,0.0,13.64
2026-09-03 08:00:00,25.01,85.69,147.63,118,0.0,0.0,13.64
2026-09-03 08:01:00,25.05,85.59,151.06,118,0.0,0.0,13.64
2026-09-03 08:02:00,25.11,85.39,154.12,118,0.255,0.0,13.79
2026-09-03 08:03:00,25.11,85.26,156.79,118,0.36,0.0,13.79
2026-09-03 08:04:00,25.14,85.32,159.08,118,0.075,0.0,13.79
2026-09-03 08:05:00,25.17,85.32,161.36,118,0.06,0.0,13.79
2026-09-03 08:06:00,25.22,85.32,162.89,118,0.075,0.0,13.79
2026-09-03 08:07:00,25.28,85.2,162.89,118,0.09,0.0,13.79
2026-09-03 08:08:00,25.34,85.1,160.22,118,0.015,0.0,13.79
2026-09-03 08:09:00,25.37,84.98,157.17,118,0.03,0.0,13.79
2026-09-03 08:10:00,25.39,84.83,155.64,118,0.045,0.0,13.79
2026-09-03 08:11:00,25.45,84.63,155.26,118,0.015,0.0,13.79
2026-09-03 08:12:00,25.48,84.52,155.64,118,0.015,0.0,13.79
2026-09-03 08:13:00,25.5,84.45,158.69,118,0.045,0.0,13.79
2026-09-03 08:14:00,25.56,84.37,158.69,118,0.03,0.0,13.79
2026-09-03 08:15:00,25.59,84.18,159.84,118,0.0,0.0,13.79
2026-09-03 08:16:00,25.65,84.02,163.65,118,0.075,0.0,13.79
2026-09-03 08:17:00,25.66,83.88,170.14,118,0.015,0.0,13.79
2026-09-03 08:18:00,25.69,83.84,170.52,118,0.0,0.0,13.79
2026-09-03 08:19:00,25.75,83.7,168.61,118,0.015,0.0,13.79
2026-09-03 08:20:00,25.8,83.56,170.14,118,0.0,0.0,13.79
2026-09-03 08:21:00,25.85,83.45,175.48,118,0.0,0.0,13.79
2026-09-03 08:22:00,25.89,83.29,184.63,118,0.0,0.0,13.79
2026-09-03 08:23:00,25.89,83.04,186.16,90,0.42,0.0,13.79
2026-09-03 08:24:00,25.88,83.12,185.78,90,0.075,0.0,13.79
2026-09-03 08:25:00,25.86,82.95,185.02,90,0.195,0.0,13.83
2026-09-03 08:26:00,25.88,83.01,185.4,90,0.21,0.0,13.83
2026-09-03 08:27:00,25.86,82.97,185.4,90,0.27,0.0,13.83
2026-09-03 08:28:00,25.86,83.13,189.59,90,0.015,0.0,13.91
2026-09-03 08:29:00,25.86,83.26,198.75,90,0.0,0.0,14.09
2026-09-03 08:30:00,25.9,83.11,209.81,90,0.0,0.0,14.09
2026-09-03 08:31:00,25.95,83.15,217.44,90,0.03,0.0,14.09
2026-09-03 08:32:00,26.0,83.12,222.4,90,0.0,0.0,14.09
2026-09-03 08:33:00,26.09,83.08,235.75,90,0.015,0.0,14.09
2026-09-03 08:34:00,26.16,82.9,231.56,90,0.0,0.0,14.09
2026-09-03 08:35:00,26.2,82.55,235.37,90,0.0,0.0,14.09
2026-09-03 08:36:00,26.24,82.42,233.84,141,0.21,0.0,14.09
2026-09-03 08:37:00,26.27,82.24,228.12,141,0.03,0.0,14.09
2026-09-03 08:38:00,26.3,82.09,231.17,236,0.27,0.0,14.09
2026-09-03 08:39:00,26.31,82.23,228.89,236,0.015,0.0,14.09
2026-09-03 08:40:00,26.38,82.25,228.5,236,0.015,0.0,14.09
2026-09-03 08:41:00,26.4,81.92,231.56,236,0.03,0.0,14.09
2026-09-03 08:42:00,26.44,81.8,237.66,236,0.015,0.0,14.09
2026-09-03 08:43:00,26.47,81.64,244.14,236,0.045,0.0,14.09
2026-09-03 08:44:00,26.51,81.62,249.1,236,0.075,0.0,14.09
2026-09-03 08:45:00,26.55,81.5,252.92,162,0.15,0.0,14.09
2026-09-03 08:46:00,26.6,81.41,253.68,162,0.015,0.0,14.09
2026-09-03 08:47:00,26.61,81.29,251.39,169,0.105,0.0,14.09
2026-09-03 08:48:00,26.64,81.21,254.44,169,0.15,0.0,14.09
2026-09-03 08:49:00,26.64,80.92,257.5,169,0.09,0.0,14.09
2026-09-03 08:50:00,26.67,81.04,260.55,169,0.045,0.0,14.09
2026-09-03 08:51:00,26.68,80.93,264.74,169,0.225,0.0,14.09
2026-09-03 08:52:00,26.73,81.0,266.27,169,0.045,0.0,14.13
2026-09-03 08:53:00,26.75,80.85,258.26,169,0.075,0.0,14.13
2026-09-03 08:54:00,26.77,80.62,256.73,169,0.03,0.0,14.13
2026-09-03 08:55:00,26.77,80.63,255.97,169,0.03,0.0,14.13
2026-09-03 08:56:00,26.81,80.56,259.78,169,0.045,0.0,14.13
2026-09-03 08:57:00,26.84,80.52,264.74,169,0.165,0.0,14.13
2026-09-03 08:58:00,26.88,80.49,273.52,169,0.015,0.0,14.13
2026-09-03 08:59:00,26.91,80.2,276.57,169,0.045,0.0,14.13
2026-09-03 09:00:00,26.95,80.22,286.49,169,0.105,0.0,14.13
2026-09-03 09:01:00,27.03,80.16,286.87,169,0.0,0.0,14.13
2026-09-03 09:02:00,27.09,79.9,288.78,169,0.0,0.0,14.13
2026-09-03 09:03:00,27.19,79.73,292.97,97,0.225,0.0,14.13
2026-09-03 09:04:00,27.25,79.64,309.76,97,0.12,0.0,14.13
2026-09-03 09:05:00,27.32,79.37,306.71,97,0.06,0.0,14.13
2026-09-03 09:06:00,27.39,79.44,304.8,97,0.075,0.0,14.13
2026-09-03 09:07:00,27.46,78.82,317.01,97,0.06,0.0,14.13
2026-09-03 09:08:00,27.46,78.67,334.94,97,0.03,0.0,14.13
2026-09-03 09:09:00,27.54,78.31,353.63,53,0.18,0.0,14.13
2026-09-03 09:10:00,27.57,77.41,444.04,54,0.72,0.0,14.17
2026-09-03 09:11:00,27.62,77.65,556.95,65,0.57,0.0,14.17
2026-09-03 09:12:00,27.76,77.31,403.98,91,0.135,0.0,14.13
2026-09-03 09:13:00,27.86,77.45,500.11,149,0.165,0.0,14.17
2026-09-03 09:14:00,28.0,76.81,646.6,209,0.285,0.0,14.17
2026-09-03 09:15:00,28.14,76.12,367.36,79,0.435,0.0,14.13
2026-09-03 09:16:00,28.18,75.61,402.46,79,0.3,0.0,14.13
2026-09-03 09:17:00,28.25,75.37,424.96,64,0.255,0.0,14.13
2026-09-03 09:18:00,28.27,75.32,337.61,63,0.165,0.0,14.13
2026-09-03 09:19:00,28.31,74.86,323.49,225,0.24,0.0,14.13
2026-09-03 09:20:00,28.35,74.86,333.79,224,0.105,0.0,14.13
2026-09-03 09:21:00,28.41,74.93,335.7,220,0.03,0.0,14.13
2026-09-03 09:22:00,28.46,74.64,305.94,118,0.195,0.0,14.13
2026-09-03 09:23:00,28.52,74.79,314.72,118,0.0,0.0,14.13
2026-09-03 09:24:00,28.61,74.46,288.78,118,0.045,0.0,14.13
2026-09-03 09:25:00,28.66,74.04,317.39,118,0.015,0.0,14.13
2026-09-03 09:26:00,28.75,73.97,362.02,118,0.06,0.0,14.13
2026-09-03 09:27:00,28.79,73.4,321.58,49,0.405,0.0,14.13
2026-09-03 09:28:00,28.81,73.39,329.98,198,0.165,0.0,14.13
2026-09-03 09:29:00,28.82,73.13,327.69,127,0.15,0.0,14.13
2026-09-03 09:30:00,28.85,72.44,355.54,137,0.165,0.0,14.13
2026-09-03 09:31:00,28.89,72.27,350.58,241,0.18,0.0,14.13
2026-09-03 09:32:00,28.95,72.41,360.49,241,0.045,0.0,14.13
2026-09-03 09:33:00,28.96,72.0,354.01,185,0.09,0.0,14.13
2026-09-03 09:34:00,28.92,72.07,349.43,62,0.255,0.0,14.13
2026-09-03 09:35:00,28.89,72.12,309.38,62,0.015,0.0,14.13
2026-09-03 09:36:00,28.9,72.36,351.72,62,0.0,0.0,14.13
2026-09-03 09:37:00,28.97,72.02,347.14,62,0.0,0.0,14.13
2026-09-03 09:38:00,28.97,72.12,321.2,62,0.18,0.0,14.09
2026-09-03 09:39:00,29.0,72.27,291.45,62,0.0,0.0,14.09
2026-09-03 09:40:00,28.99,72.21,300.6,87,0.18,0.0,14.09
2026-09-03 09:41:00,28.96,72.12,304.04,61,0.345,0.0,14.09
2026-09-03 09:42:00,28.87,72.12,309.76,81,0.6,0.0,14.09
2026-09-03 09:43:00,28.78,72.09,342.18,64,0.45,0.0,14.13
2026-09-03 09:44:00,28.75,72.58,373.46,64,0.18,0.0,14.09
2026-09-03 09:45:00,28.71,72.99,355.54,71,0.315,0.0,14.13
2026-09-03 09:46:00,28.75,73.35,339.89,71,0.075,0.0,14.09
2026-09-03 09:47:00,28.78,73.03,356.3,71,0.18,0.0,14.09
2026-09-03 09:48:00,28.82,72.99,325.78,71,0.03,0.0,14.09
2026-09-03 09:49:00,28.85,72.69,325.4,215,0.225,0.0,14.09
2026-09-03 09:50:00,28.86,72.91,311.28,215,0.105,0.0,14.09
2026-09-03 09:51:00,28.86,72.79,321.2,197,0.135,0.0,14.09
2026-09-03 09:52:00,28.87,72.73,315.86,188,0.15,0.0,14.09
2026-09-03 09:53:00,28.87,72.68,336.84,188,0.09,0.0,14.09
2026-09-03 09:54:00,28.87,72.83,333.41,188,0.15,0.0,14.09
2026-09-03 09:55:00,28.9,72.92,342.18,188,0.15,0.0,14.09
2026-09-03 09:56:00,28.9,73.03,384.53,155,0.195,0.0,14.09
2026-09-03 09:57:00,28.9,72.81,399.79,168,0.39,0.0,14.09
2026-09-03 09:58:00,28.9,72.8,383.76,212,0.285,0.0,14.09
2026-09-03 09:59:00,28.95,72.97,349.43,192,0.21,0.0,14.09
2026-09-03 10:00:00,28.97,72.47,327.69,130,0.555,0.0,14.09
2026-09-03 10:01:00,28.93,72.86,325.78,130,0.09,0.0,14.09
2026-09-03 10:02:00,29.0,72.72,344.85,130,0.045,0.0,14.09
2026-09-03 10:03:00,29.03,72.65,355.15,130,0.18,0.0,14.09
2026-09-03 10:04:00,29.05,72.18,365.84,176,0.27,0.0,14.09
2026-09-03 10:05:00,29.07,72.09,381.86,176,0.18,0.0,14.09
2026-09-03 10:06:00,29.13,71.96,392.54,176,0.18,0.0,14.09
2026-09-03 10:07:00,29.1,72.04,377.28,176,0.195,0.0,14.09
2026-09-03 10:08:00,29.06,72.41,362.78,150,0.435,0.0,14.09
2026-09-03 10:09:00,29.02,72.94,351.34,150,0.18,0.0,14.09
2026-09-03 10:10:00,29.02,73.39,345.62,200,0.345,0.0,14.09
2026-09-03 10:11:00,28.96,73.67,354.77,251,0.6,0.0,14.09
2026-09-03 10:12:00,28.87,74.07,395.97,196,0.33,0.0,14.09
2026-09-03 10:13:00,28.83,74.31,418.48,165,0.165,0.0,14.09
2026-09-03 10:14:00,28.76,74.37,365.45,177,0.405,0.0,14.09
2026-09-03 10:15:00,28.74,74.76,358.59,147,0.195,0.0,14.09
2026-09-03 10:16:00,28.71,74.65,395.59,161,0.315,0.0,14.09
2026-09-03 10:17:00,28.65,74.71,367.74,188,0.345,0.0,14.09
2026-09-03 10:18:00,28.56,74.7,399.4,153,0.345,0.0,14.09
2026-09-03 10:19:00,28.55,74.83,368.51,149,0.225,0.0,14.09
2026-09-03 10:20:00,28.52,75.1,436.79,189,0.21,0.0,14.09
2026-09-03 10:21:00,28.55,75.07,435.65,174,0.39,0.0,14.09
2026-09-03 10:22:00,28.58,75.0,450.9,245,0.165,0.0,14.09
2026-09-03 10:23:00,28.59,74.54,439.46,216,0.39,0.0,14.09
2026-09-03 10:24:00,28.61,74.34,428.4,177,0.24,0.0,14.09
2026-09-03 10:25:00,28.62,74.47,483.33,229,0.315,0.0,14.09
2026-09-03 10:26:00,28.66,74.06,471.89,155,0.315,0.0,14.09
2026-09-03 10:27:00,28.69,73.82,500.5,196,0.495,0.0,14.09
2026-09-03 10:28:00,28.71,74.04,614.56,195,0.435,0.0,14.09
2026-09-03 10:29:00,28.78,73.74,533.68,168,0.45,0.0,14.09
2026-09-03 10:30:00,28.86,73.37,489.43,157,0.36,0.0,14.09
2026-09-03 10:31:00,28.97,73.54,431.83,105,0.06,0.0,14.09
2026-09-03 10:32:00,29.07,73.01,372.32,111,0.15,0.0,14.09
2026-09-03 10:33:00,29.13,72.43,355.15,154,0.3,0.0,14.09
2026-09-03 10:34:00,29.13,72.45,365.45,184,0.345,0.0,14.09
2026-09-03 10:35:00,29.1,72.29,355.15,184,0.135,0.0,14.09
2026-09-03 10:36:00,29.07,72.26,356.68,168,0.33,0.0,14.09
2026-09-03 10:37:00,29.02,71.78,348.67,189,0.435,0.0,14.09
2026-09-03 10:38:00,28.93,72.24,346.76,180,0.33,0.0,14.09
2026-09-03 10:39:00,28.89,72.47,367.36,161,0.24,0.0,14.09
2026-09-03 10:40:00,28.89,72.39,382.62,185,0.195,0.0,14.09
2026-09-03 10:41:00,28.92,72.15,421.91,136,0.255,0.0,14.09
2026-09-03 10:42:00,28.87,71.67,375.75,187,0.405,0.0,14.09
2026-09-03 10:43:00,28.89,71.68,411.23,167,0.24,0.0,14.09
2026-09-03 10:44:00,28.87,72.01,428.78,151,0.375,0.0,14.09
2026-09-03 10:45:00,28.92,72.01,440.6,161,0.225,0.0,14.09
2026-09-03 10:46:00,28.96,71.79,418.1,225,0.06,0.0,14.09
2026-09-03 10:47:00,29.03,71.53,398.26,238,0.405,0.0,14.09
2026-09-03 10:48:00,29.02,71.04,410.47,174,0.45,0.0,14.09
2026-09-03 10:49:00,28.99,71.2,408.56,174,0.135,0.0,14.09
2026-09-03 10:50:00,28.93,71.16,374.23,189,0.33,0.0,14.09
2026-09-03 10:51:00,28.96,71.23,399.79,189,0.105,0.0,14.09
2026-09-03 10:52:00,28.96,71.26,403.98,189,0.135,0.0,14.09
2026-09-03 10:53:00,28.96,70.86,428.78,154,0.18,0.0,14.09
2026-09-03 10:54:00,28.92,71.14,437.93,183,0.285,0.0,14.09
2026-09-03 10:55:00,28.95,70.9,468.45,172,0.24,0.0,14.09
2026-09-03 10:56:00,28.9,71.41,514.61,158,0.36,0.0,14.09
2026-09-03 10:57:00,28.96,71.27,444.04,210,0.33,0.0,14.09
2026-09-03 10:58:00,29.03,70.91,477.61,196,0.21,0.0,14.09
2026-09-03 10:59:00,29.1,71.03,494.01,143,0.39,0.0,14.09
2026-09-03 11:00:00,29.16,70.7,413.14,185,0.27,0.0,14.09
2026-09-03 11:01:00,29.17,69.75,414.28,182,0.285,0.0,14.09
2026-09-03 11:02:00,29.13,69.95,452.05,182,0.33,0.0,14.09
2026-09-03 11:03:00,29.22,70.23,465.4,113,0.3,0.0,14.09
2026-09-03 11:04:00,29.27,70.32,444.42,250,0.36,0.0,14.09
2026-09-03 11:05:00,29.36,70.5,428.78,250,0.03,0.0,14.09
2026-09-03 11:06:00,29.41,69.69,397.12,129,0.24,0.0,14.09
2026-09-03 11:07:00,29.37,70.2,391.01,84,0.495,0.0,14.09
2026-09-03 11:08:00,29.34,70.87,390.25,89,0.375,0.0,14.09
2026-09-03 11:09:00,29.32,70.92,405.13,31,0.51,0.0,14.09
2026-09-03 11:10:00,29.29,70.9,413.14,115,0.63,0.0,14.09
2026-09-03 11:11:00,29.24,70.91,476.84,170,0.585,0.0,14.09
2026-09-03 11:12:00,29.23,71.06,477.61,114,0.495,0.0,14.09
2026-09-03 11:13:00,29.24,71.32,488.29,154,0.6,0.0,14.09
2026-09-03 11:14:00,29.26,71.11,516.9,71,0.51,0.0,14.09
2026-09-03 11:15:00,29.26,71.24,524.91,93,1.02,0.0,14.09
2026-09-03 11:16:00,29.27,71.72,388.72,112,0.48,0.0,14.09
2026-09-03 11:17:00,29.27,71.35,445.18,198,0.405,0.0,14.09
2026-09-03 11:18:00,29.27,71.32,681.32,208,0.375,0.0,14.09
2026-09-03 11:19:00,29.36,71.26,731.67,208,0.09,0.0,14.09
2026-09-03 11:20:00,29.45,70.64,827.04,211,0.21,0.0,14.09
2026-09-03 11:21:00,29.57,70.59,747.31,201,0.21,0.0,14.09
2026-09-03 11:22:00,29.7,70.23,841.15,81,0.285,0.0,14.09
2026-09-03 11:23:00,29.83,69.68,690.85,153,0.57,0.0,14.09
2026-09-03 11:24:00,29.92,69.1,646.98,170,0.225,0.0,14.09
2026-09-03 11:25:00,30.04,68.79,631.34,184,0.195,0.0,14.09
2026-09-03 11:26:00,30.15,68.66,484.09,168,0.12,0.0,14.09
2026-09-03 11:27:00,30.22,68.51,604.26,168,0.045,0.0,14.09
2026-09-03 11:28:00,30.33,68.64,517.28,168,0.075,0.0,14.09
2026-09-03 11:29:00,30.38,68.52,447.47,181,0.405,0.0,14.09
2026-09-03 11:30:00,30.39,68.48,564.97,227,0.285,0.0,14.09
2026-09-03 11:31:00,30.39,68.59,453.57,155,0.315,0.0,14.09
2026-09-03 11:32:00,30.39,68.42,390.63,69,0.42,0.0,14.09
2026-09-03 11:33:00,30.31,68.49,403.6,192,0.375,0.0,14.09
2026-09-03 11:34:00,30.26,68.39,375.75,241,0.465,0.0,14.09
2026-09-03 11:35:00,30.21,67.87,423.44,183,0.27,0.0,14.09
2026-09-03 11:36:00,30.14,68.29,409.32,318,0.375,0.0,14.09
2026-09-03 11:37:00,30.12,68.33,580.99,150,0.39,0.0,14.09
2026-09-03 11:38:00,30.08,68.81,699.24,188,0.3,0.0,14.09
2026-09-03 11:39:00,30.07,68.89,463.87,156,0.51,0.0,14.09
2026-09-03 11:40:00,30.05,68.87,455.48,156,0.06,0.0,14.09
2026-09-03 11:41:00,30.08,69.1,394.06,87,0.285,0.0,14.09
2026-09-03 11:42:00,30.04,69.41,747.69,142,0.735,0.0,14.09
2026-09-03 11:43:00,30.07,69.37,589.38,192,0.27,0.0,14.09
2026-09-03 11:44:00,30.07,69.37,569.54,99,0.48,0.0,14.09
2026-09-03 11:45:00,30.07,69.96,507.36,266,0.465,0.0,14.09
2026-09-03 11:46:00,30.09,69.3,444.04,175,0.27,0.0,14.09
2026-09-03 11:47:00,30.11,69.4,294.12,192,0.33,0.0,14.09
2026-09-03 11:48:00,30.09,69.42,268.18,187,0.27,0.0,14.09
2026-09-03 11:49:00,30.02,69.04,273.52,187,0.09,0.0,14.09
2026-09-03 11:50:00,29.95,68.82,302.51,187,0.18,0.0,14.09
2026-09-03 11:51:00,29.87,68.97,332.27,199,0.36,0.0,14.09
2026-09-03 11:52:00,29.89,69.36,429.54,238,0.555,0.0,14.09
2026-09-03 11:53:00,29.81,68.98,819.79,168,0.45,0.0,14.09
2026-09-03 11:54:00,29.83,68.89,911.73,168,0.09,0.0,14.09
2026-09-03 11:55:00,29.91,68.76,514.99,168,0.135,0.0,14.09
2026-09-03 11:56:00,30.01,68.8,666.82,168,0.105,0.0,14.09
2026-09-03 11:57:00,30.09,68.8,531.78,168,0.18,0.0,14.09
2026-09-03 11:58:00,30.16,67.55,730.53,182,0.405,0.0,14.09
2026-09-03 11:59:00,30.21,67.77,621.04,182,0.18,0.0,14.09
2026-09-03 12:00:00,30.32,67.58,559.24,165,0.15,0.0,14.09
2026-09-03 12:01:00,30.38,66.77,414.66,229,0.255,0.0,14.09
2026-09-03 12:02:00,30.32,66.56,342.95,193,0.33,0.0,14.09
2026-09-03 12:03:00,30.21,67.13,338.75,208,0.33,0.0,14.09
2026-09-03 12:04:00,30.15,67.68,346.76,188,0.345,0.0,14.09
2026-09-03 12:05:00,30.11,67.94,386.82,108,0.675,0.0,14.09
2026-09-03 12:06:00,30.07,68.25,390.63,108,0.21,0.0,14.09
2026-09-03 12:07:00,30.05,68.34,515.75,204,0.42,0.0,14.09
2026-09-03 12:08:00,29.96,68.66,698.48,257,0.15,0.0,14.09
2026-09-03 12:09:00,30.02,68.8,686.27,257,0.525,0.0,14.09
2026-09-03 12:10:00,30.07,69.06,722.13,257,0.315,0.0,14.09
2026-09-03 12:11:00,30.11,68.67,898.37,183,0.255,0.0,14.09
2026-09-03 12:12:00,30.18,68.81,690.47,166,0.24,0.0,14.09
2026-09-03 12:13:00,30.23,68.39,667.96,166,0.24,0.0,14.09
2026-09-03 12:14:00,30.33,67.66,765.62,51,0.6,0.0,14.09
2026-09-03 12:15:00,30.4,67.5,503.55,212,0.75,0.0,14.09
2026-09-03 12:16:00,30.43,67.43,527.96,75,0.435,0.0,14.09
2026-09-03 12:17:00,30.5,67.24,618.37,166,0.375,0.0,14.09
2026-09-03 12:18:00,30.58,66.9,558.1,83,0.42,0.0,14.09
2026-09-03 12:19:00,30.62,66.36,456.24,154,0.18,0.0,14.09
2026-09-03 12:20:00,30.65,66.3,478.75,154,0.105,0.0,14.09
2026-09-03 12:21:00,30.72,65.98,404.36,103,0.48,0.0,14.09
2026-09-03 12:22:00,30.74,65.85,391.01,221,0.255,0.0,14.09
2026-09-03 12:23:00,30.73,65.7,393.68,31,0.3,0.0,14.09
2026-09-03 12:24:00,30.79,65.76,403.22,36,0.09,0.0,14.09
2026-09-03 12:25:00,30.86,65.36,420.77,57,0.33,0.0,14.09
2026-09-03 12:26:00,30.77,64.54,439.84,61,0.615,0.0,14.09
2026-09-03 12:27:00,30.62,64.29,409.32,61,0.54,0.0,14.09
2026-09-03 12:28:00,30.53,64.9,396.35,61,0.51,0.0,14.09
2026-09-03 12:29:00,30.42,65.17,418.48,61,0.18,0.0,14.09
2026-09-03 12:30:00,30.42,66.2,428.02,61,0.045,0.0,14.09
2026-09-03 12:31:00,30.46,66.52,484.09,122,0.42,0.0,14.09
2026-09-03 12:32:00,30.47,66.76,537.12,128,0.42,0.0,14.09
2026-09-03 12:33:00,30.54,67.2,628.29,180,0.36,0.0,14.09
2026-09-03 12:34:00,30.67,67.08,582.89,150,0.36,0.0,14.09
2026-09-03 12:35:00,30.82,66.88,483.71,160,0.24,0.0,14.09
2026-09-03 12:36:00,30.87,66.76,461.2,161,0.24,0.0,14.09
2026-09-03 12:37:00,30.93,66.04,432.59,161,0.315,0.0,14.09
2026-09-03 12:38:00,30.95,66.03,394.06,161,0.15,0.0,14.09
2026-09-03 12:39:00,30.98,65.9,368.12,161,0.045,0.0,14.09
2026-09-03 12:40:00,30.94,65.95,363.55,161,0.12,0.0,14.09
2026-09-03 12:41:00,30.95,66.23,365.45,161,0.15,0.0,14.09
2026-09-03 12:42:00,31.0,65.81,360.49,161,0.21,0.0,14.09
2026-09-03 12:43:00,30.98,65.73,355.92,161,0.255,0.0,14.09
2026-09-03 12:44:00,30.98,65.73,358.59,161,0.0,0.0,14.09
2026-09-03 12:45:00,31.01,65.44,362.02,118,0.285,0.0,14.09
2026-09-03 12:46:00,30.97,65.91,366.22,109,0.345,0.0,14.09
2026-09-03 12:47:00,30.93,65.36,382.62,101,0.33,0.0,14.09
2026-09-03 12:48:00,30.86,65.54,390.25,101,0.255,0.0,14.09
2026-09-03 12:49:00,30.83,65.84,408.56,101,0.015,0.0,14.09
2026-09-03 12:50:00,30.86,65.7,386.82,101,0.0,0.0,14.09
2026-09-03 12:51:00,30.9,65.6,376.52,101,0.06,0.0,14.09
2026-09-03 12:52:00,30.89,65.8,362.4,56,0.24,0.0,14.09
2026-09-03 12:53:00,30.87,65.9,354.01,56,0.075,0.0,14.09
2026-09-03 12:54:00,30.82,66.09,345.62,125,0.24,0.0,14.09
2026-09-03 12:55:00,30.82,66.15,338.75,184,0.12,0.0,14.09
2026-09-03 12:56:00,30.79,66.16,342.57,190,0.21,0.0,14.09
2026-09-03 12:57:00,30.77,66.52,342.18,123,0.225,0.0,14.09
2026-09-03 12:58:00,30.76,66.54,339.13,123,0.075,0.0,14.09
2026-09-03 12:59:00,30.8,65.67,345.24,97,0.51,0.0,14.09
2026-09-03 13:00:00,30.67,65.8,357.06,57,0.795,0.0,14.09
2026-09-03 13:01:00,30.62,66.38,354.01,79,0.27,0.0,14.09
2026-09-03 13:02:00,30.62,66.36,354.39,79,0.135,0.0,14.09
2026-09-03 13:03:00,30.62,66.52,367.74,79,0.15,0.0,14.09
2026-09-03 13:04:00,30.7,66.38,384.53,79,0.03,0.0,14.09
2026-09-03 13:05:00,30.7,65.82,391.78,174,0.3,0.0,14.09
2026-09-03 13:06:00,30.72,66.03,411.23,111,0.375,0.0,14.09
2026-09-03 13:07:00,30.74,65.72,394.83,111,0.135,0.0,14.09
2026-09-03 13:08:00,30.73,65.99,419.24,111,0.18,0.0,14.09
2026-09-03 13:09:00,30.79,66.29,473.79,111,0.06,0.0,14.09
2026-09-03 13:10:00,30.87,65.96,635.92,111,0.075,0.0,14.09
2026-09-03 13:11:00,31.0,65.9,616.08,111,0.06,0.0,14.09
2026-09-03 13:12:00,31.11,65.06,424.96,87,0.375,0.0,14.09
2026-09-03 13:13:00,31.04,65.03,546.65,83,0.72,0.0,14.09
2026-09-03 13:14:00,31.03,65.84,399.02,248,0.165,0.0,14.09
2026-09-03 13:15:00,31.04,65.47,382.62,191,0.255,0.0,14.09
2026-09-03 13:16:00,31.04,65.88,570.69,191,0.285,0.0,14.09
2026-09-03 13:17:00,31.1,65.45,511.94,109,0.3,0.0,14.09
2026-09-03 13:18:00,31.1,65.63,577.55,185,0.315,0.0,14.09
2026-09-03 13:19:00,31.14,65.23,682.46,182,0.195,0.0,14.09
2026-09-03 13:20:00,31.24,64.37,630.58,208,0.195,0.0,14.09
2026-09-03 13:21:00,31.37,64.15,801.1,262,0.405,0.0,14.09
2026-09-03 13:22:00,31.46,63.66,892.27,244,0.54,0.0,14.09
2026-09-03 13:23:00,31.62,63.82,860.61,249,0.15,0.0,14.09
2026-09-03 13:24:00,31.88,62.92,712.98,245,0.39,0.0,14.09
2026-09-03 13:25:00,32.12,62.1,548.56,97,0.18,0.0,14.09
2026-09-03 13:26:00,32.22,62.02,494.39,235,0.24,0.0,14.09
2026-09-03 13:27:00,32.3,61.56,607.31,258,0.255,0.0,14.09
2026-09-03 13:28:00,32.42,61.34,367.36,258,0.09,0.0,14.09
2026-09-03 13:29:00,32.4,61.39,842.68,133,0.315,0.0,14.09
2026-09-03 13:30:00,32.43,61.32,970.86,177,0.39,0.0,14.09
2026-09-03 13:31:00,32.53,61.38,670.25,165,0.27,0.0,14.09
2026-09-03 13:32:00,32.66,61.07,672.16,104,0.375,0.0,14.09
2026-09-03 13:33:00,32.73,60.33,567.25,118,0.45,0.0,14.09
2026-09-03 13:34:00,32.63,59.93,452.81,161,0.72,0.0,14.09
2026-09-03 13:35:00,32.43,60.48,395.59,94,0.48,0.0,14.09
2026-09-03 13:36:00,32.22,60.98,360.49,90,0.9,0.0,14.09
2026-09-03 13:37:00,31.96,61.31,335.32,190,0.855,0.0,14.09
2026-09-03 13:38:00,31.71,61.9,336.84,71,0.6,0.0,14.09
2026-09-03 13:39:00,31.6,61.79,411.99,91,0.495,0.0,14.09
2026-09-03 13:40:00,31.46,62.34,572.98,91,0.285,0.0,14.09
2026-09-03 13:41:00,31.41,62.38,579.46,69,1.035,0.0,14.09
2026-09-03 13:42:00,31.37,62.63,499.35,92,0.465,0.0,14.09
2026-09-03 13:43:00,31.44,62.22,781.26,118,0.24,0.0,14.09
2026-09-03 13:44:00,31.62,61.56,514.99,151,0.18,0.0,14.09
2026-09-03 13:45:00,31.76,60.1,747.69,203,0.39,0.0,14.09
2026-09-03 13:46:00,31.82,59.8,715.65,175,0.465,0.0,14.09
2026-09-03 13:47:00,31.91,59.25,766.38,175,0.15,0.0,14.09
2026-09-03 13:48:00,32.15,59.03,791.56,242,0.195,0.0,14.09
2026-09-03 13:49:00,32.38,58.35,605.78,193,0.18,0.0,14.09
2026-09-03 13:50:00,32.53,58.12,520.33,181,0.33,0.0,14.09
2026-09-03 13:51:00,32.62,57.76,698.86,195,0.645,0.0,14.09
2026-09-03 13:52:00,32.67,58.09,769.82,145,0.57,0.0,14.09
2026-09-03 13:53:00,32.81,58.09,851.07,245,0.165,0.0,14.09
2026-09-03 13:54:00,32.88,57.74,835.43,172,0.555,0.0,14.09
2026-09-03 13:55:00,32.86,57.27,335.7,199,0.36,0.0,14.09
2026-09-03 13:56:00,32.81,57.94,727.47,231,0.12,0.0,14.09
2026-09-03 13:57:00,32.95,57.72,903.72,206,0.105,0.0,14.09
2026-09-03 13:58:00,33.16,57.15,911.35,206,0.165,0.0,14.09
2026-09-03 13:59:00,33.31,57.35,787.75,199,0.435,0.0,14.09
2026-09-03 14:00:00,33.42,57.38,828.18,76,0.69,0.0,14.09
2026-09-03 14:01:00,33.35,57.07,797.67,76,1.365,0.0,14.09
2026-09-03 14:02:00,33.41,57.33,651.56,25,0.225,0.0,14.09
2026-09-03 14:03:00,33.47,56.79,478.37,89,0.915,0.0,14.09
2026-09-03 14:04:00,33.4,57.95,563.06,69,0.6,0.0,14.09
2026-09-03 14:05:00,33.25,57.85,319.3,82,0.87,0.0,14.09
2026-09-03 14:06:00,33.14,57.47,340.28,82,0.6,0.0,14.09
2026-09-03 14:07:00,32.98,58.05,686.66,95,0.54,0.0,14.09
2026-09-03 14:08:00,32.97,58.15,906.77,254,0.855,0.0,14.09
2026-09-03 14:09:00,33.08,57.98,880.06,269,0.345,0.0,14.09
2026-09-03 14:10:00,33.2,57.44,869.38,174,0.345,0.0,14.09
2026-09-03 14:11:00,33.29,57.44,850.69,151,0.3,0.0,14.09
2026-09-03 14:12:00,33.42,57.47,822.46,147,0.555,0.0,14.09
2026-09-03 14:13:00,33.49,57.09,770.2,166,0.36,0.0,14.09
2026-09-03 14:14:00,33.62,56.6,796.9,198,0.6,0.0,14.09
2026-09-03 14:15:00,33.71,56.13,796.9,232,0.57,0.0,14.09
2026-09-03 14:16:00,33.74,56.01,785.08,121,0.48,0.0,14.09
2026-09-03 14:17:00,33.71,56.51,766.38,123,0.27,0.0,14.09
2026-09-03 14:18:00,33.71,57.31,760.28,123,0.285,0.0,14.09
2026-09-03 14:19:00,33.84,56.84,722.13,195,0.24,0.0,14.09
2026-09-03 14:20:00,33.91,56.97,791.56,284,0.165,0.0,14.09
2026-09-03 14:21:00,34.09,57.56,756.47,284,0.09,0.0,14.09
2026-09-03 14:22:00,34.26,56.82,571.07,307,0.27,0.0,14.09
2026-09-03 14:23:00,34.39,56.5,820.94,181,0.18,0.0,14.09
2026-09-03 14:24:00,34.52,56.57,852.6,159,0.3,0.0,14.09
2026-09-03 14:25:00,34.54,56.26,835.05,254,0.375,0.0,14.09
2026-09-03 14:26:00,34.54,55.91,862.52,194,0.48,0.0,14.09
2026-09-03 14:27:00,34.44,56.1,803.01,220,0.42,0.0,14.09
2026-09-03 14:28:00,34.32,56.8,498.21,182,0.72,0.0,13.91
2026-09-03 14:29:00,34.12,56.81,214.39,176,0.54,0.0,13.91
2026-09-03 14:30:00,33.86,57.67,381.48,248,0.21,0.0,13.91
2026-09-03 14:31:00,33.76,57.85,869.76,259,0.555,0.0,14.09
2026-09-03 14:32:00,33.71,57.74,637.45,254,0.42,0.0,13.91
2026-09-03 14:33:00,33.76,57.74,410.09,63,0.135,0.0,13.91
2026-09-03 14:34:00,33.68,58.15,278.48,240,0.405,0.0,13.91
2026-09-03 14:35:00,33.54,58.45,294.5,179,0.465,0.0,13.91
2026-09-03 14:36:00,33.35,58.78,260.93,258,0.24,0.0,13.91
2026-09-03 14:37:00,33.24,59.04,257.88,229,0.375,0.0,13.91
2026-09-03 14:38:00,33.04,59.3,260.55,222,0.33,0.0,13.91
2026-09-03 14:39:00,32.9,59.71,733.96,220,0.195,0.0,14.09
2026-09-03 14:40:00,32.9,60.5,845.35,139,0.225,0.0,14.09
2026-09-03 14:41:00,33.06,59.81,844.59,195,0.3,0.0,14.09
2026-09-03 14:42:00,33.17,59.24,315.48,275,0.51,0.0,13.91
2026-09-03 14:43:00,33.11,58.9,677.12,199,0.51,0.0,14.09
2026-09-03 14:44:00,33.2,58.96,790.8,151,0.27,0.0,14.09
2026-09-03 14:45:00,33.31,58.14,839.63,199,0.33,0.0,14.09
2026-09-03 14:46:00,33.48,57.55,819.41,195,0.345,0.0,14.09
2026-09-03 14:47:00,33.65,57.63,786.6,192,0.315,0.0,14.09
2026-09-03 14:48:00,33.84,57.22,770.2,197,0.315,0.0,14.09
2026-09-03 14:49:00,33.86,56.91,473.41,16,0.615,0.0,13.91
2026-09-03 14:50:00,33.86,57.11,739.68,193,0.495,0.0,14.09
2026-09-03 14:51:00,33.91,57.7,525.67,166,0.225,0.0,13.91
2026-09-03 14:52:00,33.96,56.98,538.26,220,0.435,0.0,13.91
2026-09-03 14:53:00,33.97,57.0,749.6,202,0.255,0.0,13.91
2026-09-03 14:54:00,34.06,56.77,678.26,198,0.18,0.0,13.91
2026-09-03 14:55:00,34.18,56.88,688.18,191,0.12,0.0,13.91
2026-09-03 14:56:00,34.26,55.88,675.59,205,0.495,0.0,13.91
2026-09-03 14:57:00,34.33,55.65,738.16,200,0.345,0.0,13.91
2026-09-03 14:58:00,34.35,55.41,715.27,99,0.36,0.0,13.91
2026-09-03 14:59:00,34.42,55.04,597.77,222,0.345,0.0,13.91
2026-09-03 15:00:00,34.35,55.33,358.59,150,0.54,0.0,13.91
2026-09-03 15:01:00,34.18,56.04,376.52,173,0.42,0.0,13.91
2026-09-03 15:02:00,34.06,56.62,543.98,173,0.18,0.0,13.91
2026-09-03 15:03:00,34.06,56.3,208.67,173,0.15,0.0,13.83
2026-09-03 15:04:00,34.0,56.28,493.63,142,0.18,0.0,13.91
2026-09-03 15:05:00,34.03,56.58,621.42,321,0.27,0.0,13.91
2026-09-03 15:06:00,34.18,56.09,748.07,321,0.075,0.0,13.91
2026-09-03 15:07:00,34.27,56.02,557.72,197,0.195,0.0,13.91
2026-09-03 15:08:00,34.46,56.08,758.75,162,0.225,0.0,13.91
2026-09-03 15:09:00,34.5,56.02,282.29,162,0.135,0.0,13.91
2026-09-03 15:10:00,34.49,56.3,476.08,162,0.15,0.0,13.91
2026-09-03 15:11:00,34.43,56.73,423.82,233,0.15,0.0,13.91
2026-09-03 15:12:00,34.33,56.79,492.1,184,0.21,0.0,13.91
2026-09-03 15:13:00,34.22,57.33,703.82,182,0.465,0.0,13.91
2026-09-03 15:14:00,34.27,57.2,622.19,160,0.255,0.0,13.91
2026-09-03 15:15:00,34.27,56.85,695.05,174,0.48,0.0,13.91
2026-09-03 15:16:00,34.3,56.99,702.3,244,0.39,0.0,13.91
2026-09-03 15:17:00,34.35,57.12,701.92,191,0.375,0.0,13.91
2026-09-03 15:18:00,34.4,56.79,690.09,166,0.33,0.0,13.91
2026-09-03 15:19:00,34.53,56.71,425.35,163,0.06,0.0,13.91
2026-09-03 15:20:00,34.74,55.87,654.23,183,0.225,0.0,13.91
2026-09-03 15:21:00,34.69,56.8,647.75,170,0.555,0.0,13.91
2026-09-03 15:22:00,34.62,56.51,634.01,171,0.285,0.0,13.91
2026-09-03 15:23:00,34.57,57.27,555.43,178,0.42,0.0,13.91
2026-09-03 15:24:00,34.42,56.88,283.05,187,0.405,0.0,13.83
2026-09-03 15:25:00,34.26,57.33,616.85,220,0.375,0.0,13.91
2026-09-03 15:26:00,34.27,57.53,552.38,83,0.27,0.0,13.91
2026-09-03 15:27:00,34.26,57.6,605.4,148,0.345,0.0,13.91
2026-09-03 15:28:00,34.23,57.61,648.13,186,0.39,0.0,13.91
2026-09-03 15:29:00,34.2,57.51,656.14,225,0.525,0.0,13.91
2026-09-03 15:30:00,34.26,57.88,296.79,225,0.3,0.0,13.83
2026-09-03 15:31:00,34.33,57.04,435.65,225,0.21,0.0,13.91
2026-09-03 15:32:00,34.33,56.65,243.76,225,0.27,0.0,13.83
2026-09-03 15:33:00,34.16,57.13,439.08,225,0.255,0.0,13.91
2026-09-03 15:34:00,33.99,57.47,628.67,123,0.78,0.0,13.91
2026-09-03 15:35:00,33.93,57.99,644.31,96,0.54,0.0,13.91
2026-09-03 15:36:00,33.95,58.48,624.48,190,0.27,0.0,13.91
2026-09-03 15:37:00,33.99,57.75,610.74,138,0.27,0.0,13.91
2026-09-03 15:38:00,34.06,57.75,620.66,94,0.165,0.0,13.91
2026-09-03 15:39:00,34.15,57.92,636.3,204,0.12,0.0,13.91
2026-09-03 15:40:00,34.23,57.56,534.07,51,0.255,0.0,13.91
2026-09-03 15:41:00,34.18,57.7,587.47,175,0.885,0.0,13.91
2026-09-03 15:42:00,34.08,57.64,531.01,0,0.42,0.0,13.91
2026-09-03 15:43:00,34.05,57.33,502.4,14,0.78,0.0,13.91
2026-09-03 15:44:00,33.95,57.66,518.04,86,0.69,0.0,13.91
2026-09-03 15:45:00,33.89,58.08,548.94,81,0.48,0.0,13.91
2026-09-03 15:46:00,33.88,57.8,553.52,86,0.72,0.0,13.91
2026-09-03 15:47:00,33.88,58.03,533.3,72,0.285,0.0,13.91
2026-09-03 15:48:00,33.93,57.89,488.29,158,0.195,0.0,13.83
2026-09-03 15:49:00,33.95,58.25,444.42,158,0.3,0.0,13.83
2026-09-03 15:50:00,33.89,58.55,446.33,137,0.3,0.0,13.83
2026-09-03 15:51:00,33.93,58.31,484.09,235,0.465,0.0,13.91
2026-09-03 15:52:00,33.99,58.08,552.0,112,0.48,0.0,13.91
2026-09-03 15:53:00,34.08,57.96,605.02,112,0.21,0.0,13.91
2026-09-03 15:54:00,34.2,57.93,532.92,161,0.255,0.0,13.83
2026-09-03 15:55:00,34.15,57.47,169.76,175,0.42,0.0,13.83
2026-09-03 15:56:00,33.95,57.78,155.64,188,0.465,0.0,13.83
2026-09-03 15:57:00,33.69,58.61,168.99,188,0.225,0.0,13.83
2026-09-03 15:58:00,33.54,59.01,409.32,139,0.315,0.0,13.91
2026-09-03 15:59:00,33.4,59.22,533.3,151,0.39,0.0,13.83
2026-09-03 16:00:00,33.44,59.18,597.39,172,0.21,0.0,13.91
2026-09-03 16:01:00,33.51,58.99,595.1,216,0.285,0.0,13.91
2026-09-03 16:02:00,33.64,58.9,595.86,223,0.285,0.0,13.91
2026-09-03 16:03:00,33.76,58.51,400.93,255,0.525,0.0,13.91
2026-09-03 16:04:00,33.72,58.64,198.37,193,0.375,0.0,13.83
2026-09-03 16:05:00,33.61,58.83,160.22,63,0.315,0.0,13.83
2026-09-03 16:06:00,33.45,59.26,207.14,226,0.375,0.0,13.83
2026-09-03 16:07:00,33.28,60.03,185.02,143,0.3,0.0,13.83
2026-09-03 16:08:00,33.13,60.29,204.47,237,0.285,0.0,13.83
2026-09-03 16:09:00,33.07,60.71,376.13,48,0.39,0.0,13.91
2026-09-03 16:10:00,32.97,59.89,235.37,44,0.825,0.0,13.91
2026-09-03 16:11:00,32.76,60.55,341.04,99,1.35,0.0,13.91
2026-09-03 16:12:00,32.54,61.62,536.74,49,0.945,0.0,13.91
2026-09-03 16:13:00,32.53,62.04,381.48,122,0.375,0.0,13.91
2026-09-03 16:14:00,32.6,61.42,556.19,192,0.255,0.0,13.91
2026-09-03 16:15:00,32.66,61.42,602.35,173,0.66,0.0,13.91
2026-09-03 16:16:00,32.81,61.34,595.86,187,0.405,0.0,13.91
2026-09-03 16:17:00,32.98,61.07,479.51,154,0.18,0.0,13.91
2026-09-03 16:18:00,33.16,60.74,449.38,197,0.225,0.0,13.91
2026-09-03 16:19:00,33.27,59.95,538.26,167,0.36,0.0,13.91
2026-09-03 16:20:00,33.42,59.25,527.2,125,0.465,0.0,13.91
2026-09-03 16:21:00,33.57,58.91,424.58,176,0.27,0.0,13.91
2026-09-03 16:22:00,33.62,58.63,511.18,158,0.45,0.0,13.91
2026-09-03 16:23:00,33.59,58.34,327.69,153,0.375,0.0,13.91
2026-09-03 16:24:00,33.61,57.96,324.25,204,0.345,0.0,13.91
2026-09-03 16:25:00,33.49,58.14,267.41,247,0.525,0.0,13.83
2026-09-03 16:26:00,33.4,58.39,497.44,204,0.3,0.0,13.91
2026-09-03 16:27:00,33.38,58.68,290.3,241,0.225,0.0,13.83
2026-09-03 16:28:00,33.31,58.29,267.03,91,0.48,0.0,13.83
2026-09-03 16:29:00,33.18,58.5,443.27,161,1.095,0.0,13.91
2026-09-03 16:30:00,33.08,59.11,465.02,272,0.435,0.0,13.91
2026-09-03 16:31:00,33.11,59.06,247.96,174,0.21,0.0,13.83
2026-09-03 16:32:00,33.04,59.1,216.68,111,0.555,0.0,13.83
2026-09-03 16:33:00,32.93,59.78,305.56,111,0.21,0.0,13.91
2026-09-03 16:34:00,32.86,59.97,249.49,181,0.525,0.0,13.91
2026-09-03 16:35:00,32.76,60.09,223.16,150,0.435,0.0,13.91
2026-09-03 16:36:00,32.6,60.38,244.53,155,1.2,0.0,13.91
2026-09-03 16:37:00,32.44,61.19,317.77,142,0.75,0.0,13.91
2026-09-03 16:38:00,32.36,61.8,452.05,267,0.375,0.0,13.91
2026-09-03 16:39:00,32.4,61.44,486.0,194,0.48,0.0,13.91
2026-09-03 16:40:00,32.5,61.07,465.4,137,0.435,0.0,13.91
2026-09-03 16:41:00,32.6,61.04,447.47,97,0.63,0.0,13.91
2026-09-03 16:42:00,32.66,60.54,429.92,207,0.6,0.0,13.91
2026-09-03 16:43:00,32.7,60.54,416.57,214,0.39,0.0,13.91
2026-09-03 16:44:00,32.71,60.63,390.25,187,0.375,0.0,13.91
2026-09-03 16:45:00,32.77,60.33,386.05,180,0.15,0.0,13.91
2026-09-03 16:46:00,32.87,60.22,386.05,180,0.285,0.0,13.91
2026-09-03 16:47:00,32.94,60.04,378.81,157,0.495,0.0,13.91
2026-09-03 16:48:00,32.98,59.96,376.13,134,0.585,0.0,13.91
2026-09-03 16:49:00,33.03,60.04,370.41,177,0.24,0.0,13.91
2026-09-03 16:50:00,33.07,60.14,363.16,210,0.3,0.0,13.91
2026-09-03 16:51:00,33.1,59.4,356.3,213,0.495,0.0,13.83
2026-09-03 16:52:00,33.04,59.64,346.38,128,0.945,0.0,13.83
2026-09-03 16:53:00,32.87,60.12,336.46,327,0.885,0.0,13.83
2026-09-03 16:54:00,32.73,60.69,324.25,299,0.675,0.0,13.83
2026-09-03 16:55:00,32.62,60.88,326.92,153,0.51,0.0,13.83
2026-09-03 16:56:00,32.57,61.47,331.12,205,0.435,0.0,13.91
2026-09-03 16:57:00,32.54,61.29,325.78,79,0.6,0.0,13.83
2026-09-03 16:58:00,32.57,61.31,313.19,106,0.405,0.0,13.83
2026-09-03 16:59:00,32.57,61.54,310.14,191,0.405,0.0,13.83
2026-09-03 17:00:00,32.66,61.33,315.48,330,0.195,0.0,13.83
2026-09-03 17:01:00,32.71,60.9,310.9,200,0.405,0.0,13.83
2026-09-03 17:02:00,32.69,60.79,268.56,73,0.69,0.0,13.83
2026-09-03 17:03:00,32.63,60.82,308.23,122,0.45,0.0,13.83
2026-09-03 17:04:00,32.56,61.24,307.09,189,0.375,0.0,13.83
2026-09-03 17:05:00,32.59,61.41,299.84,190,0.345,0.0,13.83
2026-09-03 17:06:00,32.57,61.52,304.42,246,0.45,0.0,13.83
2026-09-03 17:07:00,32.59,61.46,299.46,203,0.39,0.0,13.83
2026-09-03 17:08:00,32.5,61.6,299.08,284,0.585,0.0,13.83
2026-09-03 17:09:00,32.49,61.37,295.64,165,0.27,0.0,13.83
2026-09-03 17:10:00,32.53,61.33,291.45,209,0.075,0.0,13.83
2026-09-03 17:11:00,32.56,61.23,286.87,193,0.21,0.0,13.83
2026-09-03 17:12:00,32.51,61.37,280.77,193,0.57,0.0,13.83
2026-09-03 17:13:00,32.44,61.58,275.43,198,0.345,0.0,13.83
2026-09-03 17:14:00,32.35,61.72,272.37,101,0.765,0.0,13.83
2026-09-03 17:15:00,32.15,62.14,268.94,200,0.78,0.0,13.83
2026-09-03 17:16:00,31.96,62.48,267.8,204,0.57,0.0,13.83
2026-09-03 17:17:00,31.75,63.06,266.65,139,0.525,0.0,13.83
2026-09-03 17:18:00,31.62,63.23,262.84,99,0.33,0.0,13.83
2026-09-03 17:19:00,31.51,63.92,209.05,122,0.555,0.0,13.83
2026-09-03 17:20:00,31.41,64.03,117.11,82,0.795,0.0,13.79
2026-09-03 17:21:00,31.28,64.53,65.23,122,0.495,0.0,13.79
2026-09-03 17:22:00,31.2,65.02,61.04,77,0.6,0.0,13.79
2026-09-03 17:23:00,31.13,65.26,56.08,176,0.375,0.0,13.64
2026-09-03 17:24:00,31.09,65.7,51.5,87,0.345,0.0,13.57
2026-09-03 17:25:00,31.01,65.33,51.12,24,1.215,0.0,13.53
2026-09-03 17:26:00,30.89,65.93,52.26,72,1.11,0.0,13.46
2026-09-03 17:27:00,30.79,66.32,48.07,84,0.6,0.0,13.46
2026-09-03 17:28:00,30.69,66.73,45.01,83,0.615,0.0,13.46
2026-09-03 17:29:00,30.61,66.92,42.73,64,0.825,0.0,13.46
2026-09-03 17:30:00,30.54,67.31,41.2,130,0.645,0.0,13.16
2026-09-03 17:31:00,30.47,67.48,41.2,83,0.81,0.0,13.16
2026-09-03 17:32:00,30.42,67.93,43.11,96,0.33,0.0,13.16
2026-09-03 17:33:00,30.35,68.05,43.87,96,0.12,0.0,13.16
2026-09-03 17:34:00,30.32,68.22,45.01,96,0.09,0.0,13.16
2026-09-03 17:35:00,30.32,68.18,46.92,145,0.09,0.0,13.16
2026-09-03 17:36:00,30.29,67.87,48.07,209,0.78,0.0,13.16
2026-09-03 17:37:00,30.25,67.98,48.83,190,0.6,0.0,13.16
2026-09-03 17:38:00,30.18,68.25,50.35,198,0.315,0.0,13.16
2026-09-03 17:39:00,30.18,68.28,52.26,130,0.345,0.0,13.16
2026-09-03 17:40:00,30.12,68.2,54.93,290,0.435,0.0,13.16
2026-09-03 17:41:00,30.11,68.39,58.37,226,0.195,0.0,13.16
2026-09-03 17:42:00,30.14,68.41,62.56,180,0.165,0.0,13.16
2026-09-03 17:43:00,30.11,68.5,65.23,182,0.21,0.0,13.16
2026-09-03 17:44:00,30.12,68.6,67.14,211,0.255,0.0,13.16
2026-09-03 17:45:00,30.07,68.56,67.9,186,0.525,0.0,13.16
2026-09-03 17:46:00,30.07,68.72,66.76,254,0.435,0.0,13.16
2026-09-03 17:47:00,30.04,68.79,66.76,156,0.135,0.0,13.16
2026-09-03 17:48:00,30.08,68.72,66.0,163,0.3,0.0,13.16
2026-09-03 17:49:00,30.07,68.58,66.0,172,0.315,0.0,13.16
2026-09-03 17:50:00,30.07,68.7,66.0,174,0.15,0.0,13.16
2026-09-03 17:51:00,30.05,68.8,65.61,174,0.135,0.0,13.16
2026-09-03 17:52:00,30.08,68.77,64.47,174,0.09,0.0,13.16
2026-09-03 17:53:00,30.08,68.79,64.47,174,0.09,0.0,13.16
2026-09-03 17:54:00,30.09,68.96,65.61,101,0.36,0.0,13.16
2026-09-03 17:55:00,30.08,68.81,65.61,167,0.15,0.0,13.16
2026-09-03 17:56:00,30.05,68.84,67.52,167,0.09,0.0,13.16
2026-09-03 17:57:00,30.08,68.88,67.52,184,0.21,0.0,13.16
2026-09-03 17:58:00,30.09,68.85,64.85,42,0.39,0.0,13.16
2026-09-03 17:59:00,30.07,68.84,62.94,157,0.195,0.0,13.16
2026-09-03 18:00:00,30.07,68.85,61.8,165,0.195,0.0,13.16
2026-09-03 18:01:00,30.05,68.9,61.04,165,0.255,0.0,13.16
2026-09-03 18:02:00,30.01,68.94,60.65,57,0.555,0.0,13.16
2026-09-03 18:03:00,30.01,69.05,59.51,90,0.39,0.0,13.16
2026-09-03 18:04:00,29.95,69.14,58.75,90,0.24,0.0,13.16
2026-09-03 18:05:00,29.94,69.42,57.98,307,0.18,0.0,13.16
2026-09-03 18:06:00,29.91,69.5,57.22,177,0.495,0.0,13.16
2026-09-03 18:07:00,29.85,69.63,55.7,177,0.105,0.0,13.16
2026-09-03 18:08:00,29.85,69.82,59.51,177,0.0,0.0,13.46
2026-09-03 18:09:00,29.87,69.73,60.65,164,0.225,0.0,13.46
2026-09-03 18:10:00,29.87,69.74,59.89,164,0.105,0.0,13.46
2026-09-03 18:11:00,29.85,69.93,55.31,112,0.33,0.0,13.46
2026-09-03 18:12:00,29.85,69.92,50.35,227,0.45,0.0,13.46
2026-09-03 18:13:00,29.83,70.02,43.87,202,0.18,0.0,13.46
2026-09-03 18:14:00,29.8,70.16,39.67,158,0.24,0.0,13.16
2026-09-03 18:15:00,29.77,70.21,36.62,158,0.075,0.0,13.16
2026-09-03 18:16:00,29.74,70.38,33.95,158,0.075,0.0,13.16
2026-09-03 18:17:00,29.71,70.48,31.66,158,0.12,0.0,13.16
2026-09-03 18:18:00,29.68,70.44,29.37,159,0.12,0.0,13.16
2026-09-03 18:19:00,29.64,70.32,28.61,170,0.435,0.0,13.16
2026-09-03 18:20:00,29.63,70.55,28.99,170,0.195,0.0,13.16
2026-09-03 18:21:00,29.57,70.64,29.76,170,0.18,0.0,13.16
2026-09-03 18:22:00,29.55,70.79,30.14,170,0.075,0.0,13.16
2026-09-03 18:23:00,29.55,70.76,28.23,170,0.06,0.0,13.16
2026-09-03 18:24:00,29.55,70.76,25.94,170,0.225,0.0,13.16
2026-09-03 18:25:00,29.53,70.91,24.41,170,0.06,0.0,13.16
2026-09-03 18:26:00,29.5,71.06,23.65,170,0.105,0.0,13.16
2026-09-03 18:27:00,29.51,71.29,22.89,170,0.09,0.0,13.16
2026-09-03 18:28:00,29.5,71.24,22.51,109,0.3,0.0,13.16
2026-09-03 18:29:00,29.47,71.28,22.13,125,0.18,0.0,13.16
2026-09-03 18:30:00,29.44,71.29,20.98,125,0.105,0.0,13.16
2026-09-03 18:31:00,29.41,71.35,20.6,125,0.075,0.0,13.16
2026-09-03 18:32:00,29.4,71.57,19.46,125,0.045,0.0,13.16
2026-09-03 18:33:00,29.38,71.66,19.07,125,0.0,0.0,13.16
2026-09-03 18:34:00,29.37,71.89,18.31,125,0.165,0.0,13.16
2026-09-03 18:35:00,29.32,71.98,17.17,125,0.045,0.0,13.16
2026-09-03 18:36:00,29.29,72.12,16.78,125,0.0,0.0,13.16
2026-09-03 18:37:00,29.29,72.28,16.02,125,0.015,0.0,13.12
2026-09-03 18:38:00,29.26,72.47,15.26,125,0.0,0.0,13.12
2026-09-03 18:39:00,29.23,72.67,14.5,125,0.075,0.0,13.12
2026-09-03 18:40:00,29.17,72.73,13.73,125,0.075,0.0,13.08
2026-09-03 18:41:00,29.17,72.84,12.59,125,0.18,0.0,13.08
2026-09-03 18:42:00,29.14,72.95,11.06,125,0.165,0.0,13.08
2026-09-03 18:43:00,29.12,72.92,9.54,125,0.03,0.0,13.04
2026-09-03 18:44:00,29.1,72.98,8.77,125,0.015,0.0,13.04
2026-09-03 18:45:00,29.06,73.17,7.25,125,0.0,0.0,13.04
2026-09-03 18:46:00,29.06,73.38,7.25,125,0.105,0.0,13.04
2026-09-03 18:47:00,29.02,73.16,6.49,125,0.3,0.0,13.04
2026-09-03 18:48:00,28.99,73.34,6.1,125,0.105,0.0,13.04
2026-09-03 18:49:00,28.99,73.47,6.1,189,0.24,0.0,13.04
2026-09-03 18:50:00,28.92,73.34,6.49,194,0.285,0.0,13.04
2026-09-03 18:51:00,28.9,73.25,6.1,197,0.27,0.0,13.04
2026-09-03 18:52:00,28.87,73.36,5.34,166,0.27,0.0,13.04
2026-09-03 18:53:00,28.82,73.26,4.96,57,0.645,0.0,13.04
2026-09-03 18:54:00,28.76,73.19,4.2,180,0.375,0.0,13.04
2026-09-03 18:55:00,28.75,73.41,3.81,179,0.21,0.0,13.04
2026-09-03 18:56:00,28.72,73.59,3.81,167,0.405,0.0,13.04
2026-09-03 18:57:00,28.72,73.68,3.05,255,0.585,0.0,13.04
2026-09-03 18:58:00,28.68,73.75,2.67,95,0.33,0.0,13.04
2026-09-03 18:59:00,28.64,73.9,2.67,147,0.12,0.0,13.04
2026-09-03 19:00:00,28.61,74.01,1.91,125,0.24,0.0,13.04
2026-09-03 19:01:00,28.58,74.22,2.29,167,0.225,0.0,13.04
2026-09-03 19:02:00,28.56,74.34,1.91,194,0.375,0.0,13.04
2026-09-03 19:03:00,28.51,74.45,1.91,189,0.18,0.0,13.04
2026-09-03 19:04:00,28.49,74.57,1.53,173,0.375,0.0,13.04
2026-09-03 19:05:00,28.46,74.68,1.53,160,0.33,0.0,13.04
2026-09-03 19:06:00,28.42,74.87,1.14,222,0.45,0.0,13.04
2026-09-03 19:07:00,28.38,74.99,0.76,76,0.225,0.0,13.04
2026-09-03 19:08:00,28.34,75.16,1.14,40,0.45,0.0,13.04
2026-09-03 19:09:00,28.3,75.38,1.14,108,0.36,0.0,13.04
2026-09-03 19:10:00,28.25,75.57,0.76,63,0.75,0.0,13.04
2026-09-03 19:11:00,28.18,75.91,0.0,170,0.225,0.0,13.04
2026-09-03 19:12:00,28.14,76.14,0.0,141,0.375,0.0,13.04
2026-09-03 19:13:00,28.07,76.26,0.0,141,0.24,0.0,13.04
2026-09-03 19:14:00,28.05,76.35,0.0,141,0.045,0.0,13.04
2026-09-03 19:15:00,28.03,76.48,0.0,141,0.12,0.0,13.04
2026-09-03 19:16:00,28.01,76.57,0.0,61,0.15,0.0,13.04
2026-09-03 19:17:00,27.98,76.63,0.0,114,0.51,0.0,13.04
2026-09-03 19:18:00,27.96,76.79,0.0,64,0.48,0.0,13.04
2026-09-03 19:19:00,27.94,76.92,0.0,79,0.375,0.0,13.04
2026-09-03 19:20:00,27.93,77.11,0.0,79,0.27,0.0,13.04
2026-09-03 19:21:00,27.87,77.21,0.0,109,0.33,0.0,13.04
2026-09-03 19:22:00,27.83,77.22,0.0,90,0.42,0.0,13.04
2026-09-03 19:23:00,27.83,77.33,0.0,85,0.465,0.0,13.04
2026-09-03 19:24:00,27.81,77.37,0.0,91,0.345,0.0,13.04
2026-09-03 19:25:00,27.77,77.46,0.0,190,0.315,0.0,13.04
2026-09-03 19:26:00,27.79,77.43,0.0,122,0.315,0.0,13.04
2026-09-03 19:27:00,27.79,77.47,0.0,116,0.375,0.0,13.04
2026-09-03 19:28:00,27.76,77.48,0.0,60,0.42,0.0,13.04
2026-09-03 19:29:00,27.72,77.52,0.0,77,0.405,0.0,13.04
2026-09-03 19:30:00,27.74,77.58,0.0,72,0.495,0.0,13.04
2026-09-03 19:31:00,27.72,77.46,0.0,79,0.645,0.0,13.04
2026-09-03 19:32:00,27.72,77.54,0.0,89,0.93,0.0,13.04
2026-09-03 19:33:00,27.74,77.58,0.0,90,0.735,0.0,13.04
2026-09-03 19:34:00,27.72,77.59,0.0,95,0.555,0.0,13.04
2026-09-03 19:35:00,27.67,77.68,0.0,59,0.735,0.0,13.04
2026-09-03 19:36:00,27.67,77.71,0.0,58,0.42,0.0,13.04
2026-09-03 19:37:00,27.65,77.8,0.0,80,0.63,0.0,13.04
2026-09-03 19:38:00,27.63,77.86,0.0,103,0.48,0.0,13.04
2026-09-03 19:39:00,27.65,77.85,0.0,91,0.735,0.0,13.04
2026-09-03 19:40:00,27.65,77.87,0.0,115,0.57,0.0,13.04
2026-09-03 19:41:00,27.63,77.86,0.0,87,0.3,0.0,13.04
2026-09-03 19:42:00,27.63,77.87,0.0,68,0.9,0.0,13.04
2026-09-03 19:43:00,27.65,77.92,0.0,92,0.315,0.0,13.04
2026-09-03 19:44:00,27.6,77.93,0.0,105,0.405,0.0,13.04
2026-09-03 19:45:00,27.62,78.03,0.0,105,0.3,0.0,13.04
2026-09-03 19:46:00,27.59,78.07,0.0,105,0.195,0.0,13.04
2026-09-03 19:47:00,27.59,78.17,0.0,105,0.105,0.0,13.04
2026-09-03 19:48:00,27.59,78.23,0.0,105,0.0,0.0,13.04
2026-09-03 19:49:00,27.6,78.2,0.0,105,0.03,0.0,13.04
2026-09-03 19:50:00,27.59,78.2,0.0,105,0.015,0.0,13.04
2026-09-03 19:51:00,27.59,78.16,0.0,105,0.21,0.0,13.04
2026-09-03 19:52:00,27.62,78.18,0.0,105,0.255,0.0,13.04
2026-09-03 19:53:00,27.59,78.28,0.0,105,0.06,0.0,13.04
2026-09-03 19:54:00,27.57,78.3,0.0,105,0.15,0.0,13.04
2026-09-03 19:55:00,27.56,78.35,0.0,105,0.075,0.0,13.04
2026-09-03 19:56:00,27.53,78.37,0.0,72,0.54,0.0,13.04
2026-09-03 19:57:00,27.5,78.48,0.0,71,0.51,0.0,13.04
2026-09-03 19:58:00,27.47,78.56,0.0,58,0.57,0.0,13.04
2026-09-03 19:59:00,27.42,78.64,0.0,55,0.6,0.0,13.04
2026-09-03 20:00:00,27.4,78.75,0.0,49,0.72,0.0,13.04
2026-09-03 20:01:00,27.4,78.89,0.0,51,0.72,0.0,13.04
2026-09-03 20:02:00,27.36,79.02,0.0,68,0.36,0.0,13.04
2026-09-03 20:03:00,27.32,79.07,0.0,68,0.27,0.0,13.04
2026-09-03 20:04:00,27.33,79.14,0.0,68,0.42,0.0,13.04
2026-09-03 20:05:00,27.32,79.27,0.0,68,0.525,0.0,13.04
2026-09-03 20:06:00,27.26,79.4,0.0,77,0.54,0.0,13.04
2026-09-03 20:07:00,27.25,79.47,0.0,59,0.48,0.0,13.04
2026-09-03 20:08:00,27.24,79.56,0.0,65,0.54,0.0,13.04
2026-09-03 20:09:00,27.19,79.61,0.0,55,0.48,0.0,13.04
2026-09-03 20:10:00,27.22,79.65,0.0,67,0.705,0.0,13.04
2026-09-03 20:11:00,27.18,79.71,0.0,85,0.69,0.0,13.04
2026-09-03 20:12:00,27.16,79.8,0.0,84,0.51,0.0,13.04
2026-09-03 20:13:00,27.16,79.87,0.0,71,0.555,0.0,13.04
2026-09-03 20:14:00,27.14,79.99,0.0,71,0.18,0.0,13.04
2026-09-03 20:15:00,27.16,80.07,0.0,71,0.18,0.0,13.04
2026-09-03 20:16:00,27.19,80.17,0.0,93,0.21,0.0,13.04
2026-09-03 20:17:00,27.16,80.08,0.0,73,0.345,0.0,13.04
2026-09-03 20:18:00,27.16,80.11,0.0,73,0.165,0.0,13.04
2026-09-03 20:19:00,27.16,80.29,0.0,73,0.3,0.0,13.04
2026-09-03 20:20:00,27.15,80.39,0.0,73,0.21,0.0,13.04
2026-09-03 20:21:00,27.16,80.48,0.0,73,0.195,0.0,13.04
2026-09-03 20:22:00,27.15,80.64,0.0,73,0.12,0.0,13.04
2026-09-03 20:23:00,27.14,80.66,0.0,73,0.33,0.0,13.04
2026-09-03 20:24:00,27.12,80.78,0.0,82,0.66,0.0,13.04
2026-09-03 20:25:00,27.11,80.87,0.0,78,0.435,0.0,13.04
2026-09-03 20:26:00,27.08,80.98,0.0,78,0.06,0.0,13.04
2026-09-03 20:27:00,27.08,81.1,0.0,78,0.0,0.0,13.04
2026-09-03 20:28:00,27.14,81.2,0.0,113,0.0,0.0,13.04
2026-09-03 20:29:00,27.12,81.39,0.0,113,0.0,0.0,13.04
2026-09-03 20:30:00,27.14,81.6,0.0,88,0.075,0.0,13.04
2026-09-03 20:31:00,27.12,81.7,0.0,78,0.255,0.0,13.04
2026-09-03 20:32:00,27.15,81.88,0.0,78,0.09,0.0,13.04
2026-09-03 20:33:00,27.16,81.85,0.0,78,0.15,0.0,13.04
2026-09-03 20:34:00,27.15,81.94,0.0,78,0.195,0.0,13.04
2026-09-03 20:35:00,27.14,81.96,0.0,78,0.03,0.0,13.04
2026-09-03 20:36:00,27.14,81.98,0.0,78,0.0,0.0,13.04
2026-09-03 20:37:00,27.16,82.0,0.0,78,0.0,0.0,13.04
2026-09-03 20:38:00,27.15,81.93,0.0,78,0.12,0.0,13.04
2026-09-03 20:39:00,27.19,81.92,0.0,78,0.135,0.0,13.04
2026-09-03 20:40:00,27.21,81.93,0.0,78,0.075,0.0,13.04
2026-09-03 20:41:00,27.19,81.8,0.0,78,0.015,0.0,13.04
2026-09-03 20:42:00,27.22,81.67,0.0,78,0.045,0.0,13.04
2026-09-03 20:43:00,27.21,81.69,0.0,78,0.075,0.0,13.04
2026-09-03 20:44:00,27.22,81.55,0.0,78,0.03,0.0,13.04
2026-09-03 20:45:00,27.25,81.46,0.0,78,0.135,0.0,13.04
2026-09-03 20:46:00,27.26,81.38,0.0,78,0.015,0.0,13.04
2026-09-03 20:47:00,27.28,81.22,0.0,78,0.015,0.0,13.04
2026-09-03 20:48:00,27.29,81.05,0.0,78,0.105,0.0,13.04
2026-09-03 20:49:00,27.28,80.96,0.0,105,0.285,0.0,13.04
2026-09-03 20:50:00,27.3,81.0,0.0,43,0.36,0.0,13.04
2026-09-03 20:51:00,27.32,80.98,0.0,55,0.21,0.0,13.04
2026-09-03 20:52:00,27.32,81.06,0.0,62,0.75,0.0,13.04
2026-09-03 20:53:00,27.26,81.13,0.0,60,0.81,0.0,13.04
2026-09-03 20:54:00,27.21,81.23,0.0,64,0.825,0.0,13.04
2026-09-03 20:55:00,27.18,81.34,0.0,61,0.75,0.0,13.04
2026-09-03 20:56:00,27.16,81.5,0.0,48,0.525,0.0,13.04
2026-09-03 20:57:00,27.12,81.53,0.0,354,0.18,0.0,13.04
2026-09-03 20:58:00,27.14,81.5,0.0,350,0.255,0.0,13.04
2026-09-03 20:59:00,27.16,81.46,0.0,350,0.06,0.0,13.04
2026-09-03 21:00:00,27.18,81.28,0.0,350,0.15,0.0,13.04
2026-09-03 21:01:00,27.19,81.19,0.0,350,0.225,0.0,13.04
2026-09-03 21:02:00,27.21,80.95,0.0,324,0.18,0.0,13.04
2026-09-03 21:03:00,27.24,80.75,0.0,340,0.24,0.0,13.04
2026-09-03 21:04:00,27.26,80.62,0.0,24,0.435,0.0,13.04
2026-09-03 21:05:00,27.3,80.49,0.0,280,0.225,0.0,13.04
2026-09-03 21:06:00,27.28,80.41,0.0,56,0.45,0.0,13.04
2026-09-03 21:07:00,27.32,80.37,0.0,265,0.375,0.0,13.04
2026-09-03 21:08:00,27.37,80.36,0.0,3,0.375,0.0,13.04
2026-09-03 21:09:00,27.39,80.29,0.0,3,0.285,0.0,13.04
2026-09-03 21:10:00,27.39,80.27,0.0,155,0.15,0.0,13.04
2026-09-03 21:11:00,27.43,80.3,0.0,155,0.0,0.0,13.04
2026-09-03 21:12:00,27.39,80.24,0.0,155,0.0,0.0,13.04
2026-09-03 21:13:00,27.43,80.2,0.0,89,0.045,0.0,13.04
2026-09-03 21:14:00,27.42,80.2,0.0,72,0.405,0.0,13.04
2026-09-03 21:15:00,27.4,80.19,0.0,72,0.12,0.0,13.04
2026-09-03 21:16:00,27.39,79.97,0.0,193,0.225,0.0,13.04
2026-09-03 21:17:00,27.39,79.51,0.0,27,0.525,0.0,13.04
2026-09-03 21:18:00,27.39,79.36,0.0,0,0.375,0.0,13.04
2026-09-03 21:19:00,27.43,79.31,0.0,313,0.24,0.0,13.04
2026-09-03 21:20:00,27.49,79.34,0.0,280,0.21,0.0,13.04
2026-09-03 21:21:00,27.47,79.4,0.0,281,0.075,0.0,13.04
2026-09-03 21:22:00,27.47,79.33,0.0,309,0.225,0.0,13.04
2026-09-03 21:23:00,27.53,79.35,0.0,309,0.045,0.0,13.04
2026-09-03 21:24:00,27.47,78.94,0.0,309,0.06,0.0,13.04
2026-09-03 21:25:00,27.47,79.01,0.0,43,0.225,0.0,13.04
2026-09-03 21:26:00,27.46,79.01,0.0,43,0.165,0.0,13.04
2026-09-03 21:27:00,27.47,78.68,0.0,12,0.195,0.0,13.04
2026-09-03 21:28:00,27.47,78.65,0.0,56,0.09,0.0,13.04
2026-09-03 21:29:00,27.46,78.72,0.0,56,0.015,0.0,13.04
2026-09-03 21:30:00,27.49,78.7,0.0,37,0.165,0.0,13.04
2026-09-03 21:31:00,27.47,78.52,0.0,35,0.075,0.0,13.04
2026-09-03 21:32:00,27.47,78.52,0.0,35,0.0,0.0,13.04
2026-09-03 21:33:00,27.46,77.66,0.0,328,0.645,0.0,13.04
2026-09-03 21:34:00,27.53,77.45,0.0,331,0.45,0.0,13.04
2026-09-03 21:35:00,27.56,77.42,0.0,331,0.03,0.0,13.04
2026-09-03 21:36:00,27.56,77.4,0.0,359,0.18,0.0,13.04
2026-09-03 21:37:00,27.59,77.53,0.0,359,0.06,0.0,13.04
2026-09-03 21:38:00,27.6,77.23,0.0,117,0.15,0.0,13.04
2026-09-03 21:39:00,27.59,77.14,0.0,117,0.06,0.0,13.04
2026-09-03 21:40:00,27.6,77.12,0.0,117,0.15,0.0,13.04
2026-09-03 21:41:00,27.62,76.89,0.0,44,0.285,0.0,13.04
2026-09-03 21:42:00,27.62,76.27,0.0,0,0.375,0.0,13.04
2026-09-03 21:43:00,27.66,76.25,0.0,0,0.18,0.0,13.04
2026-09-03 21:44:00,27.69,76.03,0.0,348,0.255,0.0,13.04
2026-09-03 21:45:00,27.7,75.64,0.0,0,0.03,0.0,13.04
2026-09-03 21:46:00,27.72,75.63,0.0,0,0.03,0.0,13.04
2026-09-03 21:47:00,27.72,75.94,0.0,0,0.195,0.0,13.04
2026-09-03 21:48:00,27.74,75.76,0.0,0,0.15,0.0,13.04
2026-09-03 21:49:00,27.76,75.45,0.0,0,0.285,0.0,13.04
2026-09-03 21:50:00,27.74,75.38,0.0,1,0.135,0.0,13.04
2026-09-03 21:51:00,27.77,75.45,0.0,328,0.105,0.0,13.04
2026-09-03 21:52:00,27.79,75.31,0.0,328,0.045,0.0,13.04
2026-09-03 21:53:00,27.76,75.08,0.0,0,0.135,0.0,13.04
2026-09-03 21:54:00,27.77,75.0,0.0,328,0.21,0.0,13.04
2026-09-03 21:55:00,27.76,74.47,0.0,356,0.495,0.0,13.04
2026-09-03 21:56:00,27.79,74.17,0.0,331,0.54,0.0,13.04
2026-09-03 21:57:00,27.8,73.91,0.0,267,0.36,0.0,13.04
2026-09-03 21:58:00,27.84,73.68,0.0,302,0.18,0.0,13.04
2026-09-03 21:59:00,27.86,73.29,0.0,71,0.42,0.0,13.04
2026-09-03 22:00:00,27.86,73.1,0.0,308,0.375,0.0,13.04
2026-09-03 22:01:00,27.93,72.86,0.0,160,0.27,0.0,13.04
2026-09-03 22:02:00,27.9,72.37,0.0,77,0.885,0.0,13.04
2026-09-03 22:03:00,27.94,72.24,0.0,320,0.375,0.0,13.04
2026-09-03 22:04:00,27.98,71.64,0.0,318,0.705,0.0,13.04
2026-09-03 22:05:00,27.97,71.48,0.0,177,0.645,0.0,13.04
2026-09-03 22:06:00,28.0,71.43,0.0,327,0.615,0.0,13.04
2026-09-03 22:07:00,28.03,71.13,0.0,47,0.87,0.0,13.04
2026-09-03 22:08:00,28.05,71.18,0.0,194,0.315,0.0,13.04
2026-09-03 22:09:00,28.05,71.17,0.0,295,0.465,0.0,13.04
2026-09-03 22:10:00,28.05,71.08,0.0,332,0.63,0.0,13.04
2026-09-03 22:11:00,28.07,70.89,0.0,9,0.84,0.0,13.04
2026-09-03 22:12:00,28.07,70.99,0.0,345,0.33,0.0,13.04
2026-09-03 22:13:00,28.07,70.99,0.0,357,0.225,0.0,13.04
2026-09-03 22:14:00,28.08,70.92,0.0,3,0.45,0.0,13.04
2026-09-03 22:15:00,28.1,70.96,0.0,320,0.435,0.0,13.04
2026-09-03 22:16:00,28.07,71.04,0.0,320,0.15,0.0,13.04
2026-09-03 22:17:00,28.08,71.11,0.0,323,0.075,0.0,13.04
2026-09-03 22:18:00,28.05,71.05,0.0,2,0.12,0.0,13.04
2026-09-03 22:19:00,28.04,71.02,0.0,280,0.57,0.0,13.04
2026-09-03 22:20:00,28.03,71.0,0.0,22,0.63,0.0,13.04
2026-09-03 22:21:00,27.98,70.94,0.0,320,0.33,0.0,13.04
2026-09-03 22:22:00,27.98,70.92,0.0,46,0.45,0.0,13.04
2026-09-03 22:23:00,27.98,70.99,0.0,3,0.36,0.0,13.04
2026-09-03 22:24:00,27.96,71.04,0.0,234,0.195,0.0,13.04
2026-09-03 22:25:00,27.98,71.07,0.0,171,0.36,0.0,13.04
2026-09-03 22:26:00,27.96,71.04,0.0,35,0.465,0.0,13.04
2026-09-03 22:27:00,27.93,70.79,0.0,313,0.48,0.0,13.04
2026-09-03 22:28:00,27.94,70.45,0.0,27,0.87,0.0,13.04
2026-09-03 22:29:00,27.91,70.48,0.0,321,0.645,0.0,13.04
2026-09-03 22:30:00,27.91,70.55,0.0,303,0.69,0.0,13.04
2026-09-03 22:31:00,27.91,70.61,0.0,305,0.75,0.0,13.04
2026-09-03 22:32:00,27.9,70.48,0.0,330,0.54,0.0,13.04
2026-09-03 22:33:00,27.88,70.52,0.0,59,0.675,0.0,13.04
2026-09-03 22:34:00,27.9,70.52,0.0,274,0.615,0.0,13.04
2026-09-03 22:35:00,27.88,70.71,0.0,126,0.36,0.0,13.04
2026-09-03 22:36:00,27.9,70.74,0.0,5,0.525,0.0,13.04
2026-09-03 22:37:00,27.88,70.75,0.0,5,0.585,0.0,13.04
2026-09-03 22:38:00,27.88,70.27,0.0,210,0.75,0.0,13.04
2026-09-03 22:39:00,27.86,69.97,0.0,0,0.87,0.0,13.04
2026-09-03 22:40:00,27.83,70.13,0.0,33,0.72,0.0,13.04
2026-09-03 22:41:00,27.86,70.19,0.0,325,0.3,0.0,13.04
2026-09-03 22:42:00,27.84,70.03,0.0,336,0.57,0.0,13.04
2026-09-03 22:43:00,27.84,69.96,0.0,24,0.315,0.0,13.04
2026-09-03 22:44:00,27.84,69.72,0.0,84,0.93,0.0,13.04
2026-09-03 22:45:00,27.83,69.79,0.0,341,0.51,0.0,13.04
2026-09-03 22:46:00,27.84,69.89,0.0,45,0.375,0.0,13.04
2026-09-03 22:47:00,27.83,70.01,0.0,45,0.12,0.0,13.04
2026-09-03 22:48:00,27.79,70.05,0.0,44,0.345,0.0,13.04
2026-09-03 22:49:00,27.8,69.87,0.0,281,0.555,0.0,13.04
2026-09-03 22:50:00,27.79,69.95,0.0,135,0.225,0.0,13.04
2026-09-03 22:51:00,27.76,69.86,0.0,109,0.51,0.0,13.04
2026-09-03 22:52:00,27.76,69.67,0.0,283,0.945,0.0,13.04
2026-09-03 22:53:00,27.74,69.73,0.0,92,0.6,0.0,13.04
2026-09-03 22:54:00,27.72,69.81,0.0,131,0.75,0.0,13.04
2026-09-03 22:55:00,27.72,69.91,0.0,302,0.255,0.0,13.04
2026-09-03 22:56:00,27.74,69.9,0.0,111,0.39,0.0,13.04
2026-09-03 22:57:00,27.72,69.65,0.0,299,0.66,0.0,13.04
2026-09-03 22:58:00,27.73,69.74,0.0,310,0.405,0.0,13.04
2026-09-03 22:59:00,27.72,69.77,0.0,316,0.63,0.0,13.04
2026-09-03 23:00:00,27.72,69.85,0.0,328,0.69,0.0,13.04
2026-09-03 23:01:00,27.7,69.74,0.0,45,0.525,0.0,13.04
2026-09-03 23:02:00,27.7,69.74,0.0,150,0.435,0.0,13.04
2026-09-03 23:03:00,27.69,69.66,0.0,122,0.57,0.0,13.04
2026-09-03 23:04:00,27.67,69.54,0.0,68,0.27,0.0,13.04
2026-09-03 23:05:00,27.67,69.65,0.0,348,0.675,0.0,13.04
2026-09-03 23:06:00,27.69,69.77,0.0,61,0.195,0.0,13.04
2026-09-03 23:07:00,27.66,69.34,0.0,289,0.615,0.0,13.04
2026-09-03 23:08:00,27.62,69.3,0.0,349,1.005,0.0,13.04
2026-09-03 23:09:00,27.65,69.34,0.0,27,0.6,0.0,13.04
2026-09-03 23:10:00,27.62,69.46,0.0,7,0.78,0.0,13.04
2026-09-03 23:11:00,27.62,69.54,0.0,5,0.12,0.0,13.04
2026-09-03 23:12:00,27.63,69.56,0.0,34,0.42,0.0,13.04
2026-09-03 23:13:00,27.6,69.43,0.0,106,0.57,0.0,13.04
2026-09-03 23:14:00,27.62,69.6,0.0,54,0.3,0.0,13.04
2026-09-03 23:15:00,27.6,69.65,0.0,61,0.345,0.0,13.04
2026-09-03 23:16:00,27.59,69.58,0.0,81,0.51,0.0,13.04
2026-09-03 23:17:00,27.57,69.68,0.0,89,0.21,0.0,13.04
2026-09-03 23:18:00,27.53,69.57,0.0,0,0.675,0.0,13.04
2026-09-03 23:19:00,27.53,69.48,0.0,283,0.615,0.0,13.04
2026-09-03 23:20:00,27.52,69.47,0.0,283,0.345,0.0,13.04
2026-09-03 23:21:00,27.49,69.47,0.0,125,0.405,0.0,13.04
2026-09-03 23:22:00,27.52,69.71,0.0,104,0.165,0.0,13.04
2026-09-03 23:23:00,27.49,69.88,0.0,104,0.075,0.0,13.04
2026-09-03 23:24:00,27.47,69.99,0.0,104,0.12,0.0,13.04
2026-09-03 23:25:00,27.46,70.36,0.0,65,0.27,0.0,13.04
2026-09-03 23:26:00,27.42,70.33,0.0,72,0.375,0.0,13.04
2026-09-03 23:27:00,27.39,70.59,0.0,85,0.435,0.0,13.04
2026-09-03 23:28:00,27.33,71.02,0.0,58,0.33,0.0,13.04
2026-09-03 23:29:00,27.26,71.2,0.0,58,0.12,0.0,13.04
2026-09-03 23:30:00,27.21,71.31,0.0,58,0.0,0.0,13.04
2026-09-03 23:31:00,27.15,71.45,0.0,58,0.075,0.0,13.04
2026-09-03 23:32:00,27.12,71.44,0.0,58,0.045,0.0,13.04
2026-09-03 23:33:00,27.09,71.51,0.0,58,0.09,0.0,13.04
2026-09-03 23:34:00,27.09,71.71,0.0,51,0.135,0.0,13.04
2026-09-03 23:35:00,27.08,71.8,0.0,51,0.045,0.0,13.04
2026-09-03 23:36:00,27.08,71.84,0.0,51,0.0,0.0,13.04
2026-09-03 23:37:00,27.03,71.7,0.0,51,0.18,0.0,13.04
2026-09-03 23:38:00,27.05,71.39,0.0,14,0.375,0.0,13.04
2026-09-03 23:39:00,27.03,71.05,0.0,123,0.525,0.0,13.01
2026-09-03 23:40:00,27.03,71.01,0.0,175,0.18,0.0,13.04
2026-09-03 23:41:00,27.06,71.1,0.0,310,0.15,0.0,13.01
2026-09-03 23:42:00,27.05,70.85,0.0,340,0.39,0.0,13.01
2026-09-03 23:43:00,27.06,70.87,0.0,303,0.285,0.0,13.01
2026-09-03 23:44:00,27.05,70.78,0.0,111,0.15,0.0,13.01
2026-09-03 23:45:00,27.06,70.92,0.0,18,0.135,0.0,13.01
2026-09-03 23:46:00,27.09,70.53,0.0,131,0.33,0.0,13.04
2026-09-03 23:47:00,27.11,70.19,0.0,134,0.51,0.0,13.04
2026-09-03 23:48:00,27.11,70.11,0.0,193,0.345,0.0,13.04
2026-09-03 23:49:00,27.12,70.21,0.0,148,0.15,0.0,13.01
2026-09-03 23:50:00,27.12,70.28,0.0,148,0.015,0.0,13.01
2026-09-03 23:51:00,27.14,70.42,0.0,148,0.0,0.0,13.01
2026-09-03 23:52:00,27.09,70.26,0.0,325,0.315,0.0,12.97
2026-09-03 23:53:00,27.09,70.07,0.0,245,0.54,0.0,12.97
2026-09-03 23:54:00,27.09,70.02,0.0,329,0.285,0.0,12.97
2026-09-03 23:55:00,27.12,70.02,0.0,330,0.045,0.0,13.01
2026-09-03 23:56:00,27.11,70.17,0.0,330,0.0,0.0,13.01
2026-09-03 23:57:00,27.09,70.4,0.0,329,0.225,0.0,13.01
2026-09-03 23:58:00,27.09,70.32,0.0,328,0.24,0.0,13.01
2026-09-03 23:59:00,27.09,70.13,0.0,354,0.48,0.0,13.01
2026-09-04 00:00:00,27.09,70.32,0.0,335,0.21,0.0,13.01
2026-09-04 00:01:00,27.05,70.66,0.0,282,0.24,0.0,12.97
2026-09-04 00:02:00,27.03,70.79,0.0,282,0.03,0.0,12.97
2026-09-04 00:03:00,26.99,70.96,0.0,303,0.09,0.0,12.97
2026-09-04 00:04:00,26.99,71.21,0.0,303,0.015,0.0,13.01
2026-09-04 00:05:00,26.94,71.48,0.0,303,0.15,0.0,13.01
2026-09-04 00:06:00,26.92,71.0,0.0,276,0.405,0.0,12.97
2026-09-04 00:07:00,26.88,71.06,0.0,276,0.09,0.0,13.01
2026-09-04 00:08:00,26.87,71.19,0.0,120,0.06,0.0,12.97
2026-09-04 00:09:00,26.85,71.13,0.0,345,0.36,0.0,13.01
2026-09-04 00:10:00,26.84,70.93,0.0,355,0.33,0.0,13.01
2026-09-04 00:11:00,26.84,70.7,0.0,339,0.48,0.0,12.97
2026-09-04 00:12:00,26.82,70.73,0.0,50,0.3,0.0,12.97
2026-09-04 00:13:00,26.84,71.12,0.0,359,0.39,0.0,12.97
2026-09-04 00:14:00,26.81,70.62,0.0,277,0.375,0.0,13.01
2026-09-04 00:15:00,26.81,70.59,0.0,138,0.3,0.0,12.97
2026-09-04 00:16:00,26.82,70.82,0.0,138,0.015,0.0,12.97
2026-09-04 00:17:00,26.82,71.11,0.0,138,0.0,0.0,12.97
2026-09-04 00:18:00,26.81,71.42,0.0,138,0.015,0.0,12.97
2026-09-04 00:19:00,26.78,71.36,0.0,138,0.03,0.0,12.97
2026-09-04 00:20:00,26.74,71.73,0.0,143,0.12,0.0,12.97
2026-09-04 00:21:00,26.74,72.0,0.0,143,0.0,0.0,12.97
2026-09-04 00:22:00,26.71,71.71,0.0,143,0.0,0.0,12.97
2026-09-04 00:23:00,26.73,72.09,0.0,143,0.015,0.0,12.97
2026-09-04 00:24:00,26.71,72.64,0.0,143,0.0,0.0,12.97
2026-09-04 00:25:00,26.7,72.61,0.0,143,0.0,0.0,12.97
2026-09-04 00:26:00,26.65,71.78,0.0,69,0.24,0.0,12.97
2026-09-04 00:27:00,26.64,71.66,0.0,69,0.12,0.0,12.97
2026-09-04 00:28:00,26.64,72.09,0.0,69,0.0,0.0,12.97
2026-09-04 00:29:00,26.64,71.74,0.0,63,0.045,0.0,12.97
2026-09-04 00:30:00,26.63,71.57,0.0,63,0.09,0.0,12.97
2026-09-04 00:31:00,26.64,71.3,0.0,41,0.135,0.0,12.93
2026-09-04 00:32:00,26.63,71.07,0.0,26,0.285,0.0,12.97
2026-09-04 00:33:00,26.65,71.06,0.0,276,0.3,0.0,12.97
2026-09-04 00:34:00,26.63,70.53,0.0,60,0.39,0.0,12.97
2026-09-04 00:35:00,26.67,70.36,0.0,290,0.375,0.0,12.97
2026-09-04 00:36:00,26.68,70.33,0.0,92,0.315,0.0,12.97
2026-09-04 00:37:00,26.68,70.02,0.0,50,0.48,0.0,12.97
2026-09-04 00:38:00,26.71,69.9,0.0,63,0.435,0.0,12.97
2026-09-04 00:39:00,26.74,69.66,0.0,359,0.39,0.0,12.97
2026-09-04 00:40:00,26.82,69.6,0.0,256,0.18,0.0,12.97
2026-09-04 00:41:00,26.81,69.42,0.0,250,0.39,0.0,12.97
2026-09-04 00:42:00,26.81,69.42,0.0,299,0.105,0.0,12.93
2026-09-04 00:43:00,26.81,69.3,0.0,289,0.645,0.0,12.97
2026-09-04 00:44:00,26.79,69.24,0.0,22,0.48,0.0,12.97
2026-09-04 00:45:00,26.78,69.04,0.0,354,0.555,0.0,12.97
2026-09-04 00:46:00,26.79,68.58,0.0,202,1.305,0.0,12.97
2026-09-04 00:47:00,26.81,68.36,0.0,117,0.795,0.0,12.97
2026-09-04 00:48:00,26.84,68.27,0.0,31,0.675,0.0,12.97
2026-09-04 00:49:00,26.84,68.33,0.0,14,0.48,0.0,12.97
2026-09-04 00:50:00,26.84,67.99,0.0,230,0.645,0.0,12.93
2026-09-04 00:51:00,26.87,67.46,0.0,110,1.155,0.0,12.93
2026-09-04 00:52:00,26.88,67.7,0.0,242,0.795,0.0,12.93
2026-09-04 00:53:00,26.85,67.86,0.0,173,0.51,0.0,12.93
2026-09-04 00:54:00,26.87,67.55,0.0,30,0.9,0.0,12.97
2026-09-04 00:55:00,26.87,67.65,0.0,295,0.51,0.0,12.93
2026-09-04 00:56:00,26.84,67.62,0.0,332,0.66,0.0,12.93
2026-09-04 00:57:00,26.84,67.63,0.0,340,0.645,0.0,12.93
2026-09-04 00:58:00,26.87,67.52,0.0,218,0.6,0.0,12.93
2026-09-04 00:59:00,26.82,67.46,0.0,224,0.78,0.0,12.93
2026-09-04 01:00:00,26.82,67.4,0.0,315,0.615,0.0,12.93
2026-09-04 01:01:00,26.77,67.24,0.0,321,0.72,0.0,12.93
2026-09-04 01:02:00,26.79,67.15,0.0,282,0.825,0.0,12.93
2026-09-04 01:03:00,26.77,67.23,0.0,305,0.615,0.0,12.93
2026-09-04 01:04:00,26.77,67.2,0.0,322,0.615,0.0,12.93
2026-09-04 01:05:00,26.75,67.27,0.0,20,0.42,0.0,12.93
2026-09-04 01:06:00,26.74,67.26,0.0,336,0.615,0.0,12.93
2026-09-04 01:07:00,26.73,67.24,0.0,282,0.72,0.0,12.93
2026-09-04 01:08:00,26.75,67.31,0.0,224,0.48,0.0,12.93
2026-09-04 01:09:00,26.74,67.21,0.0,68,0.675,0.0,12.93
2026-09-04 01:10:00,26.71,67.33,0.0,72,0.885,0.0,12.93
2026-09-04 01:11:00,26.75,67.39,0.0,13,0.36,0.0,12.93
2026-09-04 01:12:00,26.71,67.37,0.0,331,0.435,0.0,12.93
2026-09-04 01:13:00,26.7,67.38,0.0,351,0.675,0.0,12.93
2026-09-04 01:14:00,26.68,67.27,0.0,29,0.645,0.0,12.93
2026-09-04 01:15:00,26.65,67.33,0.0,358,0.465,0.0,12.93
2026-09-04 01:16:00,26.67,67.29,0.0,330,0.78,0.0,12.93
2026-09-04 01:17:00,26.65,67.26,0.0,0,0.705,0.0,12.93
2026-09-04 01:18:00,26.61,67.41,0.0,246,0.675,0.0,12.93
2026-09-04 01:19:00,26.63,67.32,0.0,40,0.675,0.0,12.93
2026-09-04 01:20:00,26.63,67.34,0.0,291,0.78,0.0,12.93
2026-09-04 01:21:00,26.61,67.45,0.0,94,0.735,0.0,12.93
2026-09-04 01:22:00,26.61,67.55,0.0,325,0.225,0.0,12.93
2026-09-04 01:23:00,26.63,67.46,0.0,359,0.615,0.0,12.93
2026-09-04 01:24:00,26.6,67.34,0.0,351,0.765,0.0,12.93
2026-09-04 01:25:00,26.6,67.24,0.0,149,0.45,0.0,12.93
2026-09-04 01:26:00,26.6,67.34,0.0,337,0.555,0.0,12.93
2026-09-04 01:27:00,26.61,67.33,0.0,359,0.975,0.0,12.93
2026-09-04 01:28:00,26.6,67.24,0.0,19,0.765,0.0,12.93
2026-09-04 01:29:00,26.6,67.28,0.0,354,0.69,0.0,12.93
2026-09-04 01:30:00,26.6,67.08,0.0,215,1.305,0.0,12.93
2026-09-04 01:31:00,26.6,67.13,0.0,0,0.81,0.0,12.93
2026-09-04 01:32:00,26.58,67.06,0.0,51,0.855,0.0,12.93
2026-09-04 01:33:00,26.57,67.17,0.0,57,0.66,0.0,12.93
2026-09-04 01:34:00,26.57,67.03,0.0,178,0.765,0.0,12.93
2026-09-04 01:35:00,26.57,67.12,0.0,256,0.405,0.0,12.93
2026-09-04 01:36:00,26.55,67.07,0.0,146,0.3,0.0,12.93
2026-09-04 01:37:00,26.55,67.22,0.0,87,0.315,0.0,12.93
2026-09-04 01:38:00,26.54,67.29,0.0,4,0.21,0.0,12.93
2026-09-04 01:39:00,26.52,67.36,0.0,3,0.135,0.0,12.93
2026-09-04 01:40:00,26.51,67.41,0.0,37,0.36,0.0,12.93
2026-09-04 01:41:00,26.48,67.71,0.0,37,0.075,0.0,12.93
2026-09-04 01:42:00,26.48,67.69,0.0,44,0.195,0.0,12.93
2026-09-04 01:43:00,26.47,67.72,0.0,88,0.3,0.0,12.93
2026-09-04 01:44:00,26.46,67.84,0.0,131,0.405,0.0,12.93
2026-09-04 01:45:00,26.43,67.8,0.0,21,0.615,0.0,12.93
2026-09-04 01:46:00,26.4,68.16,0.0,70,0.315,0.0,12.93
2026-09-04 01:47:00,26.34,68.59,0.0,106,0.675,0.0,12.93
2026-09-04 01:48:00,26.27,68.8,0.0,39,1.05,0.0,12.93
2026-09-04 01:49:00,26.19,68.96,0.0,76,0.735,0.0,12.93
2026-09-04 01:50:00,26.09,69.35,0.0,53,0.975,0.0,12.93
2026-09-04 01:51:00,26.03,69.63,0.0,55,0.345,0.0,12.93
2026-09-04 01:52:00,25.99,69.72,0.0,54,0.315,0.0,12.93
2026-09-04 01:53:00,25.97,69.93,0.0,56,0.18,0.0,12.93
2026-09-04 01:54:00,25.92,70.03,0.0,10,0.405,0.0,12.93
2026-09-04 01:55:00,25.92,70.05,0.0,10,0.045,0.0,12.93
2026-09-04 01:56:00,25.92,69.96,0.0,285,0.465,0.0,12.93
2026-09-04 01:57:00,25.9,70.08,0.0,111,0.375,0.0,12.93
2026-09-04 01:58:00,25.88,70.02,0.0,108,0.525,0.0,12.93
2026-09-04 01:59:00,25.85,70.18,0.0,113,0.21,0.0,12.93
2026-09-04 02:00:00,25.86,70.31,0.0,52,0.39,0.0,12.93
2026-09-04 02:01:00,25.86,70.49,0.0,90,0.555,0.0,12.93
2026-09-04 02:02:00,25.8,70.63,0.0,85,0.375,0.0,12.93
2026-09-04 02:03:00,25.78,70.76,0.0,73,0.06,0.0,12.93
2026-09-04 02:04:00,25.73,70.96,0.0,73,0.03,0.0,12.93
2026-09-04 02:05:00,25.72,71.06,0.0,73,0.03,0.0,12.93
2026-09-04 02:06:00,25.7,71.08,0.0,73,0.0,0.0,12.93
2026-09-04 02:07:00,25.69,71.08,0.0,74,0.045,0.0,12.93
2026-09-04 02:08:00,25.69,71.02,0.0,19,0.39,0.0,12.93
2026-09-04 02:09:00,25.73,71.04,0.0,95,0.135,0.0,12.93
2026-09-04 02:10:00,25.72,71.11,0.0,95,0.165,0.0,12.93
2026-09-04 02:11:00,25.73,70.97,0.0,95,0.165,0.0,12.93
2026-09-04 02:12:00,25.73,70.61,0.0,63,0.3,0.0,12.93
2026-09-04 02:13:00,25.73,70.54,0.0,54,0.405,0.0,12.93
2026-09-04 02:14:00,25.75,70.44,0.0,54,0.015,0.0,12.93
2026-09-04 02:15:00,25.75,70.5,0.0,54,0.12,0.0,12.93
2026-09-04 02:16:00,25.75,70.57,0.0,40,0.375,0.0,12.93
2026-09-04 02:17:00,25.76,70.42,0.0,170,0.39,0.0,12.93
2026-09-04 02:18:00,25.78,70.45,0.0,175,0.195,0.0,12.93
2026-09-04 02:19:00,25.79,70.6,0.0,175,0.0,0.0,12.93
2026-09-04 02:20:00,25.79,70.62,0.0,8,0.135,0.0,12.93
2026-09-04 02:21:00,25.76,70.78,0.0,46,0.09,0.0,12.93
2026-09-04 02:22:00,25.76,70.67,0.0,31,0.33,0.0,12.93
2026-09-04 02:23:00,25.76,70.7,0.0,0,0.135,0.0,12.93
2026-09-04 02:24:00,25.76,70.74,0.0,253,0.255,0.0,12.93
2026-09-04 02:25:00,25.73,70.77,0.0,178,0.06,0.0,12.93
2026-09-04 02:26:00,25.73,70.96,0.0,178,0.045,0.0,12.93
2026-09-04 02:27:00,25.72,71.13,0.0,129,0.165,0.0,12.93
2026-09-04 02:28:00,25.69,71.31,0.0,129,0.09,0.0,12.93
2026-09-04 02:29:00,25.69,71.55,0.0,129,0.105,0.0,12.93
2026-09-04 02:30:00,25.65,71.65,0.0,129,0.15,0.0,12.93
2026-09-04 02:31:00,25.61,71.64,0.0,23,0.375,0.0,12.93
2026-09-04 02:32:00,25.58,71.84,0.0,43,0.27,0.0,12.93
2026-09-04 02:33:00,25.56,71.87,0.0,60,0.405,0.0,12.93
2026-09-04 02:34:00,25.5,71.89,0.0,66,0.12,0.0,12.93
2026-09-04 02:35:00,25.48,72.07,0.0,66,0.165,0.0,12.93
2026-09-04 02:36:00,25.45,72.45,0.0,80,0.255,0.0,12.93
2026-09-04 02:37:00,25.41,72.61,0.0,80,0.105,0.0,12.93
2026-09-04 02:38:00,25.37,72.75,0.0,55,0.315,0.0,12.93
2026-09-04 02:39:00,25.37,73.04,0.0,56,0.225,0.0,12.93
2026-09-04 02:40:00,25.34,73.32,0.0,56,0.12,0.0,12.93
2026-09-04 02:41:00,25.28,73.47,0.0,56,0.09,0.0,12.93
2026-09-04 02:42:00,25.27,73.64,0.0,56,0.285,0.0,12.93
2026-09-04 02:43:00,25.24,73.47,0.0,56,0.015,0.0,12.93
2026-09-04 02:44:00,25.21,73.73,0.0,56,0.21,0.0,12.93
2026-09-04 02:45:00,25.21,73.98,0.0,56,0.015,0.0,12.93
2026-09-04 02:46:00,25.21,74.24,0.0,56,0.15,0.0,12.93
2026-09-04 02:47:00,25.18,74.61,0.0,56,0.06,0.0,12.93
2026-09-04 02:48:00,25.14,74.94,0.0,56,0.075,0.0,12.93
2026-09-04 02:49:00,25.11,75.4,0.0,56,0.03,0.0,12.93
2026-09-04 02:50:00,25.07,75.65,0.0,56,0.03,0.0,12.93
2026-09-04 02:51:00,25.02,75.94,0.0,56,0.0,0.0,12.93
2026-09-04 02:52:00,25.04,76.18,0.0,56,0.0,0.0,12.93
2026-09-04 02:53:00,25.01,76.3,0.0,56,0.165,0.0,12.93
2026-09-04 02:54:00,24.97,76.55,0.0,56,0.255,0.0,12.93
2026-09-04 02:55:00,24.93,76.83,0.0,56,0.09,0.0,12.93
2026-09-04 02:56:00,24.91,76.93,0.0,56,0.0,0.0,12.93
2026-09-04 02:57:00,24.88,76.99,0.0,56,0.0,0.0,12.93
2026-09-04 02:58:00,24.87,76.96,0.0,56,0.0,0.0,12.93
2026-09-04 02:59:00,24.84,77.01,0.0,56,0.045,0.0,12.93
2026-09-04 03:00:00,24.83,77.17,0.0,56,0.03,0.0,12.93
2026-09-04 03:01:00,24.84,77.24,0.0,56,0.21,0.0,12.93
2026-09-04 03:02:00,24.81,77.2,0.0,56,0.15,0.0,12.93
2026-09-04 03:03:00,24.81,77.18,0.0,56,0.285,0.0,12.93
2026-09-04 03:04:00,24.76,77.42,0.0,56,0.315,0.0,12.93
2026-09-04 03:05:00,24.73,77.38,0.0,56,0.09,0.0,12.93
2026-09-04 03:06:00,24.73,77.73,0.0,56,0.015,0.0,12.93
2026-09-04 03:07:00,24.69,77.86,0.0,56,0.015,0.0,12.89
2026-09-04 03:08:00,24.67,77.88,0.0,56,0.0,0.0,12.89
2026-09-04 03:09:00,24.66,77.99,0.0,56,0.03,0.0,12.89
2026-09-04 03:10:00,24.64,77.92,0.0,62,0.315,0.0,12.89
2026-09-04 03:11:00,24.59,78.14,0.0,68,0.285,0.0,12.93
2026-09-04 03:12:00,24.56,77.93,0.0,98,0.255,0.0,12.89
2026-09-04 03:13:00,24.57,77.91,0.0,98,0.375,0.0,12.89
2026-09-04 03:14:00,24.53,77.77,0.0,98,0.39,0.0,12.89
2026-09-04 03:15:00,24.49,77.63,0.0,41,0.285,0.0,12.93
2026-09-04 03:16:00,24.49,77.52,0.0,50,0.39,0.0,12.93
2026-09-04 03:17:00,24.47,77.45,0.0,92,0.435,0.0,12.93
2026-09-04 03:18:00,24.46,77.08,0.0,67,0.435,0.0,12.89
2026-09-04 03:19:00,24.47,76.86,0.0,83,0.195,0.0,12.89
2026-09-04 03:20:00,24.5,76.74,0.0,83,0.0,0.0,12.93
2026-09-04 03:21:00,24.49,76.66,0.0,83,0.0,0.0,12.89
2026-09-04 03:22:00,24.5,76.97,0.0,83,0.03,0.0,12.89
2026-09-04 03:23:00,24.56,76.39,0.0,83,0.225,0.0,12.89
2026-09-04 03:24:00,24.6,76.64,0.0,57,0.255,0.0,12.89
2026-09-04 03:25:00,24.6,76.6,0.0,57,0.03,0.0,12.89
2026-09-04 03:26:00,24.64,76.9,0.0,57,0.0,0.0,12.89
2026-09-04 03:27:00,24.63,77.09,0.0,57,0.0,0.0,12.89
2026-09-04 03:28:00,24.64,76.9,0.0,57,0.015,0.0,12.89
2026-09-04 03:29:00,24.63,77.14,0.0,57,0.0,0.0,12.89
2026-09-04 03:30:00,24.62,77.51,0.0,57,0.06,0.0,12.89
2026-09-04 03:31:00,24.6,77.79,0.0,57,0.06,0.0,12.89
2026-09-04 03:32:00,24.56,78.09,0.0,57,0.09,0.0,12.89
2026-09-04 03:33:00,24.56,78.29,0.0,57,0.045,0.0,12.89
2026-09-04 03:34:00,24.49,78.49,0.0,57,0.15,0.0,12.89
2026-09-04 03:35:00,24.49,78.56,0.0,57,0.015,0.0,12.89
2026-09-04 03:36:00,24.44,78.72,0.0,57,0.0,0.0,12.89
2026-09-04 03:37:00,24.4,78.82,0.0,57,0.0,0.0,12.89
2026-09-04 03:38:00,24.4,78.87,0.0,57,0.075,0.0,12.89
2026-09-04 03:39:00,24.39,78.9,0.0,57,0.015,0.0,12.89
2026-09-04 03:40:00,24.38,78.9,0.0,57,0.0,0.0,12.89
2026-09-04 03:41:00,24.36,78.74,0.0,57,0.0,0.0,12.89
2026-09-04 03:42:00,24.35,78.73,0.0,57,0.0,0.0,12.89
2026-09-04 03:43:00,24.36,78.65,0.0,57,0.0,0.0,12.89
2026-09-04 03:44:00,24.33,78.61,0.0,57,0.105,0.0,12.89
2026-09-04 03:45:00,24.36,78.82,0.0,57,0.015,0.0,12.89
2026-09-04 03:46:00,24.35,78.78,0.0,57,0.0,0.0,12.89
2026-09-04 03:47:00,24.35,78.68,0.0,57,0.0,0.0,12.89
2026-09-04 03:48:00,24.35,78.64,0.0,57,0.075,0.0,12.89
2026-09-04 03:49:00,24.32,78.6,0.0,57,0.21,0.0,12.89
2026-09-04 03:50:00,24.29,78.71,0.0,57,0.12,0.0,12.89
2026-09-04 03:51:00,24.25,78.79,0.0,57,0.405,0.0,12.89
2026-09-04 03:52:00,24.19,78.95,0.0,57,0.03,0.0,12.89
2026-09-04 03:53:00,24.12,78.98,0.0,86,0.42,0.0,12.89
2026-09-04 03:54:00,24.09,79.23,0.0,86,0.06,0.0,12.89
2026-09-04 03:55:00,24.01,79.31,0.0,88,0.315,0.0,12.89
2026-09-04 03:56:00,23.96,79.58,0.0,66,0.495,0.0,12.89
2026-09-04 03:57:00,23.91,79.77,0.0,66,0.09,0.0,12.89
2026-09-04 03:58:00,23.85,79.88,0.0,55,0.18,0.0,12.89
2026-09-04 03:59:00,23.84,79.87,0.0,58,0.18,0.0,12.89
2026-09-04 04:00:00,23.81,79.81,0.0,334,0.03,0.0,12.89
2026-09-04 04:01:00,23.78,79.69,0.0,69,0.315,0.0,12.89
2026-09-04 04:02:00,23.78,79.47,0.0,48,0.615,0.0,12.89
2026-09-04 04:03:00,23.79,79.52,0.0,49,0.165,0.0,12.89
2026-09-04 04:04:00,23.79,79.65,0.0,53,0.105,0.0,12.89
2026-09-04 04:05:00,23.79,79.92,0.0,53,0.105,0.0,12.89
2026-09-04 04:06:00,23.77,79.92,0.0,53,0.15,0.0,12.89
2026-09-04 04:07:00,23.77,79.98,0.0,53,0.015,0.0,12.89
2026-09-04 04:08:00,23.77,79.93,0.0,53,0.015,0.0,12.89
2026-09-04 04:09:00,23.77,80.0,0.0,53,0.105,0.0,12.89
2026-09-04 04:10:00,23.71,79.96,0.0,53,0.09,0.0,12.89
2026-09-04 04:11:00,23.71,80.0,0.0,53,0.03,0.0,12.89
2026-09-04 04:12:00,23.71,80.09,0.0,53,0.12,0.0,12.89
2026-09-04 04:13:00,23.7,80.23,0.0,53,0.015,0.0,12.89
2026-09-04 04:14:00,23.71,80.31,0.0,53,0.045,0.0,12.89
2026-09-04 04:15:00,23.68,80.42,0.0,53,0.0,0.0,12.89
2026-09-04 04:16:00,23.7,80.52,0.0,53,0.045,0.0,12.89
2026-09-04 04:17:00,23.67,80.59,0.0,53,0.0,0.0,12.89
2026-09-04 04:18:00,23.65,80.65,0.0,53,0.0,0.0,12.89
2026-09-04 04:19:00,23.65,80.61,0.0,53,0.015,0.0,12.89
2026-09-04 04:20:00,23.64,80.44,0.0,53,0.015,0.0,12.89
2026-09-04 04:21:00,23.65,80.54,0.0,53,0.15,0.0,12.89
2026-09-04 04:22:00,23.65,80.54,0.0,53,0.045,0.0,12.89
2026-09-04 04:23:00,23.67,80.53,0.0,53,0.0,0.0,12.89
2026-09-04 04:24:00,23.64,80.24,0.0,53,0.0,0.0,12.89
2026-09-04 04:25:00,23.62,80.15,0.0,53,0.03,0.0,12.89
2026-09-04 04:26:00,23.61,80.33,0.0,53,0.0,0.0,12.89
2026-09-04 04:27:00,23.62,80.26,0.0,53,0.015,0.0,12.89
2026-09-04 04:28:00,23.64,80.3,0.0,53,0.0,0.0,12.89
2026-09-04 04:29:00,23.64,80.26,0.0,53,0.03,0.0,12.89
2026-09-04 04:30:00,23.67,80.34,0.0,53,0.045,0.0,12.89
2026-09-04 04:31:00,23.67,80.32,0.0,53,0.045,0.0,12.89
2026-09-04 04:32:00,23.67,80.3,0.0,53,0.03,0.0,12.89
2026-09-04 04:33:00,23.7,80.17,0.0,53,0.06,0.0,12.89
2026-09-04 04:34:00,23.65,80.03,0.0,53,0.015,0.0,12.89
2026-09-04 04:35:00,23.64,79.96,0.0,53,0.015,0.0,12.89
2026-09-04 04:36:00,23.64,79.96,0.0,53,0.045,0.0,12.89
2026-09-04 04:37:00,23.6,79.89,0.0,53,0.09,0.0,12.89
2026-09-04 04:38:00,23.55,80.0,0.0,53,0.06,0.0,12.89
2026-09-04 04:39:00,23.51,80.12,0.0,53,0.03,0.0,12.89
2026-09-04 04:40:00,23.52,80.2,0.0,53,0.135,0.0,12.89
2026-09-04 04:41:00,23.5,80.26,0.0,53,0.09,0.0,12.89
2026-09-04 04:42:00,23.47,80.25,0.0,53,0.015,0.0,12.89
2026-09-04 04:43:00,23.44,80.17,0.0,53,0.075,0.0,12.89
2026-09-04 04:44:00,23.44,80.13,0.0,53,0.045,0.0,12.89
2026-09-04 04:45:00,23.44,80.21,0.0,53,0.18,0.0,12.89
2026-09-04 04:46:00,23.42,80.29,0.0,53,0.015,0.0,12.89
2026-09-04 04:47:00,23.44,80.27,0.0,53,0.15,0.0,12.89
2026-09-04 04:48:00,23.4,80.27,0.0,65,0.39,0.0,12.89
2026-09-04 04:49:00,23.4,80.32,0.0,70,0.465,0.0,12.89
2026-09-04 04:50:00,23.38,80.3,0.0,70,0.375,0.0,12.89
2026-09-04 04:51:00,23.4,80.34,0.0,70,0.06,0.0,12.89
2026-09-04 04:52:00,23.4,80.43,0.0,70,0.33,0.0,12.89
2026-09-04 04:53:00,23.36,80.52,0.0,70,0.12,0.0,12.89
2026-09-04 04:54:00,23.3,80.46,0.0,72,0.39,0.0,12.89
2026-09-04 04:55:00,23.31,80.52,0.0,47,0.465,0.0,12.89
2026-09-04 04:56:00,23.3,80.62,0.0,50,0.405,0.0,12.89
2026-09-04 04:57:00,23.29,80.7,0.0,67,0.6,0.0,12.89
2026-09-04 04:58:00,23.29,80.87,0.0,67,0.42,0.0,12.89
2026-09-04 04:59:00,23.24,81.04,0.0,69,0.39,0.0,12.89
2026-09-04 05:00:00,23.26,81.23,0.0,54,0.525,0.0,12.89
2026-09-04 05:01:00,23.21,81.35,0.0,46,0.3,0.0,12.89
2026-09-04 05:02:00,23.2,81.32,0.0,46,0.015,0.0,12.89
2026-09-04 05:03:00,23.19,81.29,0.0,107,0.375,0.0,12.89
2026-09-04 05:04:00,23.2,81.35,0.0,121,0.225,0.0,12.89
2026-09-04 05:05:00,23.21,81.26,0.0,75,0.375,0.0,12.89
2026-09-04 05:06:00,23.19,81.17,0.0,65,0.495,0.0,12.89
2026-09-04 05:07:00,23.2,81.18,0.0,65,0.51,0.0,12.89
2026-09-04 05:08:00,23.16,81.23,0.0,65,0.6,0.0,12.89
2026-09-04 05:09:00,23.16,81.4,0.0,65,0.45,0.0,12.89
2026-09-04 05:10:00,23.09,81.46,0.0,65,0.24,0.0,12.89
2026-09-04 05:11:00,23.07,81.58,0.0,65,0.42,0.0,12.89
2026-09-04 05:12:00,23.06,81.63,0.0,65,0.27,0.0,12.89
2026-09-04 05:13:00,23.07,81.8,0.0,65,0.39,0.0,12.89
2026-09-04 05:14:00,23.04,81.83,0.0,65,0.375,0.0,12.89
2026-09-04 05:15:00,22.97,81.88,0.0,65,0.045,0.0,12.89
2026-09-04 05:16:00,22.97,82.11,0.0,65,0.195,0.0,12.89
2026-09-04 05:17:00,22.94,81.99,0.0,65,0.33,0.0,12.89
2026-09-04 05:18:00,22.94,81.91,0.0,65,0.435,0.0,12.89
2026-09-04 05:19:00,22.92,81.97,0.0,65,0.21,0.0,12.89
2026-09-04 05:20:00,22.93,81.89,0.0,65,0.315,0.0,12.89
2026-09-04 05:21:00,22.96,81.94,0.0,65,0.12,0.0,12.89
2026-09-04 05:22:00,22.96,81.68,0.0,65,0.18,0.0,12.89
2026-09-04 05:23:00,22.97,81.51,0.0,65,0.315,0.0,12.89
2026-09-04 05:24:00,22.99,81.53,0.0,65,0.465,0.0,12.89
2026-09-04 05:25:00,22.96,81.33,0.0,65,0.375,0.0,12.89
2026-09-04 05:26:00,22.99,81.46,0.0,65,0.255,0.0,12.89
2026-09-04 05:27:00,22.99,81.43,0.0,65,0.105,0.0,12.89
2026-09-04 05:28:00,23.04,81.55,0.0,65,0.105,0.0,12.89
2026-09-04 05:29:00,23.06,81.61,0.0,65,0.03,0.0,12.89
2026-09-04 05:30:00,23.04,81.6,0.0,65,0.0,0.0,12.89
2026-09-04 05:31:00,23.07,81.64,0.0,65,0.21,0.0,12.89
2026-09-04 05:32:00,23.04,81.66,0.0,65,0.195,0.0,12.89
2026-09-04 05:33:00,23.04,81.73,0.0,65,0.0,0.0,12.89
2026-09-04 05:34:00,23.03,81.75,0.0,65,0.0,0.0,12.89
2026-09-04 05:35:00,23.01,81.82,0.0,65,0.015,0.0,12.89
2026-09-04 05:36:00,23.04,81.87,0.0,65,0.0,0.0,12.89
2026-09-04 05:37:00,23.0,81.85,0.0,65,0.0,0.0,12.89
2026-09-04 05:38:00,23.0,81.93,0.0,65,0.0,0.0,12.89
2026-09-04 05:39:00,22.99,81.83,0.0,65,0.015,0.0,12.89
2026-09-04 05:40:00,22.94,81.5,0.0,65,0.15,0.0,12.89
2026-09-04 05:41:00,22.97,81.52,0.0,65,0.24,0.0,12.89
2026-09-04 05:42:00,22.93,81.61,0.0,65,0.045,0.0,12.89
2026-09-04 05:43:00,22.96,81.77,0.0,65,0.06,0.0,12.89
2026-09-04 05:44:00,23.0,81.73,0.0,65,0.075,0.0,12.89
2026-09-04 05:45:00,22.97,81.72,0.0,65,0.09,0.0,12.89
2026-09-04 05:46:00,22.99,81.76,0.0,65,0.405,0.0,12.89
2026-09-04 05:47:00,22.96,81.81,0.0,65,0.405,0.0,12.89
2026-09-04 05:48:00,22.94,82.03,0.0,65,0.285,0.0,12.89
2026-09-04 05:49:00,22.86,82.14,0.0,58,0.63,0.0,12.89
2026-09-04 05:50:00,22.83,82.15,0.0,60,0.285,0.0,12.89
2026-09-04 05:51:00,22.8,82.1,0.0,58,0.945,0.0,12.89
2026-09-04 05:52:00,22.78,82.13,0.0,56,0.705,0.0,12.89
2026-09-04 05:53:00,22.78,82.26,0.0,54,0.54,0.0,12.89
2026-09-04 05:54:00,22.75,82.35,0.0,49,0.735,0.0,12.89
2026-09-04 05:55:00,22.75,82.48,0.0,87,0.63,0.0,12.89
2026-09-04 05:56:00,22.73,82.52,0.0,82,0.66,0.0,12.89
2026-09-04 05:57:00,22.73,82.51,0.0,40,0.33,0.0,12.89
2026-09-04 05:58:00,22.75,82.45,0.0,45,0.3,0.0,12.89
2026-09-04 05:59:00,22.73,82.4,0.0,45,0.105,0.0,12.89
2026-09-04 06:00:00,22.75,82.35,0.76,45,0.09,0.0,12.89
2026-09-04 06:01:00,22.73,82.38,0.76,45,0.15,0.0,12.89
2026-09-04 06:02:00,22.78,82.27,1.14,45,0.015,0.0,12.89
2026-09-04 06:03:00,22.76,82.2,1.14,71,0.0,0.0,12.89
2026-09-04 06:04:00,22.79,82.07,1.14,90,0.375,0.0,12.89
2026-09-04 06:05:00,22.8,81.8,1.53,56,0.765,0.0,12.89
2026-09-04 06:06:00,22.83,81.67,1.91,71,1.08,0.0,12.89
2026-09-04 06:07:00,22.85,81.6,1.53,55,0.885,0.0,12.89
2026-09-04 06:08:00,22.87,81.56,2.29,58,0.72,0.0,12.89
2026-09-04 06:09:00,22.87,81.45,2.29,77,0.585,0.0,12.89
2026-09-04 06:10:00,22.87,81.32,2.67,72,0.66,0.0,12.89
2026-09-04 06:11:00,22.89,81.21,3.43,71,0.285,0.0,12.89
2026-09-04 06:12:00,22.92,81.05,4.2,71,0.195,0.0,12.89
2026-09-04 06:13:00,22.94,80.98,5.34,71,0.0,0.0,12.89
2026-09-04 06:14:00,22.97,80.87,6.1,71,0.315,0.0,12.89
2026-09-04 06:15:00,22.97,80.83,7.25,71,0.45,0.0,12.89
2026-09-04 06:16:00,22.97,81.06,8.77,71,0.465,0.0,12.89
2026-09-04 06:17:00,23.0,81.28,9.54,71,0.135,0.0,12.89
2026-09-04 06:18:00,22.99,81.28,10.68,71,0.105,0.0,12.89
2026-09-04 06:19:00,22.99,81.32,12.21,71,0.18,0.0,12.89
2026-09-04 06:20:00,22.96,81.19,12.97,71,0.0,0.0,12.89
2026-09-04 06:21:00,22.94,81.21,13.35,71,0.06,0.0,12.89
2026-09-04 06:22:00,22.97,81.17,13.73,71,0.0,0.0,12.89
2026-09-04 06:23:00,22.99,81.05,13.73,71,0.045,0.0,12.89
2026-09-04 06:24:00,22.94,81.0,14.11,71,0.075,0.0,12.89
2026-09-04 06:25:00,22.93,80.86,14.5,71,0.015,0.0,12.89
2026-09-04 06:26:00,22.94,80.76,14.11,71,0.0,0.0,12.89
2026-09-04 06:27:00,22.94,80.68,14.11,71,0.015,0.0,12.89
2026-09-04 06:28:00,22.97,80.51,14.5,71,0.045,0.0,12.89
2026-09-04 06:29:00,23.01,80.51,14.88,71,0.0,0.0,12.89
2026-09-04 06:30:00,23.07,80.43,15.26,71,0.0,0.0,12.89
2026-09-04 06:31:00,23.06,80.39,15.26,73,0.195,0.0,12.89
2026-09-04 06:32:00,23.1,80.44,15.64,73,0.375,0.0,12.89
2026-09-04 06:33:00,23.07,80.54,16.4,73,0.255,0.0,12.89
2026-09-04 06:34:00,23.09,80.64,16.78,73,0.075,0.0,12.89
2026-09-04 06:35:00,23.04,80.27,17.17,74,0.585,0.0,12.89
2026-09-04 06:36:00,23.04,80.29,17.55,74,0.135,0.0,12.89
2026-09-04 06:37:00,23.03,80.26,17.55,74,0.12,0.0,12.89
2026-09-04 06:38:00,23.03,80.05,17.55,74,0.405,0.0,12.89
2026-09-04 06:39:00,23.04,79.97,17.55,74,0.075,0.0,12.89
2026-09-04 06:40:00,23.07,79.95,17.17,74,0.0,0.0,12.89
2026-09-04 06:41:00,23.09,79.84,17.17,74,0.045,0.0,12.89
2026-09-04 06:42:00,23.11,79.81,16.78,74,0.03,0.0,12.89
2026-09-04 06:43:00,23.13,79.87,16.78,74,0.09,0.0,12.89
2026-09-04 06:44:00,23.1,79.89,16.78,74,0.24,0.0,12.89
2026-09-04 06:45:00,23.09,79.97,17.17,74,0.075,0.0,12.89
2026-09-04 06:46:00,23.09,80.02,16.78,74,0.06,0.0,12.89
2026-09-04 06:47:00,23.09,80.05,17.17,74,0.06,0.0,12.89
2026-09-04 06:48:00,23.07,80.03,18.31,74,0.03,0.0,12.89
2026-09-04 06:49:00,23.1,79.99,20.6,74,0.27,0.0,12.89
2026-09-04 06:50:00,23.1,80.02,21.36,74,0.06,0.0,12.89
2026-09-04 06:51:00,23.11,79.96,17.55,74,0.285,0.0,12.89
2026-09-04 06:52:00,23.09,79.93,17.93,74,0.21,0.0,12.89
2026-09-04 06:53:00,23.06,79.92,19.07,74,0.18,0.0,12.89
2026-09-04 06:54:00,23.04,79.83,20.98,67,0.105,0.0,12.89
2026-09-04 06:55:00,23.06,79.81,22.51,58,0.195,0.0,12.89
2026-09-04 06:56:00,23.09,79.69,23.27,58,0.06,0.0,12.89
2026-09-04 06:57:00,23.1,79.47,22.89,58,0.09,0.0,12.89
2026-09-04 06:58:00,23.13,79.42,27.08,58,0.015,0.0,12.89
2026-09-04 06:59:00,23.16,79.49,29.37,58,0.015,0.0,12.89
2026-09-04 07:00:00,23.19,79.52,34.71,58,0.09,0.0,12.93
2026-09-04 07:01:00,23.27,79.54,36.24,58,0.165,0.0,12.93
2026-09-04 07:02:00,23.29,79.59,35.48,58,0.045,0.0,12.93
2026-09-04 07:03:00,23.29,79.62,34.33,58,0.015,0.0,12.93
2026-09-04 07:04:00,23.36,79.45,39.29,58,0.015,0.0,12.97
2026-09-04 07:05:00,23.37,79.17,39.67,58,0.0,0.0,13.01
2026-09-04 07:06:00,23.41,78.68,40.44,58,0.27,0.0,13.04
2026-09-04 07:07:00,23.44,78.49,40.82,58,0.45,0.0,13.04
2026-09-04 07:08:00,23.48,78.53,41.2,58,0.195,0.0,13.04
2026-09-04 07:09:00,23.51,78.76,41.2,58,0.18,0.0,13.04
2026-09-04 07:10:00,23.54,78.69,41.2,58,0.12,0.0,13.04
2026-09-04 07:11:00,23.55,78.38,39.67,58,0.045,0.0,13.04
2026-09-04 07:12:00,23.55,78.1,37.38,58,0.0,0.0,13.04
2026-09-04 07:13:00,23.57,77.96,34.71,58,0.0,0.0,13.04
2026-09-04 07:14:00,23.58,77.57,36.62,58,0.015,0.0,13.04
2026-09-04 07:15:00,23.64,77.36,45.78,58,0.045,0.0,13.08
2026-09-04 07:16:00,23.68,77.22,47.68,58,0.0,0.0,13.12
2026-09-04 07:17:00,23.75,77.05,56.84,58,0.06,0.0,13.12
2026-09-04 07:18:00,23.81,76.71,63.32,58,0.21,0.0,13.16
2026-09-04 07:19:00,23.88,76.47,66.38,58,0.18,0.0,13.16
2026-09-04 07:20:00,23.96,76.36,68.28,58,0.375,0.0,13.16
2026-09-04 07:21:00,24.03,76.37,69.43,68,0.495,0.0,13.16
2026-09-04 07:22:00,24.06,75.89,69.05,62,0.465,0.0,13.16
2026-09-04 07:23:00,24.13,75.63,67.52,58,0.51,0.0,13.16
2026-09-04 07:24:00,24.18,75.52,65.61,69,0.435,0.0,13.16
2026-09-04 07:25:00,24.28,75.52,65.61,69,0.075,0.0,13.16
2026-09-04 07:26:00,24.32,75.55,69.05,73,0.345,0.0,13.16
2026-09-04 07:27:00,24.38,75.72,60.65,73,0.405,0.0,13.16
2026-09-04 07:28:00,24.42,75.43,54.55,64,0.39,0.0,13.16
2026-09-04 07:29:00,24.39,75.44,54.55,64,0.375,0.0,13.16
2026-09-04 07:30:00,24.43,75.43,60.65,64,0.03,0.0,13.16
2026-09-04 07:31:00,24.44,74.84,65.23,0,0.345,0.0,13.16
2026-09-04 07:32:00,24.49,74.32,54.55,0,0.15,0.0,13.16
2026-09-04 07:33:00,24.53,73.82,52.26,252,0.24,0.0,13.16
2026-09-04 07:34:00,24.57,73.72,50.74,252,0.195,0.0,13.16
2026-09-04 07:35:00,24.62,73.81,64.47,109,0.09,0.0,13.16
2026-09-04 07:36:00,24.7,73.76,60.65,107,0.195,0.0,13.46
2026-09-04 07:37:00,24.77,73.79,59.13,107,0.09,0.0,13.46
2026-09-04 07:38:00,24.79,73.51,53.41,57,0.255,0.0,13.46
2026-09-04 07:39:00,24.86,73.15,46.16,57,0.225,0.0,13.46
2026-09-04 07:40:00,24.88,72.95,57.22,57,0.06,0.0,13.46
2026-09-04 07:41:00,24.91,72.2,78.97,57,0.285,0.0,13.46
2026-09-04 07:42:00,24.94,72.15,131.23,76,0.225,0.0,13.79
2026-09-04 07:43:00,24.97,72.3,64.09,36,0.36,0.0,13.64
2026-09-04 07:44:00,24.98,72.6,131.99,42,0.345,0.0,13.79
2026-09-04 07:45:00,25.01,72.67,61.42,55,0.375,0.0,13.64
2026-09-04 07:46:00,25.02,72.02,240.71,53,0.315,0.0,14.13
2026-09-04 07:47:00,25.17,71.7,255.59,53,0.06,0.0,14.13
2026-09-04 07:48:00,25.34,71.74,155.64,88,0.21,0.0,13.91
2026-09-04 07:49:00,25.42,71.8,278.1,60,0.495,0.0,14.13
2026-09-04 07:50:00,25.56,71.69,278.48,71,0.495,0.0,14.13
2026-09-04 07:51:00,25.69,72.07,277.33,71,0.51,0.0,14.13
2026-09-04 07:52:00,25.8,72.17,122.84,60,0.33,0.0,13.83
2026-09-04 07:53:00,25.83,70.49,51.12,77,0.54,0.0,13.79
2026-09-04 07:54:00,25.76,70.28,199.13,56,0.66,0.0,14.09
2026-09-04 07:55:00,25.79,70.85,192.26,53,0.585,0.0,14.09
2026-09-04 07:56:00,25.83,70.0,238.04,65,0.525,0.0,14.09
2026-09-04 07:57:00,25.9,69.3,159.84,41,0.435,0.0,14.09
2026-09-04 07:58:00,26.0,69.22,147.25,41,0.21,0.0,14.09
2026-09-04 07:59:00,26.1,69.12,307.09,41,0.09,0.0,14.13
2026-09-04 08:00:00,26.23,68.75,307.85,41,0.105,0.0,14.13
2026-09-04 08:01:00,26.38,68.32,220.87,41,0.135,0.0,14.09
2026-09-04 08:02:00,26.5,67.13,88.12,41,0.135,0.0,13.79
2026-09-04 08:03:00,26.54,66.5,249.1,17,0.375,0.0,14.09
2026-09-04 08:04:00,26.64,66.49,317.39,46,0.33,0.0,14.13
2026-09-04 08:05:00,26.78,66.82,284.96,50,0.105,0.0,14.09
2026-09-04 08:06:00,26.94,66.34,319.3,50,0.06,0.0,14.13
2026-09-04 08:07:00,27.09,65.97,321.97,50,0.015,0.0,14.09
2026-09-04 08:08:00,27.22,65.33,325.4,50,0.015,0.0,14.09
2026-09-04 08:09:00,27.37,65.32,327.31,50,0.06,0.0,14.09
2026-09-04 08:10:00,27.59,64.01,337.61,50,0.36,0.0,14.09
2026-09-04 08:11:00,27.67,64.12,332.65,50,0.06,0.0,14.09
2026-09-04 08:12:00,27.84,64.41,335.7,74,0.165,0.0,14.09
2026-09-04 08:13:00,27.86,63.93,339.51,111,0.675,0.0,14.09
2026-09-04 08:14:00,27.88,63.49,339.89,78,0.345,0.0,14.09
2026-09-04 08:15:00,27.9,63.1,348.29,87,0.555,0.0,14.09
2026-09-04 08:16:00,27.91,63.12,220.49,83,0.375,0.0,14.09
2026-09-04 08:17:00,27.93,63.35,221.26,83,0.165,0.0,14.09
2026-09-04 08:18:00,27.96,63.21,355.54,32,0.18,0.0,14.09
2026-09-04 08:19:00,28.03,63.38,355.92,49,0.24,0.0,14.09
2026-09-04 08:20:00,28.13,63.14,357.82,88,0.315,0.0,14.09
2026-09-04 08:21:00,28.23,62.44,360.88,76,0.54,0.0,14.09
2026-09-04 08:22:00,28.24,62.06,363.16,60,0.615,0.0,14.09
2026-09-04 08:23:00,28.2,62.09,365.07,228,0.81,0.0,14.09
2026-09-04 08:24:00,28.17,62.17,368.12,95,0.525,0.0,14.09
2026-09-04 08:25:00,28.15,62.17,371.18,79,0.915,0.0,14.09
2026-09-04 08:26:00,28.1,62.2,373.46,35,0.975,0.0,14.09
2026-09-04 08:27:00,28.07,62.37,376.13,41,0.54,0.0,14.09
2026-09-04 08:28:00,28.1,61.96,357.82,57,0.525,0.0,14.09
2026-09-04 08:29:00,28.17,61.96,382.62,56,0.495,0.0,14.09
2026-09-04 08:30:00,28.24,62.2,384.91,124,0.51,0.0,14.09
2026-09-04 08:31:00,28.28,61.96,387.58,277,0.48,0.0,14.09
2026-09-04 08:32:00,28.34,60.92,391.01,311,0.51,0.0,14.09
2026-09-04 08:33:00,28.35,60.39,393.68,315,0.405,0.0,14.13
2026-09-04 08:34:00,28.35,60.93,397.12,70,0.915,0.0,14.09
2026-09-04 08:35:00,28.31,60.92,398.64,43,0.81,0.0,14.09
2026-09-04 08:36:00,28.36,60.92,402.08,153,0.36,0.0,14.09
2026-09-04 08:37:00,28.45,60.88,405.13,125,0.375,0.0,14.09
2026-09-04 08:38:00,28.49,61.09,405.51,309,0.66,0.0,14.09
2026-09-04 08:39:00,28.54,60.86,411.23,238,0.285,0.0,14.09
2026-09-04 08:40:00,28.62,60.72,414.28,236,0.225,0.0,14.09
2026-09-04 08:41:00,28.71,60.75,416.57,226,0.165,0.0,14.09
2026-09-04 08:42:00,28.78,60.72,416.95,226,0.045,0.0,14.09
2026-09-04 08:43:00,28.92,60.96,420.77,118,0.3,0.0,14.09
2026-09-04 08:44:00,29.1,60.59,422.29,92,0.24,0.0,14.09
2026-09-04 08:45:00,29.26,60.83,425.73,73,0.24,0.0,14.09
2026-09-04 08:46:00,29.34,59.91,427.25,63,0.525,0.0,14.09
2026-09-04 08:47:00,29.4,59.46,430.3,98,0.165,0.0,14.09
2026-09-04 08:48:00,29.44,58.64,433.36,245,0.54,0.0,14.09
2026-09-04 08:49:00,29.44,58.77,437.17,107,0.21,0.0,14.09
2026-09-04 08:50:00,29.43,58.21,439.84,155,0.375,0.0,14.09
2026-09-04 08:51:00,29.4,58.61,442.13,98,0.27,0.0,14.09
2026-09-04 08:52:00,29.33,58.98,444.8,140,0.57,0.0,14.09
2026-09-04 08:53:00,29.37,58.9,448.62,113,0.09,0.0,14.09
2026-09-04 08:54:00,29.41,58.96,451.29,101,0.36,0.0,14.09
2026-09-04 08:55:00,29.57,58.65,455.48,101,0.03,0.0,14.09
2026-09-04 08:56:00,29.7,58.27,456.24,101,0.06,0.0,14.09
2026-09-04 08:57:00,29.75,57.93,458.53,134,0.15,0.0,14.09
2026-09-04 08:58:00,29.85,57.78,462.73,73,0.285,0.0,14.09
2026-09-04 08:59:00,29.89,57.64,465.4,62,0.525,0.0,14.09
2026-09-04 09:00:00,29.83,57.7,468.45,17,0.675,0.0,14.09
2026-09-04 09:01:00,29.75,57.98,469.21,74,0.525,0.0,14.09
2026-09-04 09:02:00,29.75,58.03,471.89,83,0.6,0.0,14.09
2026-09-04 09:03:00,29.71,58.6,473.79,72,0.27,0.0,14.09
2026-09-04 09:04:00,29.7,58.77,477.99,72,0.09,0.0,14.09
2026-09-04 09:05:00,29.73,58.45,481.04,51,0.39,0.0,14.09
2026-09-04 09:06:00,29.73,58.4,482.95,86,0.675,0.0,14.09
2026-09-04 09:07:00,29.67,58.36,487.91,193,0.63,0.0,14.09
2026-09-04 09:08:00,29.63,57.62,489.05,72,0.465,0.0,14.09
2026-09-04 09:09:00,29.58,57.92,490.96,100,0.795,0.0,14.09
2026-09-04 09:10:00,29.54,58.62,492.1,92,0.51,0.0,14.09
2026-09-04 09:11:00,29.68,58.66,496.68,93,0.15,0.0,14.09
2026-09-04 09:12:00,29.85,58.71,500.11,83,0.21,0.0,14.09
2026-09-04 09:13:00,29.95,57.6,502.78,65,0.525,0.0,14.09
2026-09-04 09:14:00,29.95,57.61,505.46,62,0.99,0.0,14.09
2026-09-04 09:15:00,29.85,57.35,508.51,49,0.975,0.0,14.09
2026-09-04 09:16:00,29.74,57.45,510.03,160,0.795,0.0,14.09
2026-09-04 09:17:00,29.73,57.65,512.7,239,0.45,0.0,14.09
2026-09-04 09:18:00,29.7,57.61,515.75,36,0.315,0.0,14.09
2026-09-04 09:19:00,29.77,57.26,519.95,175,0.435,0.0,14.09
2026-09-04 09:20:00,29.78,55.78,521.86,65,0.57,0.0,14.09
2026-09-04 09:21:00,29.84,56.1,524.53,90,0.24,0.0,14.09
2026-09-04 09:22:00,30.04,55.44,527.58,243,0.27,0.0,14.09
2026-09-04 09:23:00,30.14,54.7,528.73,246,0.915,0.0,14.09
2026-09-04 09:24:00,30.12,54.17,530.63,20,0.885,0.0,14.09
2026-09-04 09:25:00,30.09,53.92,534.07,320,0.72,0.0,14.09
2026-09-04 09:26:00,29.99,54.07,537.5,1,1.08,0.0,14.09
2026-09-04 09:27:00,29.81,54.21,537.88,306,0.93,0.0,14.09
2026-09-04 09:28:00,29.7,54.67,540.55,292,0.84,0.0,14.09
2026-09-04 09:29:00,29.71,54.91,543.22,341,0.405,0.0,14.09
2026-09-04 09:30:00,29.78,55.23,546.65,123,0.36,0.0,14.09
2026-09-04 09:31:00,29.96,54.73,549.71,204,0.39,0.0,14.09
2026-09-04 09:32:00,29.98,54.12,552.0,127,0.885,0.0,14.09
2026-09-04 09:33:00,30.01,53.84,554.28,51,0.99,0.0,14.09
2026-09-04 09:34:00,29.92,54.0,556.95,42,0.78,0.0,14.09
2026-09-04 09:35:00,29.87,54.02,559.24,153,0.585,0.0,14.09
2026-09-04 09:36:00,29.87,54.28,560.39,37,0.705,0.0,14.09
2026-09-04 09:37:00,29.94,54.19,562.68,315,0.57,0.0,14.09
2026-09-04 09:38:00,29.99,54.13,566.11,106,0.405,0.0,14.09
2026-09-04 09:39:00,29.98,54.06,568.4,316,1.14,0.0,14.09
2026-09-04 09:40:00,29.95,54.1,571.07,119,1.095,0.0,14.09
2026-09-04 09:41:00,29.95,54.15,572.98,319,0.735,0.0,14.09
2026-09-04 09:42:00,29.92,53.58,575.65,350,1.185,0.0,14.09
2026-09-04 09:43:00,29.91,53.97,576.03,16,0.63,0.0,14.09
2026-09-04 09:44:00,29.89,54.39,579.84,339,1.53,0.0,14.09
2026-09-04 09:45:00,29.89,54.43,584.04,28,1.275,0.0,14.09
2026-09-04 09:46:00,29.88,54.1,584.8,289,1.05,0.0,14.09
2026-09-04 09:47:00,29.85,54.1,585.95,47,0.87,0.0,14.09
2026-09-04 09:48:00,29.94,54.34,590.14,131,0.585,0.0,14.09
2026-09-04 09:49:00,30.09,54.29,593.58,125,0.45,0.0,14.09
2026-09-04 09:50:00,30.22,53.68,594.72,98,0.75,0.0,14.09
2026-09-04 09:51:00,30.28,53.71,596.25,272,1.065,0.0,14.09
2026-09-04 09:52:00,30.14,53.56,598.92,150,2.19,0.0,14.09
2026-09-04 09:53:00,30.01,54.04,600.82,61,1.455,0.0,14.09
2026-09-04 09:54:00,29.96,54.96,602.35,46,0.615,0.0,14.09
2026-09-04 09:55:00,30.01,54.77,606.93,47,0.96,0.0,14.09
2026-09-04 09:56:00,30.12,53.78,608.45,65,0.9,0.0,14.09
2026-09-04 09:57:00,30.02,53.68,610.74,49,1.635,0.0,14.09
2026-09-04 09:58:00,29.85,54.18,612.65,89,1.455,0.0,14.09
2026-09-04 09:59:00,29.7,54.69,614.18,138,1.035,0.0,14.09
2026-09-04 10:00:00,29.77,54.84,617.99,84,0.435,0.0,14.09
2026-09-04 10:01:00,29.87,54.17,618.75,347,0.855,0.0,14.09
2026-09-04 10:02:00,29.88,54.37,620.28,0,0.84,0.0,14.09
2026-09-04 10:03:00,29.94,54.21,622.57,348,0.735,0.0,14.09
2026-09-04 10:04:00,29.95,54.32,623.33,359,1.005,0.0,14.09
2026-09-04 10:05:00,29.96,54.65,625.62,260,0.81,0.0,14.09
2026-09-04 10:06:00,29.98,54.77,628.29,293,1.065,0.0,14.09
2026-09-04 10:07:00,29.96,55.01,632.1,270,1.41,0.0,14.09
2026-09-04 10:08:00,29.94,54.12,632.87,354,0.945,0.0,14.09
2026-09-04 10:09:00,29.94,53.01,633.25,28,1.08,0.0,14.09
2026-09-04 10:10:00,29.95,53.45,634.78,12,0.96,0.0,14.09
2026-09-04 10:11:00,29.99,53.74,638.97,355,0.615,0.0,14.09
2026-09-04 10:12:00,29.99,53.15,639.73,61,1.32,0.0,14.09
2026-09-04 10:13:00,29.92,53.26,642.4,188,1.395,0.0,14.09
2026-09-04 10:14:00,29.92,53.55,645.84,332,0.885,0.0,14.09
2026-09-04 10:15:00,29.94,53.63,648.51,41,0.945,0.0,14.09
2026-09-04 10:16:00,29.94,53.61,650.03,198,1.32,0.0,14.09
2026-09-04 10:17:00,30.04,53.52,651.94,203,0.525,0.0,14.09
2026-09-04 10:18:00,30.16,53.29,651.94,340,0.48,0.0,14.09
2026-09-04 10:19:00,30.22,53.2,656.52,353,1.02,0.0,14.09
2026-09-04 10:20:00,30.18,53.02,657.66,316,1.185,0.0,14.09
2026-09-04 10:21:00,30.11,53.22,659.19,13,0.78,0.0,14.09
2026-09-04 10:22:00,30.12,53.16,659.57,326,1.005,0.0,14.09
2026-09-04 10:23:00,30.08,52.94,661.1,226,1.485,0.0,14.09
2026-09-04 10:24:00,30.07,53.57,662.62,95,0.975,0.0,14.09
2026-09-04 10:25:00,30.09,53.7,663.39,121,1.05,0.0,14.09
2026-09-04 10:26:00,30.09,53.93,667.2,207,0.915,0.0,14.09
2026-09-04 10:27:00,30.16,54.09,667.96,251,0.525,0.0,14.09
2026-09-04 10:28:00,30.28,53.64,671.4,46,1.185,0.0,14.09
2026-09-04 10:29:00,30.33,53.59,675.59,295,0.555,0.0,14.09
2026-09-04 10:30:00,30.43,53.08,676.74,231,0.405,0.0,14.09
2026-09-04 10:31:00,30.53,52.88,679.03,65,0.615,0.0,14.09
2026-09-04 10:32:00,30.49,52.52,679.79,163,0.87,0.0,14.09
2026-09-04 10:33:00,30.5,52.81,681.7,202,0.78,0.0,14.09
2026-09-04 10:34:00,30.46,52.64,682.08,149,0.915,0.0,14.09
2026-09-04 10:35:00,30.52,52.57,685.89,276,0.66,0.0,14.09
2026-09-04 10:36:00,30.58,52.12,687.42,92,0.57,0.0,14.09
2026-09-04 10:37:00,30.63,52.02,686.27,248,0.69,0.0,14.09
2026-09-04 10:38:00,30.58,52.13,689.33,143,1.38,0.0,14.09
2026-09-04 10:39:00,30.47,52.75,694.29,1,1.14,0.0,14.09
2026-09-04 10:40:00,30.39,52.75,693.14,78,1.125,0.0,14.09
2026-09-04 10:41:00,30.36,52.73,695.05,258,1.05,0.0,14.09
2026-09-04 10:42:00,30.28,53.35,697.34,155,0.825,0.0,14.09
2026-09-04 10:43:00,30.32,53.63,696.96,162,0.33,0.0,14.09
2026-09-04 10:44:00,30.4,52.81,700.01,273,0.585,0.0,14.09
2026-09-04 10:45:00,30.47,52.73,701.92,280,0.375,0.0,14.09
2026-09-04 10:46:00,30.58,53.1,704.2,76,0.765,0.0,14.09
2026-09-04 10:47:00,30.65,53.13,706.87,351,0.66,0.0,14.09
2026-09-04 10:48:00,30.69,52.49,708.02,322,0.54,0.0,14.09
2026-09-04 10:49:00,30.69,52.55,709.54,16,0.9,0.0,14.09
2026-09-04 10:50:00,30.69,52.61,709.93,263,0.63,0.0,14.09
2026-09-04 10:51:00,30.72,52.68,712.98,286,0.39,0.0,14.09
2026-09-04 10:52:00,30.8,52.31,711.07,42,0.825,0.0,14.09
2026-09-04 10:53:00,30.8,52.0,712.98,22,1.02,0.0,14.09
2026-09-04 10:54:00,30.82,51.7,716.03,50,1.005,0.0,14.09
2026-09-04 10:55:00,30.73,51.64,719.08,40,1.125,0.0,14.09
2026-09-04 10:56:00,30.7,52.17,721.75,12,0.33,0.0,14.09
2026-09-04 10:57:00,30.77,52.49,722.9,156,0.465,0.0,14.09
2026-09-04 10:58:00,30.86,51.97,722.9,353,0.45,0.0,14.09
2026-09-04 10:59:00,30.84,51.83,723.66,13,1.185,0.0,14.09
2026-09-04 11:00:00,30.79,52.36,725.57,226,1.035,0.0,14.09
2026-09-04 11:01:00,30.77,52.44,729.0,100,0.885,0.0,14.09
2026-09-04 11:02:00,30.72,52.51,729.38,23,1.35,0.0,14.09
2026-09-04 11:03:00,30.61,52.89,730.14,263,1.605,0.0,14.09
2026-09-04 11:04:00,30.54,53.25,730.53,0,0.66,0.0,14.09
2026-09-04 11:05:00,30.61,53.51,733.58,210,0.495,0.0,14.09
2026-09-04 11:06:00,30.67,53.35,735.48,37,0.78,0.0,14.09
2026-09-04 11:07:00,30.65,52.12,736.63,104,1.335,0.0,14.09
2026-09-04 11:08:00,30.59,52.28,739.3,215,0.735,0.0,14.09
2026-09-04 11:09:00,30.61,51.8,739.68,207,1.215,0.0,14.09
2026-09-04 11:10:00,30.61,51.69,739.68,314,1.08,0.0,14.09
2026-09-04 11:11:00,30.65,51.05,742.73,282,0.93,0.0,14.09
2026-09-04 11:12:00,30.59,51.48,742.35,275,0.81,0.0,14.09
2026-09-04 11:13:00,30.63,51.83,743.88,25,0.345,0.0,14.09
2026-09-04 11:14:00,30.74,51.2,743.88,217,0.84,0.0,14.09
2026-09-04 11:15:00,30.84,50.97,746.93,20,0.615,0.0,14.09
2026-09-04 11:16:00,30.9,51.04,747.69,16,0.66,0.0,14.09
2026-09-04 11:17:00,30.94,50.26,746.93,111,0.84,0.0,14.09
2026-09-04 11:18:00,30.9,50.61,749.98,97,0.585,0.0,14.09
2026-09-04 11:19:00,30.87,51.28,749.22,9,0.255,0.0,14.09
2026-09-04 11:20:00,30.94,50.95,751.89,353,0.6,0.0,14.09
2026-09-04 11:21:00,30.95,50.28,752.65,278,1.41,0.0,14.09
2026-09-04 11:22:00,30.87,50.26,755.32,103,1.275,0.0,14.09
2026-09-04 11:23:00,30.77,50.6,755.7,1,1.38,0.0,14.09
2026-09-04 11:24:00,30.66,50.85,756.47,41,0.78,0.0,14.09
2026-09-04 11:25:00,30.66,50.72,757.23,229,1.17,0.0,14.09
2026-09-04 11:26:00,30.54,50.7,757.61,71,1.56,0.0,14.09
2026-09-04 11:27:00,30.39,51.12,758.37,102,1.38,0.0,14.09
2026-09-04 11:28:00,30.29,51.48,758.37,326,1.14,0.0,14.09
2026-09-04 11:29:00,30.25,51.61,761.81,343,1.32,0.0,14.09
2026-09-04 11:30:00,30.26,51.72,763.33,62,1.305,0.0,14.09
2026-09-04 11:31:00,30.22,51.91,762.57,215,1.11,0.0,14.09
2026-09-04 11:32:00,30.31,51.66,764.1,47,0.63,0.0,14.09
2026-09-04 11:33:00,30.39,51.83,765.24,325,0.915,0.0,14.09
2026-09-04 11:34:00,30.42,50.9,764.86,73,1.455,0.0,14.09
2026-09-04 11:35:00,30.4,50.96,767.15,169,1.005,0.0,14.09
2026-09-04 11:36:00,30.39,50.74,766.77,260,1.47,0.0,14.09
2026-09-04 11:37:00,30.36,51.05,768.67,279,0.795,0.0,14.09
2026-09-04 11:38:00,30.4,51.07,770.96,180,0.54,0.0,14.09
2026-09-04 11:39:00,30.54,51.01,770.58,237,0.39,0.0,14.09
2026-09-04 11:40:00,30.66,50.64,770.96,294,0.87,0.0,14.09
2026-09-04 11:41:00,30.67,50.32,772.49,91,0.87,0.0,14.09
2026-09-04 11:42:00,30.73,50.38,775.54,359,0.87,0.0,14.09
2026-09-04 11:43:00,30.79,49.89,772.87,122,0.99,0.0,14.09
2026-09-04 11:44:00,30.83,49.43,774.01,50,1.14,0.0,14.09
2026-09-04 11:45:00,30.77,49.69,775.54,28,0.93,0.0,14.09
2026-09-04 11:46:00,30.73,50.09,775.16,21,0.69,0.0,14.09
2026-09-04 11:47:00,30.8,50.32,776.3,83,0.555,0.0,14.09
2026-09-04 11:48:00,30.86,49.77,779.35,16,1.14,0.0,14.09
2026-09-04 11:49:00,30.9,49.72,779.35,0,0.93,0.0,14.09
2026-09-04 11:50:00,30.87,49.62,780.5,85,1.245,0.0,14.09
2026-09-04 11:51:00,30.87,50.31,780.12,128,0.945,0.0,14.09
2026-09-04 11:52:00,30.89,49.76,783.17,347,0.63,0.0,14.09
2026-09-04 11:53:00,30.97,49.27,784.31,11,0.75,0.0,14.09
2026-09-04 11:54:00,31.07,48.84,783.55,141,0.795,0.0,14.09
2026-09-04 11:55:00,31.09,48.52,783.93,354,0.915,0.0,14.09
2026-09-04 11:56:00,31.05,48.31,784.31,348,0.81,0.0,14.09
2026-09-04 11:57:00,31.05,48.41,784.31,256,0.84,0.0,14.09
2026-09-04 11:58:00,31.1,49.15,785.46,0,0.57,0.0,14.09
2026-09-04 11:59:00,31.23,49.06,786.6,324,0.705,0.0,14.09
2026-09-04 12:00:00,31.45,48.87,789.27,52,0.645,0.0,14.09
2026-09-04 12:01:00,31.52,47.49,790.42,59,0.915,0.0,14.09
2026-09-04 12:02:00,31.55,46.98,791.56,240,0.96,0.0,14.09
2026-09-04 12:03:00,31.58,46.97,790.8,333,0.765,0.0,14.09
2026-09-04 12:04:00,31.49,46.95,792.32,79,1.515,0.0,14.09
2026-09-04 12:05:00,31.42,47.07,792.32,247,0.705,0.0,14.09
2026-09-04 12:06:00,31.38,47.53,792.71,0,0.555,0.0,14.09
2026-09-04 12:07:00,31.38,47.17,791.94,253,1.11,0.0,14.09
2026-09-04 12:08:00,31.31,47.47,793.47,303,0.87,0.0,14.09
2026-09-04 12:09:00,31.28,47.43,792.71,166,0.78,0.0,14.09
2026-09-04 12:10:00,31.23,47.12,795.0,54,1.11,0.0,14.09
2026-09-04 12:11:00,31.16,47.07,791.56,299,1.2,0.0,14.09
2026-09-04 12:12:00,31.14,47.11,795.0,97,0.765,0.0,14.09
2026-09-04 12:13:00,31.14,47.07,796.14,54,0.915,0.0,14.09
2026-09-04 12:14:00,31.21,47.39,798.05,284,0.705,0.0,14.09
2026-09-04 12:15:00,31.25,47.32,798.05,21,0.93,0.0,14.09
2026-09-04 12:16:00,31.28,47.59,798.43,319,0.69,0.0,14.09
2026-09-04 12:17:00,31.37,47.15,798.81,46,0.855,0.0,14.09
2026-09-04 12:18:00,31.41,46.69,798.05,122,1.035,0.0,14.09
2026-09-04 12:19:00,31.4,47.48,799.95,131,0.525,0.0,14.09
2026-09-04 12:20:00,31.49,47.41,799.57,63,0.495,0.0,14.09
2026-09-04 12:21:00,31.6,46.49,800.72,9,1.14,0.0,14.09
2026-09-04 12:22:00,31.54,46.48,801.1,311,1.26,0.0,14.09
2026-09-04 12:23:00,31.41,46.52,799.57,57,1.2,0.0,14.09
2026-09-04 12:24:00,31.35,47.01,799.95,287,0.93,0.0,14.09
2026-09-04 12:25:00,31.44,47.05,802.62,267,0.585,0.0,14.09
2026-09-04 12:26:00,31.44,46.29,801.86,32,1.215,0.0,14.09
2026-09-04 12:27:00,31.38,46.53,801.48,315,1.11,0.0,14.09
2026-09-04 12:28:00,31.35,46.0,802.62,283,0.945,0.0,14.09
2026-09-04 12:29:00,31.35,46.32,801.48,207,0.51,0.0,14.09
2026-09-04 12:30:00,31.34,46.01,801.48,256,0.765,0.0,14.09
2026-09-04 12:31:00,31.32,46.43,800.72,277,0.285,0.0,14.09
2026-09-04 12:32:00,31.46,46.71,802.62,286,0.165,0.0,14.09
2026-09-04 12:33:00,31.69,46.14,801.1,304,1.05,0.0,14.09
2026-09-04 12:34:00,31.69,45.71,800.72,283,1.215,0.0,14.09
2026-09-04 12:35:00,31.64,46.15,800.72,190,0.645,0.0,14.09
2026-09-04 12:36:00,31.68,46.2,799.95,315,0.54,0.0,14.09
2026-09-04 12:37:00,31.78,46.21,800.34,149,0.54,0.0,14.09
2026-09-04 12:38:00,31.88,45.92,800.34,340,0.69,0.0,14.09
2026-09-04 12:39:00,31.98,45.89,800.72,257,0.72,0.0,14.09
2026-09-04 12:40:00,32.05,46.11,800.34,194,0.63,0.0,14.09
2026-09-04 12:41:00,32.18,46.38,803.01,332,0.84,0.0,14.09
2026-09-04 12:42:00,32.32,44.89,803.01,225,1.005,0.0,14.09
2026-09-04 12:43:00,32.28,44.73,801.1,261,1.35,0.0,14.09
2026-09-04 12:44:00,32.1,44.59,803.01,192,1.245,0.0,14.09
2026-09-04 12:45:00,31.98,45.04,801.48,162,1.035,0.0,14.09
2026-09-04 12:46:00,31.88,45.2,800.34,2,1.515,0.0,14.09
2026-09-04 12:47:00,31.76,45.77,800.72,282,1.05,0.0,14.09
2026-09-04 12:48:00,31.76,45.94,801.86,100,1.095,0.0,14.09
2026-09-04 12:49:00,31.79,45.67,802.24,344,0.825,0.0,14.09
2026-09-04 12:50:00,31.83,45.38,801.48,190,1.29,0.0,14.09
2026-09-04 12:51:00,31.81,45.37,802.62,328,1.14,0.0,14.09
2026-09-04 12:52:00,31.89,45.51,801.86,359,0.75,0.0,14.09
2026-09-04 12:53:00,32.05,45.24,801.86,289,0.705,0.0,14.09
2026-09-04 12:54:00,32.18,44.61,800.72,95,0.825,0.0,14.09
2026-09-04 12:55:00,32.19,44.41,801.1,20,1.35,0.0,14.09
2026-09-04 12:56:00,32.09,44.65,799.57,145,1.305,0.0,14.09
2026-09-04 12:57:00,32.02,44.59,799.57,345,1.005,0.0,14.09
2026-09-04 12:58:00,32.02,44.86,801.1,287,0.96,0.0,14.09
2026-09-04 12:59:00,31.99,45.14,799.57,193,0.885,0.0,14.09
2026-09-04 13:00:00,32.12,44.28,800.34,349,0.99,0.0,14.09
2026-09-04 13:01:00,32.19,44.17,800.34,20,0.645,0.0,14.09
2026-09-04 13:02:00,32.22,44.4,799.19,306,0.945,0.0,14.09
2026-09-04 13:03:00,32.2,43.91,797.28,336,1.485,0.0,14.09
2026-09-04 13:04:00,32.09,43.93,798.05,231,1.755,0.0,14.09
2026-09-04 13:05:00,31.98,44.12,797.67,25,1.41,0.0,14.09
2026-09-04 13:06:00,31.91,44.22,797.67,294,1.155,0.0,14.09
2026-09-04 13:07:00,31.96,43.88,797.28,85,0.81,0.0,14.09
2026-09-04 13:08:00,32.06,44.13,796.14,240,0.54,0.0,14.09
2026-09-04 13:09:00,32.16,44.27,795.0,292,1.11,0.0,14.09
2026-09-04 13:10:00,32.38,43.82,795.0,294,0.84,0.0,14.09
2026-09-04 13:11:00,32.54,43.09,795.76,176,0.975,0.0,14.09
2026-09-04 13:12:00,32.57,42.44,794.61,245,1.26,0.0,14.09
2026-09-04 13:13:00,32.53,42.42,795.0,10,1.17,0.0,14.09
2026-09-04 13:14:00,32.44,42.82,793.09,169,1.32,0.0,14.09
2026-09-04 13:15:00,32.36,43.04,792.71,314,1.2,0.0,14.09
2026-09-04 13:16:00,32.25,43.34,791.56,37,1.245,0.0,14.09
2026-09-04 13:17:00,32.23,43.37,791.56,41,0.945,0.0,14.09
2026-09-04 13:18:00,32.29,43.87,791.94,345,0.585,0.0,14.09
2026-09-04 13:19:00,32.38,43.64,790.42,124,1.14,0.0,14.09
2026-09-04 13:20:00,32.47,43.66,787.75,168,0.945,0.0,14.09
2026-09-04 13:21:00,32.62,43.21,788.89,272,0.735,0.0,14.09
2026-09-04 13:22:00,32.7,42.6,787.75,89,0.84,0.0,14.09
2026-09-04 13:23:00,32.77,42.84,787.37,70,0.69,0.0,14.09
2026-09-04 13:24:00,32.79,42.42,785.84,67,1.065,0.0,14.09
2026-09-04 13:25:00,32.84,42.84,786.98,118,0.24,0.0,14.09
2026-09-04 13:26:00,32.98,42.51,787.37,344,0.45,0.0,14.09
2026-09-04 13:27:00,33.03,42.29,787.75,7,0.975,0.0,14.09
2026-09-04 13:28:00,33.0,42.15,785.46,328,1.155,0.0,14.09
2026-09-04 13:29:00,32.94,42.19,784.31,354,1.125,0.0,14.09
2026-09-04 13:30:00,32.86,42.64,783.17,353,1.17,0.0,14.09
2026-09-04 13:31:00,32.81,42.23,779.74,301,1.14,0.0,14.09
2026-09-04 13:32:00,32.67,42.25,777.45,328,1.365,0.0,14.09
2026-09-04 13:33:00,32.56,42.65,779.74,344,0.885,0.0,14.09
2026-09-04 13:34:00,32.62,43.36,781.64,202,0.63,0.0,14.09
2026-09-04 13:35:00,32.71,43.21,780.5,147,0.48,0.0,14.09
2026-09-04 13:36:00,32.83,43.41,777.83,168,1.5,0.0,14.09
2026-09-04 13:37:00,32.88,42.71,775.92,56,1.125,0.0,14.09
2026-09-04 13:38:00,32.81,42.31,774.78,48,1.335,0.0,14.09
2026-09-04 13:39:00,32.67,42.56,774.4,263,1.215,0.0,14.09
2026-09-04 13:40:00,32.65,42.73,772.87,120,0.795,0.0,14.09
2026-09-04 13:41:00,32.69,43.16,772.11,171,0.81,0.0,14.09
2026-09-04 13:42:00,32.73,43.36,771.34,326,0.81,0.0,14.09
2026-09-04 13:43:00,32.73,42.82,772.11,324,1.065,0.0,14.09
2026-09-04 13:44:00,32.71,42.84,769.05,312,0.99,0.0,14.09
2026-09-04 13:45:00,32.73,42.92,767.15,287,0.885,0.0,14.09
2026-09-04 13:46:00,32.8,42.93,765.62,15,0.585,0.0,14.09
2026-09-04 13:47:00,32.9,42.29,766.0,144,0.96,0.0,14.09
2026-09-04 13:48:00,32.88,43.14,763.71,313,0.96,0.0,14.09
2026-09-04 13:49:00,33.04,42.29,765.24,271,0.48,0.0,14.09
2026-09-04 13:50:00,33.22,41.98,762.95,357,0.855,0.0,14.09
2026-09-04 13:51:00,33.35,41.81,760.28,68,0.675,0.0,14.09
2026-09-04 13:52:00,33.34,41.43,759.9,36,0.99,0.0,14.09
2026-09-04 13:53:00,33.31,41.77,759.9,41,1.005,0.0,14.09
2026-09-04 13:54:00,33.28,41.76,758.75,68,1.14,0.0,14.09
2026-09-04 13:55:00,33.22,42.01,755.32,137,0.945,0.0,14.09
2026-09-04 13:56:00,33.32,42.08,757.23,157,0.57,0.0,14.09
2026-09-04 13:57:00,33.35,41.65,754.56,184,1.245,0.0,14.09
2026-09-04 13:58:00,33.27,41.47,754.56,129,1.23,0.0,14.09
2026-09-04 13:59:00,33.2,41.57,751.89,314,0.69,0.0,14.09
2026-09-04 14:00:00,33.16,42.45,748.07,100,0.63,0.0,14.09
2026-09-04 14:01:00,33.08,42.5,747.31,30,1.515,0.0,14.09
2026-09-04 14:02:00,33.07,42.24,749.6,22,0.96,0.0,14.09
2026-09-04 14:03:00,33.14,42.44,747.69,324,0.615,0.0,14.09
2026-09-04 14:04:00,33.22,42.51,744.26,355,0.615,0.0,14.09
2026-09-04 14:05:00,33.4,42.06,743.88,104,0.63,0.0,14.09
2026-09-04 14:06:00,33.51,41.84,740.83,259,0.99,0.0,14.09
2026-09-04 14:07:00,33.58,41.5,741.21,160,0.645,0.0,14.09
2026-09-04 14:08:00,33.59,41.41,739.68,270,1.305,0.0,14.09
2026-09-04 14:09:00,33.47,41.43,739.68,356,1.53,0.0,14.09
2026-09-04 14:10:00,33.31,41.95,737.01,250,1.02,0.0,14.09
2026-09-04 14:11:00,33.27,42.08,737.01,111,1.005,0.0,14.09
2026-09-04 14:12:00,33.25,42.19,734.34,26,0.69,0.0,14.09
2026-09-04 14:13:00,33.34,42.0,732.05,305,0.735,0.0,13.91
2026-09-04 14:14:00,33.4,41.76,730.91,248,1.11,0.0,13.91
2026-09-04 14:15:00,33.42,41.7,729.38,62,0.705,0.0,13.91
2026-09-04 14:16:00,33.45,41.82,729.38,169,0.84,0.0,13.91
2026-09-04 14:17:00,33.45,41.76,727.47,79,0.855,0.0,13.91
2026-09-04 14:18:00,33.54,42.18,724.04,40,0.45,0.0,13.91
2026-09-04 14:19:00,33.68,41.97,724.42,225,0.51,0.0,13.91
2026-09-04 14:20:00,33.75,41.14,720.61,57,1.35,0.0,13.91
2026-09-04 14:21:00,33.57,41.48,717.17,11,1.365,0.0,13.91
2026-09-04 14:22:00,33.35,41.51,717.17,268,1.005,0.0,13.91
2026-09-04 14:23:00,33.21,42.39,714.89,211,0.78,0.0,13.91
2026-09-04 14:24:00,33.29,42.11,716.03,192,0.525,0.0,13.91
2026-09-04 14:25:00,33.34,41.72,712.6,85,1.065,0.0,13.91
2026-09-04 14:26:00,33.27,42.0,710.69,199,1.26,0.0,13.91
2026-09-04 14:27:00,33.2,41.81,706.87,152,1.335,0.0,13.91
2026-09-04 14:28:00,33.1,42.37,704.2,309,0.75,0.0,13.91
2026-09-04 14:29:00,33.18,41.74,702.68,275,0.765,0.0,13.91
2026-09-04 14:30:00,33.18,41.79,701.53,336,0.87,0.0,13.91
2026-09-04 14:31:00,33.11,42.17,700.01,48,1.245,0.0,13.91
2026-09-04 14:32:00,33.1,42.79,698.86,148,0.855,0.0,13.91
2026-09-04 14:33:00,33.18,42.76,696.57,77,1.125,0.0,13.91
2026-09-04 14:34:00,33.1,42.42,694.29,45,2.01,0.0,13.91
2026-09-04 14:35:00,32.98,43.03,691.23,87,1.59,0.0,13.91
2026-09-04 14:36:00,32.88,43.47,690.85,72,2.025,0.0,13.91
2026-09-04 14:37:00,32.83,44.1,688.56,46,1.17,0.0,13.91
2026-09-04 14:38:00,32.91,43.72,687.42,143,0.705,0.0,13.91
2026-09-04 14:39:00,33.07,42.72,683.6,330,1.365,0.0,13.91
2026-09-04 14:40:00,33.04,42.64,682.46,297,1.2,0.0,13.91
2026-09-04 14:41:00,33.04,42.52,680.93,149,1.185,0.0,13.91
2026-09-04 14:42:00,32.97,42.55,678.64,168,1.23,0.0,13.91
2026-09-04 14:43:00,32.93,42.43,676.74,336,1.38,0.0,13.91
2026-09-04 14:44:00,32.83,42.83,674.83,333,1.59,0.0,13.91
2026-09-04 14:45:00,32.7,42.83,673.3,284,1.485,0.0,13.91
2026-09-04 14:46:00,32.65,42.91,671.02,300,1.365,0.0,13.91
2026-09-04 14:47:00,32.57,43.2,669.49,289,1.26,0.0,13.91
2026-09-04 14:48:00,32.6,43.34,667.58,312,1.365,0.0,13.91
2026-09-04 14:49:00,32.57,43.43,665.29,293,0.99,0.0,13.91
2026-09-04 14:50:00,32.63,43.15,663.77,110,1.275,0.0,13.91
2026-09-04 14:51:00,32.6,43.05,660.33,33,1.065,0.0,13.91
2026-09-04 14:52:00,32.67,43.23,658.81,343,0.72,0.0,13.91
2026-09-04 14:53:00,32.76,42.94,655.37,358,1.035,0.0,13.91
2026-09-04 14:54:00,32.74,43.56,653.85,242,1.2,0.0,13.91
2026-09-04 14:55:00,32.79,43.38,651.18,325,0.765,0.0,13.91
2026-09-04 14:56:00,32.87,43.07,649.65,126,1.005,0.0,13.91
2026-09-04 14:57:00,32.93,43.61,647.36,77,1.05,0.0,13.91
2026-09-04 14:58:00,32.97,43.36,646.22,143,1.26,0.0,13.91
2026-09-04 14:59:00,33.1,42.5,643.55,253,0.96,0.0,13.91
2026-09-04 15:00:00,33.08,42.75,642.02,49,1.5,0.0,13.91
2026-09-04 15:01:00,33.07,42.66,639.35,283,0.9,0.0,13.91
2026-09-04 15:02:00,33.1,42.41,636.68,164,0.84,0.0,13.91
2026-09-04 15:03:00,33.2,42.13,634.78,353,0.54,0.0,13.91
2026-09-04 15:04:00,33.31,42.54,632.49,36,0.435,0.0,13.91
2026-09-04 15:05:00,33.49,42.05,630.2,314,0.735,0.0,13.91
2026-09-04 15:06:00,33.4,41.15,627.91,69,1.455,0.0,13.91
2026-09-04 15:07:00,33.25,41.76,626.38,309,0.765,0.0,13.91
2026-09-04 15:08:00,33.22,42.09,622.57,39,0.57,0.0,13.91
2026-09-04 15:09:00,33.32,42.33,621.42,95,0.6,0.0,13.91
2026-09-04 15:10:00,33.31,42.11,619.52,141,1.665,0.0,13.91
2026-09-04 15:11:00,33.13,42.08,618.75,305,1.545,0.0,13.91
2026-09-04 15:12:00,33.07,42.73,616.46,49,0.735,0.0,13.91
2026-09-04 15:13:00,33.14,42.49,611.89,110,0.555,0.0,13.91
2026-09-04 15:14:00,33.27,42.33,611.12,113,0.63,0.0,13.91
2026-09-04 15:15:00,33.35,42.14,608.07,162,0.555,0.0,13.91
2026-09-04 15:16:00,33.42,41.99,605.02,65,0.63,0.0,13.91
2026-09-04 15:17:00,33.52,41.43,602.73,350,0.75,0.0,13.91
2026-09-04 15:18:00,33.52,41.64,599.68,308,0.915,0.0,13.91
2026-09-04 15:19:00,33.55,42.18,597.39,47,0.78,0.0,13.91
2026-09-04 15:20:00,33.68,42.01,595.48,224,0.555,0.0,13.91
2026-09-04 15:21:00,33.79,41.99,591.67,112,0.765,0.0,13.91
2026-09-04 15:22:00,33.72,42.12,591.29,124,1.455,0.0,13.91
2026-09-04 15:23:00,33.58,42.05,590.52,225,1.44,0.0,13.91
2026-09-04 15:24:00,33.47,42.9,587.09,328,1.05,0.0,13.91
2026-09-04 15:25:00,33.42,42.55,583.28,85,1.05,0.0,13.91
2026-09-04 15:26:00,33.32,43.0,582.13,55,1.38,0.0,13.91
2026-09-04 15:27:00,33.29,42.39,578.7,350,0.795,0.0,13.91
2026-09-04 15:28:00,33.2,42.57,576.41,190,1.11,0.0,13.91
2026-09-04 15:29:00,33.1,42.75,573.36,58,1.38,0.0,13.91
2026-09-04 15:30:00,33.08,42.91,570.69,110,1.305,0.0,13.91
2026-09-04 15:31:00,33.03,42.86,569.92,55,0.975,0.0,13.91
2026-09-04 15:32:00,33.01,42.9,563.06,178,0.825,0.0,13.91
2026-09-04 15:33:00,32.9,42.6,561.53,161,1.545,0.0,13.91
2026-09-04 15:34:00,32.76,43.26,562.29,90,2.025,0.0,13.91
2026-09-04 15:35:00,32.63,43.63,560.01,106,1.53,0.0,13.91
2026-09-04 15:36:00,32.59,43.73,557.34,83,1.44,0.0,13.91
2026-09-04 15:37:00,32.56,43.94,555.05,110,1.095,0.0,13.91
2026-09-04 15:38:00,32.59,43.45,552.0,328,1.155,0.0,13.91
2026-09-04 15:39:00,32.56,43.53,548.94,177,1.665,0.0,13.91
2026-09-04 15:40:00,32.56,43.34,545.89,11,0.84,0.0,13.91
2026-09-04 15:41:00,32.6,43.52,543.6,129,0.75,0.0,13.91
2026-09-04 15:42:00,32.71,43.0,540.55,30,0.72,0.0,13.91
2026-09-04 15:43:00,32.86,42.7,539.41,338,0.615,0.0,13.91
2026-09-04 15:44:00,32.86,42.58,535.59,26,1.005,0.0,13.91
2026-09-04 15:45:00,32.87,42.49,531.78,317,1.17,0.0,13.91
2026-09-04 15:46:00,32.81,42.97,528.34,14,0.81,0.0,13.91
2026-09-04 15:47:00,32.83,43.07,524.91,97,1.11,0.0,13.91
2026-09-04 15:48:00,32.87,42.77,523.0,258,0.78,0.0,13.91
2026-09-04 15:49:00,32.88,43.01,521.1,206,0.75,0.0,13.91
2026-09-04 15:50:00,32.98,43.11,517.66,27,0.27,0.0,13.91
2026-09-04 15:51:00,33.11,42.65,514.61,79,0.825,0.0,13.91
2026-09-04 15:52:00,33.18,42.62,511.56,35,0.6,0.0,13.91
2026-09-04 15:53:00,33.2,42.75,509.27,198,0.855,0.0,13.91
2026-09-04 15:54:00,33.21,42.34,506.98,226,0.93,0.0,13.91
2026-09-04 15:55:00,33.03,42.28,505.46,187,1.83,0.0,13.91
2026-09-04 15:56:00,32.84,42.56,502.78,230,1.38,0.0,13.91
2026-09-04 15:57:00,32.71,42.95,499.35,189,1.395,0.0,13.91
2026-09-04 15:58:00,32.6,43.04,497.06,343,1.035,0.0,13.91
2026-09-04 15:59:00,32.5,42.75,494.01,283,1.575,0.0,13.91
2026-09-04 16:00:00,32.4,42.99,492.48,294,1.56,0.0,13.91
2026-09-04 16:01:00,32.25,43.33,489.43,23,1.35,0.0,13.91
2026-09-04 16:02:00,32.22,43.75,486.0,55,1.02,0.0,13.91
2026-09-04 16:03:00,32.29,43.74,482.57,328,0.78,0.0,13.91
2026-09-04 16:04:00,32.32,43.42,479.51,126,1.725,0.0,13.91
2026-09-04 16:05:00,32.3,43.44,477.61,22,1.095,0.0,13.91
2026-09-04 16:06:00,32.29,43.41,474.56,327,1.125,0.0,13.91
2026-09-04 16:07:00,32.26,43.5,471.12,104,1.125,0.0,13.91
2026-09-04 16:08:00,32.3,43.55,468.07,298,0.975,0.0,13.91
2026-09-04 16:09:00,32.35,43.35,465.4,359,0.96,0.0,13.91
2026-09-04 16:10:00,32.35,43.21,461.97,0,0.9,0.0,13.91
2026-09-04 16:11:00,32.3,43.55,458.15,279,1.245,0.0,13.91
2026-09-04 16:12:00,32.3,43.59,453.96,224,1.455,0.0,13.91
2026-09-04 16:13:00,32.26,43.86,453.19,43,1.515,0.0,13.91
2026-09-04 16:14:00,32.19,43.51,451.29,150,1.5,0.0,13.91
2026-09-04 16:15:00,32.19,43.81,447.47,318,0.75,0.0,13.91
2026-09-04 16:16:00,32.25,43.61,444.04,54,0.525,0.0,13.91
2026-09-04 16:17:00,32.36,43.67,439.08,136,0.42,0.0,13.91
2026-09-04 16:18:00,32.43,43.91,436.79,95,0.99,0.0,13.91
2026-09-04 16:19:00,32.44,43.97,434.88,177,0.96,0.0,13.91
2026-09-04 16:20:00,32.51,43.89,432.59,129,0.465,0.0,13.91
2026-09-04 16:21:00,32.54,43.93,429.92,113,0.99,0.0,13.91
2026-09-04 16:22:00,32.57,43.41,426.87,265,0.885,0.0,13.91
2026-09-04 16:23:00,32.47,42.83,423.82,39,1.695,0.0,13.91
2026-09-04 16:24:00,32.4,42.8,421.53,141,1.17,0.0,13.91
2026-09-04 16:25:00,32.39,43.16,417.33,99,0.9,0.0,13.91
2026-09-04 16:26:00,32.33,43.59,413.14,84,1.515,0.0,13.91
2026-09-04 16:27:00,32.3,43.73,410.85,328,0.915,0.0,13.91
2026-09-04 16:28:00,32.3,43.44,407.8,320,0.915,0.0,13.91
2026-09-04 16:29:00,32.26,43.24,405.51,120,1.29,0.0,13.91
2026-09-04 16:30:00,32.2,43.42,401.69,189,0.87,0.0,13.91
2026-09-04 16:31:00,32.19,43.23,399.4,312,0.735,0.0,13.91
2026-09-04 16:32:00,32.23,43.38,396.73,282,0.465,0.0,13.91
2026-09-04 16:33:00,32.28,43.4,395.21,40,0.78,0.0,13.91
2026-09-04 16:34:00,32.23,44.08,392.16,62,0.885,0.0,13.91
2026-09-04 16:35:00,32.32,44.17,389.87,188,0.39,0.0,13.91
2026-09-04 16:36:00,32.35,43.88,385.67,203,0.765,0.0,13.91
2026-09-04 16:37:00,32.36,43.51,381.48,258,1.095,0.0,13.91
2026-09-04 16:38:00,32.2,43.73,377.66,0,1.47,0.0,13.91
2026-09-04 16:39:00,32.05,44.09,374.61,94,1.455,0.0,13.83
2026-09-04 16:40:00,31.93,44.02,370.03,93,1.11,0.0,13.91
2026-09-04 16:41:00,31.85,43.85,366.22,89,1.47,0.0,13.91
2026-09-04 16:42:00,31.75,44.26,362.78,58,0.96,0.0,13.83
2026-09-04 16:43:00,31.75,44.44,360.49,24,0.63,0.0,13.91
2026-09-04 16:44:00,31.83,44.34,361.26,339,0.72,0.0,13.91
2026-09-04 16:45:00,31.89,44.84,358.97,82,0.945,0.0,13.83
2026-09-04 16:46:00,31.89,44.57,353.25,111,1.065,0.0,13.83
2026-09-04 16:47:00,31.91,44.58,351.34,64,0.555,0.0,13.83
2026-09-04 16:48:00,31.99,44.68,349.05,4,0.645,0.0,13.83
2026-09-04 16:49:00,32.06,44.58,345.62,228,0.54,0.0,13.83
2026-09-04 16:50:00,32.1,44.36,341.8,41,0.96,0.0,13.83
2026-09-04 16:51:00,32.12,44.23,336.08,299,0.78,0.0,13.83
2026-09-04 16:52:00,32.13,44.1,332.27,207,0.735,0.0,13.83
2026-09-04 16:53:00,32.13,44.06,328.45,65,0.69,0.0,13.83
2026-09-04 16:54:00,32.16,44.41,321.58,68,0.555,0.0,13.83
2026-09-04 16:55:00,32.1,44.67,302.89,165,0.54,0.0,13.83
2026-09-04 16:56:00,32.05,44.05,317.77,224,1.26,0.0,13.83
2026-09-04 16:57:00,31.92,44.41,318.53,38,1.005,0.0,13.83
2026-09-04 16:58:00,31.76,44.63,315.1,115,1.335,0.0,13.79
2026-09-04 16:59:00,31.67,45.2,313.19,279,1.08,0.0,13.79
2026-09-04 17:00:00,31.64,44.39,311.28,47,0.93,0.0,13.79
2026-09-04 17:01:00,31.58,44.59,307.47,324,1.485,0.0,13.79
2026-09-04 17:02:00,31.54,44.88,302.13,31,0.525,0.0,13.79
2026-09-04 17:03:00,31.57,44.91,299.84,32,0.555,0.0,13.79
2026-09-04 17:04:00,31.61,44.73,298.31,340,1.2,0.0,13.79
2026-09-04 17:05:00,31.52,44.9,293.74,97,1.29,0.0,13.79
2026-09-04 17:06:00,31.41,45.23,290.68,120,1.41,0.0,13.79
2026-09-04 17:07:00,31.4,45.49,289.16,138,0.885,0.0,13.79
2026-09-04 17:08:00,31.38,45.54,286.87,287,0.345,0.0,13.79
2026-09-04 17:09:00,31.41,45.19,282.29,220,0.735,0.0,13.79
2026-09-04 17:10:00,31.44,45.71,279.62,358,0.765,0.0,13.79
2026-09-04 17:11:00,31.38,45.72,277.71,277,0.63,0.0,13.79
2026-09-04 17:12:00,31.3,46.01,275.04,7,1.44,0.0,13.79
2026-09-04 17:13:00,31.1,45.15,272.37,163,1.35,0.0,13.79
2026-09-04 17:14:00,30.84,45.84,268.18,30,1.755,0.0,13.79
2026-09-04 17:15:00,30.61,46.04,264.74,318,1.275,0.0,13.79
2026-09-04 17:16:00,30.52,46.56,261.31,87,0.675,0.0,13.79
2026-09-04 17:17:00,30.42,47.01,238.8,98,0.96,0.0,13.79
2026-09-04 17:18:00,30.35,47.29,144.58,88,1.215,0.0,13.79
2026-09-04 17:19:00,30.16,47.6,56.08,105,1.395,0.0,13.79
2026-09-04 17:20:00,30.09,47.87,43.49,110,1.11,0.0,13.79
2026-09-04 17:21:00,30.04,47.44,43.11,81,1.14,0.0,13.64
2026-09-04 17:22:00,29.99,47.42,42.73,172,1.23,0.0,13.79
2026-09-04 17:23:00,29.96,47.61,42.73,47,0.57,0.0,13.79
2026-09-04 17:24:00,29.96,47.93,41.96,273,0.585,0.0,13.79
2026-09-04 17:25:00,29.94,48.19,41.96,175,0.975,0.0,13.79
2026-09-04 17:26:00,29.91,48.11,41.58,264,1.035,0.0,13.79
2026-09-04 17:27:00,29.88,48.15,41.2,96,1.485,0.0,13.64
2026-09-04 17:28:00,29.81,48.15,41.2,307,0.84,0.0,13.64
2026-09-04 17:29:00,29.83,48.41,41.2,91,0.75,0.0,13.64
2026-09-04 17:30:00,29.83,48.39,40.44,348,0.84,0.0,13.64
2026-09-04 17:31:00,29.87,48.52,40.44,320,0.99,0.0,13.61
2026-09-04 17:32:00,29.83,48.62,40.05,1,0.87,0.0,13.64
2026-09-04 17:33:00,29.84,48.3,39.67,162,0.315,0.0,13.64
2026-09-04 17:34:00,29.78,47.77,39.29,334,1.275,0.0,13.64
2026-09-04 17:35:00,29.75,48.2,38.91,22,0.6,0.0,13.61
2026-09-04 17:36:00,29.73,48.03,38.91,53,0.915,0.0,13.61
2026-09-04 17:37:00,29.71,47.95,38.53,31,0.975,0.0,13.61
2026-09-04 17:38:00,29.67,48.25,38.15,167,0.885,0.0,13.61
2026-09-04 17:39:00,29.67,48.07,37.77,251,0.525,0.0,13.57
2026-09-04 17:40:00,29.63,48.51,37.77,27,0.93,0.0,13.57
2026-09-04 17:41:00,29.61,48.2,37.38,117,1.755,0.0,13.53
2026-09-04 17:42:00,29.53,48.55,37.0,269,0.765,0.0,13.53
2026-09-04 17:43:00,29.51,48.68,37.0,132,0.75,0.0,13.53
2026-09-04 17:44:00,29.47,48.62,36.24,207,1.2,0.0,13.53
2026-09-04 17:45:00,29.44,48.58,35.86,336,0.9,0.0,13.53
2026-09-04 17:46:00,29.38,48.2,35.86,105,1.32,0.0,13.53
2026-09-04 17:47:00,29.37,48.56,35.86,140,0.72,0.0,13.46
2026-09-04 17:48:00,29.4,48.51,35.1,178,0.735,0.0,13.46
2026-09-04 17:49:00,29.38,48.46,35.1,234,0.84,0.0,13.46
2026-09-04 17:50:00,29.41,48.42,34.71,15,0.615,0.0,13.46
2026-09-04 17:51:00,29.38,48.57,34.33,63,0.66,0.0,13.46
2026-09-04 17:52:00,29.36,48.83,33.57,41,1.005,0.0,13.46
2026-09-04 17:53:00,29.36,48.57,33.57,359,0.495,0.0,13.46
2026-09-04 17:54:00,29.34,48.4,33.19,357,0.75,0.0,13.46
2026-09-04 17:55:00,29.32,47.92,32.43,315,1.755,0.0,13.46
2026-09-04 17:56:00,29.26,48.0,32.43,323,0.975,0.0,13.46
2026-09-04 17:57:00,29.23,48.19,32.04,138,0.99,0.0,13.46
2026-09-04 17:58:00,29.19,48.15,31.66,323,0.78,0.0,13.46
2026-09-04 17:59:00,29.14,48.48,31.28,282,0.84,0.0,13.46
2026-09-04 18:00:00,29.09,48.27,30.9,115,0.975,0.0,13.46
2026-09-04 18:01:00,29.06,48.46,30.52,342,0.63,0.0,13.16
2026-09-04 18:02:00,29.06,48.36,29.76,49,0.765,0.0,13.16
2026-09-04 18:03:00,29.05,48.31,29.37,55,0.915,0.0,13.16
2026-09-04 18:04:00,29.02,48.7,29.37,103,0.855,0.0,13.16
2026-09-04 18:05:00,28.97,48.73,28.99,157,0.84,0.0,13.16
2026-09-04 18:06:00,28.93,48.6,28.61,193,1.365,0.0,13.16
2026-09-04 18:07:00,28.89,48.61,27.85,137,0.69,0.0,13.16
2026-09-04 18:08:00,28.89,48.51,27.47,58,0.72,0.0,13.16
2026-09-04 18:09:00,28.87,48.68,27.08,59,0.945,0.0,13.16
2026-09-04 18:10:00,28.83,48.88,26.7,4,1.08,0.0,13.16
2026-09-04 18:11:00,28.85,48.82,26.32,119,0.825,0.0,13.16
2026-09-04 18:12:00,28.82,48.75,25.94,136,1.425,0.0,13.16
2026-09-04 18:13:00,28.81,48.9,25.18,278,0.885,0.0,13.16
2026-09-04 18:14:00,28.78,48.92,24.8,41,0.615,0.0,13.16
2026-09-04 18:15:00,28.78,48.75,24.41,38,0.765,0.0,13.16
2026-09-04 18:16:00,28.76,48.83,23.65,160,0.66,0.0,13.16
2026-09-04 18:17:00,28.78,48.81,23.27,265,0.525,0.0,13.16
2026-09-04 18:18:00,28.71,48.76,22.89,102,0.6,0.0,13.16
2026-09-04 18:19:00,28.69,48.92,22.13,128,0.36,0.0,13.16
2026-09-04 18:20:00,28.66,48.87,21.74,178,0.93,0.0,13.16
2026-09-04 18:21:00,28.62,48.89,20.6,67,0.795,0.0,13.16
2026-09-04 18:22:00,28.56,48.87,19.84,331,1.02,0.0,13.16
2026-09-04 18:23:00,28.55,48.93,18.69,204,0.66,0.0,13.16
2026-09-04 18:24:00,28.49,49.24,17.55,121,1.29,0.0,13.16
2026-09-04 18:25:00,28.45,49.39,16.4,344,0.855,0.0,13.16
2026-09-04 18:26:00,28.42,49.17,15.26,65,0.855,0.0,13.16
2026-09-04 18:27:00,28.41,49.27,14.88,61,0.84,0.0,13.16
2026-09-04 18:28:00,28.38,49.45,14.5,29,1.155,0.0,13.16
2026-09-04 18:29:00,28.35,49.49,14.5,204,0.9,0.0,13.16
2026-09-04 18:30:00,28.32,49.85,14.11,1,0.51,0.0,13.16
2026-09-04 18:31:00,28.34,49.95,13.35,113,0.765,0.0,13.16
2026-09-04 18:32:00,28.28,50.17,12.97,274,0.975,0.0,13.16
2026-09-04 18:33:00,28.23,50.42,12.97,123,0.81,0.0,13.16
2026-09-04 18:34:00,28.18,50.56,12.59,79,0.87,0.0,13.12
2026-09-04 18:35:00,28.18,50.69,11.83,30,0.72,0.0,13.12
2026-09-04 18:36:00,28.15,50.84,11.44,345,0.84,0.0,13.12
2026-09-04 18:37:00,28.14,50.85,11.44,196,0.345,0.0,13.12
2026-09-04 18:38:00,28.11,50.42,10.68,87,0.45,0.0,13.08
2026-09-04 18:39:00,28.08,50.46,10.3,176,1.035,0.0,13.08
2026-09-04 18:40:00,28.08,50.6,9.92,77,0.465,0.0,13.08
2026-09-04 18:41:00,28.05,50.98,9.54,58,0.99,0.0,13.04
2026-09-04 18:42:00,28.0,51.17,8.77,45,0.33,0.0,13.04
2026-09-04 18:43:00,27.96,50.9,8.77,30,0.48,0.0,13.04
2026-09-04 18:44:00,27.93,50.99,8.01,139,0.42,0.0,13.04
2026-09-04 18:45:00,27.87,51.02,7.25,21,0.585,0.0,13.04
2026-09-04 18:46:00,27.83,51.28,7.25,122,0.78,0.0,13.04
2026-09-04 18:47:00,27.81,51.48,6.87,326,0.435,0.0,13.04
2026-09-04 18:48:00,27.77,51.46,6.1,31,0.885,0.0,13.04
2026-09-04 18:49:00,27.74,51.56,5.34,30,0.66,0.0,13.04
2026-09-04 18:50:00,27.7,51.66,5.34,294,0.27,0.0,13.04
2026-09-04 18:51:00,27.66,51.74,4.96,281,0.045,0.0,13.04
2026-09-04 18:52:00,27.63,51.63,4.2,33,0.51,0.0,13.04
2026-09-04 18:53:00,27.65,51.47,3.81,79,0.825,0.0,13.04
2026-09-04 18:54:00,27.63,51.62,3.81,359,0.99,0.0,13.04
2026-09-04 18:55:00,27.6,51.88,3.43,101,0.42,0.0,13.04
2026-09-04 18:56:00,27.6,52.1,3.05,0,0.375,0.0,13.04
2026-09-04 18:57:00,27.53,51.63,2.29,307,0.465,0.0,13.04
2026-09-04 18:58:00,27.52,51.67,2.29,63,0.96,0.0,13.04
2026-09-04 18:59:00,27.53,51.82,1.91,110,0.54,0.0,13.04
2026-09-04 19:00:00,27.49,51.72,1.91,5,0.885,0.0,13.04
2026-09-04 19:01:00,27.5,51.95,1.14,5,0.165,0.0,13.04
2026-09-04 19:02:00,27.5,52.04,1.14,328,0.48,0.0,13.04
2026-09-04 19:03:00,27.47,52.08,0.76,333,0.435,0.0,13.04
2026-09-04 19:04:00,27.46,51.99,0.76,206,0.375,0.0,13.04
2026-09-04 19:05:00,27.42,52.13,0.76,45,0.42,0.0,13.04
2026-09-04 19:06:00,27.4,52.29,0.0,28,0.345,0.0,13.04
2026-09-04 19:07:00,27.42,52.34,0.0,41,0.345,0.0,13.04
2026-09-04 19:08:00,27.36,52.56,0.0,35,0.27,0.0,13.04
2026-09-04 19:09:00,27.32,52.5,0.0,0,0.375,0.0,13.04
2026-09-04 19:10:00,27.32,52.55,0.0,32,0.255,0.0,13.04
2026-09-04 19:11:00,27.28,52.53,0.0,0,0.255,0.0,13.04
2026-09-04 19:12:00,27.26,52.77,0.0,104,0.375,0.0,13.04
2026-09-04 19:13:00,27.22,52.9,0.0,219,0.33,0.0,13.04
2026-09-04 19:14:00,27.21,52.97,0.0,183,0.525,0.0,13.04
2026-09-04 19:15:00,27.18,52.98,0.0,331,0.21,0.0,13.04
2026-09-04 19:16:00,27.15,52.97,0.0,331,0.165,0.0,13.04
2026-09-04 19:17:00,27.15,53.2,0.0,69,0.225,0.0,13.04
2026-09-04 19:18:00,27.08,53.12,0.0,141,0.075,0.0,13.04
2026-09-04 19:19:00,27.08,53.2,0.0,46,0.495,0.0,13.04
2026-09-04 19:20:00,27.06,53.37,0.0,92,0.51,0.0,13.04
2026-09-04 19:21:00,27.02,53.33,0.0,322,0.42,0.0,13.04
2026-09-04 19:22:00,26.99,53.34,0.0,322,0.33,0.0,13.04
2026-09-04 19:23:00,26.96,53.4,0.0,1,0.435,0.0,13.04
2026-09-04 19:24:00,26.95,53.45,0.0,9,0.24,0.0,13.04
2026-09-04 19:25:00,26.94,53.35,0.0,223,0.39,0.0,13.04
2026-09-04 19:26:00,26.91,53.29,0.0,82,0.78,0.0,13.04
2026-09-04 19:27:00,26.88,53.32,0.0,145,0.54,0.0,13.04
2026-09-04 19:28:00,26.85,53.24,0.0,64,0.615,0.0,13.04
2026-09-04 19:29:00,26.85,53.4,0.0,189,0.495,0.0,13.04
2026-09-04 19:30:00,26.85,53.34,0.0,303,0.375,0.0,13.04
2026-09-04 19:31:00,26.81,53.26,0.0,50,0.405,0.0,13.04
2026-09-04 19:32:00,26.81,53.37,0.0,57,0.3,0.0,13.04
2026-09-04 19:33:00,26.82,53.46,0.0,78,0.225,0.0,13.04
2026-09-04 19:34:00,26.81,53.48,0.0,194,0.555,0.0,13.04
2026-09-04 19:35:00,26.81,53.69,0.0,76,0.075,0.0,13.04
2026-09-04 19:36:00,26.78,53.75,0.0,307,0.345,0.0,13.04
2026-09-04 19:37:00,26.75,53.48,0.0,353,0.435,0.0,13.04
2026-09-04 19:38:00,26.74,53.7,0.0,331,0.285,0.0,13.04
2026-09-04 19:39:00,26.7,53.69,0.0,149,0.465,0.0,13.04
2026-09-04 19:40:00,26.7,53.77,0.0,170,0.27,0.0,13.04
2026-09-04 19:41:00,26.7,53.63,0.0,51,0.645,0.0,13.04
2026-09-04 19:42:00,26.67,53.8,0.0,120,0.255,0.0,13.04
2026-09-04 19:43:00,26.65,53.98,0.0,66,0.195,0.0,13.04
2026-09-04 19:44:00,26.65,53.95,0.0,319,0.255,0.0,13.04
2026-09-04 19:45:00,26.63,53.91,0.0,0,0.36,0.0,13.04
2026-09-04 19:46:00,26.58,54.15,0.0,9,0.3,0.0,13.04
2026-09-04 19:47:00,26.55,54.21,0.0,356,0.105,0.0,13.04
2026-09-04 19:48:00,26.55,54.25,0.0,244,0.21,0.0,13.04
2026-09-04 19:49:00,26.5,54.43,0.0,58,0.375,0.0,13.04
2026-09-04 19:50:00,26.43,54.65,0.0,52,0.435,0.0,13.04
2026-09-04 19:51:00,26.41,54.29,0.0,59,0.48,0.0,13.04
2026-09-04 19:52:00,26.38,54.32,0.0,1,0.585,0.0,13.04
2026-09-04 19:53:00,26.36,54.09,0.0,117,0.69,0.0,13.04
2026-09-04 19:54:00,26.36,54.08,0.0,2,0.78,0.0,13.04
2026-09-04 19:55:00,26.36,54.12,0.0,73,0.48,0.0,13.04
2026-09-04 19:56:00,26.34,53.95,0.0,349,0.435,0.0,13.04
2026-09-04 19:57:00,26.36,54.05,0.0,283,0.675,0.0,13.04
2026-09-04 19:58:00,26.33,54.3,0.0,123,0.48,0.0,13.04
2026-09-04 19:59:00,26.31,54.13,0.0,5,0.36,0.0,13.04
2026-09-04 20:00:00,26.31,54.25,0.0,66,0.48,0.0,13.04
2026-09-04 20:01:00,26.3,54.47,0.0,98,0.195,0.0,13.04
2026-09-04 20:02:00,26.27,54.4,0.0,261,0.3,0.0,13.04
2026-09-04 20:03:00,26.26,54.49,0.0,0,0.66,0.0,13.04
2026-09-04 20:04:00,26.26,54.65,0.0,41,0.42,0.0,13.04
2026-09-04 20:05:00,26.23,54.72,0.0,87,0.375,0.0,13.04
2026-09-04 20:06:00,26.21,54.72,0.0,87,0.165,0.0,13.04
2026-09-04 20:07:00,26.2,54.89,0.0,68,0.165,0.0,13.04
2026-09-04 20:08:00,26.17,54.73,0.0,48,0.465,0.0,13.04
2026-09-04 20:09:00,26.16,54.73,0.0,19,0.735,0.0,13.04
2026-09-04 20:10:00,26.15,55.12,0.0,60,0.255,0.0,13.04
2026-09-04 20:11:00,26.13,54.88,0.0,315,0.36,0.0,13.04
2026-09-04 20:12:00,26.1,54.97,0.0,315,0.075,0.0,13.04
2026-09-04 20:13:00,26.09,55.19,0.0,359,0.315,0.0,13.04
2026-09-04 20:14:00,26.07,55.18,0.0,127,0.315,0.0,13.04
2026-09-04 20:15:00,26.04,55.22,0.0,141,0.18,0.0,13.04
2026-09-04 20:16:00,26.01,55.33,0.0,196,0.21,0.0,13.04
2026-09-04 20:17:00,26.0,55.22,0.0,310,0.18,0.0,13.04
2026-09-04 20:18:00,25.97,55.19,0.0,39,0.315,0.0,13.04
2026-09-04 20:19:00,25.99,55.31,0.0,134,0.255,0.0,13.04
2026-09-04 20:20:00,25.96,55.34,0.0,359,0.405,0.0,13.04
2026-09-04 20:21:00,25.95,55.37,0.0,359,0.27,0.0,13.04
2026-09-04 20:22:00,25.96,55.45,0.0,77,0.0,0.0,13.04
2026-09-04 20:23:00,25.93,55.41,0.0,275,0.51,0.0,13.04
2026-09-04 20:24:00,25.92,55.48,0.0,273,0.225,0.0,13.04
2026-09-04 20:25:00,25.9,55.61,0.0,298,0.165,0.0,13.04
2026-09-04 20:26:00,25.9,55.76,0.0,0,0.42,0.0,13.04
2026-09-04 20:27:00,25.92,55.73,0.0,0,0.135,0.0,13.04
2026-09-04 20:28:00,25.9,55.68,0.0,69,0.12,0.0,13.04
2026-09-04 20:29:00,25.86,56.16,0.0,85,0.495,0.0,13.04
2026-09-04 20:30:00,25.85,56.44,0.0,85,0.255,0.0,13.04
2026-09-04 20:31:00,25.8,56.26,0.0,86,0.195,0.0,13.04
2026-09-04 20:32:00,25.75,56.15,0.0,86,0.15,0.0,13.04
2026-09-04 20:33:00,25.76,56.57,0.0,86,0.18,0.0,13.04
2026-09-04 20:34:00,25.73,56.23,0.0,86,0.27,0.0,13.04
2026-09-04 20:35:00,25.7,56.39,0.0,84,0.495,0.0,13.04
2026-09-04 20:36:00,25.7,56.48,0.0,84,0.06,0.0,13.04
2026-09-04 20:37:00,25.68,56.57,0.0,84,0.03,0.0,13.04
2026-09-04 20:38:00,25.69,56.63,0.0,84,0.15,0.0,13.04
2026-09-04 20:39:00,25.69,56.62,0.0,84,0.06,0.0,13.04
2026-09-04 20:40:00,25.68,56.73,0.0,84,0.015,0.0,13.04
2026-09-04 20:41:00,25.65,56.74,0.0,84,0.225,0.0,13.04
2026-09-04 20:42:00,25.65,56.9,0.0,84,0.045,0.0,13.04
2026-09-04 20:43:00,25.62,57.15,0.0,84,0.36,0.0,13.04
2026-09-04 20:44:00,25.58,57.32,0.0,87,0.27,0.0,13.04
2026-09-04 20:45:00,25.52,57.23,0.0,87,0.195,0.0,13.04
2026-09-04 20:46:00,25.46,57.38,0.0,59,0.27,0.0,13.04
2026-09-04 20:47:00,25.45,57.51,0.0,1,0.225,0.0,13.04
2026-09-04 20:48:00,25.45,57.19,0.0,335,0.3,0.0,13.04
2026-09-04 20:49:00,25.41,57.24,0.0,328,0.21,0.0,13.04
2026-09-04 20:50:00,25.42,57.2,0.0,18,0.21,0.0,13.04
2026-09-04 20:51:00,25.41,57.29,0.0,26,0.045,0.0,13.04
2026-09-04 20:52:00,25.42,57.42,0.0,26,0.03,0.0,13.04
2026-09-04 20:53:00,25.42,57.39,0.0,26,0.015,0.0,13.04
2026-09-04 20:54:00,25.44,57.45,0.0,26,0.06,0.0,13.04
2026-09-04 20:55:00,25.41,57.32,0.0,57,0.21,0.0,13.04
2026-09-04 20:56:00,25.38,57.42,0.0,57,0.075,0.0,13.04
2026-09-04 20:57:00,25.38,57.34,0.0,57,0.105,0.0,13.04
2026-09-04 20:58:00,25.38,57.27,0.0,140,0.345,0.0,13.04
2026-09-04 20:59:00,25.37,57.34,0.0,210,0.405,0.0,13.04
2026-09-04 21:00:00,25.35,57.38,0.0,29,0.225,0.0,13.04
2026-09-04 21:01:00,25.35,57.41,0.0,40,0.105,0.0,13.04
2026-09-04 21:02:00,25.35,57.49,0.0,25,0.345,0.0,13.04
2026-09-04 21:03:00,25.32,57.17,0.0,3,0.345,0.0,13.04
2026-09-04 21:04:00,25.31,57.06,0.0,11,0.42,0.0,13.04
2026-09-04 21:05:00,25.28,57.37,0.0,8,0.15,0.0,13.04
2026-09-04 21:06:00,25.27,57.65,0.0,56,0.39,0.0,13.04
2026-09-04 21:07:00,25.22,57.38,0.0,196,0.72,0.0,13.04
2026-09-04 21:08:00,25.19,57.24,0.0,323,0.495,0.0,13.04
2026-09-04 21:09:00,25.17,57.48,0.0,276,0.45,0.0,13.04
2026-09-04 21:10:00,25.17,57.68,0.0,324,0.33,0.0,13.04
2026-09-04 21:11:00,25.13,57.52,0.0,31,0.495,0.0,13.04
2026-09-04 21:12:00,25.1,57.57,0.0,24,0.195,0.0,13.04
2026-09-04 21:13:00,25.1,57.84,0.0,38,0.72,0.0,13.04
2026-09-04 21:14:00,25.08,57.96,0.0,358,0.255,0.0,13.04
2026-09-04 21:15:00,25.07,57.47,0.0,60,0.84,0.0,13.04
2026-09-04 21:16:00,25.02,57.63,0.0,100,0.555,0.0,13.04
2026-09-04 21:17:00,25.02,57.84,0.0,36,0.48,0.0,13.04
2026-09-04 21:18:00,24.98,57.63,0.0,72,0.57,0.0,13.04
2026-09-04 21:19:00,24.98,57.91,0.0,47,0.12,0.0,13.04
2026-09-04 21:20:00,24.95,58.09,0.0,57,0.315,0.0,13.04
2026-09-04 21:21:00,24.91,58.16,0.0,46,0.42,0.0,13.04
2026-09-04 21:22:00,24.88,58.3,0.0,60,0.27,0.0,13.04
2026-09-04 21:23:00,24.83,58.27,0.0,328,0.18,0.0,13.04
2026-09-04 21:24:00,24.8,58.39,0.0,328,0.015,0.0,13.04
2026-09-04 21:25:00,24.76,58.43,0.0,52,0.18,0.0,13.04
2026-09-04 21:26:00,24.76,58.73,0.0,52,0.15,0.0,13.04
2026-09-04 21:27:00,24.71,58.76,0.0,92,0.12,0.0,13.04
2026-09-04 21:28:00,24.7,59.03,0.0,63,0.375,0.0,13.04
2026-09-04 21:29:00,24.69,59.28,0.0,49,0.165,0.0,13.04
2026-09-04 21:30:00,24.67,59.35,0.0,49,0.09,0.0,13.04
2026-09-04 21:31:00,24.64,59.48,0.0,49,0.015,0.0,13.04
2026-09-04 21:32:00,24.66,59.6,0.0,49,0.03,0.0,13.04
2026-09-04 21:33:00,24.6,59.31,0.0,51,0.24,0.0,13.04
2026-09-04 21:34:00,24.56,59.29,0.0,78,0.525,0.0,13.04
2026-09-04 21:35:00,24.51,59.45,0.0,67,0.555,0.0,13.04
2026-09-04 21:36:00,24.46,59.58,0.0,72,0.645,0.0,13.04
2026-09-04 21:37:00,24.4,59.91,0.0,56,0.54,0.0,13.04
2026-09-04 21:38:00,24.36,59.92,0.0,57,0.495,0.0,13.04
2026-09-04 21:39:00,24.35,60.18,0.0,57,0.18,0.0,13.04
2026-09-04 21:40:00,24.3,60.6,0.0,57,0.015,0.0,13.04
2026-09-04 21:41:00,24.3,60.69,0.0,57,0.0,0.0,13.04
2026-09-04 21:42:00,24.29,60.79,0.0,57,0.0,0.0,13.04
2026-09-04 21:43:00,24.29,60.75,0.0,57,0.0,0.0,13.04
2026-09-04 21:44:00,24.29,60.88,0.0,57,0.015,0.0,13.04
2026-09-04 21:45:00,24.28,61.12,0.0,57,0.0,0.0,13.04
2026-09-04 21:46:00,24.29,61.35,0.0,57,0.06,0.0,13.04
2026-09-04 21:47:00,24.28,61.5,0.0,57,0.135,0.0,13.04
2026-09-04 21:48:00,24.25,61.55,0.0,57,0.03,0.0,13.04
2026-09-04 21:49:00,24.23,61.64,0.0,57,0.045,0.0,13.04
2026-09-04 21:50:00,24.22,61.61,0.0,57,0.15,0.0,13.04
2026-09-04 21:51:00,24.2,61.78,0.0,57,0.0,0.0,13.04
2026-09-04 21:52:00,24.2,61.68,0.0,57,0.165,0.0,13.04
2026-09-04 21:53:00,24.18,61.68,0.0,57,0.045,0.0,13.04
2026-09-04 21:54:00,24.13,61.74,0.0,57,0.0,0.0,13.04
2026-09-04 21:55:00,24.15,61.85,0.0,57,0.015,0.0,13.04
2026-09-04 21:56:00,24.11,61.56,0.0,57,0.15,0.0,13.04
2026-09-04 21:57:00,24.13,61.48,0.0,57,0.075,0.0,13.04
2026-09-04 21:58:00,24.12,60.85,0.0,57,0.27,0.0,13.04
2026-09-04 21:59:00,24.16,60.73,0.0,57,0.255,0.0,13.04
2026-09-04 22:00:00,24.19,60.35,0.0,57,0.24,0.0,13.04
2026-09-04 22:01:00,24.25,60.49,0.0,57,0.24,0.0,13.01
2026-09-04 22:02:00,24.28,60.64,0.0,57,0.135,0.0,13.04
2026-09-04 22:03:00,24.26,60.61,0.0,57,0.03,0.0,13.04
2026-09-04 22:04:00,24.26,60.67,0.0,57,0.09,0.0,13.04
2026-09-04 22:05:00,24.28,60.57,0.0,57,0.135,0.0,13.01
2026-09-04 22:06:00,24.29,60.55,0.0,5,0.105,0.0,13.04
2026-09-04 22:07:00,24.29,60.4,0.0,141,0.315,0.0,13.04
2026-09-04 22:08:00,24.29,60.97,0.0,152,0.24,0.0,13.04
2026-09-04 22:09:00,24.29,60.71,0.0,161,0.195,0.0,13.04
2026-09-04 22:10:00,24.26,60.13,0.0,161,0.21,0.0,13.04
2026-09-04 22:11:00,24.25,60.73,0.0,161,0.075,0.0,13.04
2026-09-04 22:12:00,24.29,61.01,0.0,161,0.18,0.0,13.01
2026-09-04 22:13:00,24.28,61.38,0.0,161,0.285,0.0,13.01
2026-09-04 22:14:00,24.26,61.21,0.0,161,0.075,0.0,13.01
2026-09-04 22:15:00,24.23,61.48,0.0,161,0.105,0.0,13.01
2026-09-04 22:16:00,24.19,61.45,0.0,161,0.0,0.0,13.01
2026-09-04 22:17:00,24.2,61.34,0.0,161,0.03,0.0,13.01
2026-09-04 22:18:00,24.19,61.24,0.0,161,0.075,0.0,13.01
2026-09-04 22:19:00,24.18,61.2,0.0,161,0.03,0.0,13.01
2026-09-04 22:20:00,24.16,61.12,0.0,161,0.0,0.0,13.01
2026-09-04 22:21:00,24.13,61.8,0.0,161,0.0,0.0,12.97
2026-09-04 22:22:00,24.11,61.02,0.0,161,0.0,0.0,13.01
2026-09-04 22:23:00,24.09,62.82,0.0,161,0.015,0.0,13.01
2026-09-04 22:24:00,24.05,61.86,0.0,161,0.075,0.0,13.01
2026-09-04 22:25:00,24.03,62.19,0.0,161,0.09,0.0,12.97
2026-09-04 22:26:00,24.01,62.18,0.0,161,0.06,0.0,13.01
2026-09-04 22:27:00,23.98,62.22,0.0,161,0.09,0.0,12.97
2026-09-04 22:28:00,23.95,62.29,0.0,161,0.06,0.0,13.01
2026-09-04 22:29:00,23.93,60.89,0.0,87,0.27,0.0,13.01
2026-09-04 22:30:00,23.95,61.35,0.0,87,0.03,0.0,13.01
2026-09-04 22:31:00,23.96,62.24,0.0,87,0.03,0.0,13.01
2026-09-04 22:32:00,23.96,61.32,0.0,51,0.36,0.0,12.97
2026-09-04 22:33:00,23.93,60.78,0.0,170,0.3,0.0,13.01
2026-09-04 22:34:00,23.95,61.17,0.0,166,0.21,0.0,12.97
2026-09-04 22:35:00,23.96,60.7,0.0,160,0.15,0.0,13.01
2026-09-04 22:36:00,23.96,60.89,0.0,163,0.165,0.0,13.01
2026-09-04 22:37:00,23.98,61.1,0.0,163,0.015,0.0,13.01
2026-09-04 22:38:00,23.96,60.56,0.0,4,0.3,0.0,13.01
2026-09-04 22:39:00,23.95,60.7,0.0,4,0.18,0.0,13.01
2026-09-04 22:40:00,23.98,61.12,0.0,4,0.105,0.0,13.01
2026-09-04 22:41:00,23.96,60.25,0.0,219,0.39,0.0,12.97
2026-09-04 22:42:00,23.98,60.5,0.0,210,0.015,0.0,12.97
2026-09-04 22:43:00,23.99,60.11,0.0,133,0.33,0.0,12.97
2026-09-04 22:44:00,23.99,60.17,0.0,45,0.18,0.0,12.97
2026-09-04 22:45:00,24.01,59.83,0.0,328,0.225,0.0,13.01
2026-09-04 22:46:00,24.02,59.62,0.0,219,0.24,0.0,13.01
2026-09-04 22:47:00,24.05,59.78,0.0,88,0.345,0.0,12.97
2026-09-04 22:48:00,24.03,59.96,0.0,88,0.09,0.0,12.97
2026-09-04 22:49:00,24.03,59.96,0.0,356,0.195,0.0,12.97
2026-09-04 22:50:00,24.01,59.33,0.0,25,0.345,0.0,12.97
2026-09-04 22:51:00,24.05,59.48,0.0,95,0.435,0.0,12.97
2026-09-04 22:52:00,24.06,59.38,0.0,85,0.345,0.0,12.97
2026-09-04 22:53:00,24.05,59.54,0.0,85,0.09,0.0,12.97
2026-09-04 22:54:00,24.06,59.67,0.0,85,0.06,0.0,12.97
2026-09-04 22:55:00,24.03,59.36,0.0,66,0.27,0.0,12.97
2026-09-04 22:56:00,24.05,59.42,0.0,66,0.105,0.0,12.97
2026-09-04 22:57:00,24.08,59.79,0.0,66,0.09,0.0,12.97
2026-09-04 22:58:00,24.06,59.71,0.0,43,0.045,0.0,12.97
2026-09-04 22:59:00,24.06,59.58,0.0,333,0.345,0.0,12.97
2026-09-04 23:00:00,24.03,59.67,0.0,333,0.075,0.0,12.97
2026-09-04 23:01:00,24.05,59.59,0.0,333,0.045,0.0,12.97
2026-09-04 23:02:00,24.02,59.94,0.0,333,0.045,0.0,12.97
2026-09-04 23:03:00,24.01,60.15,0.0,26,0.045,0.0,12.97
2026-09-04 23:04:00,23.99,60.21,0.0,37,0.21,0.0,12.97
2026-09-04 23:05:00,23.95,60.29,0.0,144,0.285,0.0,12.97
2026-09-04 23:06:00,23.96,60.55,0.0,64,0.195,0.0,12.97
2026-09-04 23:07:00,23.91,60.74,0.0,64,0.09,0.0,12.97
2026-09-04 23:08:00,23.89,60.87,0.0,64,0.09,0.0,12.97
2026-09-04 23:09:00,23.85,60.92,0.0,64,0.06,0.0,12.97
2026-09-04 23:10:00,23.84,60.78,0.0,34,0.3,0.0,12.97
2026-09-04 23:11:00,23.84,60.99,0.0,36,0.135,0.0,12.93
2026-09-04 23:12:00,23.81,60.63,0.0,278,0.285,0.0,12.93
2026-09-04 23:13:00,23.81,60.75,0.0,41,0.285,0.0,12.97
2026-09-04 23:14:00,23.78,60.5,0.0,328,0.615,0.0,12.97
2026-09-04 23:15:00,23.82,60.41,0.0,329,0.57,0.0,12.97
2026-09-04 23:16:00,23.84,60.54,0.0,329,0.18,0.0,12.93
2026-09-04 23:17:00,23.84,60.75,0.0,329,0.135,0.0,12.97
2026-09-04 23:18:00,23.82,60.77,0.0,329,0.09,0.0,12.97
2026-09-04 23:19:00,23.82,61.03,0.0,329,0.24,0.0,12.97
2026-09-04 23:20:00,23.81,61.05,0.0,329,0.09,0.0,12.97
2026-09-04 23:21:00,23.78,61.0,0.0,329,0.135,0.0,12.93
2026-09-04 23:22:00,23.78,61.06,0.0,306,0.285,0.0,12.93
2026-09-04 23:23:00,23.77,61.29,0.0,111,0.165,0.0,12.93
2026-09-04 23:24:00,23.75,61.18,0.0,58,0.24,0.0,12.93
2026-09-04 23:25:00,23.72,61.12,0.0,301,0.345,0.0,12.97
2026-09-04 23:26:00,23.74,61.5,0.0,272,0.285,0.0,12.93
2026-09-04 23:27:00,23.71,61.6,0.0,339,0.195,0.0,12.97
2026-09-04 23:28:00,23.7,61.58,0.0,339,0.06,0.0,12.97
2026-09-04 23:29:00,23.67,61.61,0.0,339,0.18,0.0,12.93
2026-09-04 23:30:00,23.64,61.88,0.0,339,0.18,0.0,12.97
2026-09-04 23:31:00,23.64,61.7,0.0,43,0.24,0.0,12.93
2026-09-04 23:32:00,23.6,61.62,0.0,181,0.24,0.0,12.93
2026-09-04 23:33:00,23.62,61.69,0.0,181,0.03,0.0,12.93
2026-09-04 23:34:00,23.61,62.19,0.0,181,0.03,0.0,12.93
2026-09-04 23:35:00,23.6,61.88,0.0,181,0.165,0.0,12.93
2026-09-04 23:36:00,23.61,61.66,0.0,183,0.135,0.0,12.93
2026-09-04 23:37:00,23.65,62.37,0.0,183,0.09,0.0,12.93
2026-09-04 23:38:00,23.61,62.92,0.0,183,0.075,0.0,12.93
2026-09-04 23:39:00,23.6,62.65,0.0,183,0.0,0.0,12.93
2026-09-04 23:40:00,23.54,62.49,0.0,183,0.06,0.0,12.93
2026-09-04 23:41:00,23.48,62.47,0.0,183,0.0,0.0,12.93
2026-09-04 23:42:00,23.51,63.38,0.0,183,0.0,0.0,12.93
2026-09-04 23:43:00,23.45,63.52,0.0,183,0.015,0.0,12.93
2026-09-04 23:44:00,23.42,63.66,0.0,183,0.03,0.0,12.93
2026-09-04 23:45:00,23.41,64.35,0.0,183,0.015,0.0,12.93
2026-09-04 23:46:00,23.36,63.94,0.0,183,0.0,0.0,12.93
2026-09-04 23:47:00,23.31,63.61,0.0,96,0.075,0.0,12.93
2026-09-04 23:48:00,23.26,63.49,0.0,96,0.18,0.0,12.93
2026-09-04 23:49:00,23.24,63.3,0.0,96,0.135,0.0,12.93
2026-09-04 23:50:00,23.21,63.51,0.0,96,0.18,0.0,12.93
2026-09-04 23:51:00,23.17,64.16,0.0,96,0.0,0.0,12.93
2026-09-04 23:52:00,23.14,64.1,0.0,96,0.09,0.0,12.93
2026-09-04 23:53:00,23.11,64.59,0.0,96,0.015,0.0,12.93
2026-09-04 23:54:00,23.07,65.59,0.0,96,0.0,0.0,12.93
2026-09-04 23:55:00,23.06,65.85,0.0,96,0.015,0.0,12.93
2026-09-04 23:56:00,23.03,65.33,0.0,96,0.015,0.0,12.93
2026-09-04 23:57:00,22.99,65.48,0.0,96,0.0,0.0,12.93
2026-09-04 23:58:00,22.97,64.75,0.0,64,0.285,0.0,12.93
2026-09-04 23:59:00,22.99,66.19,0.0,64,0.015,0.0,12.93
2026-09-05 00:00:00,22.96,66.28,0.0,18,0.195,0.0,12.93
2026-09-05 00:01:00,22.94,66.82,0.0,18,0.015,0.0,12.93
2026-09-05 00:02:00,22.89,67.04,0.0,18,0.075,0.0,12.93
2026-09-05 00:03:00,22.82,66.85,0.0,18,0.015,0.0,12.93
2026-09-05 00:04:00,22.76,67.33,0.0,18,0.0,0.0,12.93
2026-09-05 00:05:00,22.72,67.75,0.0,18,0.0,0.0,12.93
2026-09-05 00:06:00,22.66,67.91,0.0,18,0.0,0.0,12.93
2026-09-05 00:07:00,22.63,68.23,0.0,18,0.06,0.0,12.93
2026-09-05 00:08:00,22.62,67.99,0.0,18,0.0,0.0,12.93
2026-09-05 00:09:00,22.58,68.42,0.0,18,0.0,0.0,12.93
2026-09-05 00:10:00,22.55,68.15,0.0,18,0.0,0.0,12.93
2026-09-05 00:11:00,22.49,67.52,0.0,19,0.075,0.0,12.93
2026-09-05 00:12:00,22.46,67.27,0.0,19,0.15,0.0,12.93
2026-09-05 00:13:00,22.46,66.64,0.0,33,0.255,0.0,12.93
2026-09-05 00:14:00,22.42,66.62,0.0,33,0.255,0.0,12.93
2026-09-05 00:15:00,22.43,67.35,0.0,33,0.045,0.0,12.93
2026-09-05 00:16:00,22.42,67.69,0.0,33,0.0,0.0,12.93
2026-09-05 00:17:00,22.39,67.14,0.0,33,0.03,0.0,12.93
2026-09-05 00:18:00,22.38,67.6,0.0,33,0.0,0.0,12.93
2026-09-05 00:19:00,22.32,67.23,0.0,33,0.0,0.0,12.93
2026-09-05 00:20:00,22.29,67.47,0.0,33,0.015,0.0,12.93
2026-09-05 00:21:00,22.25,67.44,0.0,33,0.0,0.0,12.93
2026-09-05 00:22:00,22.27,68.17,0.0,33,0.0,0.0,12.93
2026-09-05 00:23:00,22.25,68.48,0.0,33,0.0,0.0,12.93
2026-09-05 00:24:00,22.22,69.03,0.0,33,0.0,0.0,12.93
2026-09-05 00:25:00,22.21,68.6,0.0,33,0.0,0.0,12.93
2026-09-05 00:26:00,22.21,68.16,0.0,33,0.03,0.0,12.93
2026-09-05 00:27:00,22.17,67.79,0.0,33,0.06,0.0,12.93
2026-09-05 00:28:00,22.17,68.05,0.0,33,0.03,0.0,12.93
2026-09-05 00:29:00,22.18,67.95,0.0,33,0.09,0.0,12.93
2026-09-05 00:30:00,22.15,68.01,0.0,33,0.18,0.0,12.93
2026-09-05 00:31:00,22.11,67.96,0.0,33,0.06,0.0,12.93
2026-09-05 00:32:00,22.07,68.36,0.0,33,0.105,0.0,12.93
2026-09-05 00:33:00,22.05,68.7,0.0,33,0.06,0.0,12.93
2026-09-05 00:34:00,22.04,68.9,0.0,33,0.0,0.0,12.93
2026-09-05 00:35:00,21.98,69.19,0.0,33,0.045,0.0,12.93
2026-09-05 00:36:00,22.01,69.13,0.0,33,0.105,0.0,12.93
2026-09-05 00:37:00,21.98,69.13,0.0,33,0.0,0.0,12.93
2026-09-05 00:38:00,21.97,69.58,0.0,33,0.105,0.0,12.93
2026-09-05 00:39:00,21.95,68.85,0.0,34,0.36,0.0,12.93
2026-09-05 00:40:00,21.95,69.27,0.0,34,0.06,0.0,12.93
2026-09-05 00:41:00,21.95,68.42,0.0,34,0.0,0.0,12.93
2026-09-05 00:42:00,21.97,68.65,0.0,34,0.0,0.0,12.93
2026-09-05 00:43:00,21.97,67.96,0.0,34,0.0,0.0,12.93
2026-09-05 00:44:00,21.92,68.09,0.0,34,0.0,0.0,12.93
2026-09-05 00:45:00,21.91,68.38,0.0,34,0.0,0.0,12.93
2026-09-05 00:46:00,21.88,68.49,0.0,34,0.0,0.0,12.93
2026-09-05 00:47:00,21.87,68.65,0.0,34,0.0,0.0,12.93
2026-09-05 00:48:00,21.81,68.49,0.0,34,0.0,0.0,12.93
2026-09-05 00:49:00,21.84,68.94,0.0,34,0.0,0.0,12.93
2026-09-05 00:50:00,21.87,69.27,0.0,34,0.0,0.0,12.93
2026-09-05 00:51:00,21.84,69.09,0.0,34,0.0,0.0,12.93
2026-09-05 00:52:00,21.84,69.21,0.0,34,0.0,0.0,12.93
2026-09-05 00:53:00,21.81,69.46,0.0,34,0.0,0.0,12.93
2026-09-05 00:54:00,21.77,69.8,0.0,34,0.0,0.0,12.93
2026-09-05 00:55:00,21.76,70.09,0.0,34,0.0,0.0,12.93
2026-09-05 00:56:00,21.76,69.91,0.0,34,0.0,0.0,12.93
2026-09-05 00:57:00,21.77,70.05,0.0,34,0.0,0.0,12.93
2026-09-05 00:58:00,21.78,70.02,0.0,34,0.0,0.0,12.93
2026-09-05 00:59:00,21.77,70.86,0.0,34,0.0,0.0,12.93
2026-09-05 01:00:00,21.74,71.12,0.0,34,0.0,0.0,12.93
2026-09-05 01:01:00,21.74,71.43,0.0,34,0.0,0.0,12.93
2026-09-05 01:02:00,21.74,71.59,0.0,34,0.0,0.0,12.93
2026-09-05 01:03:00,21.74,71.22,0.0,34,0.0,0.0,12.93
2026-09-05 01:04:00,21.71,70.49,0.0,34,0.0,0.0,12.93
2026-09-05 01:05:00,21.69,70.49,0.0,34,0.0,0.0,12.93
2026-09-05 01:06:00,21.66,70.02,0.0,34,0.0,0.0,12.93
2026-09-05 01:07:00,21.67,70.86,0.0,34,0.0,0.0,12.93
2026-09-05 01:08:00,21.63,71.14,0.0,34,0.0,0.0,12.93
2026-09-05 01:09:00,21.66,71.32,0.0,34,0.0,0.0,12.93
2026-09-05 01:10:00,21.64,71.45,0.0,34,0.0,0.0,12.93
2026-09-05 01:11:00,21.66,71.34,0.0,34,0.0,0.0,12.93
2026-09-05 01:12:00,21.66,70.97,0.0,34,0.0,0.0,12.93
2026-09-05 01:13:00,21.66,71.08,0.0,34,0.0,0.0,12.93
2026-09-05 01:14:00,21.64,71.34,0.0,34,0.0,0.0,12.93
2026-09-05 01:15:00,21.64,71.81,0.0,34,0.0,0.0,12.93
2026-09-05 01:16:00,21.66,72.14,0.0,34,0.0,0.0,12.93
2026-09-05 01:17:00,21.64,72.01,0.0,34,0.0,0.0,12.93
2026-09-05 01:18:00,21.63,71.77,0.0,34,0.0,0.0,12.93
2026-09-05 01:19:00,21.66,71.86,0.0,34,0.0,0.0,12.93
2026-09-05 01:20:00,21.66,71.47,0.0,34,0.0,0.0,12.93
2026-09-05 01:21:00,21.69,71.22,0.0,34,0.0,0.0,12.93
2026-09-05 01:22:00,21.7,71.44,0.0,34,0.0,0.0,12.93
2026-09-05 01:23:00,21.7,71.76,0.0,34,0.0,0.0,12.93
2026-09-05 01:24:00,21.71,71.9,0.0,34,0.0,0.0,12.93
2026-09-05 01:25:00,21.71,72.17,0.0,34,0.0,0.0,12.93
2026-09-05 01:26:00,21.71,72.18,0.0,34,0.0,0.0,12.93
2026-09-05 01:27:00,21.66,72.22,0.0,34,0.0,0.0,12.93
2026-09-05 01:28:00,21.63,72.31,0.0,34,0.0,0.0,12.93
2026-09-05 01:29:00,21.64,72.47,0.0,34,0.0,0.0,12.93
2026-09-05 01:30:00,21.63,72.51,0.0,34,0.0,0.0,12.93
2026-09-05 01:31:00,21.61,72.79,0.0,34,0.0,0.0,12.89
2026-09-05 01:32:00,21.59,72.62,0.0,34,0.0,0.0,12.89
2026-09-05 01:33:00,21.59,72.67,0.0,34,0.0,0.0,12.89
2026-09-05 01:34:00,21.6,72.66,0.0,34,0.0,0.0,12.89
2026-09-05 01:35:00,21.56,72.77,0.0,34,0.0,0.0,12.93
2026-09-05 01:36:00,21.52,72.83,0.0,34,0.0,0.0,12.89
2026-09-05 01:37:00,21.47,72.96,0.0,34,0.0,0.0,12.89
2026-09-05 01:38:00,21.49,73.13,0.0,34,0.0,0.0,12.89
2026-09-05 01:39:00,21.44,73.14,0.0,34,0.0,0.0,12.89
2026-09-05 01:40:00,21.47,73.12,0.0,34,0.0,0.0,12.89
2026-09-05 01:41:00,21.47,72.89,0.0,34,0.0,0.0,12.89
2026-09-05 01:42:00,21.47,72.89,0.0,34,0.0,0.0,12.89
2026-09-05 01:43:00,21.46,72.87,0.0,34,0.0,0.0,12.89
2026-09-05 01:44:00,21.46,72.76,0.0,34,0.0,0.0,12.89
2026-09-05 01:45:00,21.46,72.6,0.0,34,0.0,0.0,12.89
2026-09-05 01:46:00,21.47,72.71,0.0,34,0.0,0.0,12.89
2026-09-05 01:47:00,21.46,72.88,0.0,34,0.0,0.0,12.89
2026-09-05 01:48:00,21.47,73.03,0.0,34,0.0,0.0,12.89
2026-09-05 01:49:00,21.46,73.06,0.0,34,0.0,0.0,12.89
2026-09-05 01:50:00,21.46,72.98,0.0,34,0.0,0.0,12.89
2026-09-05 01:51:00,21.42,72.83,0.0,34,0.0,0.0,12.89
2026-09-05 01:52:00,21.4,72.95,0.0,34,0.0,0.0,12.89
2026-09-05 01:53:00,21.39,72.99,0.0,34,0.0,0.0,12.89
2026-09-05 01:54:00,21.39,73.13,0.0,34,0.0,0.0,12.89
2026-09-05 01:55:00,21.39,73.05,0.0,34,0.0,0.0,12.89
2026-09-05 01:56:00,21.39,73.27,0.0,34,0.0,0.0,12.89
2026-09-05 01:57:00,21.34,73.25,0.0,34,0.0,0.0,12.89
2026-09-05 01:58:00,21.32,73.15,0.0,34,0.0,0.0,12.89
2026-09-05 01:59:00,21.32,73.42,0.0,34,0.0,0.0,12.89
2026-09-05 02:00:00,21.27,73.53,0.0,34,0.0,0.0,12.89
2026-09-05 02:01:00,21.33,73.57,0.0,34,0.0,0.0,12.89
2026-09-05 02:02:00,21.32,73.47,0.0,34,0.0,0.0,12.89
2026-09-05 02:03:00,21.27,73.57,0.0,34,0.0,0.0,12.89
2026-09-05 02:04:00,21.29,73.38,0.0,34,0.0,0.0,12.89
2026-09-05 02:05:00,21.23,73.38,0.0,34,0.0,0.0,12.89
2026-09-05 02:06:00,21.25,73.42,0.0,34,0.0,0.0,12.89
2026-09-05 02:07:00,21.22,73.27,0.0,34,0.0,0.0,12.89
2026-09-05 02:08:00,21.21,73.27,0.0,34,0.0,0.0,12.89
2026-09-05 02:09:00,21.21,73.21,0.0,34,0.0,0.0,12.89
2026-09-05 02:10:00,21.22,73.66,0.0,34,0.075,0.0,12.89
2026-09-05 02:11:00,21.21,73.87,0.0,34,0.015,0.0,12.89
2026-09-05 02:12:00,21.22,74.05,0.0,34,0.0,0.0,12.89
2026-09-05 02:13:00,21.21,73.95,0.0,34,0.03,0.0,12.89
2026-09-05 02:14:00,21.16,73.81,0.0,34,0.0,0.0,12.89
2026-09-05 02:15:00,21.16,73.86,0.0,34,0.0,0.0,12.89
2026-09-05 02:16:00,21.19,74.0,0.0,34,0.0,0.0,12.89
2026-09-05 02:17:00,21.16,74.21,0.0,34,0.0,0.0,12.89
2026-09-05 02:18:00,21.16,73.89,0.0,34,0.0,0.0,12.89
2026-09-05 02:19:00,21.16,73.91,0.0,34,0.0,0.0,12.89
2026-09-05 02:20:00,21.16,73.95,0.0,34,0.0,0.0,12.89
2026-09-05 02:21:00,21.12,73.7,0.0,34,0.0,0.0,12.89
2026-09-05 02:22:00,21.11,73.75,0.0,34,0.0,0.0,12.89
2026-09-05 02:23:00,21.15,73.88,0.0,34,0.0,0.0,12.89
2026-09-05 02:24:00,21.12,74.03,0.0,34,0.0,0.0,12.89
2026-09-05 02:25:00,21.12,74.06,0.0,34,0.0,0.0,12.89
2026-09-05 02:26:00,21.11,73.95,0.0,34,0.0,0.0,12.89
2026-09-05 02:27:00,21.12,74.05,0.0,34,0.0,0.0,12.89
2026-09-05 02:28:00,21.12,74.07,0.0,34,0.0,0.0,12.89
2026-09-05 02:29:00,21.13,74.33,0.0,34,0.0,0.0,12.89
2026-09-05 02:30:00,21.09,74.07,0.0,34,0.0,0.0,12.89
2026-09-05 02:31:00,21.05,73.87,0.0,34,0.0,0.0,12.89
2026-09-05 02:32:00,21.03,73.84,0.0,34,0.0,0.0,12.89
2026-09-05 02:33:00,21.01,74.11,0.0,34,0.0,0.0,12.89
2026-09-05 02:34:00,21.01,73.89,0.0,34,0.0,0.0,12.89
2026-09-05 02:35:00,20.98,74.07,0.0,34,0.0,0.0,12.89
2026-09-05 02:36:00,20.96,74.14,0.0,34,0.0,0.0,12.89
2026-09-05 02:37:00,20.95,74.2,0.0,34,0.0,0.0,12.89
2026-09-05 02:38:00,20.92,74.66,0.0,34,0.0,0.0,12.89
2026-09-05 02:39:00,20.83,74.86,0.0,67,0.0,0.0,12.89
2026-09-05 02:40:00,20.76,74.84,0.0,71,0.66,0.0,12.89
2026-09-05 02:41:00,20.72,75.08,0.0,80,0.66,0.0,12.89
2026-09-05 02:42:00,20.65,75.37,0.0,55,0.81,0.0,12.89
2026-09-05 02:43:00,20.6,75.78,0.0,59,0.465,0.0,12.89
2026-09-05 02:44:00,20.52,75.97,0.0,57,0.18,0.0,12.89
2026-09-05 02:45:00,20.5,76.35,0.0,49,0.48,0.0,12.89
2026-09-05 02:46:00,20.47,76.52,0.0,83,0.525,0.0,12.89
2026-09-05 02:47:00,20.44,76.81,0.0,53,0.585,0.0,12.89
2026-09-05 02:48:00,20.38,77.14,0.0,64,0.675,0.0,12.89
2026-09-05 02:49:00,20.33,77.44,0.0,75,0.48,0.0,12.89
2026-09-05 02:50:00,20.27,77.72,0.0,76,0.36,0.0,12.89
2026-09-05 02:51:00,20.24,77.97,0.0,76,0.435,0.0,12.89
2026-09-05 02:52:00,20.19,78.11,0.0,48,0.255,0.0,12.89
2026-09-05 02:53:00,20.13,78.42,0.0,94,0.27,0.0,12.89
2026-09-05 02:54:00,20.06,78.7,0.0,81,0.09,0.0,12.89
2026-09-05 02:55:00,20.03,78.84,0.0,45,0.48,0.0,12.89
2026-09-05 02:56:00,19.94,79.09,0.0,53,0.375,0.0,12.89
2026-09-05 02:57:00,19.9,79.28,0.0,56,0.165,0.0,12.89
2026-09-05 02:58:00,19.84,79.34,0.0,54,0.12,0.0,12.89
2026-09-05 02:59:00,19.82,79.41,0.0,54,0.0,0.0,12.89
2026-09-05 03:00:00,19.8,79.39,0.0,54,0.105,0.0,12.89
2026-09-05 03:01:00,19.82,79.41,0.0,54,0.06,0.0,12.89
2026-09-05 03:02:00,19.83,79.41,0.0,55,0.09,0.0,12.89
2026-09-05 03:03:00,19.83,79.38,0.0,55,0.09,0.0,12.89
2026-09-05 03:04:00,19.84,79.29,0.0,55,0.015,0.0,12.89
2026-09-05 03:05:00,19.86,79.23,0.0,55,0.015,0.0,12.89
2026-09-05 03:06:00,19.92,79.24,0.0,55,0.0,0.0,12.89
2026-09-05 03:07:00,19.96,79.18,0.0,55,0.03,0.0,12.89
2026-09-05 03:08:00,19.99,78.93,0.0,55,0.015,0.0,12.89
2026-09-05 03:09:00,20.03,78.99,0.0,55,0.045,0.0,12.89
2026-09-05 03:10:00,20.06,78.95,0.0,55,0.03,0.0,12.89
2026-09-05 03:11:00,20.06,78.92,0.0,55,0.09,0.0,12.89
2026-09-05 03:12:00,20.1,78.91,0.0,55,0.09,0.0,12.89
2026-09-05 03:13:00,20.12,78.67,0.0,55,0.105,0.0,12.89
2026-09-05 03:14:00,20.13,78.42,0.0,55,0.03,0.0,12.89
2026-09-05 03:15:00,20.13,78.05,0.0,74,0.27,0.0,12.89
2026-09-05 03:16:00,20.16,77.88,0.0,74,0.0,0.0,12.89
2026-09-05 03:17:00,20.2,78.0,0.0,74,0.0,0.0,12.89
2026-09-05 03:18:00,20.25,78.14,0.0,74,0.03,0.0,12.89
2026-09-05 03:19:00,20.27,78.1,0.0,74,0.045,0.0,12.89
2026-09-05 03:20:00,20.34,78.2,0.0,74,0.03,0.0,12.89
2026-09-05 03:21:00,20.34,77.62,0.0,74,0.135,0.0,12.89
2026-09-05 03:22:00,20.33,77.4,0.0,74,0.105,0.0,12.89
2026-09-05 03:23:00,20.3,77.38,0.0,69,0.195,0.0,12.89
2026-09-05 03:24:00,20.3,77.33,0.0,69,0.075,0.0,12.89
2026-09-05 03:25:00,20.33,77.1,0.0,69,0.27,0.0,12.89
2026-09-05 03:26:00,20.31,76.78,0.0,69,0.18,0.0,12.89
2026-09-05 03:27:00,20.31,77.01,0.0,70,0.09,0.0,12.89
2026-09-05 03:28:00,20.3,76.66,0.0,71,0.255,0.0,12.89
2026-09-05 03:29:00,20.3,76.66,0.0,71,0.0,0.0,12.89
2026-09-05 03:30:00,20.3,76.72,0.0,71,0.0,0.0,12.89
2026-09-05 03:31:00,20.31,76.69,0.0,71,0.21,0.0,12.89
2026-09-05 03:32:00,20.34,76.76,0.0,71,0.015,0.0,12.89
2026-09-05 03:33:00,20.31,76.53,0.0,71,0.225,0.0,12.89
2026-09-05 03:34:00,20.3,76.51,0.0,69,0.315,0.0,12.89
2026-09-05 03:35:00,20.24,76.54,0.0,69,0.225,0.0,12.89
2026-09-05 03:36:00,20.27,76.58,0.0,69,0.165,0.0,12.89
2026-09-05 03:37:00,20.25,76.64,0.0,69,0.135,0.0,12.89
2026-09-05 03:38:00,20.27,76.73,0.0,69,0.0,0.0,12.89
2026-09-05 03:39:00,20.23,76.78,0.0,69,0.06,0.0,12.89
2026-09-05 03:40:00,20.19,76.9,0.0,69,0.375,0.0,12.89
2026-09-05 03:41:00,20.16,77.1,0.0,69,0.18,0.0,12.89
2026-09-05 03:42:00,20.14,77.09,0.0,95,0.165,0.0,12.89
2026-09-05 03:43:00,20.14,77.28,0.0,95,0.0,0.0,12.89
2026-09-05 03:44:00,20.13,77.11,0.0,95,0.06,0.0,12.89
2026-09-05 03:45:00,20.16,77.09,0.0,95,0.06,0.0,12.89
2026-09-05 03:46:00,20.17,77.07,0.0,80,0.09,0.0,12.89
2026-09-05 03:47:00,20.16,77.08,0.0,99,0.285,0.0,12.89
2026-09-05 03:48:00,20.2,77.13,0.0,99,0.3,0.0,12.89
2026-09-05 03:49:00,20.23,76.99,0.0,98,0.525,0.0,12.89
2026-09-05 03:50:00,20.21,76.67,0.0,105,0.315,0.0,12.89
2026-09-05 03:51:00,20.24,76.55,0.0,46,0.255,0.0,12.89
2026-09-05 03:52:00,20.28,76.44,0.0,46,0.18,0.0,12.89
2026-09-05 03:53:00,20.35,76.36,0.0,46,0.03,0.0,12.89
2026-09-05 03:54:00,20.4,76.24,0.0,59,0.12,0.0,12.89
2026-09-05 03:55:00,20.48,75.96,0.0,59,0.09,0.0,12.89
2026-09-05 03:56:00,20.51,75.83,0.0,59,0.015,0.0,12.89
2026-09-05 03:57:00,20.56,75.5,0.0,59,0.15,0.0,12.89
2026-09-05 03:58:00,20.64,75.21,0.0,59,0.15,0.0,12.89
2026-09-05 03:59:00,20.68,75.16,0.0,59,0.03,0.0,12.89
2026-09-05 04:00:00,20.72,75.12,0.0,59,0.06,0.0,12.89
2026-09-05 04:01:00,20.72,75.04,0.0,59,0.165,0.0,12.89
2026-09-05 04:02:00,20.76,75.01,0.0,59,0.015,0.0,12.89
2026-09-05 04:03:00,20.81,74.98,0.0,59,0.015,0.0,12.89
2026-09-05 04:04:00,20.83,74.89,0.0,59,0.0,0.0,12.89
2026-09-05 04:05:00,20.85,74.91,0.0,59,0.0,0.0,12.89
2026-09-05 04:06:00,20.88,75.16,0.0,59,0.06,0.0,12.89
2026-09-05 04:07:00,20.85,75.12,0.0,59,0.015,0.0,12.89
2026-09-05 04:08:00,20.82,75.06,0.0,59,0.03,0.0,12.89
2026-09-05 04:09:00,20.79,75.01,0.0,59,0.165,0.0,12.89
2026-09-05 04:10:00,20.72,75.08,0.0,59,0.09,0.0,12.89
2026-09-05 04:11:00,20.65,75.16,0.0,59,0.15,0.0,12.89
2026-09-05 04:12:00,20.56,75.54,0.0,59,0.18,0.0,12.89
2026-09-05 04:13:00,20.5,75.87,0.0,59,0.3,0.0,12.89
2026-09-05 04:14:00,20.45,76.15,0.0,59,0.21,0.0,12.89
2026-09-05 04:15:00,20.47,76.57,0.0,59,0.03,0.0,12.89
2026-09-05 04:16:00,20.43,76.79,0.0,59,0.075,0.0,12.89
2026-09-05 04:17:00,20.4,76.98,0.0,59,0.0,0.0,12.89
2026-09-05 04:18:00,20.37,76.96,0.0,59,0.06,0.0,12.89
2026-09-05 04:19:00,20.34,76.97,0.0,59,0.0,0.0,12.89
2026-09-05 04:20:00,20.33,77.03,0.0,59,0.0,0.0,12.89
2026-09-05 04:21:00,20.33,77.26,0.0,59,0.0,0.0,12.89
2026-09-05 04:22:00,20.35,77.31,0.0,59,0.0,0.0,12.89
2026-09-05 04:23:00,20.35,77.36,0.0,59,0.0,0.0,12.89
2026-09-05 04:24:00,20.35,77.38,0.0,59,0.0,0.0,12.89
2026-09-05 04:25:00,20.33,76.94,0.0,59,0.015,0.0,12.89
2026-09-05 04:26:00,20.35,76.75,0.0,59,0.015,0.0,12.89
2026-09-05 04:27:00,20.35,76.63,0.0,59,0.045,0.0,12.89
2026-09-05 04:28:00,20.35,76.52,0.0,59,0.135,0.0,12.89
2026-09-05 04:29:00,20.37,76.49,0.0,59,0.3,0.0,12.89
2026-09-05 04:30:00,20.31,76.66,0.0,59,0.12,0.0,12.89
2026-09-05 04:31:00,20.27,76.74,0.0,59,0.06,0.0,12.89
2026-09-05 04:32:00,20.25,76.84,0.0,59,0.06,0.0,12.89
2026-09-05 04:33:00,20.24,77.3,0.0,59,0.0,0.0,12.89
2026-09-05 04:34:00,20.23,77.32,0.0,59,0.045,0.0,12.89
2026-09-05 04:35:00,20.23,77.63,0.0,59,0.0,0.0,12.89
2026-09-05 04:36:00,20.25,77.69,0.0,59,0.075,0.0,12.89
2026-09-05 04:37:00,20.24,77.73,0.0,59,0.015,0.0,12.89
2026-09-05 04:38:00,20.23,77.94,0.0,59,0.0,0.0,12.89
2026-09-05 04:39:00,20.24,78.03,0.0,59,0.015,0.0,12.89
2026-09-05 04:40:00,20.16,77.56,0.0,59,0.36,0.0,12.89
2026-09-05 04:41:00,20.14,77.34,0.0,75,0.39,0.0,12.89
2026-09-05 04:42:00,20.13,77.34,0.0,68,0.24,0.0,12.89
2026-09-05 04:43:00,20.14,77.23,0.0,71,0.375,0.0,12.89
2026-09-05 04:44:00,20.12,77.25,0.0,60,0.69,0.0,12.89
2026-09-05 04:45:00,20.07,77.35,0.0,61,0.615,0.0,12.89
2026-09-05 04:46:00,20.04,77.4,0.0,53,0.795,0.0,12.89
2026-09-05 04:47:00,20.03,77.61,0.0,68,0.825,0.0,12.89
2026-09-05 04:48:00,20.06,77.65,0.0,76,0.585,0.0,12.89
2026-09-05 04:49:00,20.06,77.67,0.0,34,0.465,0.0,12.89
2026-09-05 04:50:00,20.04,77.69,0.0,29,0.57,0.0,12.89
2026-09-05 04:51:00,20.02,77.82,0.0,29,0.21,0.0,12.89
2026-09-05 04:52:00,20.02,77.9,0.0,89,0.39,0.0,12.89
2026-09-05 04:53:00,20.03,78.02,0.0,89,0.09,0.0,12.89
2026-09-05 04:54:00,20.0,78.0,0.0,90,0.135,0.0,12.89
2026-09-05 04:55:00,20.02,77.98,0.0,11,0.225,0.0,12.89
2026-09-05 04:56:00,19.99,78.04,0.0,1,0.285,0.0,12.89
2026-09-05 04:57:00,19.97,78.17,0.0,51,0.27,0.0,12.89
2026-09-05 04:58:00,19.96,78.23,0.0,51,0.27,0.0,12.89
2026-09-05 04:59:00,19.92,78.36,0.0,51,0.285,0.0,12.89
2026-09-05 05:00:00,19.92,78.46,0.0,89,0.345,0.0,12.89
2026-09-05 05:01:00,19.93,78.59,0.0,89,0.12,0.0,12.89
2026-09-05 05:02:00,19.9,78.54,0.0,68,0.375,0.0,12.89
2026-09-05 05:03:00,19.9,78.61,0.0,70,0.465,0.0,12.89
2026-09-05 05:04:00,19.87,78.64,0.0,70,0.285,0.0,12.89
2026-09-05 05:05:00,19.87,78.59,0.0,70,0.3,0.0,12.89
2026-09-05 05:06:00,19.83,78.68,0.0,70,0.15,0.0,12.89
2026-09-05 05:07:00,19.82,78.74,0.0,70,0.0,0.0,12.89
2026-09-05 05:08:00,19.77,78.89,0.0,70,0.015,0.0,12.89
2026-09-05 05:09:00,19.73,78.87,0.0,70,0.27,0.0,12.89
2026-09-05 05:10:00,19.7,78.91,0.0,70,0.33,0.0,12.89
2026-09-05 05:11:00,19.65,78.95,0.0,70,0.345,0.0,12.89
2026-09-05 05:12:00,19.65,79.07,0.0,70,0.12,0.0,12.89
2026-09-05 05:13:00,19.62,79.22,0.0,89,0.465,0.0,12.89
2026-09-05 05:14:00,19.58,79.25,0.0,67,0.09,0.0,12.89
2026-09-05 05:15:00,19.55,79.3,0.0,65,0.42,0.0,12.89
2026-09-05 05:16:00,19.53,79.56,0.0,70,0.495,0.0,12.89
2026-09-05 05:17:00,19.48,79.63,0.0,70,0.195,0.0,12.89
2026-09-05 05:18:00,19.46,79.62,0.0,70,0.24,0.0,12.89
2026-09-05 05:19:00,19.44,79.78,0.0,75,0.24,0.0,12.89
2026-09-05 05:20:00,19.42,79.94,0.0,75,0.075,0.0,12.89
2026-09-05 05:21:00,19.41,80.16,0.0,75,0.06,0.0,12.89
2026-09-05 05:22:00,19.38,80.16,0.0,75,0.0,0.0,12.89
2026-09-05 05:23:00,19.38,80.22,0.0,75,0.0,0.0,12.89
2026-09-05 05:24:00,19.38,80.27,0.0,75,0.015,0.0,12.89
2026-09-05 05:25:00,19.35,80.26,0.0,72,0.48,0.0,12.89
2026-09-05 05:26:00,19.35,80.3,0.0,72,0.36,0.0,12.89
2026-09-05 05:27:00,19.35,80.3,0.0,72,0.105,0.0,12.89
2026-09-05 05:28:00,19.35,80.35,0.0,72,0.0,0.0,12.89
2026-09-05 05:29:00,19.35,80.56,0.0,72,0.0,0.0,12.89
2026-09-05 05:30:00,19.39,80.67,0.0,72,0.0,0.0,12.89
2026-09-05 05:31:00,19.39,80.63,0.0,72,0.0,0.0,12.89
2026-09-05 05:32:00,19.41,80.49,0.0,72,0.0,0.0,12.89
2026-09-05 05:33:00,19.45,80.42,0.0,72,0.015,0.0,12.89
2026-09-05 05:34:00,19.48,80.37,0.0,72,0.0,0.0,12.89
2026-09-05 05:35:00,19.53,80.37,0.0,72,0.045,0.0,12.89
2026-09-05 05:36:00,19.58,80.34,0.0,72,0.075,0.0,12.89
2026-09-05 05:37:00,19.66,80.21,0.0,72,0.15,0.0,12.89
2026-09-05 05:38:00,19.7,80.01,0.0,72,0.165,0.0,12.89
2026-09-05 05:39:00,19.72,79.85,0.0,72,0.195,0.0,12.89
2026-09-05 05:40:00,19.77,79.72,0.0,72,0.045,0.0,12.89
2026-09-05 05:41:00,19.79,79.71,0.0,72,0.045,0.0,12.89
2026-09-05 05:42:00,19.83,79.7,0.0,72,0.045,0.0,12.89
2026-09-05 05:43:00,19.9,79.87,0.0,72,0.0,0.0,12.89
2026-09-05 05:44:00,19.93,79.83,0.0,72,0.0,0.0,12.89
2026-09-05 05:45:00,19.99,79.68,0.0,72,0.0,0.0,12.89
2026-09-05 05:46:00,20.02,79.51,0.0,72,0.0,0.0,12.89
2026-09-05 05:47:00,20.0,79.48,0.0,72,0.015,0.0,12.89
2026-09-05 05:48:00,20.03,79.33,0.0,72,0.045,0.0,12.89
2026-09-05 05:49:00,20.02,79.02,0.0,72,0.105,0.0,12.89
2026-09-05 05:50:00,19.99,78.73,0.0,72,0.255,0.0,12.89
2026-09-05 05:51:00,19.93,78.88,0.0,72,0.255,0.0,12.89
2026-09-05 05:52:00,19.83,79.03,0.0,72,0.225,0.0,12.89
2026-09-05 05:53:00,19.72,79.22,0.0,72,0.24,0.0,12.89
2026-09-05 05:54:00,19.63,79.64,0.0,72,0.03,0.0,12.89
2026-09-05 05:55:00,19.59,80.1,0.0,72,0.12,0.0,12.89
2026-09-05 05:56:00,19.56,80.19,0.0,72,0.105,0.0,12.89
2026-09-05 05:57:00,19.53,80.41,0.76,72,0.0,0.0,12.89
2026-09-05 05:58:00,19.53,80.43,1.14,72,0.0,0.0,12.89
2026-09-05 05:59:00,19.51,80.31,1.14,72,0.015,0.0,12.89
2026-09-05 06:00:00,19.51,80.15,1.53,72,0.105,0.0,12.89
2026-09-05 06:01:00,19.52,80.17,1.53,72,0.075,0.0,12.89
2026-09-05 06:02:00,19.51,80.34,1.91,72,0.0,0.0,12.89
2026-09-05 06:03:00,19.52,80.63,2.29,72,0.0,0.0,12.89
2026-09-05 06:04:00,19.55,80.79,2.29,72,0.0,0.0,12.89
2026-09-05 06:05:00,19.56,80.88,2.67,72,0.0,0.0,12.89
2026-09-05 06:06:00,19.61,80.95,3.05,72,0.0,0.0,12.89
2026-09-05 06:07:00,19.58,80.97,3.05,72,0.0,0.0,12.89
2026-09-05 06:08:00,19.59,81.23,3.43,72,0.0,0.0,12.89
2026-09-05 06:09:00,19.63,81.16,3.81,72,0.0,0.0,12.89
2026-09-05 06:10:00,19.62,81.01,4.58,72,0.0,0.0,12.89
2026-09-05 06:11:00,19.63,80.81,4.58,72,0.0,0.0,12.89
2026-09-05 06:12:00,19.63,80.83,5.34,72,0.0,0.0,12.89
2026-09-05 06:13:00,19.66,80.75,5.72,72,0.0,0.0,12.89
2026-09-05 06:14:00,19.65,80.84,6.1,72,0.0,0.0,12.89
2026-09-05 06:15:00,19.66,80.81,6.49,72,0.0,0.0,12.89
2026-09-05 06:16:00,19.65,80.48,7.25,72,0.0,0.0,12.89
2026-09-05 06:17:00,19.62,80.21,7.63,72,0.0,0.0,12.89
2026-09-05 06:18:00,19.62,80.27,7.63,72,0.0,0.0,12.89
2026-09-05 06:19:00,19.65,80.49,8.01,72,0.0,0.0,12.89
2026-09-05 06:20:00,19.66,80.74,8.77,72,0.0,0.0,12.89
2026-09-05 06:21:00,19.69,80.81,9.16,72,0.0,0.0,12.89
2026-09-05 06:22:00,19.68,80.97,9.54,72,0.0,0.0,12.89
2026-09-05 06:23:00,19.72,81.05,9.92,72,0.015,0.0,12.89
2026-09-05 06:24:00,19.73,80.43,9.92,72,0.12,0.0,12.89
2026-09-05 06:25:00,19.73,79.72,10.3,72,0.39,0.0,12.89
2026-09-05 06:26:00,19.72,79.4,10.68,72,0.225,0.0,12.89
2026-09-05 06:27:00,19.73,79.14,11.06,72,0.585,0.0,12.89
2026-09-05 06:28:00,19.79,78.97,11.44,72,0.525,0.0,12.89
2026-09-05 06:29:00,19.82,78.86,12.21,72,0.375,0.0,12.89
2026-09-05 06:30:00,19.87,78.74,12.59,76,0.465,0.0,12.89
2026-09-05 06:31:00,19.86,78.86,12.59,76,0.27,0.0,12.89
2026-09-05 06:32:00,19.93,79.06,13.35,76,0.0,0.0,12.89
2026-09-05 06:33:00,19.93,79.07,13.35,76,0.0,0.0,12.89
2026-09-05 06:34:00,19.93,78.93,13.73,76,0.15,0.0,12.89
2026-09-05 06:35:00,19.93,78.97,14.11,76,0.27,0.0,12.89
2026-09-05 06:36:00,19.94,79.11,14.5,76,0.33,0.0,12.89
2026-09-05 06:37:00,19.97,79.03,15.26,76,0.33,0.0,12.89
2026-09-05 06:38:00,20.03,79.05,16.4,76,0.36,0.0,12.89
2026-09-05 06:39:00,20.06,78.71,17.93,76,0.465,0.0,12.89
2026-09-05 06:40:00,20.09,78.41,20.22,76,0.375,0.0,12.89
2026-09-05 06:41:00,20.14,78.2,21.36,76,0.375,0.0,12.89
2026-09-05 06:42:00,20.21,78.22,22.89,76,0.345,0.0,12.89
2026-09-05 06:43:00,20.23,77.91,23.27,76,0.42,0.0,12.89
2026-09-05 06:44:00,20.25,77.84,23.65,88,0.255,0.0,12.89
2026-09-05 06:45:00,20.24,77.81,24.41,88,0.15,0.0,12.89
2026-09-05 06:46:00,20.25,77.87,24.8,88,0.3,0.0,12.89
2026-09-05 06:47:00,20.24,77.89,25.56,88,0.255,0.0,12.89
2026-09-05 06:48:00,20.21,77.95,25.94,88,0.045,0.0,12.89
2026-09-05 06:49:00,20.23,78.04,26.7,88,0.09,0.0,12.89
2026-09-05 06:50:00,20.24,77.95,27.08,88,0.27,0.0,12.89
2026-09-05 06:51:00,20.25,77.99,27.08,88,0.27,0.0,12.89
2026-09-05 06:52:00,20.24,77.98,27.47,88,0.15,0.0,12.89
2026-09-05 06:53:00,20.25,78.09,28.23,88,0.0,0.0,12.89
2026-09-05 06:54:00,20.28,78.07,28.61,88,0.0,0.0,12.89
2026-09-05 06:55:00,20.31,78.18,29.37,88,0.0,0.0,12.89
2026-09-05 06:56:00,20.35,78.23,29.76,88,0.0,0.0,12.93
2026-09-05 06:57:00,20.38,77.8,30.14,88,0.0,0.0,12.93
2026-09-05 06:58:00,20.45,77.82,30.52,88,0.0,0.0,12.93
2026-09-05 06:59:00,20.48,77.53,30.9,88,0.0,0.0,12.93
2026-09-05 07:00:00,20.54,77.7,31.28,88,0.0,0.0,12.93
2026-09-05 07:01:00,20.6,77.49,31.66,88,0.0,0.0,12.93
2026-09-05 07:02:00,20.67,77.31,31.66,88,0.0,0.0,12.93
2026-09-05 07:03:00,20.71,76.97,32.43,88,0.075,0.0,12.93
2026-09-05 07:04:00,20.78,76.73,32.81,88,0.0,0.0,12.97
2026-09-05 07:05:00,20.85,76.69,33.19,88,0.0,0.0,12.97
2026-09-05 07:06:00,20.89,76.74,33.19,88,0.0,0.0,12.97
2026-09-05 07:07:00,20.93,76.15,33.57,88,0.0,0.0,13.04
2026-09-05 07:08:00,20.98,75.84,34.33,88,0.0,0.0,13.04
2026-09-05 07:09:00,21.05,75.47,34.71,88,0.0,0.0,13.04
2026-09-05 07:10:00,21.08,75.17,34.71,88,0.0,0.0,13.04
2026-09-05 07:11:00,21.12,75.11,35.1,88,0.0,0.0,13.04
2026-09-05 07:12:00,21.15,75.1,35.1,88,0.0,0.0,13.04
2026-09-05 07:13:00,21.22,74.93,35.86,88,0.0,0.0,13.04
2026-09-05 07:14:00,21.27,74.65,35.86,88,0.0,0.0,13.04
2026-09-05 07:15:00,21.32,74.44,36.62,88,0.0,0.0,13.04
2026-09-05 07:16:00,21.33,74.21,36.62,88,0.0,0.0,13.04
2026-09-05 07:17:00,21.36,73.93,36.62,88,0.06,0.0,13.04
2026-09-05 07:18:00,21.42,73.74,37.38,88,0.06,0.0,13.08
2026-09-05 07:19:00,21.46,73.65,37.38,88,0.03,0.0,13.08
2026-09-05 07:20:00,21.47,73.61,37.77,88,0.015,0.0,13.08
2026-09-05 07:21:00,21.5,73.28,37.77,88,0.27,0.0,13.08
2026-09-05 07:22:00,21.56,73.41,38.53,88,0.21,0.0,13.08
2026-09-05 07:23:00,21.57,73.55,38.53,88,0.015,0.0,13.12
2026-09-05 07:24:00,21.64,73.61,38.91,88,0.06,0.0,13.12
2026-09-05 07:25:00,21.67,73.59,39.29,88,0.045,0.0,13.12
2026-09-05 07:26:00,21.74,73.63,39.29,88,0.0,0.0,13.12
2026-09-05 07:27:00,21.78,73.47,39.29,88,0.105,0.0,13.16
2026-09-05 07:28:00,21.83,73.42,39.67,88,0.135,0.0,13.16
2026-09-05 07:29:00,21.88,73.22,40.05,88,0.3,0.0,13.16
2026-09-05 07:30:00,21.91,73.1,40.44,88,0.09,0.0,13.16
2026-09-05 07:31:00,21.94,72.68,40.44,88,0.225,0.0,13.16
2026-09-05 07:32:00,21.98,72.61,40.82,88,0.435,0.0,13.16
2026-09-05 07:33:00,22.04,72.56,41.58,88,0.45,0.0,13.16
2026-09-05 07:34:00,22.07,72.41,41.58,83,0.495,0.0,13.16
2026-09-05 07:35:00,22.1,72.22,41.96,83,0.51,0.0,13.16
2026-09-05 07:36:00,22.12,72.25,43.11,83,0.66,0.0,13.16
2026-09-05 07:37:00,22.17,72.16,43.49,58,0.825,0.0,13.16
2026-09-05 07:38:00,22.17,71.95,43.87,67,0.84,0.0,13.16
2026-09-05 07:39:00,22.21,71.8,44.25,70,0.885,0.0,13.16
2026-09-05 07:40:00,22.27,71.5,77.06,66,0.87,0.0,13.16
2026-09-05 07:41:00,22.32,71.79,178.53,98,0.87,0.0,13.16
2026-09-05 07:42:00,22.35,72.16,237.28,69,0.885,0.0,13.79
2026-09-05 07:43:00,22.42,72.61,240.71,62,0.6,0.0,14.24
2026-09-05 07:44:00,22.46,72.92,244.53,81,0.825,0.0,14.24
2026-09-05 07:45:00,22.46,71.96,247.2,83,1.245,0.0,14.24
2026-09-05 07:46:00,22.55,71.79,251.01,91,0.975,0.0,14.24
2026-09-05 07:47:00,22.69,71.74,253.3,101,0.42,0.0,14.24
2026-09-05 07:48:00,22.9,71.61,256.73,93,0.075,0.0,14.24
2026-09-05 07:49:00,23.07,70.85,260.17,75,0.27,0.0,14.24
2026-09-05 07:50:00,23.29,70.33,262.84,56,0.585,0.0,14.24
2026-09-05 07:51:00,23.45,69.55,265.51,39,0.285,0.0,14.24
2026-09-05 07:52:00,23.6,68.3,268.56,62,0.555,0.0,14.24
2026-09-05 07:53:00,23.71,67.3,271.99,75,0.915,0.0,14.24
2026-09-05 07:54:00,23.79,67.34,274.66,70,0.675,0.0,14.24
2026-09-05 07:55:00,23.91,67.65,277.71,89,0.51,0.0,14.24
2026-09-05 07:56:00,23.98,66.58,281.15,88,0.66,0.0,14.24
2026-09-05 07:57:00,24.08,66.32,284.96,88,0.345,0.0,14.24
2026-09-05 07:58:00,24.22,66.76,287.25,88,0.405,0.0,14.24
2026-09-05 07:59:00,24.33,66.59,290.3,90,0.615,0.0,14.24
2026-09-05 08:00:00,24.4,66.24,293.74,79,0.435,0.0,14.24
2026-09-05 08:01:00,24.5,65.44,296.79,51,0.345,0.0,14.24
2026-09-05 08:02:00,24.59,65.37,299.08,45,0.555,0.0,14.24
2026-09-05 08:03:00,24.64,65.04,303.27,62,0.51,0.0,14.24
2026-09-05 08:04:00,24.67,64.4,306.32,197,0.39,0.0,14.24
2026-09-05 08:05:00,24.74,64.79,309.0,197,0.18,0.0,14.24
2026-09-05 08:06:00,24.81,63.45,312.81,42,0.81,0.0,14.24
2026-09-05 08:07:00,24.81,63.87,315.48,87,0.6,0.0,14.24
2026-09-05 08:08:00,24.87,64.16,318.53,53,0.375,0.0,14.24
2026-09-05 08:09:00,24.95,64.5,321.97,53,0.345,0.0,14.24
2026-09-05 08:10:00,25.08,64.9,325.02,53,0.015,0.0,14.24
2026-09-05 08:11:00,25.24,64.28,328.07,125,0.18,0.0,14.24
2026-09-05 08:12:00,25.28,63.13,331.12,54,0.72,0.0,14.24
2026-09-05 08:13:00,25.19,62.1,333.41,18,0.96,0.0,14.24
2026-09-05 08:14:00,25.15,62.25,336.46,67,0.6,0.0,14.24
2026-09-05 08:15:00,25.13,61.99,339.51,176,0.66,0.0,14.24
2026-09-05 08:16:00,25.14,62.17,343.33,190,0.165,0.0,14.24
2026-09-05 08:17:00,25.22,61.6,346.38,132,0.42,0.0,14.24
2026-09-05 08:18:00,25.25,61.4,349.05,57,0.51,0.0,14.24
2026-09-05 08:19:00,25.35,61.14,353.25,172,0.24,0.0,14.24
2026-09-05 08:20:00,25.45,60.92,355.92,164,0.21,0.0,14.24
2026-09-05 08:21:00,25.53,60.8,358.21,77,0.525,0.0,14.24
2026-09-05 08:22:00,25.61,60.96,362.02,95,0.465,0.0,14.24
2026-09-05 08:23:00,25.69,60.56,364.69,95,0.15,0.0,14.24
2026-09-05 08:24:00,25.75,60.58,368.51,105,0.345,0.0,14.24
2026-09-05 08:25:00,25.79,60.3,370.41,154,0.405,0.0,14.24
2026-09-05 08:26:00,25.82,60.42,373.08,200,0.225,0.0,14.24
2026-09-05 08:27:00,25.85,60.27,375.75,227,0.48,0.0,14.24
2026-09-05 08:28:00,25.89,60.52,378.81,179,0.285,0.0,14.24
2026-09-05 08:29:00,25.97,60.39,379.57,179,0.03,0.0,14.24
2026-09-05 08:30:00,26.15,60.3,383.76,179,0.09,0.0,14.24
2026-09-05 08:31:00,26.26,59.9,387.58,179,0.21,0.0,14.24
2026-09-05 08:32:00,26.34,59.13,390.63,179,0.165,0.0,14.24
2026-09-05 08:33:00,26.41,58.39,392.54,179,0.045,0.0,14.24
2026-09-05 08:34:00,26.47,58.33,396.73,179,0.0,0.0,14.24
2026-09-05 08:35:00,26.6,57.94,398.64,179,0.105,0.0,14.24
2026-09-05 08:36:00,26.68,57.4,401.69,179,0.15,0.0,14.24
2026-09-05 08:37:00,26.71,56.82,405.13,179,0.315,0.0,14.24
2026-09-05 08:38:00,26.77,57.05,408.18,179,0.15,0.0,14.24
2026-09-05 08:39:00,26.87,57.38,410.47,179,0.165,0.0,14.24
2026-09-05 08:40:00,27.01,56.78,413.14,95,0.255,0.0,14.24
2026-09-05 08:41:00,27.03,56.24,415.81,95,0.435,0.0,14.24
2026-09-05 08:42:00,27.05,56.32,418.1,95,0.165,0.0,14.24
2026-09-05 08:43:00,27.06,56.38,421.53,95,0.135,0.0,14.24
2026-09-05 08:44:00,27.09,56.73,423.44,117,0.18,0.0,14.24
2026-09-05 08:45:00,27.08,56.31,427.25,126,0.645,0.0,14.24
2026-09-05 08:46:00,27.01,56.34,429.54,104,0.66,0.0,14.21
2026-09-05 08:47:00,26.95,56.92,434.12,163,0.39,0.0,14.24
2026-09-05 08:48:00,26.92,56.82,436.41,126,0.24,0.0,14.24
2026-09-05 08:49:00,27.02,56.55,439.08,154,0.285,0.0,14.21
2026-09-05 08:50:00,27.08,56.35,442.13,154,0.18,0.0,14.21
2026-09-05 08:51:00,27.12,56.46,445.56,154,0.15,0.0,14.21
2026-09-05 08:52:00,27.19,56.06,448.23,128,0.405,0.0,14.21
2026-09-05 08:53:00,27.18,56.17,449.76,128,0.375,0.0,14.17
2026-09-05 08:54:00,27.15,56.3,452.05,198,0.3,0.0,14.17
2026-09-05 08:55:00,27.28,56.24,455.86,198,0.06,0.0,14.17
2026-09-05 08:56:00,27.39,56.25,458.15,198,0.12,0.0,14.17
2026-09-05 08:57:00,27.47,55.83,460.44,198,0.03,0.0,14.17
2026-09-05 08:58:00,27.57,55.94,463.87,209,0.075,0.0,14.17
2026-09-05 08:59:00,27.76,55.43,467.31,209,0.015,0.0,14.17
2026-09-05 09:00:00,27.87,55.18,470.36,209,0.045,0.0,14.13
2026-09-05 09:01:00,27.9,55.12,472.65,87,0.42,0.0,14.13
2026-09-05 09:02:00,27.94,55.45,475.7,124,0.315,0.0,14.13
2026-09-05 09:03:00,28.01,55.15,477.23,124,0.12,0.0,14.13
2026-09-05 09:04:00,28.0,54.98,481.8,124,0.21,0.0,14.13
2026-09-05 09:05:00,28.01,54.93,483.33,124,0.255,0.0,14.13
2026-09-05 09:06:00,28.08,55.25,487.53,124,0.06,0.0,14.13
2026-09-05 09:07:00,28.28,54.27,490.2,65,0.345,0.0,14.13
2026-09-05 09:08:00,28.3,54.36,492.1,60,0.735,0.0,14.13
2026-09-05 09:09:00,28.15,54.16,494.77,267,0.75,0.0,14.13
2026-09-05 09:10:00,28.15,53.84,497.06,33,0.255,0.0,14.13
2026-09-05 09:11:00,28.17,52.9,497.83,98,0.39,0.0,14.13
2026-09-05 09:12:00,28.17,53.1,500.5,98,0.405,0.0,14.13
2026-09-05 09:13:00,28.18,53.74,505.07,169,0.465,0.0,14.13
2026-09-05 09:14:00,28.13,53.01,508.13,108,0.96,0.0,14.13
2026-09-05 09:15:00,28.08,53.64,510.41,45,0.57,0.0,14.13
2026-09-05 09:16:00,28.1,53.7,511.56,46,0.6,0.0,14.13
2026-09-05 09:17:00,28.14,54.06,514.99,57,0.285,0.0,14.13
2026-09-05 09:18:00,28.3,53.97,516.9,66,0.105,0.0,14.13
2026-09-05 09:19:00,28.42,53.9,519.19,66,0.165,0.0,14.13
2026-09-05 09:20:00,28.56,53.14,522.62,66,0.105,0.0,14.13
2026-09-05 09:21:00,28.65,52.93,524.53,66,0.165,0.0,14.13
2026-09-05 09:22:00,28.76,52.55,526.44,66,0.03,0.0,14.13
2026-09-05 09:23:00,28.85,52.37,530.63,66,0.12,0.0,14.09
2026-09-05 09:24:00,28.89,52.17,532.16,44,0.555,0.0,14.13
2026-09-05 09:25:00,28.86,52.28,534.07,3,0.57,0.0,14.09
2026-09-05 09:26:00,28.85,52.6,537.5,76,0.675,0.0,14.13
2026-09-05 09:27:00,28.74,52.4,541.31,154,0.9,0.0,14.09
2026-09-05 09:28:00,28.58,51.35,544.37,268,0.93,0.0,14.09
2026-09-05 09:29:00,28.48,51.5,545.51,10,0.69,0.0,14.09
2026-09-05 09:30:00,28.42,50.81,548.56,294,0.585,0.0,14.09
2026-09-05 09:31:00,28.38,49.78,550.85,176,0.9,0.0,14.09
2026-09-05 09:32:00,28.28,49.66,553.14,267,1.29,0.0,14.09
2026-09-05 09:33:00,28.18,50.73,555.81,325,1.275,0.0,14.09
2026-09-05 09:34:00,28.13,51.08,557.34,89,1.125,0.0,14.09
2026-09-05 09:35:00,28.13,51.59,560.01,66,0.405,0.0,14.09
2026-09-05 09:36:00,28.27,51.02,563.06,249,0.255,0.0,14.09
2026-09-05 09:37:00,28.42,51.67,566.11,27,0.27,0.0,14.09
2026-09-05 09:38:00,28.65,51.45,568.4,119,0.21,0.0,14.09
2026-09-05 09:39:00,28.82,51.35,571.45,70,0.39,0.0,14.09
2026-09-05 09:40:00,29.02,51.84,573.36,72,0.315,0.0,14.09
2026-09-05 09:41:00,29.16,49.09,575.27,146,0.345,0.0,14.09
2026-09-05 09:42:00,29.17,48.03,578.7,165,0.765,0.0,14.09
2026-09-05 09:43:00,29.05,47.88,580.22,305,1.38,0.0,14.09
2026-09-05 09:44:00,28.89,48.23,582.89,51,0.93,0.0,14.09
2026-09-05 09:45:00,28.79,48.53,584.8,23,0.78,0.0,14.09
2026-09-05 09:46:00,28.69,48.87,587.47,345,0.885,0.0,14.09
2026-09-05 09:47:00,28.54,49.02,588.62,200,1.41,0.0,14.09
2026-09-05 09:48:00,28.45,49.43,591.29,358,1.23,0.0,14.09
2026-09-05 09:49:00,28.39,49.43,593.19,89,1.485,0.0,14.09
2026-09-05 09:50:00,28.34,49.85,595.86,124,0.48,0.0,14.09
2026-09-05 09:51:00,28.39,49.71,598.15,232,0.3,0.0,14.09
2026-09-05 09:52:00,28.45,49.94,601.59,239,0.63,0.0,14.09
2026-09-05 09:53:00,28.46,49.73,603.88,63,0.615,0.0,14.09
2026-09-05 09:54:00,28.46,49.98,607.69,157,0.78,0.0,14.09
2026-09-05 09:55:00,28.55,50.39,607.31,84,0.675,0.0,14.09
2026-09-05 09:56:00,28.55,49.84,609.22,304,1.335,0.0,14.09
2026-09-05 09:57:00,28.58,49.63,611.51,257,0.825,0.0,14.09
2026-09-05 09:58:00,28.62,49.85,614.94,92,0.825,0.0,14.09
2026-09-05 09:59:00,28.69,49.64,618.37,129,0.57,0.0,14.09
2026-09-05 10:00:00,28.74,49.17,618.75,338,0.87,0.0,14.09
2026-09-05 10:01:00,28.72,49.27,619.13,192,1.035,0.0,14.09
2026-09-05 10:02:00,28.68,49.53,623.33,53,0.93,0.0,14.09
2026-09-05 10:03:00,28.71,49.32,626.76,5,0.57,0.0,14.09
2026-09-05 10:04:00,28.74,49.57,627.53,323,0.81,0.0,14.09
2026-09-05 10:05:00,28.69,49.95,629.43,93,1.005,0.0,14.09
2026-09-05 10:06:00,28.68,50.26,631.72,142,0.96,0.0,14.09
2026-09-05 10:07:00,28.75,49.78,633.63,41,0.675,0.0,14.09
2026-09-05 10:08:00,28.68,50.28,635.54,318,0.915,0.0,14.09
2026-09-05 10:09:00,28.71,50.56,637.83,117,1.38,0.0,14.09
2026-09-05 10:10:00,28.64,50.88,639.73,359,1.5,0.0,14.09
2026-09-05 10:11:00,28.59,50.32,642.4,357,1.53,0.0,14.09
2026-09-05 10:12:00,28.56,50.32,643.17,356,1.26,0.0,14.09
2026-09-05 10:13:00,28.46,50.31,646.22,15,1.215,0.0,14.09
2026-09-05 10:14:00,28.45,50.79,649.27,246,0.555,0.0,14.09
2026-09-05 10:15:00,28.55,50.49,650.8,0,0.495,0.0,14.09
2026-09-05 10:16:00,28.71,50.38,653.47,86,0.825,0.0,14.09
2026-09-05 10:17:00,28.79,50.14,654.99,137,0.765,0.0,14.09
2026-09-05 10:18:00,28.95,50.09,656.52,55,0.27,0.0,14.09
2026-09-05 10:19:00,29.13,49.71,658.81,293,0.285,0.0,14.09
2026-09-05 10:20:00,29.26,48.97,660.33,260,1.005,0.0,14.09
2026-09-05 10:21:00,29.26,48.79,663.0,169,1.11,0.0,14.09
2026-09-05 10:22:00,29.2,48.89,665.29,270,0.66,0.0,14.09
2026-09-05 10:23:00,29.17,49.21,666.44,287,0.6,0.0,14.09
2026-09-05 10:24:00,29.2,49.67,668.73,174,0.75,0.0,14.09
2026-09-05 10:25:00,29.26,49.01,671.02,23,0.615,0.0,14.09
2026-09-05 10:26:00,29.29,49.13,673.3,255,0.735,0.0,14.09
2026-09-05 10:27:00,29.29,49.17,674.83,9,0.705,0.0,14.09
2026-09-05 10:28:00,29.3,49.45,679.03,147,0.69,0.0,14.09
2026-09-05 10:29:00,29.3,49.6,677.88,336,0.87,0.0,14.09
2026-09-05 10:30:00,29.19,50.23,680.55,133,1.515,0.0,14.09
2026-09-05 10:31:00,29.17,50.02,681.7,241,0.705,0.0,14.09
2026-09-05 10:32:00,29.14,49.39,683.6,348,1.29,0.0,14.09
2026-09-05 10:33:00,29.0,49.52,686.27,16,1.185,0.0,14.09
2026-09-05 10:34:00,28.93,49.94,687.04,351,0.93,0.0,14.09
2026-09-05 10:35:00,28.95,50.01,690.47,129,0.87,0.0,14.09
2026-09-05 10:36:00,28.95,50.35,692.76,40,0.915,0.0,14.09
2026-09-05 10:37:00,29.02,49.83,695.05,217,1.02,0.0,14.09
2026-09-05 10:38:00,29.03,50.07,694.29,106,0.855,0.0,14.09
2026-09-05 10:39:00,29.09,49.74,697.34,274,0.93,0.0,14.09
2026-09-05 10:40:00,29.06,49.72,696.19,66,1.23,0.0,14.09
2026-09-05 10:41:00,29.05,49.92,697.34,281,1.065,0.0,14.09
2026-09-05 10:42:00,29.03,50.28,702.3,145,1.035,0.0,14.09
2026-09-05 10:43:00,29.12,49.99,701.53,103,0.51,0.0,14.09
2026-09-05 10:44:00,29.13,49.98,706.11,328,1.245,0.0,14.09
2026-09-05 10:45:00,29.13,49.99,707.26,99,0.765,0.0,14.09
2026-09-05 10:46:00,29.16,49.95,709.54,334,1.005,0.0,14.09
2026-09-05 10:47:00,29.19,49.62,711.83,292,0.795,0.0,14.09
2026-09-05 10:48:00,29.19,50.1,715.65,157,0.93,0.0,14.09
2026-09-05 10:49:00,29.29,50.03,719.46,34,0.525,0.0,14.09
2026-09-05 10:50:00,29.44,49.71,719.84,55,0.495,0.0,14.09
2026-09-05 10:51:00,29.5,48.59,721.37,319,1.305,0.0,14.09
2026-09-05 10:52:00,29.4,49.14,725.57,23,0.705,0.0,14.09
2026-09-05 10:53:00,29.37,49.2,726.33,283,0.765,0.0,14.09
2026-09-05 10:54:00,29.32,49.16,727.86,359,1.32,0.0,14.09
2026-09-05 10:55:00,29.24,49.26,728.24,184,1.035,0.0,14.09
2026-09-05 10:56:00,29.22,49.57,734.34,236,1.02,0.0,14.09
2026-09-05 10:57:00,29.19,49.76,737.39,263,0.885,0.0,14.09
2026-09-05 10:58:00,29.14,49.93,740.44,101,1.11,0.0,14.09
2026-09-05 10:59:00,29.19,50.01,743.5,6,0.735,0.0,14.09
2026-09-05 11:00:00,29.26,49.98,744.64,113,0.81,0.0,14.09
2026-09-05 11:01:00,29.32,49.8,744.64,100,0.915,0.0,14.09
2026-09-05 11:02:00,29.33,49.5,745.02,38,0.66,0.0,14.09
2026-09-05 11:03:00,29.45,49.0,748.07,322,0.555,0.0,14.09
2026-09-05 11:04:00,29.45,49.52,757.23,242,0.585,0.0,14.09
2026-09-05 11:05:00,29.57,48.83,771.34,317,0.585,0.0,14.09
2026-09-05 11:06:00,29.64,48.84,768.29,315,0.795,0.0,14.09
2026-09-05 11:07:00,29.68,48.53,769.82,337,1.335,0.0,14.09
2026-09-05 11:08:00,29.63,48.62,763.71,65,1.485,0.0,14.09
2026-09-05 11:09:00,29.44,48.84,764.1,74,1.38,0.0,14.09
2026-09-05 11:10:00,29.33,49.34,769.05,288,1.38,0.0,14.09
2026-09-05 11:11:00,29.3,49.25,774.78,350,1.455,0.0,14.09
2026-09-05 11:12:00,29.23,49.62,785.46,182,0.84,0.0,14.09
2026-09-05 11:13:00,29.23,49.44,803.01,248,1.065,0.0,14.09
2026-09-05 11:14:00,29.22,49.68,820.55,16,0.96,0.0,14.09
2026-09-05 11:15:00,29.34,49.81,834.67,312,0.735,0.0,14.09
2026-09-05 11:16:00,29.5,49.35,838.1,103,0.69,0.0,14.09
2026-09-05 11:17:00,29.61,48.81,841.54,57,1.14,0.0,14.09
2026-09-05 11:18:00,29.61,48.99,846.88,72,0.615,0.0,14.09
2026-09-05 11:19:00,29.61,48.69,849.16,36,0.84,0.0,14.09
2026-09-05 11:20:00,29.63,48.8,871.29,97,1.17,0.0,14.09
2026-09-05 11:21:00,29.67,49.0,660.72,63,0.495,0.0,14.09
2026-09-05 11:22:00,29.85,48.77,912.87,37,0.345,0.0,14.09
2026-09-05 11:23:00,29.98,48.63,414.66,75,0.87,0.0,14.09
2026-09-05 11:24:00,29.94,48.64,796.14,94,1.575,0.0,14.09
2026-09-05 11:25:00,29.89,49.22,911.73,60,0.45,0.0,14.09
2026-09-05 11:26:00,29.98,48.98,944.15,37,0.12,0.0,14.09
2026-09-05 11:27:00,30.21,48.39,667.58,160,0.285,0.0,14.09
2026-09-05 11:28:00,30.28,48.61,400.93,97,0.825,0.0,14.09
2026-09-05 11:29:00,30.21,48.32,343.33,331,0.915,0.0,14.09
2026-09-05 11:30:00,30.04,47.62,201.42,197,1.365,0.0,14.09
2026-09-05 11:31:00,29.87,48.33,205.23,359,0.48,0.0,14.09
2026-09-05 11:32:00,29.77,48.96,289.92,102,0.705,0.0,14.09
2026-09-05 11:33:00,29.68,49.49,695.81,82,1.17,0.0,14.09
2026-09-05 11:34:00,29.74,48.65,925.08,270,0.555,0.0,14.09
2026-09-05 11:35:00,29.77,48.68,730.53,204,0.645,0.0,14.09
2026-09-05 11:36:00,29.78,48.87,480.66,12,0.78,0.0,14.09
2026-09-05 11:37:00,29.78,48.13,259.78,152,1.02,0.0,14.09
2026-09-05 11:38:00,29.64,48.39,370.41,305,0.825,0.0,14.09
2026-09-05 11:39:00,29.61,48.44,529.87,131,0.885,0.0,14.09
2026-09-05 11:40:00,29.6,48.36,329.21,272,0.66,0.0,14.09
2026-09-05 11:41:00,29.57,48.53,856.41,10,0.87,0.0,14.09
2026-09-05 11:42:00,29.61,48.69,1052.87,18,0.81,0.0,14.09
2026-09-05 11:43:00,29.71,48.6,583.66,341,0.525,0.0,14.09
2026-09-05 11:44:00,29.8,48.16,749.98,317,1.065,0.0,14.09
2026-09-05 11:45:00,29.8,48.16,358.59,124,1.095,0.0,14.09
2026-09-05 11:46:00,29.74,48.25,366.98,235,0.915,0.0,14.09
2026-09-05 11:47:00,29.71,48.33,420.39,95,0.705,0.0,14.09
2026-09-05 11:48:00,29.65,48.17,376.9,2,0.885,0.0,14.09
2026-09-05 11:49:00,29.61,48.39,363.93,132,0.63,0.0,14.09
2026-09-05 11:50:00,29.55,48.32,352.1,21,0.675,0.0,14.09
2026-09-05 11:51:00,29.51,48.4,366.98,60,0.45,0.0,14.09
2026-09-05 11:52:00,29.55,48.13,376.9,327,0.81,0.0,14.09
2026-09-05 11:53:00,29.53,48.34,436.79,178,0.93,0.0,14.09
2026-09-05 11:54:00,29.55,48.45,1039.9,0,0.735,0.0,14.09
2026-09-05 11:55:00,29.68,48.35,1014.34,119,0.57,0.0,14.09
2026-09-05 11:56:00,29.89,48.0,1018.92,330,0.48,0.0,14.09
2026-09-05 11:57:00,30.09,47.53,1054.78,42,0.855,0.0,14.09
2026-09-05 11:58:00,30.23,46.67,1116.96,98,0.99,0.0,14.09
2026-09-05 11:59:00,30.28,46.64,1016.63,5,0.765,0.0,14.09
2026-09-05 12:00:00,30.33,46.68,894.94,301,1.005,0.0,14.09
2026-09-05 12:01:00,30.45,46.88,1115.43,338,0.735,0.0,14.09
2026-09-05 12:02:00,30.58,46.61,412.76,56,0.645,0.0,14.09
2026-09-05 12:03:00,30.63,45.89,402.84,94,0.84,0.0,14.09
2026-09-05 12:04:00,30.49,46.19,418.1,126,0.93,0.0,14.09
2026-09-05 12:05:00,30.38,46.76,416.57,276,0.855,0.0,14.09
2026-09-05 12:06:00,30.36,46.58,1169.22,55,0.795,0.0,14.09
2026-09-05 12:07:00,30.38,46.64,1055.92,359,0.765,0.0,14.09
2026-09-05 12:08:00,30.43,46.55,559.62,0,0.84,0.0,14.09
2026-09-05 12:09:00,30.4,46.45,399.02,328,0.705,0.0,14.09
2026-09-05 12:10:00,30.39,46.68,805.68,45,0.96,0.0,14.09
2026-09-05 12:11:00,30.46,45.89,1001.37,86,1.17,0.0,14.09
2026-09-05 12:12:00,30.47,46.0,968.57,36,1.26,0.0,14.09
2026-09-05 12:13:00,30.54,45.7,949.11,200,0.915,0.0,14.09
2026-09-05 12:14:00,30.63,45.99,931.94,262,0.705,0.0,14.09
2026-09-05 12:15:00,30.82,45.98,915.54,281,0.84,0.0,14.09
2026-09-05 12:16:00,30.87,45.09,905.24,0,1.41,0.0,14.09
2026-09-05 12:17:00,30.83,44.83,899.14,316,1.17,0.0,14.09
2026-09-05 12:18:00,30.79,45.49,897.61,144,0.975,0.0,14.09
2026-09-05 12:19:00,30.77,45.39,900.28,36,1.275,0.0,14.09
2026-09-05 12:20:00,30.84,45.35,904.86,291,0.675,0.0,14.09
2026-09-05 12:21:00,30.98,45.37,910.96,10,0.615,0.0,14.09
2026-09-05 12:22:00,31.1,45.11,916.3,49,0.99,0.0,14.09
2026-09-05 12:23:00,31.07,44.88,327.69,333,1.005,0.0,14.09
2026-09-05 12:24:00,30.94,44.87,411.61,304,0.795,0.0,14.09
2026-09-05 12:25:00,30.87,44.88,939.19,33,0.93,0.0,14.09
2026-09-05 12:26:00,30.77,45.44,465.4,94,1.125,0.0,14.09
2026-09-05 12:27:00,30.76,45.6,934.23,118,0.915,0.0,14.09
2026-09-05 12:28:00,30.82,45.54,906.0,172,0.765,0.0,14.09
2026-09-05 12:29:00,30.87,45.42,872.82,39,0.885,0.0,14.09
2026-09-05 12:30:00,30.93,45.14,864.81,328,0.885,0.0,14.09
2026-09-05 12:31:00,30.98,45.16,870.15,279,0.405,0.0,14.09
2026-09-05 12:32:00,31.09,45.21,880.06,66,1.035,0.0,14.09
2026-09-05 12:33:00,31.05,45.54,891.51,92,1.755,0.0,14.09
2026-09-05 12:34:00,31.04,46.14,902.19,103,1.02,0.0,14.09
2026-09-05 12:35:00,31.14,45.59,920.88,4,0.795,0.0,14.09
2026-09-05 12:36:00,31.24,45.28,909.82,129,1.125,0.0,14.09
2026-09-05 12:37:00,31.34,44.73,898.76,322,0.57,0.0,14.09
2026-09-05 12:38:00,31.37,43.94,886.93,343,1.05,0.0,14.09
2026-09-05 12:39:00,31.37,44.07,882.73,120,0.825,0.0,14.09
2026-09-05 12:40:00,31.34,44.26,877.78,20,0.63,0.0,14.09
2026-09-05 12:41:00,31.37,44.09,875.49,61,0.765,0.0,14.09
2026-09-05 12:42:00,31.35,44.3,879.68,341,0.87,0.0,14.09
2026-09-05 12:43:00,31.44,44.21,883.88,81,0.675,0.0,14.09
2026-09-05 12:44:00,31.51,43.93,883.5,172,0.855,0.0,14.09
2026-09-05 12:45:00,31.57,44.2,879.68,29,0.75,0.0,14.09
2026-09-05 12:46:00,31.67,43.91,874.72,269,0.495,0.0,14.09
2026-09-05 12:47:00,31.81,43.31,866.71,297,0.645,0.0,14.09
2026-09-05 12:48:00,31.79,43.23,860.61,355,1.275,0.0,14.09
2026-09-05 12:49:00,31.68,43.57,859.46,359,1.02,0.0,14.09
2026-09-05 12:50:00,31.64,44.16,853.74,51,0.495,0.0,14.09
2026-09-05 12:51:00,31.67,43.41,852.6,339,1.44,0.0,14.09
2026-09-05 12:52:00,31.51,43.8,853.74,248,1.2,0.0,14.09
2026-09-05 12:53:00,31.55,44.25,839.25,278,0.735,0.0,14.09
2026-09-05 12:54:00,31.58,43.15,807.58,80,0.765,0.0,14.09
2026-09-05 12:55:00,31.49,43.56,854.89,10,1.17,0.0,14.09
2026-09-05 12:56:00,31.42,43.01,817.12,323,1.605,0.0,14.09
2026-09-05 12:57:00,31.28,43.75,845.73,100,0.96,0.0,14.09
2026-09-05 12:58:00,31.32,44.03,738.16,338,0.705,0.0,14.09
2026-09-05 12:59:00,31.42,43.59,870.53,26,0.705,0.0,14.09
2026-09-05 13:00:00,31.49,43.67,871.29,294,0.72,0.0,14.09
2026-09-05 13:01:00,31.62,43.24,869.0,246,0.555,0.0,14.09
2026-09-05 13:02:00,31.73,42.98,859.85,328,0.78,0.0,14.09
2026-09-05 13:03:00,31.72,42.73,835.81,62,0.96,0.0,14.09
2026-09-05 13:04:00,31.76,42.36,847.64,351,0.96,0.0,14.09
2026-09-05 13:05:00,31.65,43.0,851.83,323,0.75,0.0,14.09
2026-09-05 13:06:00,31.75,42.76,859.85,8,0.765,0.0,14.09
2026-09-05 13:07:00,31.82,42.55,870.15,358,0.975,0.0,14.09
2026-09-05 13:08:00,31.79,42.78,888.08,222,0.735,0.0,14.09
2026-09-05 13:09:00,31.76,42.81,900.28,233,1.05,0.0,14.09
2026-09-05 13:10:00,31.86,42.24,910.96,299,0.96,0.0,14.09
2026-09-05 13:11:00,31.88,42.11,889.6,275,0.63,0.0,14.09
2026-09-05 13:12:00,31.93,42.37,740.06,198,0.555,0.0,14.09
2026-09-05 13:13:00,32.03,42.27,693.14,354,0.66,0.0,14.09
2026-09-05 13:14:00,32.05,42.18,741.21,197,1.02,0.0,14.09
2026-09-05 13:15:00,32.03,42.18,210.57,121,1.05,0.0,14.09
2026-09-05 13:16:00,31.79,42.78,208.67,98,0.87,0.0,14.09
2026-09-05 13:17:00,31.57,43.26,172.43,117,0.525,0.0,14.09
2026-09-05 13:18:00,31.4,43.97,206.76,282,0.615,0.0,14.09
2026-09-05 13:19:00,31.24,44.75,278.86,142,0.75,0.0,14.09
2026-09-05 13:20:00,31.14,44.93,571.83,134,0.84,0.0,14.09
2026-09-05 13:21:00,30.97,45.1,1002.52,62,1.935,0.0,14.09
2026-09-05 13:22:00,30.84,45.1,608.83,293,1.5,0.0,14.09
2026-09-05 13:23:00,30.76,45.0,892.65,72,1.335,0.0,14.09
2026-09-05 13:24:00,30.77,45.04,949.49,137,1.005,0.0,14.09
2026-09-05 13:25:00,30.9,45.08,919.74,322,1.23,0.0,14.09
2026-09-05 13:26:00,31.11,44.23,902.19,6,1.155,0.0,14.09
2026-09-05 13:27:00,31.18,43.87,891.13,17,1.17,0.0,14.09
2026-09-05 13:28:00,31.28,43.81,885.79,41,0.75,0.0,14.09
2026-09-05 13:29:00,31.37,44.41,889.98,321,0.63,0.0,14.09
2026-09-05 13:30:00,31.58,44.31,893.03,50,0.645,0.0,14.09
2026-09-05 13:31:00,31.75,43.76,900.28,272,1.08,0.0,14.09
2026-09-05 13:32:00,31.79,43.29,926.99,20,1.32,0.0,14.09
2026-09-05 13:33:00,31.82,43.61,319.68,110,0.39,0.0,14.09
2026-09-05 13:34:00,31.88,43.38,914.4,307,0.87,0.0,14.09
2026-09-05 13:35:00,31.88,43.02,674.83,112,1.155,0.0,14.09
2026-09-05 13:36:00,31.79,43.27,879.3,141,1.155,0.0,14.09
2026-09-05 13:37:00,31.81,43.24,422.29,96,0.84,0.0,14.09
2026-09-05 13:38:00,31.86,43.03,706.87,344,0.495,0.0,14.09
2026-09-05 13:39:00,31.92,43.29,868.24,3,0.63,0.0,14.09
2026-09-05 13:40:00,32.03,43.64,851.83,53,0.75,0.0,14.09
2026-09-05 13:41:00,32.25,43.16,847.64,74,0.54,0.0,14.09
2026-09-05 13:42:00,32.32,43.19,825.89,279,1.005,0.0,14.09
2026-09-05 13:43:00,32.42,43.03,811.4,288,0.765,0.0,14.09
2026-09-05 13:44:00,32.53,42.43,803.77,150,0.765,0.0,14.09
2026-09-05 13:45:00,32.53,42.52,793.47,337,0.765,0.0,14.09
2026-09-05 13:46:00,32.42,41.91,792.32,339,1.065,0.0,14.09
2026-09-05 13:47:00,32.25,42.27,801.48,14,1.275,0.0,14.09
2026-09-05 13:48:00,32.2,42.45,811.4,1,0.6,0.0,14.09
2026-09-05 13:49:00,32.2,42.7,824.37,199,0.705,0.0,14.09
2026-09-05 13:50:00,32.2,42.93,832.0,126,0.96,0.0,14.09
2026-09-05 13:51:00,32.26,43.17,834.67,57,0.735,0.0,14.09
2026-09-05 13:52:00,32.32,43.32,832.0,284,1.005,0.0,14.09
2026-09-05 13:53:00,32.38,42.83,820.94,100,0.915,0.0,14.09
2026-09-05 13:54:00,32.39,43.32,812.92,73,0.87,0.0,14.09
2026-09-05 13:55:00,32.39,43.43,804.91,348,1.14,0.0,14.09
2026-09-05 13:56:00,32.35,43.21,800.72,310,1.92,0.0,14.09
2026-09-05 13:57:00,32.22,42.68,803.77,292,1.41,0.0,14.09
2026-09-05 13:58:00,32.05,43.44,801.86,43,1.695,0.0,14.09
2026-09-05 13:59:00,31.99,43.65,801.86,8,0.765,0.0,14.09
2026-09-05 14:00:00,31.98,43.07,804.53,44,1.47,0.0,14.09
2026-09-05 14:01:00,31.98,43.06,815.98,69,0.945,0.0,14.09
2026-09-05 14:02:00,31.93,43.49,811.78,30,0.6,0.0,14.09
2026-09-05 14:03:00,32.12,43.62,815.21,87,0.435,0.0,14.09
2026-09-05 14:04:00,32.2,42.6,809.11,284,1.485,0.0,14.09
2026-09-05 14:05:00,32.13,42.68,803.77,0,0.93,0.0,14.09
2026-09-05 14:06:00,32.09,42.85,749.98,125,1.53,0.0,14.09
2026-09-05 14:07:00,32.06,43.14,789.65,124,0.765,0.0,14.09
2026-09-05 14:08:00,32.05,43.24,674.83,165,1.02,0.0,14.09
2026-09-05 14:09:00,32.09,43.32,785.46,40,0.495,0.0,14.09
2026-09-05 14:10:00,32.16,43.23,769.82,0,0.81,0.0,14.09
2026-09-05 14:11:00,32.2,42.8,756.47,328,0.96,0.0,14.09
2026-09-05 14:12:00,32.13,43.09,755.32,211,1.53,0.0,14.09
2026-09-05 14:13:00,32.06,42.89,759.9,190,0.99,0.0,14.09
2026-09-05 14:14:00,32.03,42.94,761.04,6,0.885,0.0,14.09
2026-09-05 14:15:00,32.08,42.86,766.38,235,0.99,0.0,14.09
2026-09-05 14:16:00,31.99,43.1,771.34,353,1.335,0.0,14.09
2026-09-05 14:17:00,31.89,43.51,790.42,303,1.17,0.0,14.09
2026-09-05 14:18:00,31.86,43.52,783.55,50,1.065,0.0,14.09
2026-09-05 14:19:00,31.91,43.74,793.09,64,1.65,0.0,14.09
2026-09-05 14:20:00,31.88,43.5,811.4,65,2.025,0.0,14.09
2026-09-05 14:21:00,31.81,43.57,820.17,221,1.335,0.0,14.09
2026-09-05 14:22:00,31.85,43.81,825.51,105,1.05,0.0,14.09
2026-09-05 14:23:00,31.95,43.73,834.29,0,0.93,0.0,14.09
2026-09-05 14:24:00,32.03,43.74,266.65,75,0.885,0.0,13.91
2026-09-05 14:25:00,31.99,42.72,185.78,199,0.96,0.0,13.91
2026-09-05 14:26:00,31.78,43.63,249.87,10,1.095,0.0,13.91
2026-09-05 14:27:00,31.54,43.87,199.89,155,1.11,0.0,13.91
2026-09-05 14:28:00,31.31,44.53,173.19,267,1.11,0.0,13.91
2026-09-05 14:29:00,31.16,44.93,156.4,144,0.99,0.0,13.91
2026-09-05 14:30:00,31.05,44.58,657.28,327,0.975,0.0,14.09
2026-09-05 14:31:00,31.0,44.35,603.88,300,1.29,0.0,14.09
2026-09-05 14:32:00,31.03,44.38,745.78,303,1.2,0.0,14.09
2026-09-05 14:33:00,31.16,44.32,745.02,55,0.885,0.0,14.09
2026-09-05 14:34:00,31.24,44.18,130.85,0,0.945,0.0,13.91
2026-09-05 14:35:00,31.23,44.43,741.59,247,0.48,0.0,14.09
2026-09-05 14:36:00,31.35,44.11,728.24,57,0.675,0.0,14.09
2026-09-05 14:37:00,31.48,44.02,726.71,20,0.495,0.0,14.09
2026-09-05 14:38:00,31.71,43.93,725.57,61,0.495,0.0,14.09
2026-09-05 14:39:00,31.86,43.22,727.09,35,1.26,0.0,14.09
2026-09-05 14:40:00,31.79,43.2,731.67,339,1.605,0.0,14.09
2026-09-05 14:41:00,31.68,42.97,737.01,324,1.41,0.0,14.09
2026-09-05 14:42:00,31.55,43.28,721.37,274,1.17,0.0,14.09
2026-09-05 14:43:00,31.45,43.82,706.87,127,1.185,0.0,14.09
2026-09-05 14:44:00,31.55,43.95,696.57,257,0.81,0.0,14.09
2026-09-05 14:45:00,31.71,43.52,691.23,289,0.93,0.0,14.09
2026-09-05 14:46:00,31.81,43.11,687.42,314,1.215,0.0,14.09
2026-09-05 14:47:00,31.86,43.13,684.75,53,0.735,0.0,14.09
2026-09-05 14:48:00,31.89,42.75,679.41,30,0.84,0.0,14.09
2026-09-05 14:49:00,31.86,42.27,674.83,294,1.23,0.0,14.09
2026-09-05 14:50:00,31.83,42.41,673.69,35,1.035,0.0,14.09
2026-09-05 14:51:00,31.88,42.47,672.16,92,0.975,0.0,14.09
2026-09-05 14:52:00,31.99,42.0,670.25,64,0.735,0.0,14.09
2026-09-05 14:53:00,32.15,41.78,669.11,315,0.345,0.0,13.91
2026-09-05 14:54:00,32.3,41.56,667.2,339,0.555,0.0,14.09
2026-09-05 14:55:00,32.38,41.29,663.77,319,0.975,0.0,13.91
2026-09-05 14:56:00,32.38,41.23,658.81,24,0.705,0.0,14.09
2026-09-05 14:57:00,32.42,41.26,656.9,78,0.675,0.0,13.91
2026-09-05 14:58:00,32.53,41.22,657.66,78,0.495,0.0,13.91
2026-09-05 14:59:00,32.63,41.21,657.66,32,0.495,0.0,13.91
2026-09-05 15:00:00,32.63,40.9,671.4,236,1.125,0.0,13.91
2026-09-05 15:01:00,32.57,40.56,168.23,169,0.99,0.0,13.83
2026-09-05 15:02:00,32.44,40.72,665.29,85,0.51,0.0,13.91
2026-09-05 15:03:00,32.47,40.34,649.27,3,0.96,0.0,13.91
2026-09-05 15:04:00,32.39,39.98,643.93,279,1.305,0.0,13.91
2026-09-05 15:05:00,32.22,40.59,641.26,351,1.11,0.0,13.91
2026-09-05 15:06:00,32.12,40.8,644.31,21,0.96,0.0,13.91
2026-09-05 15:07:00,32.09,40.89,646.22,356,0.72,0.0,13.91
2026-09-05 15:08:00,32.13,40.63,641.26,59,1.005,0.0,13.91
2026-09-05 15:09:00,32.2,40.68,640.88,22,0.705,0.0,13.91
2026-09-05 15:10:00,32.35,40.84,641.26,100,0.54,0.0,13.91
2026-09-05 15:11:00,32.44,40.35,640.5,71,1.32,0.0,13.91
2026-09-05 15:12:00,32.42,40.25,640.12,353,1.62,0.0,13.91
2026-09-05 15:13:00,32.22,40.25,639.35,299,1.455,0.0,13.91
2026-09-05 15:14:00,31.98,40.81,637.06,92,1.125,0.0,13.91
2026-09-05 15:15:00,31.95,40.66,638.21,306,1.11,0.0,13.91
2026-09-05 15:16:00,31.95,40.74,637.45,306,0.765,0.0,13.91
2026-09-05 15:17:00,31.95,40.82,634.39,245,0.54,0.0,13.91
2026-09-05 15:18:00,32.08,40.65,627.91,5,0.36,0.0,13.91
2026-09-05 15:19:00,32.28,40.59,623.71,204,0.465,0.0,13.91
2026-09-05 15:20:00,32.44,40.57,621.04,13,0.75,0.0,13.91
2026-09-05 15:21:00,32.57,40.28,616.85,191,0.915,0.0,13.91
2026-09-05 15:22:00,32.63,40.29,613.41,341,0.78,0.0,13.91
2026-09-05 15:23:00,32.6,40.61,609.6,82,1.005,0.0,13.91
2026-09-05 15:24:00,32.51,40.99,606.16,238,1.395,0.0,13.91
2026-09-05 15:25:00,32.46,40.41,604.26,8,1.035,0.0,13.91
2026-09-05 15:26:00,32.46,41.01,604.64,137,1.065,0.0,13.91
2026-09-05 15:27:00,32.42,41.24,602.35,286,0.96,0.0,13.91
2026-09-05 15:28:00,32.4,41.15,601.21,111,1.095,0.0,13.91
2026-09-05 15:29:00,32.38,41.2,603.88,86,1.32,0.0,13.91
2026-09-05 15:30:00,32.2,41.19,186.54,232,1.92,0.0,13.83
2026-09-05 15:31:00,31.83,41.66,81.64,101,1.905,0.0,13.79
2026-09-05 15:32:00,31.44,42.72,86.59,88,1.14,0.0,13.79
2026-09-05 15:33:00,31.21,43.54,593.19,89,1.23,0.0,13.91
2026-09-05 15:34:00,31.1,43.11,583.66,274,1.23,0.0,13.91
2026-09-05 15:35:00,31.13,43.06,585.95,355,1.305,0.0,13.91
2026-09-05 15:36:00,31.14,43.29,586.71,205,0.945,0.0,13.91
2026-09-05 15:37:00,31.32,42.81,584.04,196,0.525,0.0,13.91
2026-09-05 15:38:00,31.49,43.16,580.22,127,0.45,0.0,13.91
2026-09-05 15:39:00,31.72,42.85,577.17,118,0.6,0.0,13.91
2026-09-05 15:40:00,31.89,43.05,569.16,87,0.78,0.0,13.91
2026-09-05 15:41:00,32.05,42.79,568.4,156,0.57,0.0,13.91
2026-09-05 15:42:00,32.19,42.5,569.54,69,0.915,0.0,13.91
2026-09-05 15:43:00,32.18,42.98,566.11,189,1.425,0.0,13.91
2026-09-05 15:44:00,32.08,43.64,563.44,94,1.005,0.0,13.91
2026-09-05 15:45:00,32.2,43.37,561.15,41,0.405,0.0,13.91
2026-09-05 15:46:00,32.38,42.55,559.24,255,0.51,0.0,13.91
2026-09-05 15:47:00,32.33,42.31,554.67,0,1.545,0.0,13.91
2026-09-05 15:48:00,32.26,42.4,550.09,159,0.945,0.0,13.91
2026-09-05 15:49:00,32.28,42.42,543.98,289,1.29,0.0,13.91
2026-09-05 15:50:00,32.1,42.62,540.55,223,1.215,0.0,13.91
2026-09-05 15:51:00,32.05,42.94,538.26,211,0.735,0.0,13.91
2026-09-05 15:52:00,31.93,42.08,534.45,118,1.59,0.0,13.91
2026-09-05 15:53:00,31.85,41.97,529.11,308,1.305,0.0,13.91
2026-09-05 15:54:00,31.72,42.03,526.82,359,1.44,0.0,13.91
2026-09-05 15:55:00,31.67,42.71,526.44,58,1.065,0.0,13.91
2026-09-05 15:56:00,31.67,43.11,529.87,129,1.14,0.0,13.91
2026-09-05 15:57:00,31.75,42.76,532.16,271,0.975,0.0,13.91
2026-09-05 15:58:00,31.73,42.15,528.34,199,1.5,0.0,13.91
2026-09-05 15:59:00,31.51,42.27,526.44,145,1.65,0.0,13.91
2026-09-05 16:00:00,31.44,42.85,524.15,38,0.93,0.0,13.91
2026-09-05 16:01:00,31.54,42.71,519.57,235,0.66,0.0,13.91
2026-09-05 16:02:00,31.55,42.63,515.37,23,1.515,0.0,13.91
2026-09-05 16:03:00,31.57,42.88,511.56,222,1.125,0.0,13.91
2026-09-05 16:04:00,31.65,43.02,509.27,283,0.555,0.0,13.91
2026-09-05 16:05:00,31.81,42.66,507.74,356,0.495,0.0,13.91
2026-09-05 16:06:00,31.91,42.27,505.46,220,0.66,0.0,13.91
2026-09-05 16:07:00,31.95,42.08,500.11,195,1.35,0.0,13.91
2026-09-05 16:08:00,31.85,42.08,494.01,285,1.665,0.0,13.91
2026-09-05 16:09:00,31.79,42.34,488.67,345,0.72,0.0,13.91
2026-09-05 16:10:00,31.86,41.98,484.86,36,0.885,0.0,13.91
2026-09-05 16:11:00,31.78,41.59,479.9,11,1.275,0.0,13.91
2026-09-05 16:12:00,31.61,41.75,474.94,345,1.605,0.0,13.91
2026-09-05 16:13:00,31.44,42.59,469.21,0,1.05,0.0,13.91
2026-09-05 16:14:00,31.4,43.1,461.97,2,1.155,0.0,13.91
2026-09-05 16:15:00,31.38,43.18,456.24,107,0.615,0.0,13.91
2026-09-05 16:16:00,31.45,43.32,450.14,359,0.69,0.0,13.91
2026-09-05 16:17:00,31.54,43.75,446.71,95,1.05,0.0,13.91
2026-09-05 16:18:00,31.62,43.51,444.04,54,0.825,0.0,13.91
2026-09-05 16:19:00,31.68,42.73,440.99,61,0.72,0.0,13.91
2026-09-05 16:20:00,31.75,42.8,436.03,56,1.425,0.0,13.91
2026-09-05 16:21:00,31.64,43.42,431.83,147,1.23,0.0,13.91
2026-09-05 16:22:00,31.54,43.3,426.49,137,1.05,0.0,13.91
2026-09-05 16:23:00,31.45,43.6,421.53,19,1.26,0.0,13.91
2026-09-05 16:24:00,31.38,44.0,418.48,45,1.17,0.0,13.91
2026-09-05 16:25:00,31.3,44.7,71.72,274,0.705,0.0,13.64
2026-09-05 16:26:00,31.17,45.08,420.39,23,0.66,0.0,13.91
2026-09-05 16:27:00,31.24,43.77,416.19,342,0.495,0.0,13.91
2026-09-05 16:28:00,31.28,43.67,411.23,71,0.57,0.0,13.91
2026-09-05 16:29:00,31.37,43.76,409.7,278,0.435,0.0,13.91
2026-09-05 16:30:00,31.49,43.81,408.18,122,0.795,0.0,13.91
2026-09-05 16:31:00,31.55,44.24,404.36,130,0.48,0.0,13.91
2026-09-05 16:32:00,31.71,43.99,402.46,93,0.225,0.0,13.91
2026-09-05 16:33:00,31.78,43.2,398.64,197,0.87,0.0,13.91
2026-09-05 16:34:00,31.73,42.07,390.63,279,1.095,0.0,13.91
2026-09-05 16:35:00,31.57,42.34,381.86,320,0.915,0.0,13.91
2026-09-05 16:36:00,31.46,42.53,376.52,295,0.84,0.0,13.91
2026-09-05 16:37:00,31.37,42.9,379.19,149,1.095,0.0,13.91
2026-09-05 16:38:00,31.35,43.11,376.52,126,0.945,0.0,13.91
2026-09-05 16:39:00,31.28,43.55,371.18,72,1.365,0.0,13.83
2026-09-05 16:40:00,31.23,43.78,367.74,13,1.485,0.0,13.91
2026-09-05 16:41:00,31.14,43.2,365.07,41,1.785,0.0,13.83
2026-09-05 16:42:00,31.03,43.88,364.31,94,1.11,0.0,13.83
2026-09-05 16:43:00,31.01,43.62,362.4,298,1.125,0.0,13.83
2026-09-05 16:44:00,31.0,43.96,358.97,293,0.84,0.0,13.83
2026-09-05 16:45:00,31.0,44.24,356.3,49,1.185,0.0,13.83
2026-09-05 16:46:00,30.97,44.32,351.72,238,1.425,0.0,13.83
2026-09-05 16:47:00,30.94,44.14,348.67,245,0.99,0.0,13.83
2026-09-05 16:48:00,30.93,44.04,344.85,52,1.62,0.0,13.83
2026-09-05 16:49:00,30.82,44.43,341.42,64,1.515,0.0,13.83
2026-09-05 16:50:00,30.79,44.28,336.84,294,1.275,0.0,13.83
2026-09-05 16:51:00,30.79,44.5,334.17,105,1.23,0.0,13.83
2026-09-05 16:52:00,30.76,44.88,331.88,14,1.02,0.0,13.83
2026-09-05 16:53:00,30.79,44.79,329.59,139,0.735,0.0,13.83
2026-09-05 16:54:00,30.79,44.36,328.07,63,0.915,0.0,13.79
2026-09-05 16:55:00,30.86,44.12,325.02,0,1.02,0.0,13.79
2026-09-05 16:56:00,30.87,44.04,320.82,76,0.9,0.0,13.79
2026-09-05 16:57:00,30.93,44.38,318.53,137,0.795,0.0,13.79
2026-09-05 16:58:00,30.95,44.31,314.72,72,0.6,0.0,13.79
2026-09-05 16:59:00,31.03,44.42,312.05,76,0.825,0.0,13.79
2026-09-05 17:00:00,30.98,44.47,310.14,51,0.87,0.0,13.79
2026-09-05 17:01:00,31.03,44.48,306.71,163,0.345,0.0,13.79
2026-09-05 17:02:00,31.07,44.25,303.27,42,0.975,0.0,13.79
2026-09-05 17:03:00,31.01,44.24,300.22,357,1.11,0.0,13.79
2026-09-05 17:04:00,30.93,44.17,296.03,21,0.915,0.0,13.79
2026-09-05 17:05:00,30.93,43.94,292.97,250,0.87,0.0,13.79
2026-09-05 17:06:00,30.86,44.07,289.16,331,0.9,0.0,13.79
2026-09-05 17:07:00,30.8,44.41,285.73,81,1.14,0.0,13.79
2026-09-05 17:08:00,30.76,44.95,282.29,142,0.87,0.0,13.79
2026-09-05 17:09:00,30.74,45.17,279.24,42,0.96,0.0,13.79
2026-09-05 17:10:00,30.67,45.22,276.19,30,1.365,0.0,13.79
2026-09-05 17:11:00,30.61,45.73,272.37,105,0.75,0.0,13.79
2026-09-05 17:12:00,30.5,46.39,267.8,70,0.93,0.0,13.79
2026-09-05 17:13:00,30.38,46.93,265.89,110,0.495,0.0,13.79
2026-09-05 17:14:00,30.26,47.16,259.78,288,1.08,0.0,13.79
2026-09-05 17:15:00,30.14,47.43,249.87,86,1.155,0.0,13.79
2026-09-05 17:16:00,29.98,47.86,188.45,107,1.005,0.0,13.79
2026-09-05 17:17:00,29.8,48.43,93.84,104,1.98,0.0,13.79
2026-09-05 17:18:00,29.68,48.71,47.3,340,1.08,0.0,13.79
2026-09-05 17:19:00,29.57,49.06,46.54,81,1.275,0.0,13.79
2026-09-05 17:20:00,29.51,49.35,46.54,57,0.84,0.0,13.79
2026-09-05 17:21:00,29.44,49.67,46.16,110,1.08,0.0,13.64
2026-09-05 17:22:00,29.36,49.82,45.4,352,1.275,0.0,13.79
2026-09-05 17:23:00,29.29,49.97,45.4,235,1.11,0.0,13.79
2026-09-05 17:24:00,29.22,50.16,45.4,355,1.215,0.0,13.79
2026-09-05 17:25:00,29.16,50.67,45.4,23,1.17,0.0,13.79
2026-09-05 17:26:00,29.13,50.75,45.01,265,1.14,0.0,13.79
2026-09-05 17:27:00,29.06,50.61,44.63,0,1.215,0.0,13.79
2026-09-05 17:28:00,29.02,50.88,33.95,207,0.93,0.0,13.46
2026-09-05 17:29:00,28.95,50.72,43.87,121,1.38,0.0,13.53
2026-09-05 17:30:00,28.9,50.91,31.28,105,1.305,0.0,13.46
2026-09-05 17:31:00,28.85,51.14,37.38,254,0.72,0.0,13.46
2026-09-05 17:32:00,28.81,50.93,42.73,40,1.065,0.0,13.46
2026-09-05 17:33:00,28.79,50.93,42.73,82,1.065,0.0,13.46
2026-09-05 17:34:00,28.74,50.95,41.96,169,1.29,0.0,13.53
2026-09-05 17:35:00,28.69,50.99,41.96,55,0.9,0.0,13.53
2026-09-05 17:36:00,28.68,51.28,41.2,30,0.735,0.0,13.53
2026-09-05 17:37:00,28.64,51.26,40.44,199,1.605,0.0,13.57
2026-09-05 17:38:00,28.59,51.67,40.05,347,1.455,0.0,13.57
2026-09-05 17:39:00,28.58,51.44,39.29,99,1.275,0.0,13.61
2026-09-05 17:40:00,28.49,51.84,38.91,0,1.29,0.0,13.57
2026-09-05 17:41:00,28.46,51.94,38.91,112,1.485,0.0,13.53
2026-09-05 17:42:00,28.48,52.05,38.15,232,0.57,0.0,13.53
2026-09-05 17:43:00,28.46,52.16,37.77,102,0.945,0.0,13.53
2026-09-05 17:44:00,28.46,52.28,37.38,40,0.615,0.0,13.53
2026-09-05 17:45:00,28.48,52.28,37.38,167,0.855,0.0,13.53
2026-09-05 17:46:00,28.48,52.15,36.62,229,0.675,0.0,13.53
2026-09-05 17:47:00,28.51,52.03,36.62,99,0.63,0.0,13.46
2026-09-05 17:48:00,28.48,51.96,36.24,140,1.11,0.0,13.46
2026-09-05 17:49:00,28.48,52.25,36.24,81,0.645,0.0,13.46
2026-09-05 17:50:00,28.46,52.25,35.48,246,0.33,0.0,13.46
2026-09-05 17:51:00,28.45,52.17,35.1,177,1.215,0.0,13.46
2026-09-05 17:52:00,28.41,52.62,34.71,112,1.455,0.0,13.46
2026-09-05 17:53:00,28.36,52.33,34.71,68,1.56,0.0,13.46
2026-09-05 17:54:00,28.32,52.38,33.95,359,1.29,0.0,13.46
2026-09-05 17:55:00,28.28,52.41,33.95,311,1.11,0.0,13.46
2026-09-05 17:56:00,28.24,52.21,33.19,96,1.32,0.0,13.46
2026-09-05 17:57:00,28.2,52.45,32.81,99,1.155,0.0,13.46
2026-09-05 17:58:00,28.18,52.35,32.43,5,0.975,0.0,13.46
2026-09-05 17:59:00,28.15,52.4,32.04,75,1.215,0.0,13.46
2026-09-05 18:00:00,28.11,52.21,31.28,56,1.95,0.0,13.16
2026-09-05 18:01:00,28.08,52.6,30.9,90,1.29,0.0,13.16
2026-09-05 18:02:00,28.04,52.71,29.37,225,1.62,0.0,13.16
2026-09-05 18:03:00,28.0,52.8,27.08,271,0.72,0.0,13.16
2026-09-05 18:04:00,27.94,52.96,27.08,284,1.23,0.0,13.16
2026-09-05 18:05:00,27.93,53.08,27.08,61,1.26,0.0,13.16
2026-09-05 18:06:00,27.94,52.88,26.7,302,1.245,0.0,13.16
2026-09-05 18:07:00,27.91,53.05,25.18,229,0.885,0.0,13.16
2026-09-05 18:08:00,27.87,53.03,22.51,242,0.84,0.0,13.16
2026-09-05 18:09:00,27.86,53.36,20.98,102,0.975,0.0,13.16
2026-09-05 18:10:00,27.81,53.48,20.22,58,1.23,0.0,13.16
2026-09-05 18:11:00,27.8,53.47,20.22,147,1.32,0.0,13.16
2026-09-05 18:12:00,27.7,53.68,20.98,186,2.055,0.0,13.16
2026-09-05 18:13:00,27.67,53.68,21.74,234,0.855,0.0,13.16
2026-09-05 18:14:00,27.65,53.66,21.74,78,0.96,0.0,13.16
2026-09-05 18:15:00,27.59,53.61,22.51,10,1.32,0.0,13.16
2026-09-05 18:16:00,27.57,53.67,22.89,240,1.17,0.0,13.16
2026-09-05 18:17:00,27.54,53.8,22.51,116,0.855,0.0,13.16
2026-09-05 18:18:00,27.54,53.79,21.74,255,0.885,0.0,13.16
2026-09-05 18:19:00,27.5,53.83,20.98,5,1.29,0.0,13.16
2026-09-05 18:20:00,27.49,53.89,20.22,212,0.87,0.0,13.16
2026-09-05 18:21:00,27.47,54.02,19.07,68,1.14,0.0,13.16
2026-09-05 18:22:00,27.47,54.22,18.31,146,0.33,0.0,13.16
2026-09-05 18:23:00,27.45,54.18,17.17,239,0.705,0.0,13.16
2026-09-05 18:24:00,27.42,54.24,16.02,121,0.84,0.0,13.16
2026-09-05 18:25:00,27.42,54.09,15.64,281,1.26,0.0,13.16
2026-09-05 18:26:00,27.36,54.24,15.26,52,0.81,0.0,13.16
2026-09-05 18:27:00,27.3,54.48,14.88,54,0.93,0.0,13.16
2026-09-05 18:28:00,27.3,54.42,14.5,53,0.405,0.0,13.16
2026-09-05 18:29:00,27.32,54.27,13.73,35,0.615,0.0,13.16
2026-09-05 18:30:00,27.3,54.42,13.73,103,0.54,0.0,13.16
2026-09-05 18:31:00,27.33,54.43,12.97,132,0.45,0.0,13.12
2026-09-05 18:32:00,27.32,54.32,12.97,47,0.465,0.0,13.12
2026-09-05 18:33:00,27.32,54.33,12.59,34,1.02,0.0,13.12
2026-09-05 18:34:00,27.28,54.23,12.21,17,0.81,0.0,13.12
2026-09-05 18:35:00,27.25,54.2,11.44,359,0.555,0.0,13.08
2026-09-05 18:36:00,27.26,54.39,11.44,138,0.63,0.0,13.08
2026-09-05 18:37:00,27.21,54.67,10.68,178,0.99,0.0,13.08
2026-09-05 18:38:00,27.19,54.51,10.68,128,0.765,0.0,13.04
2026-09-05 18:39:00,27.16,54.67,9.92,278,0.975,0.0,13.04
2026-09-05 18:40:00,27.15,54.65,9.54,227,0.615,0.0,13.04
2026-09-05 18:41:00,27.12,54.85,9.16,47,0.555,0.0,13.04
2026-09-05 18:42:00,27.12,54.84,8.39,31,0.78,0.0,13.04
2026-09-05 18:43:00,27.11,54.68,8.01,30,1.17,0.0,13.04
2026-09-05 18:44:00,27.08,54.74,7.63,50,0.495,0.0,13.04
2026-09-05 18:45:00,27.06,54.83,6.87,11,0.465,0.0,13.04
2026-09-05 18:46:00,27.05,54.82,6.87,272,0.735,0.0,13.04
2026-09-05 18:47:00,27.03,54.94,6.49,105,0.6,0.0,13.04
2026-09-05 18:48:00,27.05,55.05,6.1,1,0.675,0.0,13.04
2026-09-05 18:49:00,27.02,55.05,5.34,1,0.12,0.0,13.04
2026-09-05 18:50:00,27.03,55.01,4.96,1,0.075,0.0,13.04
2026-09-05 18:51:00,27.05,54.96,4.96,5,0.315,0.0,13.04
2026-09-05 18:52:00,27.01,55.09,4.2,45,0.6,0.0,13.04
2026-09-05 18:53:00,26.98,55.07,4.2,12,0.45,0.0,13.04
2026-09-05 18:54:00,26.96,55.37,3.43,128,1.095,0.0,13.04
2026-09-05 18:55:00,26.94,55.5,3.43,41,0.48,0.0,13.04
2026-09-05 18:56:00,26.92,55.51,3.05,20,0.405,0.0,13.04
2026-09-05 18:57:00,26.91,55.55,2.67,337,0.525,0.0,13.04
2026-09-05 18:58:00,26.88,55.59,2.29,17,0.705,0.0,13.04
2026-09-05 18:59:00,26.85,55.75,1.91,82,0.585,0.0,13.04
2026-09-05 19:00:00,26.82,55.9,1.53,130,0.465,0.0,13.04
2026-09-05 19:01:00,26.81,55.83,1.53,240,0.75,0.0,13.04
2026-09-05 19:02:00,26.75,56.01,1.53,132,0.51,0.0,13.04
2026-09-05 19:03:00,26.75,56.06,0.76,126,0.51,0.0,13.04
2026-09-05 19:04:00,26.71,56.25,0.76,97,0.915,0.0,13.04
2026-09-05 19:05:00,26.71,56.25,0.0,79,0.375,0.0,13.04
2026-09-05 19:06:00,26.68,56.37,0.0,59,0.36,0.0,13.04
2026-09-05 19:07:00,26.71,56.46,0.0,93,0.885,0.0,13.04
2026-09-05 19:08:00,26.67,56.44,0.0,83,0.42,0.0,13.04
2026-09-05 19:09:00,26.68,56.56,0.0,245,0.315,0.0,13.04
2026-09-05 19:10:00,26.64,56.45,0.0,40,0.57,0.0,13.04
2026-09-05 19:11:00,26.64,56.6,0.0,100,0.48,0.0,13.04
2026-09-05 19:12:00,26.63,56.58,0.0,49,0.825,0.0,13.04
2026-09-05 19:13:00,26.58,56.81,0.0,317,0.975,0.0,13.04
2026-09-05 19:14:00,26.54,56.9,0.0,334,0.405,0.0,13.04
2026-09-05 19:15:00,26.51,56.92,0.0,41,0.63,0.0,13.04
2026-09-05 19:16:00,26.5,57.03,0.0,173,0.495,0.0,13.04
2026-09-05 19:17:00,26.48,57.11,0.0,298,0.225,0.0,13.04
2026-09-05 19:18:00,26.46,57.18,0.0,84,0.585,0.0,13.04
2026-09-05 19:19:00,26.47,57.43,0.0,71,0.495,0.0,13.04
2026-09-05 19:20:00,26.47,57.23,0.0,45,0.48,0.0,13.04
2026-09-05 19:21:00,26.47,57.23,0.0,303,0.45,0.0,13.04
2026-09-05 19:22:00,26.44,57.2,0.0,279,0.255,0.0,13.04
2026-09-05 19:23:00,26.43,57.34,0.0,23,0.21,0.0,13.04
2026-09-05 19:24:00,26.4,57.44,0.0,75,0.435,0.0,13.04
2026-09-05 19:25:00,26.41,57.24,0.0,343,0.51,0.0,13.04
2026-09-05 19:26:00,26.37,57.25,0.0,49,0.63,0.0,13.04
2026-09-05 19:27:00,26.33,57.23,0.0,38,0.51,0.0,13.04
2026-09-05 19:28:00,26.33,57.28,0.0,50,0.645,0.0,13.04
2026-09-05 19:29:00,26.33,57.47,0.0,32,0.45,0.0,13.04
2026-09-05 19:30:00,26.3,57.27,0.0,242,0.78,0.0,13.04
2026-09-05 19:31:00,26.28,57.4,0.0,0,0.705,0.0,13.04
2026-09-05 19:32:00,26.3,57.56,0.0,68,0.465,0.0,13.04
2026-09-05 19:33:00,26.27,57.53,0.0,70,0.36,0.0,13.04
2026-09-05 19:34:00,26.28,57.46,0.0,104,0.51,0.0,13.04
2026-09-05 19:35:00,26.27,57.5,0.0,221,0.3,0.0,13.04
2026-09-05 19:36:00,26.26,57.44,0.0,228,0.465,0.0,13.04
2026-09-05 19:37:00,26.28,57.33,0.0,19,0.405,0.0,13.04
2026-09-05 19:38:00,26.28,57.43,0.0,33,0.48,0.0,13.04
2026-09-05 19:39:00,26.26,57.52,0.0,174,0.675,0.0,13.04
2026-09-05 19:40:00,26.28,57.48,0.0,91,0.465,0.0,13.04
2026-09-05 19:41:00,26.28,57.45,0.0,306,0.735,0.0,13.04
2026-09-05 19:42:00,26.28,57.33,0.0,54,0.6,0.0,13.04
2026-09-05 19:43:00,26.27,57.27,0.0,268,0.525,0.0,13.04
2026-09-05 19:44:00,26.24,57.47,0.0,30,0.555,0.0,13.04
2026-09-05 19:45:00,26.23,57.55,0.0,229,0.33,0.0,13.04
2026-09-05 19:46:00,26.19,57.61,0.0,3,0.345,0.0,13.04
2026-09-05 19:47:00,26.19,57.73,0.0,56,0.435,0.0,13.04
2026-09-05 19:48:00,26.13,57.79,0.0,0,0.48,0.0,13.04
2026-09-05 19:49:00,26.12,57.73,0.0,12,0.255,0.0,13.04
2026-09-05 19:50:00,26.13,57.92,0.0,21,0.345,0.0,13.04
2026-09-05 19:51:00,26.12,57.95,0.0,73,0.36,0.0,13.04
2026-09-05 19:52:00,26.1,58.07,0.0,326,0.27,0.0,13.04
2026-09-05 19:53:00,26.07,58.11,0.0,253,0.345,0.0,13.04
2026-09-05 19:54:00,26.07,58.15,0.0,215,0.15,0.0,13.04
2026-09-05 19:55:00,26.06,58.11,0.0,215,0.135,0.0,13.04
2026-09-05 19:56:00,26.06,58.08,0.0,125,0.15,0.0,13.04
2026-09-05 19:57:00,26.06,58.13,0.0,125,0.06,0.0,13.04
2026-09-05 19:58:00,26.03,58.01,0.0,99,0.42,0.0,13.04
2026-09-05 19:59:00,26.01,58.13,0.0,92,0.255,0.0,13.04
2026-09-05 20:00:00,26.04,58.05,0.0,92,0.105,0.0,13.04
2026-09-05 20:01:00,26.04,58.22,0.0,59,0.03,0.0,13.04
2026-09-05 20:02:00,26.01,58.12,0.0,70,0.315,0.0,13.04
2026-09-05 20:03:00,25.97,58.17,0.0,78,0.255,0.0,13.04
2026-09-05 20:04:00,25.97,58.12,0.0,290,0.3,0.0,13.04
2026-09-05 20:05:00,25.95,58.14,0.0,258,0.12,0.0,13.04
2026-09-05 20:06:00,25.95,58.1,0.0,260,0.15,0.0,13.04
2026-09-05 20:07:00,25.93,57.94,0.0,72,0.54,0.0,13.04
2026-09-05 20:08:00,25.9,57.95,0.0,166,0.42,0.0,13.04
2026-09-05 20:09:00,25.9,58.07,0.0,176,0.21,0.0,13.04
2026-09-05 20:10:00,25.9,57.94,0.0,50,0.345,0.0,13.04
2026-09-05 20:11:00,25.89,57.84,0.0,0,0.885,0.0,13.04
2026-09-05 20:12:00,25.88,57.95,0.0,8,0.18,0.0,13.04
2026-09-05 20:13:00,25.86,57.84,0.0,352,0.435,0.0,13.04
2026-09-05 20:14:00,25.85,57.87,0.0,48,0.51,0.0,13.04
2026-09-05 20:15:00,25.83,57.86,0.0,216,0.375,0.0,13.04
2026-09-05 20:16:00,25.8,57.71,0.0,328,0.54,0.0,13.04
2026-09-05 20:17:00,25.8,57.79,0.0,71,0.54,0.0,13.04
2026-09-05 20:18:00,25.8,57.71,0.0,51,0.24,0.0,13.04
2026-09-05 20:19:00,25.78,57.8,0.0,359,0.48,0.0,13.04
2026-09-05 20:20:00,25.8,57.71,0.0,48,0.78,0.0,13.04
2026-09-05 20:21:00,25.76,57.68,0.0,175,0.36,0.0,13.04
2026-09-05 20:22:00,25.78,57.75,0.0,39,0.525,0.0,13.04
2026-09-05 20:23:00,25.75,57.55,0.0,21,0.525,0.0,13.04
2026-09-05 20:24:00,25.73,57.47,0.0,58,0.51,0.0,13.04
2026-09-05 20:25:00,25.69,57.59,0.0,110,0.36,0.0,13.04
2026-09-05 20:26:00,25.68,57.7,0.0,0,0.3,0.0,13.04
2026-09-05 20:27:00,25.69,58.03,0.0,78,0.435,0.0,13.04
2026-09-05 20:28:00,25.66,57.57,0.0,187,0.87,0.0,13.04
2026-09-05 20:29:00,25.66,57.66,0.0,93,0.3,0.0,13.04
2026-09-05 20:30:00,25.68,57.51,0.0,76,0.57,0.0,13.04
2026-09-05 20:31:00,25.64,57.49,0.0,91,0.285,0.0,13.04
2026-09-05 20:32:00,25.65,57.54,0.0,35,0.51,0.0,13.04
2026-09-05 20:33:00,25.65,57.72,0.0,70,0.48,0.0,13.04
2026-09-05 20:34:00,25.66,57.58,0.0,118,0.66,0.0,13.04
2026-09-05 20:35:00,25.64,57.41,0.0,142,0.825,0.0,13.04
2026-09-05 20:36:00,25.62,57.37,0.0,337,0.42,0.0,13.04
2026-09-05 20:37:00,25.64,57.24,0.0,25,0.81,0.0,13.04
2026-09-05 20:38:00,25.65,57.31,0.0,39,0.345,0.0,13.04
2026-09-05 20:39:00,25.65,57.25,0.0,101,0.54,0.0,13.04
2026-09-05 20:40:00,25.68,57.27,0.0,80,0.72,0.0,13.04
2026-09-05 20:41:00,25.66,57.24,0.0,61,0.36,0.0,13.04
2026-09-05 20:42:00,25.66,57.31,0.0,59,0.345,0.0,13.04
2026-09-05 20:43:00,25.65,57.22,0.0,344,0.24,0.0,13.04
2026-09-05 20:44:00,25.62,57.14,0.0,222,0.495,0.0,13.04
2026-09-05 20:45:00,25.62,57.03,0.0,265,0.735,0.0,13.04
2026-09-05 20:46:00,25.59,57.06,0.0,90,0.78,0.0,13.04
2026-09-05 20:47:00,25.61,57.17,0.0,189,0.57,0.0,13.04
2026-09-05 20:48:00,25.59,57.28,0.0,37,0.405,0.0,13.04
2026-09-05 20:49:00,25.58,57.12,0.0,105,0.63,0.0,13.04
2026-09-05 20:50:00,25.56,57.02,0.0,78,0.645,0.0,13.04
2026-09-05 20:51:00,25.58,57.21,0.0,39,0.405,0.0,13.04
2026-09-05 20:52:00,25.53,57.15,0.0,80,1.14,0.0,13.04
2026-09-05 20:53:00,25.55,57.24,0.0,283,1.2,0.0,13.04
2026-09-05 20:54:00,25.49,56.87,0.0,131,0.96,0.0,13.04
2026-09-05 20:55:00,25.5,56.91,0.0,20,0.945,0.0,13.04
2026-09-05 20:56:00,25.48,56.91,0.0,173,0.525,0.0,13.04
2026-09-05 20:57:00,25.48,56.98,0.0,99,0.45,0.0,13.04
2026-09-05 20:58:00,25.46,56.91,0.0,58,0.45,0.0,13.04
2026-09-05 20:59:00,25.45,56.94,0.0,53,0.51,0.0,13.04
2026-09-05 21:00:00,25.46,57.05,0.0,42,0.435,0.0,13.04
2026-09-05 21:01:00,25.45,57.06,0.0,88,0.54,0.0,13.04
2026-09-05 21:02:00,25.46,57.1,0.0,105,0.15,0.0,13.04
2026-09-05 21:03:00,25.44,57.16,0.0,57,0.375,0.0,13.04
2026-09-05 21:04:00,25.46,57.26,0.0,10,0.54,0.0,13.04
2026-09-05 21:05:00,25.44,57.18,0.0,22,0.36,0.0,13.04
2026-09-05 21:06:00,25.45,57.16,0.0,30,0.3,0.0,13.04
2026-09-05 21:07:00,25.42,57.04,0.0,92,0.495,0.0,13.04
2026-09-05 21:08:00,25.41,57.21,0.0,103,0.795,0.0,13.04
2026-09-05 21:09:00,25.41,56.85,0.0,64,0.885,0.0,13.04
2026-09-05 21:10:00,25.41,56.92,0.0,329,0.27,0.0,13.04
2026-09-05 21:11:00,25.39,56.95,0.0,208,0.225,0.0,13.04
2026-09-05 21:12:00,25.38,56.93,0.0,2,0.3,0.0,13.04
2026-09-05 21:13:00,25.39,56.93,0.0,91,0.18,0.0,13.04
2026-09-05 21:14:00,25.38,56.9,0.0,53,0.27,0.0,13.04
2026-09-05 21:15:00,25.38,56.74,0.0,271,0.435,0.0,13.04
2026-09-05 21:16:00,25.37,56.78,0.0,359,0.285,0.0,13.04
2026-09-05 21:17:00,25.37,56.7,0.0,330,0.39,0.0,13.04
2026-09-05 21:18:00,25.32,56.76,0.0,358,0.27,0.0,13.04
2026-09-05 21:19:00,25.32,56.82,0.0,76,0.54,0.0,13.04
2026-09-05 21:20:00,25.32,56.94,0.0,244,0.645,0.0,13.04
2026-09-05 21:21:00,25.32,56.86,0.0,284,0.39,0.0,13.04
2026-09-05 21:22:00,25.29,56.69,0.0,103,1.035,0.0,13.04
2026-09-05 21:23:00,25.25,56.75,0.0,359,0.555,0.0,13.04
2026-09-05 21:24:00,25.25,56.84,0.0,289,0.36,0.0,13.04
2026-09-05 21:25:00,25.21,56.92,0.0,321,0.435,0.0,13.04
2026-09-05 21:26:00,25.21,57.01,0.0,169,0.555,0.0,13.04
2026-09-05 21:27:00,25.18,57.14,0.0,106,0.81,0.0,13.04
2026-09-05 21:28:00,25.14,57.32,0.0,153,0.825,0.0,13.04
2026-09-05 21:29:00,25.11,57.21,0.0,59,0.78,0.0,13.04
2026-09-05 21:30:00,25.05,57.39,0.0,60,0.6,0.0,13.04
2026-09-05 21:31:00,25.05,57.47,0.0,63,0.435,0.0,13.04
2026-09-05 21:32:00,25.02,57.56,0.0,79,0.72,0.0,13.04
2026-09-05 21:33:00,25.01,57.67,0.0,343,0.675,0.0,13.04
2026-09-05 21:34:00,24.97,57.71,0.0,245,0.54,0.0,13.04
2026-09-05 21:35:00,24.91,57.82,0.0,142,0.435,0.0,13.04
2026-09-05 21:36:00,24.9,57.96,0.0,279,0.15,0.0,13.04
2026-09-05 21:37:00,24.88,58.07,0.0,253,0.3,0.0,13.04
2026-09-05 21:38:00,24.86,58.14,0.0,21,0.285,0.0,13.04
2026-09-05 21:39:00,24.83,58.24,0.0,333,0.33,0.0,13.04
2026-09-05 21:40:00,24.81,58.39,0.0,39,0.345,0.0,13.04
2026-09-05 21:41:00,24.77,58.52,0.0,31,0.27,0.0,13.04
2026-09-05 21:42:00,24.74,58.52,0.0,46,0.345,0.0,13.04
2026-09-05 21:43:00,24.71,58.68,0.0,30,0.285,0.0,13.04
2026-09-05 21:44:00,24.67,58.77,0.0,16,0.315,0.0,13.04
2026-09-05 21:45:00,24.66,58.87,0.0,54,0.33,0.0,13.04
2026-09-05 21:46:00,24.63,58.94,0.0,53,0.6,0.0,13.04
2026-09-05 21:47:00,24.63,59.03,0.0,52,0.45,0.0,13.04
2026-09-05 21:48:00,24.62,58.93,0.0,28,0.435,0.0,13.04
2026-09-05 21:49:00,24.59,59.09,0.0,63,0.465,0.0,13.04
2026-09-05 21:50:00,24.57,58.81,0.0,70,0.24,0.0,13.04
2026-09-05 21:51:00,24.54,58.87,0.0,88,0.72,0.0,13.04
2026-09-05 21:52:00,24.51,58.74,0.0,78,0.495,0.0,13.04
2026-09-05 21:53:00,24.5,58.79,0.0,112,0.465,0.0,13.04
2026-09-05 21:54:00,24.47,58.73,0.0,61,0.555,0.0,13.04
2026-09-05 21:55:00,24.47,58.74,0.0,54,0.285,0.0,13.04
2026-09-05 21:56:00,24.43,58.76,0.0,93,0.45,0.0,13.04
2026-09-05 21:57:00,24.43,58.69,0.0,43,0.315,0.0,13.04
2026-09-05 21:58:00,24.42,58.7,0.0,9,0.42,0.0,13.04
2026-09-05 21:59:00,24.42,58.68,0.0,146,0.075,0.0,13.04
2026-09-05 22:00:00,24.43,58.67,0.0,66,0.27,0.0,13.04
2026-09-05 22:01:00,24.42,58.57,0.0,52,0.48,0.0,13.04
2026-09-05 22:02:00,24.4,58.23,0.0,115,1.335,0.0,13.04
2026-09-05 22:03:00,24.43,58.31,0.0,33,0.69,0.0,13.04
2026-09-05 22:04:00,24.43,58.17,0.0,56,0.555,0.0,13.04
2026-09-05 22:05:00,24.4,58.12,0.0,76,0.405,0.0,13.04
2026-09-05 22:06:00,24.4,58.12,0.0,12,0.405,0.0,13.04
2026-09-05 22:07:00,24.4,57.96,0.0,51,0.78,0.0,13.04
2026-09-05 22:08:00,24.4,57.91,0.0,94,0.525,0.0,13.04
2026-09-05 22:09:00,24.42,57.89,0.0,86,0.36,0.0,13.04
2026-09-05 22:10:00,24.42,57.88,0.0,86,0.18,0.0,13.04
2026-09-05 22:11:00,24.4,57.9,0.0,115,0.39,0.0,13.01
2026-09-05 22:12:00,24.38,57.96,0.0,69,0.615,0.0,13.04
2026-09-05 22:13:00,24.38,58.05,0.0,83,0.6,0.0,13.04
2026-09-05 22:14:00,24.36,57.92,0.0,50,0.585,0.0,13.04
2026-09-05 22:15:00,24.36,57.96,0.0,37,0.39,0.0,13.04
2026-09-05 22:16:00,24.35,57.72,0.0,50,0.33,0.0,13.04
2026-09-05 22:17:00,24.35,57.67,0.0,328,0.3,0.0,13.01
2026-09-05 22:18:00,24.39,57.72,0.0,328,0.27,0.0,13.04
2026-09-05 22:19:00,24.4,57.59,0.0,57,0.315,0.0,13.04
2026-09-05 22:20:00,24.43,57.63,0.0,57,0.015,0.0,13.04
2026-09-05 22:21:00,24.42,57.76,0.0,57,0.06,0.0,13.04
2026-09-05 22:22:00,24.4,57.82,0.0,57,0.09,0.0,13.04
2026-09-05 22:23:00,24.39,57.9,0.0,57,0.015,0.0,13.01
2026-09-05 22:24:00,24.4,57.81,0.0,340,0.195,0.0,13.04
2026-09-05 22:25:00,24.4,57.74,0.0,160,0.375,0.0,13.01
2026-09-05 22:26:00,24.4,57.53,0.0,36,0.39,0.0,13.04
2026-09-05 22:27:00,24.36,57.55,0.0,80,0.525,0.0,13.04
2026-09-05 22:28:00,24.35,57.78,0.0,63,0.345,0.0,13.01
2026-09-05 22:29:00,24.33,57.77,0.0,39,0.675,0.0,13.01
2026-09-05 22:30:00,24.3,57.83,0.0,73,0.21,0.0,13.01
2026-09-05 22:31:00,24.3,57.74,0.0,71,0.315,0.0,13.01
2026-09-05 22:32:00,24.26,57.86,0.0,71,0.105,0.0,12.97
2026-09-05 22:33:00,24.23,57.84,0.0,78,0.3,0.0,13.01
2026-09-05 22:34:00,24.23,57.93,0.0,54,0.45,0.0,13.01
2026-09-05 22:35:00,24.19,57.92,0.0,57,0.555,0.0,13.01
2026-09-05 22:36:00,24.15,57.99,0.0,57,0.735,0.0,12.97
2026-09-05 22:37:00,24.15,58.12,0.0,63,0.615,0.0,12.97
2026-09-05 22:38:00,24.09,58.2,0.0,80,0.57,0.0,13.01
2026-09-05 22:39:00,24.09,58.19,0.0,73,0.69,0.0,12.97
2026-09-05 22:40:00,24.08,58.4,0.0,69,0.75,0.0,12.97
2026-09-05 22:41:00,24.06,58.31,0.0,63,0.75,0.0,12.97
2026-09-05 22:42:00,24.05,58.46,0.0,78,0.495,0.0,13.01
2026-09-05 22:43:00,24.05,58.33,0.0,50,0.66,0.0,13.01
2026-09-05 22:44:00,24.01,58.5,0.0,66,0.72,0.0,13.01
2026-09-05 22:45:00,24.02,58.61,0.0,63,0.78,0.0,13.01
2026-09-05 22:46:00,24.02,58.83,0.0,63,0.42,0.0,12.97
2026-09-05 22:47:00,24.01,58.86,0.0,72,0.555,0.0,12.97
2026-09-05 22:48:00,23.96,58.93,0.0,69,0.585,0.0,12.97
2026-09-05 22:49:00,23.93,59.06,0.0,69,0.12,0.0,12.97
2026-09-05 22:50:00,23.89,59.27,0.0,69,0.195,0.0,13.01
2026-09-05 22:51:00,23.89,59.24,0.0,68,0.555,0.0,12.97
2026-09-05 22:52:00,23.87,59.23,0.0,50,0.57,0.0,12.97
2026-09-05 22:53:00,23.87,59.21,0.0,49,0.06,0.0,12.97
2026-09-05 22:54:00,23.85,59.24,0.0,49,0.045,0.0,12.97
2026-09-05 22:55:00,23.82,59.23,0.0,61,0.09,0.0,12.97
2026-09-05 22:56:00,23.84,59.27,0.0,60,0.21,0.0,12.97
2026-09-05 22:57:00,23.77,59.4,0.0,63,0.57,0.0,12.97
2026-09-05 22:58:00,23.75,59.59,0.0,64,0.495,0.0,12.97
2026-09-05 22:59:00,23.72,59.66,0.0,61,0.435,0.0,13.01
2026-09-05 23:00:00,23.68,59.71,0.0,61,0.18,0.0,12.97
2026-09-05 23:01:00,23.67,59.72,0.0,61,0.105,0.0,12.97
2026-09-05 23:02:00,23.7,59.83,0.0,61,0.135,0.0,12.97
2026-09-05 23:03:00,23.68,59.97,0.0,61,0.18,0.0,12.97
2026-09-05 23:04:00,23.67,60.04,0.0,61,0.165,0.0,12.97
2026-09-05 23:05:00,23.67,59.91,0.0,44,0.075,0.0,12.97
2026-09-05 23:06:00,23.65,59.93,0.0,51,0.195,0.0,12.97
2026-09-05 23:07:00,23.65,60.11,0.0,51,0.24,0.0,12.97
2026-09-05 23:08:00,23.62,60.23,0.0,51,0.135,0.0,12.97
2026-09-05 23:09:00,23.64,60.26,0.0,51,0.255,0.0,12.97
2026-09-05 23:10:00,23.58,60.26,0.0,67,0.3,0.0,12.97
2026-09-05 23:11:00,23.57,60.36,0.0,56,0.12,0.0,12.93
2026-09-05 23:12:00,23.55,60.43,0.0,67,0.165,0.0,12.97
2026-09-05 23:13:00,23.54,60.55,0.0,67,0.18,0.0,12.97
2026-09-05 23:14:00,23.55,60.58,0.0,67,0.015,0.0,12.97
2026-09-05 23:15:00,23.52,60.73,0.0,67,0.075,0.0,12.97
2026-09-05 23:16:00,23.51,60.55,0.0,67,0.36,0.0,12.97
2026-09-05 23:17:00,23.48,60.78,0.0,67,0.255,0.0,12.97
2026-09-05 23:18:00,23.47,61.27,0.0,67,0.03,0.0,12.97
2026-09-05 23:19:00,23.45,61.33,0.0,67,0.03,0.0,12.97
2026-09-05 23:20:00,23.44,61.18,0.0,52,0.27,0.0,12.93
2026-09-05 23:21:00,23.41,61.28,0.0,35,0.24,0.0,12.93
2026-09-05 23:22:00,23.36,61.58,0.0,35,0.0,0.0,12.93
2026-09-05 23:23:00,23.36,61.59,0.0,35,0.015,0.0,12.93
2026-09-05 23:24:00,23.37,61.75,0.0,35,0.09,0.0,12.97
2026-09-05 23:25:00,23.34,62.09,0.0,35,0.135,0.0,12.93
2026-09-05 23:26:00,23.37,62.32,0.0,35,0.0,0.0,12.93
2026-09-05 23:27:00,23.36,62.48,0.0,35,0.0,0.0,12.97
2026-09-05 23:28:00,23.33,61.89,0.0,35,0.285,0.0,12.97
2026-09-05 23:29:00,23.31,61.84,0.0,59,0.45,0.0,12.97
2026-09-05 23:30:00,23.29,61.77,0.0,60,0.375,0.0,12.93
2026-09-05 23:31:00,23.3,61.7,0.0,80,0.39,0.0,12.93
2026-09-05 23:32:00,23.29,61.78,0.0,80,0.165,0.0,12.93
2026-09-05 23:33:00,23.27,61.99,0.0,80,0.0,0.0,12.93
2026-09-05 23:34:00,23.24,62.1,0.0,80,0.0,0.0,12.97
2026-09-05 23:35:00,23.19,62.04,0.0,80,0.0,0.0,12.93
2026-09-05 23:36:00,23.16,62.23,0.0,79,0.21,0.0,12.93
2026-09-05 23:37:00,23.09,62.33,0.0,67,0.63,0.0,12.93
2026-09-05 23:38:00,23.1,62.51,0.0,67,0.165,0.0,12.93
2026-09-05 23:39:00,23.07,62.57,0.0,67,0.09,0.0,12.93
2026-09-05 23:40:00,23.09,62.27,0.0,66,0.105,0.0,12.93
2026-09-05 23:41:00,23.1,62.52,0.0,63,0.375,0.0,12.93
2026-09-05 23:42:00,23.1,62.53,0.0,61,0.57,0.0,12.93
2026-09-05 23:43:00,23.07,62.7,0.0,61,0.315,0.0,12.93
2026-09-05 23:44:00,23.04,62.73,0.0,61,0.03,0.0,12.93
2026-09-05 23:45:00,23.01,62.82,0.0,61,0.03,0.0,12.93
2026-09-05 23:46:00,23.03,63.06,0.0,61,0.015,0.0,12.93
2026-09-05 23:47:00,23.0,63.03,0.0,61,0.0,0.0,12.93
2026-09-05 23:48:00,22.99,63.3,0.0,61,0.195,0.0,12.93
2026-09-05 23:49:00,22.94,63.48,0.0,61,0.03,0.0,12.93
2026-09-05 23:50:00,22.87,63.61,0.0,61,0.09,0.0,12.93
2026-09-05 23:51:00,22.87,63.78,0.0,61,0.015,0.0,12.93
2026-09-05 23:52:00,22.83,63.78,0.0,60,0.12,0.0,12.93
2026-09-05 23:53:00,22.85,63.97,0.0,60,0.06,0.0,12.93
2026-09-05 23:54:00,22.85,63.92,0.0,51,0.36,0.0,12.93
2026-09-05 23:55:00,22.83,63.72,0.0,67,0.42,0.0,12.93
2026-09-05 23:56:00,22.82,63.8,0.0,67,0.075,0.0,12.93
2026-09-05 23:57:00,22.82,64.09,0.0,67,0.0,0.0,12.93
2026-09-05 23:58:00,22.8,63.99,0.0,67,0.0,0.0,12.93
2026-09-05 23:59:00,22.76,64.24,0.0,67,0.075,0.0,12.93
2026-09-06 00:00:00,22.76,64.34,0.0,67,0.0,0.0,12.93
2026-09-06 00:01:00,22.75,64.53,0.0,67,0.0,0.0,12.93
2026-09-06 00:02:00,22.73,64.44,0.0,67,0.0,0.0,12.93
2026-09-06 00:03:00,22.72,64.54,0.0,67,0.0,0.0,12.93
2026-09-06 00:04:00,22.66,64.78,0.0,67,0.0,0.0,12.93
2026-09-06 00:05:00,22.62,64.88,0.0,67,0.0,0.0,12.93
2026-09-06 00:06:00,22.56,64.8,0.0,67,0.0,0.0,12.93
2026-09-06 00:07:00,22.55,65.1,0.0,67,0.015,0.0,12.93
2026-09-06 00:08:00,22.53,65.3,0.0,67,0.03,0.0,12.93
2026-09-06 00:09:00,22.49,65.36,0.0,70,0.585,0.0,12.93
2026-09-06 00:10:00,22.48,65.44,0.0,70,0.15,0.0,12.93
2026-09-06 00:11:00,22.48,65.56,0.0,66,0.21,0.0,12.93
2026-09-06 00:12:00,22.45,65.75,0.0,68,0.66,0.0,12.93
2026-09-06 00:13:00,22.43,65.94,0.0,61,0.255,0.0,12.93
2026-09-06 00:14:00,22.39,66.08,0.0,61,0.135,0.0,12.93
2026-09-06 00:15:00,22.36,66.2,0.0,63,0.09,0.0,12.93
2026-09-06 00:16:00,22.34,66.44,0.0,63,0.345,0.0,12.93
2026-09-06 00:17:00,22.32,66.87,0.0,63,0.27,0.0,12.93
2026-09-06 00:18:00,22.22,67.2,0.0,63,0.18,0.0,12.93
2026-09-06 00:19:00,22.17,67.41,0.0,63,0.0,0.0,12.93
2026-09-06 00:20:00,22.12,67.66,0.0,63,0.21,0.0,12.93
2026-09-06 00:21:00,22.11,67.94,0.0,63,0.285,0.0,12.93
2026-09-06 00:22:00,22.05,68.09,0.0,63,0.09,0.0,12.93
2026-09-06 00:23:00,22.02,68.25,0.0,63,0.0,0.0,12.93
2026-09-06 00:24:00,22.04,68.27,0.0,63,0.075,0.0,12.93
2026-09-06 00:25:00,22.01,68.33,0.0,63,0.045,0.0,12.93
2026-09-06 00:26:00,21.95,68.63,0.0,63,0.54,0.0,12.93
2026-09-06 00:27:00,21.9,68.85,0.0,63,0.075,0.0,12.93
2026-09-06 00:28:00,21.87,69.21,0.0,63,0.045,0.0,12.93
2026-09-06 00:29:00,21.83,69.3,0.0,63,0.045,0.0,12.93
2026-09-06 00:30:00,21.8,69.34,0.0,63,0.015,0.0,12.93
2026-09-06 00:31:00,21.81,69.36,0.0,63,0.0,0.0,12.93
2026-09-06 00:32:00,21.78,69.6,0.0,62,0.54,0.0,12.93
2026-09-06 00:33:00,21.73,69.83,0.0,74,0.285,0.0,12.93
2026-09-06 00:34:00,21.7,70.09,0.0,74,0.015,0.0,12.93
2026-09-06 00:35:00,21.63,70.21,0.0,74,0.075,0.0,12.93
2026-09-06 00:36:00,21.61,70.29,0.0,74,0.21,0.0,12.93
2026-09-06 00:37:00,21.61,70.26,0.0,74,0.0,0.0,12.93
2026-09-06 00:38:00,21.63,70.05,0.0,74,0.0,0.0,12.93
2026-09-06 00:39:00,21.66,69.94,0.0,74,0.0,0.0,12.93
2026-09-06 00:40:00,21.67,69.95,0.0,74,0.0,0.0,12.93
2026-09-06 00:41:00,21.69,70.0,0.0,78,0.36,0.0,12.93
2026-09-06 00:42:00,21.7,70.22,0.0,78,0.495,0.0,12.93
2026-09-06 00:43:00,21.66,70.35,0.0,78,0.18,0.0,12.93
2026-09-06 00:44:00,21.66,70.37,0.0,78,0.045,0.0,12.93
2026-09-06 00:45:00,21.61,70.36,0.0,78,0.345,0.0,12.93
2026-09-06 00:46:00,21.6,70.25,0.0,73,0.195,0.0,12.93
2026-09-06 00:47:00,21.54,70.14,0.0,73,0.465,0.0,12.93
2026-09-06 00:48:00,21.59,70.16,0.0,73,0.255,0.0,12.93
2026-09-06 00:49:00,21.57,70.19,0.0,73,0.195,0.0,12.93
2026-09-06 00:50:00,21.57,70.25,0.0,73,0.0,0.0,12.93
2026-09-06 00:51:00,21.59,70.01,0.0,73,0.06,0.0,12.93
2026-09-06 00:52:00,21.56,70.17,0.0,70,0.615,0.0,12.93
2026-09-06 00:53:00,21.56,70.29,0.0,56,0.48,0.0,12.93
2026-09-06 00:54:00,21.5,70.46,0.0,118,0.27,0.0,12.93
2026-09-06 00:55:00,21.49,70.82,0.0,78,0.42,0.0,12.93
2026-09-06 00:56:00,21.44,71.31,0.0,78,0.57,0.0,12.93
2026-09-06 00:57:00,21.43,71.88,0.0,66,0.9,0.0,12.93
2026-09-06 00:58:00,21.39,72.13,0.0,63,0.69,0.0,12.93
2026-09-06 00:59:00,21.33,72.38,0.0,67,0.63,0.0,12.93
2026-09-06 01:00:00,21.29,72.56,0.0,68,0.42,0.0,12.93
2026-09-06 01:01:00,21.26,72.72,0.0,62,0.255,0.0,12.93
2026-09-06 01:02:00,21.23,72.78,0.0,62,0.135,0.0,12.93
2026-09-06 01:03:00,21.21,73.06,0.0,56,0.36,0.0,12.93
2026-09-06 01:04:00,21.15,73.05,0.0,63,0.72,0.0,12.93
2026-09-06 01:05:00,21.11,73.07,0.0,54,0.6,0.0,12.93
2026-09-06 01:06:00,21.03,73.07,0.0,60,0.6,0.0,12.93
2026-09-06 01:07:00,21.03,73.22,0.0,65,0.27,0.0,12.93
2026-09-06 01:08:00,21.02,73.25,0.0,65,0.075,0.0,12.93
2026-09-06 01:09:00,20.99,73.3,0.0,65,0.165,0.0,12.93
2026-09-06 01:10:00,20.96,73.15,0.0,65,0.045,0.0,12.93
2026-09-06 01:11:00,20.98,72.8,0.0,65,0.15,0.0,12.93
2026-09-06 01:12:00,21.01,72.51,0.0,65,0.24,0.0,12.93
2026-09-06 01:13:00,21.08,72.46,0.0,65,0.03,0.0,12.93
2026-09-06 01:14:00,21.09,72.46,0.0,65,0.195,0.0,12.93
2026-09-06 01:15:00,21.12,72.43,0.0,65,0.33,0.0,12.93
2026-09-06 01:16:00,21.16,72.51,0.0,65,0.12,0.0,12.93
2026-09-06 01:17:00,21.13,72.67,0.0,65,0.36,0.0,12.93
2026-09-06 01:18:00,21.08,72.78,0.0,65,0.225,0.0,12.93
2026-09-06 01:19:00,21.02,72.89,0.0,65,0.12,0.0,12.93
2026-09-06 01:20:00,20.96,73.15,0.0,65,0.45,0.0,12.93
2026-09-06 01:21:00,20.95,73.36,0.0,65,0.255,0.0,12.93
2026-09-06 01:22:00,20.89,73.58,0.0,65,0.225,0.0,12.93
2026-09-06 01:23:00,20.89,73.62,0.0,65,0.495,0.0,12.89
2026-09-06 01:24:00,20.85,73.73,0.0,69,0.42,0.0,12.93
2026-09-06 01:25:00,20.83,73.84,0.0,72,0.3,0.0,12.93
2026-09-06 01:26:00,20.83,74.05,0.0,72,0.075,0.0,12.93
2026-09-06 01:27:00,20.81,74.16,0.0,62,0.525,0.0,12.93
2026-09-06 01:28:00,20.76,74.27,0.0,67,0.795,0.0,12.93
2026-09-06 01:29:00,20.72,74.43,0.0,70,0.57,0.0,12.93
2026-09-06 01:30:00,20.71,74.53,0.0,76,0.495,0.0,12.89
2026-09-06 01:31:00,20.74,74.5,0.0,76,0.375,0.0,12.93
2026-09-06 01:32:00,20.7,74.59,0.0,71,0.9,0.0,12.93
2026-09-06 01:33:00,20.65,74.69,0.0,56,0.69,0.0,12.89
2026-09-06 01:34:00,20.67,74.73,0.0,41,0.72,0.0,12.89
2026-09-06 01:35:00,20.61,74.73,0.0,41,0.48,0.0,12.89
2026-09-06 01:36:00,20.61,74.77,0.0,53,0.525,0.0,12.89
2026-09-06 01:37:00,20.61,74.9,0.0,39,0.435,0.0,12.93
2026-09-06 01:38:00,20.6,74.97,0.0,39,0.105,0.0,12.93
2026-09-06 01:39:00,20.56,74.99,0.0,66,0.57,0.0,12.89
2026-09-06 01:40:00,20.56,74.96,0.0,66,0.12,0.0,12.89
2026-09-06 01:41:00,20.56,74.94,0.0,66,0.135,0.0,12.89
2026-09-06 01:42:00,20.51,75.05,0.0,60,0.285,0.0,12.89
2026-09-06 01:43:00,20.47,75.1,0.0,72,0.36,0.0,12.89
2026-09-06 01:44:00,20.47,75.18,0.0,72,0.075,0.0,12.89
2026-09-06 01:45:00,20.45,75.26,0.0,72,0.075,0.0,12.89
2026-09-06 01:46:00,20.47,75.3,0.0,72,0.015,0.0,12.89
2026-09-06 01:47:00,20.47,75.35,0.0,72,0.105,0.0,12.89
2026-09-06 01:48:00,20.5,75.5,0.0,72,0.06,0.0,12.89
2026-09-06 01:49:00,20.54,75.39,0.0,72,0.0,0.0,12.89
2026-09-06 01:50:00,20.55,75.21,0.0,72,0.045,0.0,12.89
2026-09-06 01:51:00,20.51,75.08,0.0,72,0.315,0.0,12.89
2026-09-06 01:52:00,20.5,75.03,0.0,74,0.015,0.0,12.89
2026-09-06 01:53:00,20.48,75.1,0.0,74,0.075,0.0,12.89
2026-09-06 01:54:00,20.45,75.09,0.0,74,0.0,0.0,12.89
2026-09-06 01:55:00,20.48,75.09,0.0,74,0.0,0.0,12.89
2026-09-06 01:56:00,20.48,75.03,0.0,74,0.0,0.0,12.89
2026-09-06 01:57:00,20.48,74.94,0.0,74,0.0,0.0,12.89
2026-09-06 01:58:00,20.48,74.83,0.0,79,0.0,0.0,12.89
2026-09-06 01:59:00,20.44,74.82,0.0,72,0.21,0.0,12.89
2026-09-06 02:00:00,20.43,74.48,0.0,85,0.495,0.0,12.89
2026-09-06 02:01:00,20.41,74.45,0.0,5,0.42,0.0,12.89
2026-09-06 02:02:00,20.37,74.55,0.0,5,0.075,0.0,12.89
2026-09-06 02:03:00,20.4,74.85,0.0,5,0.0,0.0,12.89
2026-09-06 02:04:00,20.41,74.7,0.0,22,0.15,0.0,12.89
2026-09-06 02:05:00,20.38,74.54,0.0,22,0.06,0.0,12.89
2026-09-06 02:06:00,20.37,74.55,0.0,22,0.165,0.0,12.89
2026-09-06 02:07:00,20.33,74.76,0.0,22,0.03,0.0,12.89
2026-09-06 02:08:00,20.31,74.78,0.0,61,0.18,0.0,12.89
2026-09-06 02:09:00,20.27,74.94,0.0,61,0.225,0.0,12.89
2026-09-06 02:10:00,20.25,74.98,0.0,61,0.0,0.0,12.89
2026-09-06 02:11:00,20.24,75.05,0.0,61,0.0,0.0,12.89
2026-09-06 02:12:00,20.23,75.13,0.0,61,0.0,0.0,12.89
2026-09-06 02:13:00,20.24,75.37,0.0,61,0.0,0.0,12.89
2026-09-06 02:14:00,20.25,75.42,0.0,61,0.0,0.0,12.89
2026-09-06 02:15:00,20.25,75.52,0.0,61,0.0,0.0,12.89
2026-09-06 02:16:00,20.25,75.71,0.0,61,0.015,0.0,12.89
2026-09-06 02:17:00,20.25,75.84,0.0,61,0.045,0.0,12.89
2026-09-06 02:18:00,20.28,75.75,0.0,61,0.03,0.0,12.89
2026-09-06 02:19:00,20.3,75.77,0.0,61,0.0,0.0,12.89
2026-09-06 02:20:00,20.3,75.73,0.0,61,0.0,0.0,12.89
2026-09-06 02:21:00,20.28,75.87,0.0,61,0.015,0.0,12.89
2026-09-06 02:22:00,20.28,75.78,0.0,61,0.255,0.0,12.89
2026-09-06 02:23:00,20.27,75.81,0.0,61,0.15,0.0,12.89
2026-09-06 02:24:00,20.27,75.7,0.0,61,0.015,0.0,12.89
2026-09-06 02:25:00,20.23,75.67,0.0,61,0.36,0.0,12.89
2026-09-06 02:26:00,20.21,75.72,0.0,61,0.18,0.0,12.89
2026-09-06 02:27:00,20.14,75.92,0.0,61,0.0,0.0,12.89
2026-09-06 02:28:00,20.12,76.04,0.0,61,0.0,0.0,12.89
2026-09-06 02:29:00,20.1,76.23,0.0,35,0.075,0.0,12.89
2026-09-06 02:30:00,20.04,76.38,0.0,35,0.06,0.0,12.89
2026-09-06 02:31:00,20.02,76.41,0.0,35,0.18,0.0,12.89
2026-09-06 02:32:00,20.02,76.58,0.0,35,0.0,0.0,12.89
2026-09-06 02:33:00,19.97,76.62,0.0,35,0.045,0.0,12.89
2026-09-06 02:34:00,19.96,76.76,0.0,35,0.09,0.0,12.89
2026-09-06 02:35:00,19.96,77.13,0.0,35,0.045,0.0,12.89
2026-09-06 02:36:00,19.93,76.97,0.0,35,0.345,0.0,12.89
2026-09-06 02:37:00,19.93,77.14,0.0,35,0.06,0.0,12.89
2026-09-06 02:38:00,19.94,77.14,0.0,35,0.015,0.0,12.89
2026-09-06 02:39:00,19.93,77.07,0.0,35,0.225,0.0,12.89
2026-09-06 02:40:00,19.87,77.11,0.0,35,0.015,0.0,12.89
2026-09-06 02:41:00,19.87,77.13,0.0,35,0.015,0.0,12.89
2026-09-06 02:42:00,19.89,77.02,0.0,35,0.03,0.0,12.89
2026-09-06 02:43:00,19.89,77.05,0.0,35,0.345,0.0,12.89
2026-09-06 02:44:00,19.87,77.21,0.0,37,0.285,0.0,12.89
2026-09-06 02:45:00,19.89,77.43,0.0,37,0.12,0.0,12.89
2026-09-06 02:46:00,19.86,77.6,0.0,37,0.0,0.0,12.89
2026-09-06 02:47:00,19.87,77.61,0.0,37,0.015,0.0,12.89
2026-09-06 02:48:00,19.87,77.66,0.0,37,0.0,0.0,12.89
2026-09-06 02:49:00,19.86,77.6,0.0,37,0.0,0.0,12.89
2026-09-06 02:50:00,19.92,77.42,0.0,37,0.0,0.0,12.89
2026-09-06 02:51:00,19.93,77.19,0.0,37,0.015,0.0,12.89
2026-09-06 02:52:00,19.92,77.0,0.0,37,0.12,0.0,12.89
2026-09-06 02:53:00,19.9,76.97,0.0,40,0.36,0.0,12.89
2026-09-06 02:54:00,19.89,77.03,0.0,40,0.12,0.0,12.89
2026-09-06 02:55:00,19.84,77.06,0.0,40,0.0,0.0,12.89
2026-09-06 02:56:00,19.86,77.04,0.0,40,0.0,0.0,12.89
2026-09-06 02:57:00,19.87,77.25,0.0,40,0.0,0.0,12.89
2026-09-06 02:58:00,19.9,77.34,0.0,40,0.0,0.0,12.89
2026-09-06 02:59:00,19.92,77.25,0.0,40,0.0,0.0,12.89
2026-09-06 03:00:00,19.93,77.34,0.0,40,0.0,0.0,12.89
2026-09-06 03:01:00,19.96,77.42,0.0,40,0.015,0.0,12.89
2026-09-06 03:02:00,19.96,77.21,0.0,40,0.24,0.0,12.89
2026-09-06 03:03:00,19.93,77.16,0.0,44,0.195,0.0,12.89
2026-09-06 03:04:00,19.9,77.26,0.0,55,0.24,0.0,12.89
2026-09-06 03:05:00,19.89,77.0,0.0,55,0.165,0.0,12.89
2026-09-06 03:06:00,19.89,77.1,0.0,55,0.03,0.0,12.89
2026-09-06 03:07:00,19.89,77.18,0.0,55,0.015,0.0,12.89
2026-09-06 03:08:00,19.89,77.3,0.0,55,0.0,0.0,12.89
2026-09-06 03:09:00,19.93,77.21,0.0,55,0.0,0.0,12.89
2026-09-06 03:10:00,19.87,77.15,0.0,55,0.0,0.0,12.89
2026-09-06 03:11:00,19.92,77.07,0.0,55,0.0,0.0,12.89
2026-09-06 03:12:00,19.9,77.02,0.0,55,0.09,0.0,12.89
2026-09-06 03:13:00,19.87,77.01,0.0,55,0.225,0.0,12.89
2026-09-06 03:14:00,19.82,77.1,0.0,55,0.165,0.0,12.89
2026-09-06 03:15:00,19.79,77.32,0.0,55,0.135,0.0,12.89
2026-09-06 03:16:00,19.76,77.58,0.0,55,0.06,0.0,12.89
2026-09-06 03:17:00,19.76,77.9,0.0,55,0.015,0.0,12.89
2026-09-06 03:18:00,19.76,78.09,0.0,55,0.0,0.0,12.89
2026-09-06 03:19:00,19.74,78.12,0.0,55,0.0,0.0,12.89
2026-09-06 03:20:00,19.76,78.08,0.0,55,0.0,0.0,12.89
2026-09-06 03:21:00,19.79,78.15,0.0,55,0.015,0.0,12.89
2026-09-06 03:22:00,19.77,77.68,0.0,55,0.0,0.0,12.89
2026-09-06 03:23:00,19.79,77.44,0.0,55,0.03,0.0,12.89
2026-09-06 03:24:00,19.74,77.24,0.0,55,0.0,0.0,12.89
2026-09-06 03:25:00,19.73,77.22,0.0,55,0.0,0.0,12.89
2026-09-06 03:26:00,19.73,77.22,0.0,55,0.03,0.0,12.89
2026-09-06 03:27:00,19.72,77.26,0.0,55,0.06,0.0,12.89
2026-09-06 03:28:00,19.76,77.73,0.0,55,0.0,0.0,12.89
2026-09-06 03:29:00,19.79,77.75,0.0,55,0.03,0.0,12.89
2026-09-06 03:30:00,19.79,77.45,0.0,55,0.105,0.0,12.89
2026-09-06 03:31:00,19.79,77.3,0.0,55,0.075,0.0,12.89
2026-09-06 03:32:00,19.8,77.28,0.0,55,0.0,0.0,12.89
2026-09-06 03:33:00,19.8,77.12,0.0,55,0.15,0.0,12.89
2026-09-06 03:34:00,19.83,76.94,0.0,55,0.33,0.0,12.89
2026-09-06 03:35:00,19.86,76.87,0.0,55,0.225,0.0,12.89
2026-09-06 03:36:00,19.83,76.75,0.0,55,0.015,0.0,12.89
2026-09-06 03:37:00,19.84,76.72,0.0,55,0.03,0.0,12.89
2026-09-06 03:38:00,19.84,76.97,0.0,55,0.0,0.0,12.89
2026-09-06 03:39:00,19.87,77.02,0.0,55,0.0,0.0,12.89
2026-09-06 03:40:00,19.92,77.3,0.0,55,0.015,0.0,12.89
2026-09-06 03:41:00,19.93,77.36,0.0,55,0.0,0.0,12.89
2026-09-06 03:42:00,19.94,77.25,0.0,55,0.015,0.0,12.89
2026-09-06 03:43:00,19.96,77.38,0.0,55,0.0,0.0,12.89
2026-09-06 03:44:00,19.99,77.32,0.0,55,0.0,0.0,12.89
2026-09-06 03:45:00,19.99,77.37,0.0,55,0.015,0.0,12.89
2026-09-06 03:46:00,19.96,77.41,0.0,55,0.0,0.0,12.89
2026-09-06 03:47:00,19.96,77.48,0.0,55,0.0,0.0,12.89
2026-09-06 03:48:00,19.94,77.61,0.0,55,0.0,0.0,12.89
2026-09-06 03:49:00,19.94,77.73,0.0,55,0.0,0.0,12.89
2026-09-06 03:50:00,19.94,77.71,0.0,55,0.0,0.0,12.89
2026-09-06 03:51:00,19.93,77.07,0.0,55,0.135,0.0,12.89
2026-09-06 03:52:00,19.92,76.81,0.0,55,0.075,0.0,12.89
2026-09-06 03:53:00,19.94,76.5,0.0,55,0.135,0.0,12.89
2026-09-06 03:54:00,19.93,76.48,0.0,55,0.045,0.0,12.89
2026-09-06 03:55:00,19.93,76.42,0.0,55,0.21,0.0,12.89
2026-09-06 03:56:00,19.94,76.41,0.0,55,0.15,0.0,12.89
2026-09-06 03:57:00,19.93,76.44,0.0,55,0.03,0.0,12.89
2026-09-06 03:58:00,19.94,76.82,0.0,55,0.0,0.0,12.89
2026-09-06 03:59:00,19.96,76.73,0.0,55,0.0,0.0,12.89
2026-09-06 04:00:00,19.99,76.63,0.0,55,0.0,0.0,12.89
2026-09-06 04:01:00,19.99,76.51,0.0,55,0.105,0.0,12.89
2026-09-06 04:02:00,20.02,76.74,0.0,55,0.0,0.0,12.89
2026-09-06 04:03:00,20.04,77.02,0.0,55,0.0,0.0,12.89
2026-09-06 04:04:00,20.06,77.12,0.0,55,0.0,0.0,12.89
2026-09-06 04:05:00,20.03,77.35,0.0,55,0.0,0.0,12.89
2026-09-06 04:06:00,20.04,77.43,0.0,55,0.0,0.0,12.89
2026-09-06 04:07:00,20.02,77.51,0.0,55,0.0,0.0,12.89
2026-09-06 04:08:00,20.02,77.54,0.0,55,0.0,0.0,12.89
2026-09-06 04:09:00,20.02,77.58,0.0,55,0.0,0.0,12.89
2026-09-06 04:10:00,20.02,77.38,0.0,55,0.0,0.0,12.89
2026-09-06 04:11:00,20.02,77.32,0.0,55,0.0,0.0,12.89
2026-09-06 04:12:00,20.0,77.42,0.0,55,0.0,0.0,12.89
2026-09-06 04:13:00,20.02,77.48,0.0,55,0.0,0.0,12.89
2026-09-06 04:14:00,20.0,77.58,0.0,55,0.0,0.0,12.89
2026-09-06 04:15:00,20.06,77.27,0.0,55,0.075,0.0,12.89
2026-09-06 04:16:00,20.04,77.17,0.0,55,0.165,0.0,12.89
2026-09-06 04:17:00,20.06,77.0,0.0,55,0.015,0.0,12.89
2026-09-06 04:18:00,20.07,77.19,0.0,55,0.015,0.0,12.89
2026-09-06 04:19:00,20.06,77.24,0.0,55,0.015,0.0,12.89
2026-09-06 04:20:00,20.09,77.31,0.0,55,0.045,0.0,12.89
2026-09-06 04:21:00,20.03,77.16,0.0,55,0.03,0.0,12.89
2026-09-06 04:22:00,20.02,77.11,0.0,55,0.0,0.0,12.89
2026-09-06 04:23:00,20.0,77.33,0.0,55,0.0,0.0,12.89
2026-09-06 04:24:00,20.0,77.39,0.0,55,0.0,0.0,12.89
2026-09-06 04:25:00,20.0,77.48,0.0,55,0.015,0.0,12.89
2026-09-06 04:26:00,20.02,77.65,0.0,55,0.105,0.0,12.89
2026-09-06 04:27:00,20.0,77.4,0.0,55,0.045,0.0,12.89
2026-09-06 04:28:00,19.99,77.39,0.0,55,0.15,0.0,12.89
2026-09-06 04:29:00,19.97,77.45,0.0,55,0.0,0.0,12.89
2026-09-06 04:30:00,19.97,77.52,0.0,55,0.03,0.0,12.89
2026-09-06 04:31:00,19.92,77.53,0.0,55,0.0,0.0,12.89
2026-09-06 04:32:00,19.9,77.77,0.0,55,0.0,0.0,12.89
2026-09-06 04:33:00,19.86,77.95,0.0,55,0.0,0.0,12.89
2026-09-06 04:34:00,19.87,77.99,0.0,55,0.03,0.0,12.89
2026-09-06 04:35:00,19.82,77.82,0.0,55,0.285,0.0,12.89
2026-09-06 04:36:00,19.77,77.85,0.0,55,0.03,0.0,12.89
2026-09-06 04:37:00,19.77,78.03,0.0,55,0.015,0.0,12.89
2026-09-06 04:38:00,19.77,78.03,0.0,55,0.03,0.0,12.89
2026-09-06 04:39:00,19.82,78.04,0.0,55,0.0,0.0,12.89
2026-09-06 04:40:00,19.83,78.25,0.0,55,0.0,0.0,12.89
2026-09-06 04:41:00,19.82,78.17,0.0,55,0.0,0.0,12.89
2026-09-06 04:42:00,19.77,78.14,0.0,55,0.015,0.0,12.89
2026-09-06 04:43:00,19.77,78.19,0.0,55,0.015,0.0,12.89
2026-09-06 04:44:00,19.74,78.16,0.0,55,0.015,0.0,12.89
2026-09-06 04:45:00,19.72,78.32,0.0,55,0.0,0.0,12.89
2026-09-06 04:46:00,19.72,78.38,0.0,55,0.0,0.0,12.89
2026-09-06 04:47:00,19.72,78.28,0.0,55,0.0,0.0,12.89
2026-09-06 04:48:00,19.72,78.46,0.0,55,0.03,0.0,12.89
2026-09-06 04:49:00,19.72,78.67,0.0,55,0.0,0.0,12.89
2026-09-06 04:50:00,19.69,78.85,0.0,55,0.0,0.0,12.89
2026-09-06 04:51:00,19.69,78.79,0.0,55,0.0,0.0,12.89
2026-09-06 04:52:00,19.69,78.87,0.0,55,0.0,0.0,12.89
2026-09-06 04:53:00,19.69,78.89,0.0,55,0.0,0.0,12.89
2026-09-06 04:54:00,19.68,78.93,0.0,55,0.0,0.0,12.89
2026-09-06 04:55:00,19.69,78.93,0.0,55,0.0,0.0,12.89
2026-09-06 04:56:00,19.69,79.08,0.0,55,0.0,0.0,12.89
2026-09-06 04:57:00,19.68,79.05,0.0,55,0.0,0.0,12.89
2026-09-06 04:58:00,19.68,79.08,0.0,55,0.0,0.0,12.89
2026-09-06 04:59:00,19.68,79.03,0.0,55,0.0,0.0,12.89
2026-09-06 05:00:00,19.66,78.83,0.0,55,0.0,0.0,12.89
2026-09-06 05:01:00,19.65,78.75,0.0,55,0.0,0.0,12.89
2026-09-06 05:02:00,19.63,78.94,0.0,55,0.0,0.0,12.89
2026-09-06 05:03:00,19.69,79.22,0.0,55,0.0,0.0,12.89
2026-09-06 05:04:00,19.7,79.31,0.0,55,0.0,0.0,12.89
2026-09-06 05:05:00,19.69,79.38,0.0,55,0.0,0.0,12.89
2026-09-06 05:06:00,19.72,79.41,0.0,55,0.0,0.0,12.89
2026-09-06 05:07:00,19.69,79.3,0.0,55,0.0,0.0,12.89
2026-09-06 05:08:00,19.66,79.16,0.0,55,0.0,0.0,12.89
2026-09-06 05:09:00,19.66,79.11,0.0,55,0.0,0.0,12.89
2026-09-06 05:10:00,19.62,79.36,0.0,55,0.0,0.0,12.89
2026-09-06 05:11:00,19.61,79.37,0.0,55,0.0,0.0,12.89
2026-09-06 05:12:00,19.61,79.13,0.0,55,0.0,0.0,12.89
2026-09-06 05:13:00,19.58,79.26,0.0,55,0.0,0.0,12.89
2026-09-06 05:14:00,19.61,79.5,0.0,55,0.0,0.0,12.89
2026-09-06 05:15:00,19.58,79.42,0.0,55,0.0,0.0,12.89
2026-09-06 05:16:00,19.59,79.58,0.0,55,0.0,0.0,12.89
2026-09-06 05:17:00,19.58,79.57,0.0,55,0.0,0.0,12.89
2026-09-06 05:18:00,19.59,79.42,0.0,55,0.0,0.0,12.89
2026-09-06 05:19:00,19.55,79.36,0.0,55,0.0,0.0,12.89
2026-09-06 05:20:00,19.55,79.31,0.0,55,0.0,0.0,12.89
2026-09-06 05:21:00,19.52,79.61,0.0,55,0.0,0.0,12.89
2026-09-06 05:22:00,19.55,79.68,0.0,55,0.0,0.0,12.89
2026-09-06 05:23:00,19.51,79.55,0.0,55,0.0,0.0,12.89
2026-09-06 05:24:00,19.51,79.53,0.0,55,0.0,0.0,12.89
2026-09-06 05:25:00,19.49,79.64,0.0,55,0.0,0.0,12.89
2026-09-06 05:26:00,19.52,79.68,0.0,55,0.0,0.0,12.89
2026-09-06 05:27:00,19.49,79.74,0.0,55,0.0,0.0,12.89
2026-09-06 05:28:00,19.48,79.9,0.0,55,0.0,0.0,12.89
2026-09-06 05:29:00,19.49,79.9,0.0,55,0.0,0.0,12.89
2026-09-06 05:30:00,19.49,79.87,0.0,55,0.0,0.0,12.89
2026-09-06 05:31:00,19.53,79.76,0.0,55,0.0,0.0,12.89
2026-09-06 05:32:00,19.51,79.67,0.0,55,0.0,0.0,12.89
2026-09-06 05:33:00,19.46,79.78,0.0,55,0.0,0.0,12.89
2026-09-06 05:34:00,19.49,79.83,0.0,55,0.0,0.0,12.89
2026-09-06 05:35:00,19.51,79.93,0.0,55,0.0,0.0,12.89
2026-09-06 05:36:00,19.49,80.11,0.0,55,0.0,0.0,12.89
2026-09-06 05:37:00,19.49,80.01,0.0,55,0.0,0.0,12.89
2026-09-06 05:38:00,19.49,80.06,0.0,55,0.0,0.0,12.89
2026-09-06 05:39:00,19.48,79.62,0.0,55,0.15,0.0,12.89
2026-09-06 05:40:00,19.45,79.46,0.0,55,0.015,0.0,12.89
2026-09-06 05:41:00,19.41,79.54,0.0,55,0.0,0.0,12.89
2026-09-06 05:42:00,19.44,79.7,0.0,55,0.0,0.0,12.89
2026-09-06 05:43:00,19.42,79.8,0.0,55,0.045,0.0,12.89
2026-09-06 05:44:00,19.41,79.68,0.0,55,0.015,0.0,12.89
2026-09-06 05:45:00,19.37,79.69,0.0,55,0.0,0.0,12.89
2026-09-06 05:46:00,19.34,79.87,0.0,55,0.0,0.0,12.89
2026-09-06 05:47:00,19.32,79.99,0.0,55,0.0,0.0,12.89
2026-09-06 05:48:00,19.35,80.06,0.0,55,0.0,0.0,12.89
2026-09-06 05:49:00,19.32,80.16,0.0,55,0.03,0.0,12.89
2026-09-06 05:50:00,19.31,80.19,0.0,55,0.03,0.0,12.89
2026-09-06 05:51:00,19.28,80.32,0.0,55,0.0,0.0,12.89
2026-09-06 05:52:00,19.22,80.33,0.0,55,0.345,0.0,12.89
2026-09-06 05:53:00,19.22,80.44,0.0,55,0.03,0.0,12.89
2026-09-06 05:54:00,19.14,80.57,0.0,55,0.0,0.0,12.89
2026-09-06 05:55:00,19.1,80.69,0.0,55,0.15,0.0,12.89
2026-09-06 05:56:00,19.04,80.79,0.0,55,0.0,0.0,12.89
2026-09-06 05:57:00,19.01,80.98,0.0,55,0.0,0.0,12.89
2026-09-06 05:58:00,19.0,81.2,0.76,55,0.0,0.0,12.89
2026-09-06 05:59:00,19.0,81.35,1.14,55,0.0,0.0,12.89
2026-09-06 06:00:00,18.98,81.3,1.14,55,0.0,0.0,12.89
2026-09-06 06:01:00,19.03,81.4,1.53,55,0.0,0.0,12.89
2026-09-06 06:02:00,19.05,81.47,1.53,55,0.0,0.0,12.89
2026-09-06 06:03:00,19.05,81.47,1.91,55,0.015,0.0,12.89
2026-09-06 06:04:00,19.05,81.39,1.91,55,0.15,0.0,12.89
2026-09-06 06:05:00,19.03,81.28,2.29,55,0.3,0.0,12.89
2026-09-06 06:06:00,19.0,81.38,2.67,55,0.015,0.0,12.89
2026-09-06 06:07:00,19.0,81.64,2.67,55,0.015,0.0,12.89
2026-09-06 06:08:00,19.0,81.79,3.05,55,0.0,0.0,12.89
2026-09-06 06:09:00,19.01,81.69,3.81,55,0.045,0.0,12.89
2026-09-06 06:10:00,18.97,81.61,4.2,55,0.075,0.0,12.89
2026-09-06 06:11:00,18.93,81.63,4.58,55,0.195,0.0,12.89
2026-09-06 06:12:00,18.95,81.78,4.96,55,0.015,0.0,12.89
2026-09-06 06:13:00,18.95,81.77,4.96,55,0.0,0.0,12.89
2026-09-06 06:14:00,18.91,81.68,5.34,55,0.135,0.0,12.89
2026-09-06 06:15:00,18.84,81.66,5.72,55,0.255,0.0,12.89
2026-09-06 06:16:00,18.83,81.94,6.49,55,0.12,0.0,12.89
2026-09-06 06:17:00,18.79,81.97,7.25,55,0.135,0.0,12.89
2026-09-06 06:18:00,18.76,82.01,7.25,84,0.195,0.0,12.89
2026-09-06 06:19:00,18.72,82.14,7.63,87,0.255,0.0,12.89
2026-09-06 06:20:00,18.74,82.29,8.39,87,0.21,0.0,12.89
2026-09-06 06:21:00,18.69,82.28,8.77,87,0.285,0.0,12.89
2026-09-06 06:22:00,18.63,82.46,9.16,87,0.18,0.0,12.89
2026-09-06 06:23:00,18.63,82.49,9.92,87,0.135,0.0,12.89
2026-09-06 06:24:00,18.62,82.58,9.92,74,0.315,0.0,12.89
2026-09-06 06:25:00,18.62,82.64,10.68,74,0.315,0.0,12.89
2026-09-06 06:26:00,18.56,82.63,11.06,74,0.285,0.0,12.89
2026-09-06 06:27:00,18.57,82.73,11.44,74,0.165,0.0,12.89
2026-09-06 06:28:00,18.56,82.8,12.21,74,0.045,0.0,12.89
2026-09-06 06:29:00,18.53,82.74,12.21,74,0.195,0.0,12.89
2026-09-06 06:30:00,18.49,82.82,12.59,74,0.015,0.0,12.89
2026-09-06 06:31:00,18.44,82.95,12.97,74,0.0,0.0,12.89
2026-09-06 06:32:00,18.47,83.08,13.35,74,0.0,0.0,12.89
2026-09-06 06:33:00,18.47,83.12,13.73,74,0.0,0.0,12.89
2026-09-06 06:34:00,18.5,83.22,14.11,74,0.0,0.0,12.89
2026-09-06 06:35:00,18.49,83.25,14.5,74,0.015,0.0,12.89
2026-09-06 06:36:00,18.54,83.26,15.26,74,0.0,0.0,12.89
2026-09-06 06:37:00,18.6,83.28,15.64,74,0.0,0.0,12.89
2026-09-06 06:38:00,18.64,83.13,16.78,74,0.045,0.0,12.89
2026-09-06 06:39:00,18.66,83.01,17.55,74,0.045,0.0,12.89
2026-09-06 06:40:00,18.64,82.97,19.84,74,0.0,0.0,12.89
2026-09-06 06:41:00,18.72,83.02,20.98,74,0.0,0.0,12.89
2026-09-06 06:42:00,18.74,82.8,22.51,74,0.375,0.0,12.89
2026-09-06 06:43:00,18.74,82.79,23.27,74,0.225,0.0,12.89
2026-09-06 06:44:00,18.73,82.81,24.03,74,0.12,0.0,12.89
2026-09-06 06:45:00,18.73,82.83,24.8,74,0.045,0.0,12.89
2026-09-06 06:46:00,18.74,82.75,25.56,74,0.255,0.0,12.89
2026-09-06 06:47:00,18.76,82.87,25.94,74,0.045,0.0,12.89
2026-09-06 06:48:00,18.76,82.84,26.32,74,0.03,0.0,12.89
2026-09-06 06:49:00,18.81,82.9,27.08,74,0.015,0.0,12.89
2026-09-06 06:50:00,18.83,82.91,27.85,74,0.0,0.0,12.89
2026-09-06 06:51:00,18.84,82.89,27.85,74,0.09,0.0,12.89
2026-09-06 06:52:00,18.86,82.85,28.99,74,0.105,0.0,12.89
2026-09-06 06:53:00,18.87,82.83,29.37,74,0.165,0.0,12.89
2026-09-06 06:54:00,18.9,82.65,29.76,74,0.135,0.0,12.89
2026-09-06 06:55:00,18.88,82.54,30.14,74,0.015,0.0,12.89
2026-09-06 06:56:00,18.91,82.52,30.9,74,0.015,0.0,12.93
2026-09-06 06:57:00,18.95,82.36,30.9,74,0.195,0.0,12.93
2026-09-06 06:58:00,18.95,82.28,32.04,74,0.045,0.0,12.93
2026-09-06 06:59:00,18.97,82.15,32.04,82,0.33,0.0,12.93
2026-09-06 07:00:00,18.97,82.09,32.43,81,0.435,0.0,12.93
2026-09-06 07:01:00,19.0,82.14,32.81,82,0.195,0.0,12.93
2026-09-06 07:02:00,19.05,82.24,33.57,82,0.06,0.0,12.97
2026-09-06 07:03:00,19.08,82.21,33.57,82,0.0,0.0,12.97
2026-09-06 07:04:00,19.12,82.09,33.95,82,0.15,0.0,13.01
2026-09-06 07:05:00,19.15,81.89,34.71,82,0.165,0.0,13.04
2026-09-06 07:06:00,19.21,81.62,35.48,66,0.6,0.0,13.04
2026-09-06 07:07:00,19.17,81.58,35.86,78,0.33,0.0,13.04
2026-09-06 07:08:00,19.18,81.55,36.24,60,0.33,0.0,13.04
2026-09-06 07:09:00,19.19,81.5,36.24,65,0.585,0.0,13.04
2026-09-06 07:10:00,19.22,81.42,36.62,69,0.45,0.0,13.04
2026-09-06 07:11:00,19.22,81.43,37.38,40,0.3,0.0,13.04
2026-09-06 07:12:00,19.26,81.44,37.0,40,0.045,0.0,13.04
2026-09-06 07:13:00,19.31,81.27,37.77,40,0.015,0.0,13.04
2026-09-06 07:14:00,19.32,81.04,37.77,40,0.15,0.0,13.04
2026-09-06 07:15:00,19.39,80.85,38.15,54,0.285,0.0,13.08
2026-09-06 07:16:00,19.42,80.74,38.53,54,0.12,0.0,13.08
2026-09-06 07:17:00,19.48,80.58,38.91,60,0.435,0.0,13.08
2026-09-06 07:18:00,19.55,80.49,39.29,57,0.42,0.0,13.12
2026-09-06 07:19:00,19.56,80.37,39.67,67,0.345,0.0,13.12
2026-09-06 07:20:00,19.62,80.32,40.05,67,0.06,0.0,13.12
2026-09-06 07:21:00,19.72,80.23,40.05,67,0.165,0.0,13.12
2026-09-06 07:22:00,19.76,80.11,40.44,67,0.165,0.0,13.16
2026-09-06 07:23:00,19.83,79.92,41.2,67,0.06,0.0,13.16
2026-09-06 07:24:00,19.9,79.79,41.96,67,0.015,0.0,13.16
2026-09-06 07:25:00,20.0,79.65,42.34,67,0.12,0.0,13.16
2026-09-06 07:26:00,20.06,79.48,42.73,67,0.12,0.0,13.16
2026-09-06 07:27:00,20.13,79.3,42.34,67,0.03,0.0,13.16
2026-09-06 07:28:00,20.2,78.94,43.11,70,0.165,0.0,13.16
2026-09-06 07:29:00,20.28,78.72,43.11,70,0.03,0.0,13.16
2026-09-06 07:30:00,20.35,78.48,43.11,70,0.0,0.0,13.16
2026-09-06 07:31:00,20.44,78.13,43.87,70,0.105,0.0,13.16
2026-09-06 07:32:00,20.5,77.79,44.25,70,0.24,0.0,13.16
2026-09-06 07:33:00,20.52,77.85,44.63,71,0.42,0.0,13.16
2026-09-06 07:34:00,20.56,77.91,44.63,63,0.495,0.0,13.16
2026-09-06 07:35:00,20.6,77.5,45.4,53,0.42,0.0,13.16
2026-09-06 07:36:00,20.61,77.18,45.78,71,0.555,0.0,13.16
2026-09-06 07:37:00,20.62,76.9,46.54,70,0.45,0.0,13.16
2026-09-06 07:38:00,20.65,77.14,46.54,61,0.48,0.0,13.16
2026-09-06 07:39:00,20.68,77.31,47.3,61,0.39,0.0,13.16
2026-09-06 07:40:00,20.75,77.21,51.5,66,0.3,0.0,13.16
2026-09-06 07:41:00,20.78,76.91,131.99,61,0.48,0.0,13.16
2026-09-06 07:42:00,20.82,76.59,220.11,38,0.375,0.0,13.79
2026-09-06 07:43:00,20.89,76.47,231.17,38,0.105,0.0,14.24
2026-09-06 07:44:00,20.93,76.16,235.37,38,0.315,0.0,14.24
2026-09-06 07:45:00,20.98,76.4,237.66,38,0.36,0.0,14.24
2026-09-06 07:46:00,21.08,76.2,240.71,38,0.12,0.0,14.24
2026-09-06 07:47:00,21.19,75.76,244.14,38,0.09,0.0,14.24
2026-09-06 07:48:00,21.43,75.33,246.81,38,0.09,0.0,14.24
2026-09-06 07:49:00,21.64,74.66,249.87,63,0.285,0.0,14.24
2026-09-06 07:50:00,21.83,74.03,253.68,63,0.15,0.0,14.24
2026-09-06 07:51:00,22.05,73.48,256.73,70,0.345,0.0,14.24
2026-09-06 07:52:00,22.24,72.72,258.26,70,0.045,0.0,14.24
2026-09-06 07:53:00,22.46,72.12,260.55,70,0.09,0.0,14.24
2026-09-06 07:54:00,22.65,71.17,265.51,70,0.45,0.0,14.24
2026-09-06 07:55:00,22.8,70.69,268.94,70,0.12,0.0,14.24
2026-09-06 07:56:00,22.94,70.43,271.23,70,0.03,0.0,14.24
2026-09-06 07:57:00,23.13,69.8,273.52,70,0.015,0.0,14.24
2026-09-06 07:58:00,23.29,69.22,276.95,70,0.03,0.0,14.24
2026-09-06 07:59:00,23.47,68.68,279.62,70,0.015,0.0,14.24
2026-09-06 08:00:00,23.6,68.08,283.44,70,0.135,0.0,14.24
2026-09-06 08:01:00,23.68,67.57,288.01,59,0.36,0.0,14.24
2026-09-06 08:02:00,23.81,67.07,289.92,64,0.42,0.0,14.24
2026-09-06 08:03:00,23.93,66.7,292.21,64,0.105,0.0,14.24
2026-09-06 08:04:00,24.02,66.46,295.64,64,0.045,0.0,14.24
2026-09-06 08:05:00,24.09,66.27,297.55,64,0.21,0.0,14.24
2026-09-06 08:06:00,24.2,66.24,301.37,64,0.09,0.0,14.24
2026-09-06 08:07:00,24.2,65.81,304.42,64,0.06,0.0,14.24
2026-09-06 08:08:00,24.26,66.0,307.85,64,0.105,0.0,14.24
2026-09-06 08:09:00,24.29,65.75,310.52,64,0.3,0.0,14.24
2026-09-06 08:10:00,24.3,65.76,312.81,64,0.39,0.0,14.24
2026-09-06 08:11:00,24.33,66.05,317.01,55,0.15,0.0,14.24
2026-09-06 08:12:00,24.44,66.13,319.3,42,0.105,0.0,14.24
2026-09-06 08:13:00,24.49,65.65,321.97,42,0.18,0.0,14.24
2026-09-06 08:14:00,24.62,65.95,325.4,42,0.015,0.0,14.24
2026-09-06 08:15:00,24.74,65.5,329.21,42,0.12,0.0,14.24
2026-09-06 08:16:00,24.8,64.92,331.12,42,0.075,0.0,14.24
2026-09-06 08:17:00,24.91,64.64,334.17,65,0.24,0.0,14.24
2026-09-06 08:18:00,24.98,64.35,337.99,80,0.345,0.0,14.24
2026-09-06 08:19:00,25.05,64.25,341.8,54,0.555,0.0,14.24
2026-09-06 08:20:00,25.13,64.37,343.71,54,0.0,0.0,14.24
2026-09-06 08:21:00,25.25,64.02,348.29,54,0.09,0.0,14.24
2026-09-06 08:22:00,25.39,63.8,350.19,43,0.33,0.0,14.24
2026-09-06 08:23:00,25.38,63.5,354.39,89,0.405,0.0,14.24
2026-09-06 08:24:00,25.32,63.78,356.68,43,0.51,0.0,14.24
2026-09-06 08:25:00,25.29,64.06,358.59,73,0.285,0.0,14.24
2026-09-06 08:26:00,25.31,63.95,362.78,214,0.345,0.0,14.24
2026-09-06 08:27:00,25.34,64.05,363.93,256,0.345,0.0,14.24
2026-09-06 08:28:00,25.39,63.96,367.74,256,0.12,0.0,14.24
2026-09-06 08:29:00,25.44,63.63,371.18,194,0.33,0.0,14.24
2026-09-06 08:30:00,25.49,63.5,372.7,288,0.165,0.0,14.24
2026-09-06 08:31:00,25.52,63.6,375.75,11,0.465,0.0,14.24
2026-09-06 08:32:00,25.55,63.81,379.19,9,0.105,0.0,14.24
2026-09-06 08:33:00,25.64,63.36,383.0,193,0.51,0.0,14.24
2026-09-06 08:34:00,25.64,63.33,386.05,185,0.3,0.0,14.24
2026-09-06 08:35:00,25.7,63.56,387.96,185,0.03,0.0,14.24
2026-09-06 08:36:00,25.83,63.06,391.01,185,0.015,0.0,14.24
2026-09-06 08:37:00,26.04,62.63,395.21,185,0.0,0.0,14.24
2026-09-06 08:38:00,26.16,61.96,396.35,103,0.27,0.0,14.24
2026-09-06 08:39:00,26.19,62.06,399.79,103,0.105,0.0,14.24
2026-09-06 08:40:00,26.19,61.95,402.46,147,0.225,0.0,14.24
2026-09-06 08:41:00,26.19,61.95,405.13,142,0.195,0.0,14.24
2026-09-06 08:42:00,26.17,61.57,408.56,117,0.525,0.0,14.24
2026-09-06 08:43:00,26.09,61.98,410.47,207,0.36,0.0,14.24
2026-09-06 08:44:00,26.06,62.26,413.14,221,0.315,0.0,14.24
2026-09-06 08:45:00,26.03,62.38,415.43,221,0.27,0.0,14.24
2026-09-06 08:46:00,26.06,62.51,419.24,221,0.12,0.0,14.24
2026-09-06 08:47:00,26.07,62.69,421.91,207,0.165,0.0,14.24
2026-09-06 08:48:00,26.17,62.38,425.35,179,0.225,0.0,14.24
2026-09-06 08:49:00,26.21,62.25,427.25,159,0.255,0.0,14.24
2026-09-06 08:50:00,26.28,62.08,431.07,159,0.15,0.0,14.24
2026-09-06 08:51:00,26.33,62.16,432.59,96,0.57,0.0,14.24
2026-09-06 08:52:00,26.19,61.98,436.03,98,1.32,0.0,14.24
2026-09-06 08:53:00,26.06,62.6,437.93,50,0.99,0.0,14.24
2026-09-06 08:54:00,25.93,63.16,441.75,121,0.735,0.0,14.24
2026-09-06 08:55:00,25.86,63.31,445.18,104,0.525,0.0,14.24
2026-09-06 08:56:00,25.86,63.44,448.62,70,0.75,0.0,14.24
2026-09-06 08:57:00,25.86,63.67,449.0,120,0.375,0.0,14.24
2026-09-06 08:58:00,25.89,63.65,453.57,95,0.465,0.0,14.24
2026-09-06 08:59:00,25.9,63.83,455.48,68,0.645,0.0,14.24
2026-09-06 09:00:00,25.95,63.76,457.77,109,0.36,0.0,14.24
2026-09-06 09:01:00,26.09,63.49,461.2,109,0.105,0.0,14.24
2026-09-06 09:02:00,26.24,63.14,463.87,109,0.09,0.0,14.24
2026-09-06 09:03:00,26.41,62.88,468.07,109,0.015,0.0,14.24
2026-09-06 09:04:00,26.54,61.53,470.74,94,0.51,0.0,14.24
2026-09-06 09:05:00,26.64,61.41,471.89,94,0.24,0.0,14.24
2026-09-06 09:06:00,26.73,61.48,474.94,132,0.225,0.0,14.24
2026-09-06 09:07:00,26.81,61.77,476.08,66,0.18,0.0,14.24
2026-09-06 09:08:00,26.89,61.41,481.04,46,0.285,0.0,14.24
2026-09-06 09:09:00,26.89,61.18,482.19,230,0.465,0.0,14.21
2026-09-06 09:10:00,26.94,61.44,486.76,176,0.195,0.0,14.21
2026-09-06 09:11:00,27.06,60.67,487.14,84,0.615,0.0,14.21
2026-09-06 09:12:00,27.09,60.97,492.1,84,0.48,0.0,14.17
2026-09-06 09:13:00,27.08,60.51,492.87,103,0.6,0.0,14.17
2026-09-06 09:14:00,27.03,60.65,496.68,237,0.42,0.0,14.17
2026-09-06 09:15:00,27.02,60.33,500.11,253,0.465,0.0,14.17
2026-09-06 09:16:00,27.03,60.51,501.64,253,0.255,0.0,14.17
2026-09-06 09:17:00,27.11,60.46,503.55,188,0.135,0.0,14.17
2026-09-06 09:18:00,27.16,59.89,505.46,96,0.615,0.0,14.17
2026-09-06 09:19:00,27.18,59.78,509.27,91,0.435,0.0,14.13
2026-09-06 09:20:00,27.15,60.08,512.32,91,0.495,0.0,14.13
2026-09-06 09:21:00,27.24,60.18,516.52,99,0.255,0.0,14.13
2026-09-06 09:22:00,27.33,59.72,520.33,124,0.225,0.0,14.13
2026-09-06 09:23:00,27.45,59.49,523.77,124,0.225,0.0,14.17
2026-09-06 09:24:00,27.56,59.25,527.96,81,0.405,0.0,14.13
2026-09-06 09:25:00,27.66,58.72,529.11,208,0.435,0.0,14.13
2026-09-06 09:26:00,27.7,58.56,531.4,57,0.945,0.0,14.13
2026-09-06 09:27:00,27.66,59.04,536.74,59,0.405,0.0,14.13
2026-09-06 09:28:00,27.73,58.58,542.46,216,0.195,0.0,14.13
2026-09-06 09:29:00,27.77,58.81,547.04,216,0.315,0.0,14.13
2026-09-06 09:30:00,27.87,58.65,547.42,215,0.195,0.0,14.13
2026-09-06 09:31:00,27.91,58.55,548.56,205,0.21,0.0,14.13
2026-09-06 09:32:00,27.93,57.99,550.47,151,0.24,0.0,14.13
2026-09-06 09:33:00,27.86,57.82,554.28,183,0.495,0.0,14.13
2026-09-06 09:34:00,27.81,57.74,554.67,127,0.645,0.0,14.13
2026-09-06 09:35:00,27.77,58.27,554.28,258,0.3,0.0,14.13
2026-09-06 09:36:00,27.79,58.35,558.1,190,0.345,0.0,14.13
2026-09-06 09:37:00,27.81,58.07,563.06,180,0.3,0.0,14.13
2026-09-06 09:38:00,27.79,58.37,566.87,188,0.315,0.0,14.13
2026-09-06 09:39:00,27.88,58.43,565.73,174,0.24,0.0,14.13
2026-09-06 09:40:00,28.05,58.13,571.07,84,0.255,0.0,14.09
2026-09-06 09:41:00,28.17,57.7,573.74,46,0.615,0.0,14.09
2026-09-06 09:42:00,28.24,57.86,574.5,58,0.195,0.0,14.09
2026-09-06 09:43:00,28.38,57.27,575.65,58,0.225,0.0,14.09
2026-09-06 09:44:00,28.39,57.39,580.22,58,0.33,0.0,14.09
2026-09-06 09:45:00,28.42,57.03,583.66,76,0.255,0.0,14.09
2026-09-06 09:46:00,28.45,57.11,585.56,76,0.315,0.0,14.09
2026-09-06 09:47:00,28.54,56.64,592.43,235,0.57,0.0,14.09
2026-09-06 09:48:00,28.58,56.7,588.24,148,0.315,0.0,14.09
2026-09-06 09:49:00,28.69,56.44,587.47,199,0.27,0.0,14.09
2026-09-06 09:50:00,28.74,54.65,587.09,289,0.555,0.0,14.09
2026-09-06 09:51:00,28.75,54.65,590.91,206,0.24,0.0,14.09
2026-09-06 09:52:00,28.79,54.91,590.91,108,0.345,0.0,14.09
2026-09-06 09:53:00,28.85,54.63,593.96,89,0.585,0.0,14.09
2026-09-06 09:54:00,28.79,55.04,594.72,131,0.795,0.0,14.09
2026-09-06 09:55:00,28.75,55.2,597.01,338,1.05,0.0,14.09
2026-09-06 09:56:00,28.68,55.36,600.44,69,1.095,0.0,14.09
2026-09-06 09:57:00,28.56,55.63,600.06,41,0.48,0.0,14.09
2026-09-06 09:58:00,28.65,55.28,603.11,96,0.3,0.0,14.09
2026-09-06 09:59:00,28.78,54.32,606.93,131,0.54,0.0,14.09
2026-09-06 10:00:00,28.79,54.06,609.22,308,0.555,0.0,14.09
2026-09-06 10:01:00,28.76,54.55,611.51,68,0.45,0.0,14.09
2026-09-06 10:02:00,28.79,55.15,613.41,265,0.69,0.0,14.09
2026-09-06 10:03:00,28.85,54.17,614.94,297,0.495,0.0,14.09
2026-09-06 10:04:00,28.93,53.15,617.99,15,0.39,0.0,14.09
2026-09-06 10:05:00,29.06,53.3,621.42,49,0.165,0.0,14.09
2026-09-06 10:06:00,29.2,53.13,621.81,276,0.54,0.0,14.09
2026-09-06 10:07:00,29.26,53.3,624.09,61,0.48,0.0,14.09
2026-09-06 10:08:00,29.33,52.84,629.43,253,0.3,0.0,14.09
2026-09-06 10:09:00,29.32,52.28,634.01,80,0.495,0.0,14.09
2026-09-06 10:10:00,29.26,52.2,649.27,252,0.84,0.0,14.09
2026-09-06 10:11:00,29.03,52.46,647.75,168,1.2,0.0,14.09
2026-09-06 10:12:00,28.89,51.87,646.98,79,0.66,0.0,14.09
2026-09-06 10:13:00,28.87,52.07,640.88,214,0.93,0.0,14.09
2026-09-06 10:14:00,28.81,51.98,642.02,207,0.69,0.0,14.09
2026-09-06 10:15:00,28.81,51.84,643.55,199,0.675,0.0,14.09
2026-09-06 10:16:00,28.83,51.92,644.31,152,0.39,0.0,14.09
2026-09-06 10:17:00,28.85,51.84,648.89,239,0.495,0.0,14.09
2026-09-06 10:18:00,28.96,51.54,654.61,62,0.795,0.0,14.09
2026-09-06 10:19:00,28.97,51.44,656.52,289,0.975,0.0,14.09
2026-09-06 10:20:00,29.03,50.93,661.1,101,0.66,0.0,14.09
2026-09-06 10:21:00,29.06,49.88,661.86,127,1.245,0.0,14.09
2026-09-06 10:22:00,29.05,49.86,668.35,69,1.05,0.0,14.09
2026-09-06 10:23:00,28.96,49.34,672.54,49,1.515,0.0,14.09
2026-09-06 10:24:00,28.95,49.62,679.79,14,0.9,0.0,14.09
2026-09-06 10:25:00,28.86,48.16,687.8,88,2.385,0.0,14.09
2026-09-06 10:26:00,28.75,48.59,694.29,151,1.62,0.0,14.09
2026-09-06 10:27:00,28.76,48.63,697.72,196,0.945,0.0,14.09
2026-09-06 10:28:00,28.78,48.34,694.29,241,1.86,0.0,14.09
2026-09-06 10:29:00,28.81,48.44,685.13,263,0.855,0.0,14.09
2026-09-06 10:30:00,28.89,48.31,682.84,136,1.095,0.0,14.09
2026-09-06 10:31:00,28.83,48.33,683.22,156,1.8,0.0,14.09
2026-09-06 10:32:00,28.79,48.75,687.42,233,1.05,0.0,14.09
2026-09-06 10:33:00,28.81,48.43,687.8,229,1.155,0.0,14.09
2026-09-06 10:34:00,28.81,48.56,696.19,198,1.41,0.0,14.09
2026-09-06 10:35:00,28.72,47.88,711.45,121,2.01,0.0,14.09
2026-09-06 10:36:00,28.64,48.86,657.66,56,1.755,0.0,14.09
2026-09-06 10:37:00,28.61,48.74,733.2,339,1.455,0.0,14.09
2026-09-06 10:38:00,28.56,48.88,719.46,236,1.59,0.0,14.09
2026-09-06 10:39:00,28.65,48.89,704.2,234,1.155,0.0,14.09
2026-09-06 10:40:00,28.66,47.94,707.64,120,1.47,0.0,14.09
2026-09-06 10:41:00,28.58,48.37,597.39,117,2.175,0.0,14.09
2026-09-06 10:42:00,28.49,48.94,713.74,229,1.14,0.0,14.09
2026-09-06 10:43:00,28.56,49.13,730.91,346,1.155,0.0,14.09
2026-09-06 10:44:00,28.55,48.26,741.21,261,1.86,0.0,14.09
2026-09-06 10:45:00,28.55,48.49,756.85,45,1.455,0.0,14.09
2026-09-06 10:46:00,28.55,48.76,96.89,118,1.245,0.0,14.09
2026-09-06 10:47:00,28.46,48.85,753.41,63,1.2,0.0,14.09
2026-09-06 10:48:00,28.42,48.96,760.28,76,1.62,0.0,14.09
2026-09-06 10:49:00,28.41,49.02,739.68,62,1.965,0.0,14.09
2026-09-06 10:50:00,28.31,49.79,744.64,179,1.95,0.0,14.09
2026-09-06 10:51:00,28.38,49.8,735.87,67,0.765,0.0,14.09
2026-09-06 10:52:00,28.49,49.36,735.48,344,0.885,0.0,14.09
2026-09-06 10:53:00,28.55,48.66,733.96,110,1.32,0.0,14.09
2026-09-06 10:54:00,28.62,48.64,766.77,16,0.975,0.0,14.09
2026-09-06 10:55:00,28.66,48.59,759.14,255,0.75,0.0,14.09
2026-09-06 10:56:00,28.75,48.78,768.67,60,1.395,0.0,14.09
2026-09-06 10:57:00,28.76,48.46,738.92,320,1.035,0.0,14.09
2026-09-06 10:58:00,28.74,48.21,714.12,174,1.185,0.0,14.09
2026-09-06 10:59:00,28.71,48.47,756.08,100,1.32,0.0,14.09
2026-09-06 11:00:00,28.76,48.72,753.03,251,0.735,0.0,14.09
2026-09-06 11:01:00,28.87,48.72,751.13,119,0.885,0.0,14.09
2026-09-06 11:02:00,28.93,48.36,744.64,338,0.81,0.0,14.09
2026-09-06 11:03:00,28.95,47.45,757.99,96,1.485,0.0,14.09
2026-09-06 11:04:00,28.83,47.28,762.57,87,1.785,0.0,14.09
2026-09-06 11:05:00,28.71,47.81,766.38,289,1.62,0.0,14.09
2026-09-06 11:06:00,28.75,48.34,706.49,268,0.915,0.0,14.09
2026-09-06 11:07:00,28.83,48.56,782.41,276,0.795,0.0,14.09
2026-09-06 11:08:00,28.93,47.71,435.26,103,1.08,0.0,14.09
2026-09-06 11:09:00,28.92,47.66,818.65,42,1.89,0.0,14.09
2026-09-06 11:10:00,28.86,47.95,809.49,74,1.155,0.0,14.09
2026-09-06 11:11:00,28.82,47.6,791.56,58,2.355,0.0,14.09
2026-09-06 11:12:00,28.75,48.18,791.94,134,1.29,0.0,14.09
2026-09-06 11:13:00,28.78,48.36,258.26,76,1.185,0.0,14.09
2026-09-06 11:14:00,28.75,48.29,591.29,125,0.945,0.0,14.09
2026-09-06 11:15:00,28.72,48.35,238.42,74,1.2,0.0,14.09
2026-09-06 11:16:00,28.66,48.59,202.18,234,0.93,0.0,14.09
2026-09-06 11:17:00,28.59,48.4,910.2,277,1.2,0.0,14.09
2026-09-06 11:18:00,28.59,48.48,878.16,84,1.005,0.0,14.09
2026-09-06 11:19:00,28.65,48.81,831.62,160,1.365,0.0,14.09
2026-09-06 11:20:00,28.69,48.21,818.65,308,1.8,0.0,14.09
2026-09-06 11:21:00,28.75,48.23,815.98,213,0.645,0.0,14.09
2026-09-06 11:22:00,28.86,47.78,352.48,70,1.155,0.0,14.09
2026-09-06 11:23:00,28.82,48.01,285.73,231,0.96,0.0,14.09
2026-09-06 11:24:00,28.82,47.67,326.92,223,1.02,0.0,14.09
2026-09-06 11:25:00,28.82,48.18,817.88,34,1.14,0.0,14.09
2026-09-06 11:26:00,28.86,48.24,868.24,25,0.99,0.0,14.09
2026-09-06 11:27:00,28.87,48.29,431.07,76,1.515,0.0,14.09
2026-09-06 11:28:00,28.81,48.28,262.07,54,1.515,0.0,14.09
2026-09-06 11:29:00,28.81,48.81,856.03,229,1.005,0.0,14.09
2026-09-06 11:30:00,28.9,48.43,841.92,88,1.26,0.0,14.09
2026-09-06 11:31:00,28.99,48.08,865.19,91,0.795,0.0,14.09
2026-09-06 11:32:00,29.07,47.74,848.4,259,1.365,0.0,14.09
2026-09-06 11:33:00,29.12,47.47,865.95,116,1.74,0.0,14.09
2026-09-06 11:34:00,29.07,48.15,183.11,47,1.425,0.0,14.09
2026-09-06 11:35:00,28.99,48.0,877.78,256,0.93,0.0,14.09
2026-09-06 11:36:00,29.03,47.19,862.52,150,0.93,0.0,14.09
2026-09-06 11:37:00,29.06,47.25,883.12,246,1.5,0.0,14.09
2026-09-06 11:38:00,29.1,47.41,265.13,70,1.935,0.0,14.09
2026-09-06 11:39:00,29.03,47.18,621.81,312,1.83,0.0,14.09
2026-09-06 11:40:00,28.95,47.46,154.12,150,1.095,0.0,14.09
2026-09-06 11:41:00,28.89,47.6,847.26,350,0.675,0.0,14.09
2026-09-06 11:42:00,28.93,47.3,821.32,47,1.125,0.0,14.09
2026-09-06 11:43:00,28.96,47.17,801.1,317,1.065,0.0,14.09
2026-09-06 11:44:00,28.96,47.29,796.9,258,2.145,0.0,14.09
2026-09-06 11:45:00,28.99,47.54,803.01,81,1.215,0.0,14.09
2026-09-06 11:46:00,29.02,47.54,823.22,48,1.71,0.0,14.09
2026-09-06 11:47:00,29.02,47.27,839.63,211,1.32,0.0,14.09
2026-09-06 11:48:00,29.07,47.62,829.33,52,1.38,0.0,14.09
2026-09-06 11:49:00,29.13,47.14,823.22,35,1.965,0.0,14.09
2026-09-06 11:50:00,29.1,47.54,837.34,307,1.77,0.0,14.09
2026-09-06 11:51:00,29.06,47.75,837.72,290,2.205,0.0,14.09
2026-09-06 11:52:00,29.13,47.73,833.91,0,1.365,0.0,14.09
2026-09-06 11:53:00,29.2,47.05,838.1,255,0.855,0.0,14.09
2026-09-06 11:54:00,29.33,47.35,846.49,6,0.975,0.0,14.09
2026-09-06 11:55:00,29.38,46.78,851.45,155,1.8,0.0,14.09
2026-09-06 11:56:00,29.4,46.41,852.6,141,2.4,0.0,14.09
2026-09-06 11:57:00,29.33,46.47,853.36,94,1.44,0.0,14.09
2026-09-06 11:58:00,29.32,46.55,857.56,107,1.455,0.0,14.09
2026-09-06 11:59:00,29.37,47.12,910.96,343,0.72,0.0,14.09
2026-09-06 12:00:00,29.45,47.04,215.53,112,0.615,0.0,14.09
2026-09-06 12:01:00,29.43,47.01,251.01,161,1.725,0.0,14.09
2026-09-06 12:02:00,29.38,46.69,518.81,133,0.87,0.0,14.09
2026-09-06 12:03:00,29.36,45.71,292.21,348,1.575,0.0,14.09
2026-09-06 12:04:00,29.3,46.06,867.48,234,1.215,0.0,14.09
2026-09-06 12:05:00,29.3,46.23,836.58,141,1.125,0.0,14.09
2026-09-06 12:06:00,29.36,46.0,826.66,92,1.38,0.0,14.09
2026-09-06 12:07:00,29.33,46.52,832.38,75,2.25,0.0,14.09
2026-09-06 12:08:00,29.32,46.6,835.05,99,2.475,0.0,14.09
2026-09-06 12:09:00,29.33,46.41,834.67,186,1.815,0.0,14.09
2026-09-06 12:10:00,29.33,46.53,830.85,25,1.485,0.0,14.09
2026-09-06 12:11:00,29.37,46.57,826.28,171,1.08,0.0,14.09
2026-09-06 12:12:00,29.44,46.45,820.55,322,1.515,0.0,14.09
2026-09-06 12:13:00,29.41,46.05,812.16,126,1.62,0.0,14.09
2026-09-06 12:14:00,29.43,46.65,808.73,164,1.005,0.0,14.09
2026-09-06 12:15:00,29.57,46.51,810.64,255,0.99,0.0,14.09
2026-09-06 12:16:00,29.67,45.73,811.02,75,1.26,0.0,14.09
2026-09-06 12:17:00,29.64,45.76,810.25,186,1.32,0.0,14.09
2026-09-06 12:18:00,29.7,45.77,809.11,151,1.485,0.0,14.09
2026-09-06 12:19:00,29.73,44.88,803.77,106,2.34,0.0,14.09
2026-09-06 12:20:00,29.64,45.91,804.53,218,1.785,0.0,14.09
2026-09-06 12:21:00,29.64,45.73,809.11,312,1.185,0.0,14.09
2026-09-06 12:22:00,29.73,45.37,849.93,69,1.47,0.0,14.09
2026-09-06 12:23:00,29.68,45.09,822.84,60,1.11,0.0,14.09
2026-09-06 12:24:00,29.67,45.28,818.65,328,1.2,0.0,14.09
2026-09-06 12:25:00,29.73,45.72,823.22,122,0.795,0.0,14.09
2026-09-06 12:26:00,29.78,44.33,841.15,253,1.575,0.0,14.09
2026-09-06 12:27:00,29.84,44.84,231.94,13,1.02,0.0,14.09
2026-09-06 12:28:00,29.85,45.26,697.34,71,1.065,0.0,14.09
2026-09-06 12:29:00,29.87,45.29,206.38,79,1.02,0.0,14.09
2026-09-06 12:30:00,29.92,45.11,917.45,359,0.525,0.0,14.09
2026-09-06 12:31:00,30.01,44.3,885.02,274,1.245,0.0,14.09
2026-09-06 12:32:00,29.98,44.41,858.7,152,1.365,0.0,14.09
2026-09-06 12:33:00,29.96,44.47,836.19,297,1.17,0.0,14.09
2026-09-06 12:34:00,29.98,44.89,820.94,239,1.02,0.0,14.09
2026-09-06 12:35:00,30.12,44.65,816.74,262,0.705,0.0,14.09
2026-09-06 12:36:00,30.23,44.25,528.73,88,0.81,0.0,14.09
2026-09-06 12:37:00,30.32,44.14,832.38,252,0.75,0.0,14.09
2026-09-06 12:38:00,30.46,43.74,825.89,126,2.22,0.0,14.09
2026-09-06 12:39:00,30.32,44.37,819.03,125,2.76,0.0,14.09
2026-09-06 12:40:00,30.25,45.01,814.45,73,1.275,0.0,14.09
2026-09-06 12:41:00,30.32,45.0,811.78,34,0.465,0.0,14.09
2026-09-06 12:42:00,30.45,42.49,814.45,108,1.05,0.0,14.09
2026-09-06 12:43:00,30.43,41.39,817.12,132,2.04,0.0,14.09
2026-09-06 12:44:00,30.4,41.52,819.03,313,1.41,0.0,14.09
2026-09-06 12:45:00,30.33,41.81,822.46,46,1.05,0.0,14.09
2026-09-06 12:46:00,30.35,41.94,829.33,320,1.215,0.0,14.09
2026-09-06 12:47:00,30.45,42.26,820.17,349,0.69,0.0,14.09
2026-09-06 12:48:00,30.56,42.11,822.08,155,1.47,0.0,14.09
2026-09-06 12:49:00,30.63,42.18,826.66,118,1.35,0.0,14.09
2026-09-06 12:50:00,30.74,40.83,828.95,80,1.17,0.0,14.09
2026-09-06 12:51:00,30.72,39.95,835.05,0,1.755,0.0,14.09
2026-09-06 12:52:00,30.67,40.43,840.77,355,1.89,0.0,14.09
2026-09-06 12:53:00,30.59,40.65,854.89,292,1.425,0.0,14.09
2026-09-06 12:54:00,30.65,40.96,880.45,9,1.05,0.0,14.09
2026-09-06 12:55:00,30.66,40.58,907.91,20,1.635,0.0,14.09
2026-09-06 12:56:00,30.66,40.69,939.96,4,1.17,0.0,14.09
2026-09-06 12:57:00,30.73,40.69,975.81,45,0.87,0.0,14.09
2026-09-06 12:58:00,30.83,40.66,323.87,336,0.72,0.0,14.09
2026-09-06 12:59:00,30.8,41.04,523.38,329,0.48,0.0,14.09
2026-09-06 13:00:00,30.84,40.81,1016.25,329,1.2,0.0,14.09
2026-09-06 13:01:00,30.76,41.06,294.5,46,1.8,0.0,14.09
2026-09-06 13:02:00,30.63,41.51,252.16,22,0.765,0.0,14.09
2026-09-06 13:03:00,30.56,42.02,244.14,331,0.765,0.0,14.09
2026-09-06 13:04:00,30.42,44.11,236.9,22,1.23,0.0,14.09
2026-09-06 13:05:00,30.32,45.45,229.27,91,0.93,0.0,14.09
2026-09-06 13:06:00,30.18,46.46,234.99,333,0.84,0.0,14.09
2026-09-06 13:07:00,30.02,47.14,223.93,82,1.035,0.0,14.09
2026-09-06 13:08:00,29.83,47.71,224.31,359,1.02,0.0,14.09
2026-09-06 13:09:00,29.71,48.35,229.27,129,1.11,0.0,14.09
2026-09-06 13:10:00,29.5,49.12,238.8,99,1.74,0.0,14.09
2026-09-06 13:11:00,29.29,49.7,248.72,98,1.245,0.0,14.09
2026-09-06 13:12:00,29.13,49.93,251.77,151,0.855,0.0,14.09
2026-09-06 13:13:00,29.05,50.27,247.2,17,1.275,0.0,14.09
2026-09-06 13:14:00,28.92,50.92,241.09,173,1.395,0.0,14.09
2026-09-06 13:15:00,28.85,51.09,241.09,135,0.75,0.0,14.09
2026-09-06 13:16:00,28.78,50.65,250.25,119,1.815,0.0,14.09
2026-09-06 13:17:00,28.65,51.07,267.41,92,1.92,0.0,14.09
2026-09-06 13:18:00,28.55,51.9,284.96,68,1.02,0.0,14.09
2026-09-06 13:19:00,28.51,51.9,307.09,232,1.215,0.0,14.09
2026-09-06 13:20:00,28.58,52.19,358.97,250,0.63,0.0,14.09
2026-09-06 13:21:00,28.72,52.23,582.89,52,0.495,0.0,14.09
2026-09-06 13:22:00,28.89,51.57,350.19,256,0.585,0.0,14.09
2026-09-06 13:23:00,29.02,51.0,327.69,163,0.6,0.0,14.09
2026-09-06 13:24:00,29.12,51.12,321.97,129,0.675,0.0,14.09
2026-09-06 13:25:00,29.19,50.76,315.1,73,0.39,0.0,14.09
2026-09-06 13:26:00,29.24,50.63,302.13,82,0.135,0.0,14.09
2026-09-06 13:27:00,29.33,50.66,300.98,56,0.42,0.0,14.09
2026-09-06 13:28:00,29.38,50.53,309.76,34,0.36,0.0,14.09
2026-09-06 13:29:00,29.45,50.47,320.44,223,0.54,0.0,14.09
2026-09-06 13:30:00,29.47,50.54,345.24,100,1.05,0.0,14.09
2026-09-06 13:31:00,29.43,49.6,361.64,290,1.005,0.0,14.09
2026-09-06 13:32:00,29.33,48.86,547.8,58,1.62,0.0,14.09
2026-09-06 13:33:00,29.26,49.52,347.91,332,1.11,0.0,14.09
2026-09-06 13:34:00,29.23,49.88,333.79,179,1.245,0.0,14.09
2026-09-06 13:35:00,29.12,49.63,289.16,97,1.92,0.0,14.09
2026-09-06 13:36:00,29.0,50.28,321.97,107,1.14,0.0,14.09
2026-09-06 13:37:00,28.99,50.64,317.77,109,0.585,0.0,14.09
2026-09-06 13:38:00,29.06,50.14,348.29,85,0.375,0.0,14.09
2026-09-06 13:39:00,29.17,49.3,866.71,197,0.675,0.0,14.09
2026-09-06 13:40:00,29.45,47.98,854.51,278,0.63,0.0,14.09
2026-09-06 13:41:00,29.65,46.19,849.55,341,1.08,0.0,14.09
2026-09-06 13:42:00,29.78,45.85,856.03,258,1.185,0.0,14.09
2026-09-06 13:43:00,29.92,44.99,870.91,120,1.635,0.0,14.09
2026-09-06 13:44:00,29.99,44.17,885.79,217,1.38,0.0,14.09
2026-09-06 13:45:00,30.09,44.27,799.57,299,1.215,0.0,14.09
2026-09-06 13:46:00,30.01,44.37,440.22,246,1.83,0.0,14.09
2026-09-06 13:47:00,30.01,44.8,325.78,345,0.585,0.0,14.09
2026-09-06 13:48:00,30.08,45.1,325.4,98,0.93,0.0,14.09
2026-09-06 13:49:00,30.11,45.62,326.16,79,0.735,0.0,14.09
2026-09-06 13:50:00,30.15,46.02,265.89,112,0.675,0.0,14.09
2026-09-06 13:51:00,30.22,46.04,268.94,123,0.285,0.0,14.09
2026-09-06 13:52:00,30.29,46.47,769.44,62,1.155,0.0,14.09
2026-09-06 13:53:00,30.4,46.23,878.16,144,0.825,0.0,14.09
2026-09-06 13:54:00,30.65,45.51,864.04,16,0.27,0.0,14.09
2026-09-06 13:55:00,30.87,43.01,845.35,319,0.87,0.0,14.09
2026-09-06 13:56:00,30.89,43.18,850.31,161,1.515,0.0,14.09
2026-09-06 13:57:00,30.91,43.34,871.29,241,0.915,0.0,14.09
2026-09-06 13:58:00,31.01,43.8,893.03,357,0.45,0.0,14.09
2026-09-06 13:59:00,31.23,42.12,907.15,103,1.05,0.0,14.09
2026-09-06 14:00:00,31.37,41.63,922.41,175,1.02,0.0,14.09
2026-09-06 14:01:00,31.45,41.07,935.0,299,0.75,0.0,14.09
2026-09-06 14:02:00,31.57,40.9,939.19,309,0.9,0.0,14.09
2026-09-06 14:03:00,31.69,41.07,937.29,118,0.585,0.0,14.09
2026-09-06 14:04:00,31.76,40.29,947.59,36,1.095,0.0,14.09
2026-09-06 14:05:00,31.68,40.81,427.25,114,1.005,0.0,14.09
2026-09-06 14:06:00,31.55,42.15,589.0,208,0.57,0.0,14.09
2026-09-06 14:07:00,31.55,42.95,410.47,355,0.63,0.0,14.09
2026-09-06 14:08:00,31.52,43.32,331.88,103,0.69,0.0,14.09
2026-09-06 14:09:00,31.37,43.94,265.13,157,1.185,0.0,14.09
2026-09-06 14:10:00,31.21,44.48,242.62,24,0.645,0.0,14.09
2026-09-06 14:11:00,30.94,44.78,224.69,35,1.335,0.0,14.09
2026-09-06 14:12:00,30.7,45.4,211.34,76,1.155,0.0,14.09
2026-09-06 14:13:00,30.4,45.79,203.33,188,1.05,0.0,14.09
2026-09-06 14:14:00,30.21,46.4,198.37,128,0.84,0.0,14.09
2026-09-06 14:15:00,30.02,46.94,201.04,108,0.795,0.0,14.09
2026-09-06 14:16:00,29.89,47.11,207.9,6,0.66,0.0,14.09
2026-09-06 14:17:00,29.77,47.34,217.82,96,0.9,0.0,14.09
2026-09-06 14:18:00,29.65,47.77,231.94,89,0.945,0.0,14.09
2026-09-06 14:19:00,29.6,48.09,252.54,247,0.225,0.0,14.09
2026-09-06 14:20:00,29.57,48.57,288.4,138,0.705,0.0,14.09
2026-09-06 14:21:00,29.54,48.65,309.76,21,0.435,0.0,14.09
2026-09-06 14:22:00,29.57,48.64,350.58,64,0.42,0.0,14.09
2026-09-06 14:23:00,29.6,48.94,331.88,102,0.3,0.0,14.09
2026-09-06 14:24:00,29.73,49.38,300.98,71,0.54,0.0,14.09
2026-09-06 14:25:00,29.75,49.86,679.03,170,0.69,0.0,14.09
2026-09-06 14:26:00,29.99,49.65,807.97,124,0.585,0.0,14.09
2026-09-06 14:27:00,30.26,49.05,788.89,119,0.54,0.0,14.09
2026-09-06 14:28:00,30.46,47.61,773.25,0,0.69,0.0,14.09
2026-09-06 14:29:00,30.72,47.31,643.17,138,0.69,0.0,14.09
2026-09-06 14:30:00,30.86,45.43,745.4,226,0.795,0.0,14.09
2026-09-06 14:31:00,31.0,45.55,738.16,75,0.87,0.0,14.09
2026-09-06 14:32:00,31.1,43.95,735.1,314,0.855,0.0,14.09
2026-09-06 14:33:00,31.27,44.09,729.0,27,0.45,0.0,14.09
2026-09-06 14:34:00,31.42,43.02,730.14,126,0.825,0.0,14.09
2026-09-06 14:35:00,31.62,42.7,727.09,345,0.27,0.0,14.09
2026-09-06 14:36:00,31.79,42.62,728.62,65,0.345,0.0,14.09
2026-09-06 14:37:00,31.85,43.08,736.63,83,0.93,0.0,14.09
2026-09-06 14:38:00,31.88,42.6,744.26,258,0.855,0.0,14.09
2026-09-06 14:39:00,31.99,41.66,750.36,217,0.48,0.0,14.09
2026-09-06 14:40:00,32.16,41.44,746.17,279,0.51,0.0,14.09
2026-09-06 14:41:00,32.15,41.72,723.66,114,0.855,0.0,14.09
2026-09-06 14:42:00,32.1,41.67,729.0,17,1.05,0.0,14.09
2026-09-06 14:43:00,32.06,40.74,546.27,215,0.63,0.0,14.09
2026-09-06 14:44:00,32.03,39.93,766.38,130,0.765,0.0,14.09
2026-09-06 14:45:00,32.01,39.61,785.08,309,1.035,0.0,14.09
2026-09-06 14:46:00,31.92,39.48,801.1,311,0.81,0.0,14.09
2026-09-06 14:47:00,31.99,39.62,809.87,327,0.435,0.0,14.09
2026-09-06 14:48:00,32.13,38.3,387.58,25,1.035,0.0,14.09
2026-09-06 14:49:00,31.99,38.88,268.94,35,0.81,0.0,14.09
2026-09-06 14:50:00,31.78,38.84,244.14,164,1.02,0.0,14.09
2026-09-06 14:51:00,31.46,39.62,229.27,172,1.065,0.0,14.09
2026-09-06 14:52:00,31.14,40.26,228.5,324,0.93,0.0,14.09
2026-09-06 14:53:00,30.91,40.3,247.96,303,1.155,0.0,14.09
2026-09-06 14:54:00,30.62,40.98,267.8,286,1.155,0.0,14.09
2026-09-06 14:55:00,30.43,41.5,497.83,221,0.66,0.0,14.09
2026-09-06 14:56:00,30.46,41.9,608.45,89,0.915,0.0,14.09
2026-09-06 14:57:00,30.42,41.96,317.39,359,0.99,0.0,14.09
2026-09-06 14:58:00,30.43,42.49,426.11,23,0.78,0.0,14.09
2026-09-06 14:59:00,30.5,42.5,436.03,20,1.02,0.0,14.09
2026-09-06 15:00:00,30.54,42.71,448.23,335,0.525,0.0,14.09
2026-09-06 15:01:00,30.65,41.84,568.02,25,0.465,0.0,14.09
2026-09-06 15:02:00,30.74,41.9,310.9,11,0.435,0.0,14.09
2026-09-06 15:03:00,30.82,42.42,269.7,323,0.315,0.0,14.09
2026-09-06 15:04:00,30.84,43.26,262.46,353,0.525,0.0,14.09
2026-09-06 15:05:00,30.77,43.58,265.89,75,0.54,0.0,14.09
2026-09-06 15:06:00,30.62,44.01,273.9,45,1.17,0.0,14.09
2026-09-06 15:07:00,30.58,45.13,298.7,46,0.63,0.0,14.09
2026-09-06 15:08:00,30.42,45.88,452.43,52,1.665,0.0,14.09
2026-09-06 15:09:00,30.29,46.29,396.35,57,1.23,0.0,14.09
2026-09-06 15:10:00,30.29,46.76,795.0,103,0.6,0.0,14.09
2026-09-06 15:11:00,30.46,45.39,789.65,59,1.005,0.0,14.09
2026-09-06 15:12:00,30.52,45.25,614.94,135,2.205,0.0,14.09
2026-09-06 15:13:00,30.45,45.21,771.34,73,1.785,0.0,14.09
2026-09-06 15:14:00,30.46,45.22,298.7,145,2.055,0.0,14.09
2026-09-06 15:15:00,30.5,45.35,733.58,93,1.08,0.0,14.09
2026-09-06 15:16:00,30.58,44.45,711.45,165,1.38,0.0,14.09
2026-09-06 15:17:00,30.67,44.95,690.85,71,0.9,0.0,14.09
2026-09-06 15:18:00,30.73,45.18,163.27,95,1.35,0.0,14.09
2026-09-06 15:19:00,30.63,45.52,160.98,73,0.99,0.0,14.09
2026-09-06 15:20:00,30.5,45.72,169.76,0,0.51,0.0,13.91
2026-09-06 15:21:00,30.45,45.78,167.09,86,0.465,0.0,13.91
2026-09-06 15:22:00,30.22,45.99,190.74,229,1.425,0.0,14.09
2026-09-06 15:23:00,30.12,46.29,416.19,134,0.705,0.0,14.09
2026-09-06 15:24:00,30.04,46.16,301.75,164,1.095,0.0,14.09
2026-09-06 15:25:00,29.99,46.55,743.88,96,1.02,0.0,14.09
2026-09-06 15:26:00,30.09,46.75,748.46,96,1.08,0.0,14.09
2026-09-06 15:27:00,30.23,46.55,759.52,175,1.47,0.0,14.09
2026-09-06 15:28:00,30.45,45.93,765.62,99,0.63,0.0,14.09
2026-09-06 15:29:00,30.69,45.72,714.89,105,0.435,0.0,14.09
2026-09-06 15:30:00,31.0,45.32,338.37,84,0.48,0.0,14.09
2026-09-06 15:31:00,31.07,45.06,331.5,176,0.675,0.0,14.09
2026-09-06 15:32:00,31.1,45.44,763.33,139,0.57,0.0,14.09
2026-09-06 15:33:00,31.25,44.83,302.51,149,0.63,0.0,14.09
2026-09-06 15:34:00,31.28,44.2,627.53,355,0.975,0.0,14.09
2026-09-06 15:35:00,31.21,44.17,255.21,206,1.38,0.0,14.09
2026-09-06 15:36:00,31.07,44.01,239.19,132,1.26,0.0,14.09
2026-09-06 15:37:00,30.83,44.5,229.27,353,1.305,0.0,14.09
2026-09-06 15:38:00,30.61,44.62,247.2,354,1.02,0.0,14.09
2026-09-06 15:39:00,30.47,44.96,231.17,74,0.735,0.0,14.09
2026-09-06 15:40:00,30.36,44.3,550.47,204,1.125,0.0,14.09
2026-09-06 15:41:00,30.26,44.81,203.71,337,0.78,0.0,14.09
2026-09-06 15:42:00,30.19,45.61,243.76,177,1.125,0.0,14.09
2026-09-06 15:43:00,30.16,45.93,643.17,159,0.54,0.0,14.09
2026-09-06 15:44:00,30.31,45.89,628.29,20,0.975,0.0,14.09
2026-09-06 15:45:00,30.47,45.62,628.67,118,0.645,0.0,14.09
2026-09-06 15:46:00,30.54,44.76,628.29,104,1.86,0.0,14.09
2026-09-06 15:47:00,30.56,45.1,629.05,32,1.35,0.0,14.09
2026-09-06 15:48:00,30.67,44.65,624.86,312,0.84,0.0,14.09
2026-09-06 15:49:00,30.82,44.44,619.13,93,1.11,0.0,14.09
2026-09-06 15:50:00,30.94,44.35,598.15,303,0.555,0.0,14.09
2026-09-06 15:51:00,31.16,44.19,355.15,178,0.675,0.0,14.09
2026-09-06 15:52:00,31.14,43.84,221.64,67,1.545,0.0,14.09
2026-09-06 15:53:00,30.93,44.68,141.53,200,0.99,0.0,13.91
2026-09-06 15:54:00,30.7,45.56,131.61,131,0.96,0.0,13.91
2026-09-06 15:55:00,30.56,44.98,145.34,334,0.81,0.0,13.91
2026-09-06 15:56:00,30.42,45.16,280.38,211,0.615,0.0,14.09
2026-09-06 15:57:00,30.39,44.74,428.78,4,0.795,0.0,14.09
2026-09-06 15:58:00,30.43,45.17,536.35,257,0.51,0.0,14.09
2026-09-06 15:59:00,30.54,45.27,561.91,135,0.36,0.0,14.09
2026-09-06 16:00:00,30.65,44.77,569.54,27,1.29,0.0,14.09
2026-09-06 16:01:00,30.73,44.48,589.0,108,0.93,0.0,14.09
2026-09-06 16:02:00,30.82,44.27,609.98,130,1.065,0.0,14.09
2026-09-06 16:03:00,30.84,44.54,616.46,217,0.765,0.0,14.09
2026-09-06 16:04:00,30.91,43.86,654.99,86,1.08,0.0,14.09
2026-09-06 16:05:00,30.89,42.67,662.24,105,2.025,0.0,14.09
2026-09-06 16:06:00,30.76,43.13,649.65,206,1.89,0.0,14.09
2026-09-06 16:07:00,30.83,43.5,387.2,194,0.6,0.0,14.09
2026-09-06 16:08:00,30.82,44.17,310.14,63,0.63,0.0,14.09
2026-09-06 16:09:00,30.79,44.1,275.81,40,1.515,0.0,14.09
2026-09-06 16:10:00,30.73,43.96,233.84,178,1.02,0.0,14.09
2026-09-06 16:11:00,30.65,43.96,223.54,247,0.78,0.0,14.09
2026-09-06 16:12:00,30.5,44.18,220.87,328,0.81,0.0,14.09
2026-09-06 16:13:00,30.42,44.39,228.5,33,0.825,0.0,14.09
2026-09-06 16:14:00,30.33,44.36,252.92,84,1.35,0.0,14.09
2026-09-06 16:15:00,30.21,44.91,315.86,41,0.72,0.0,14.09
2026-09-06 16:16:00,30.18,45.2,223.54,30,0.825,0.0,14.09
2026-09-06 16:17:00,30.08,45.0,230.41,66,1.245,0.0,14.09
2026-09-06 16:18:00,29.94,45.08,204.09,103,1.275,0.0,14.09
2026-09-06 16:19:00,29.8,45.39,196.08,177,0.825,0.0,14.09
2026-09-06 16:20:00,29.7,45.94,188.45,52,0.975,0.0,14.09
2026-09-06 16:21:00,29.65,46.0,177.39,291,0.54,0.0,14.09
2026-09-06 16:22:00,29.6,46.11,167.09,59,0.87,0.0,14.09
2026-09-06 16:23:00,29.55,46.51,156.4,96,0.72,0.0,14.09
2026-09-06 16:24:00,29.5,46.66,145.72,54,0.99,0.0,13.91
2026-09-06 16:25:00,29.41,46.7,136.57,198,0.63,0.0,13.91
2026-09-06 16:26:00,29.33,46.41,127.79,191,0.495,0.0,13.91
2026-09-06 16:27:00,29.32,46.64,122.45,51,0.63,0.0,13.83
2026-09-06 16:28:00,29.27,46.55,119.02,342,0.54,0.0,13.83
2026-09-06 16:29:00,29.2,46.56,117.49,71,1.125,0.0,13.83
2026-09-06 16:30:00,29.09,46.76,120.16,88,1.14,0.0,13.91
2026-09-06 16:31:00,28.99,46.96,125.51,92,0.69,0.0,13.91
2026-09-06 16:32:00,28.89,47.08,138.09,348,0.93,0.0,14.09
2026-09-06 16:33:00,28.86,47.31,161.75,111,0.42,0.0,14.09
2026-09-06 16:34:00,28.82,47.32,361.64,194,0.825,0.0,14.09
2026-09-06 16:35:00,28.86,47.05,457.01,43,1.035,0.0,14.09
2026-09-06 16:36:00,28.95,47.11,253.3,78,1.11,0.0,14.09
2026-09-06 16:37:00,29.02,46.8,460.06,333,0.615,0.0,14.09
2026-09-06 16:38:00,29.23,46.75,453.57,170,0.585,0.0,14.09
2026-09-06 16:39:00,29.47,45.74,411.61,271,0.585,0.0,14.09
2026-09-06 16:40:00,29.65,45.46,269.7,262,0.495,0.0,14.09
2026-09-06 16:41:00,29.78,45.61,209.81,40,0.585,0.0,14.09
2026-09-06 16:42:00,29.75,45.76,249.1,122,0.345,0.0,14.09
2026-09-06 16:43:00,29.8,46.02,399.02,169,0.39,0.0,14.09
2026-09-06 16:44:00,29.92,46.14,239.19,63,0.315,0.0,14.09
2026-09-06 16:45:00,29.89,45.97,199.51,159,1.095,0.0,14.09
2026-09-06 16:46:00,29.8,46.44,193.79,61,0.585,0.0,14.09
2026-09-06 16:47:00,29.71,46.47,214.39,178,1.23,0.0,14.09
2026-09-06 16:48:00,29.58,46.33,195.7,224,0.855,0.0,14.09
2026-09-06 16:49:00,29.48,46.31,201.8,48,1.485,0.0,14.09
2026-09-06 16:50:00,29.41,46.47,352.1,328,0.945,0.0,14.09
2026-09-06 16:51:00,29.47,46.57,418.48,112,0.645,0.0,14.09
2026-09-06 16:52:00,29.58,46.18,250.25,130,0.465,0.0,14.09
2026-09-06 16:53:00,29.58,45.95,219.73,75,1.125,0.0,14.09
2026-09-06 16:54:00,29.44,45.93,195.7,73,2.31,0.0,14.09
2026-09-06 16:55:00,29.27,46.61,184.25,24,1.68,0.0,14.09
2026-09-06 16:56:00,29.17,46.95,184.25,313,1.005,0.0,14.09
2026-09-06 16:57:00,29.17,46.97,282.67,174,0.48,0.0,14.09
2026-09-06 16:58:00,29.27,47.04,339.89,37,0.495,0.0,14.09
2026-09-06 16:59:00,29.3,47.11,172.05,138,1.59,0.0,14.09
2026-09-06 17:00:00,29.27,47.66,160.98,342,0.93,0.0,14.09
2026-09-06 17:01:00,29.22,48.27,160.98,77,0.87,0.0,14.09
2026-09-06 17:02:00,29.17,48.22,157.17,72,0.39,0.0,14.09
2026-09-06 17:03:00,29.19,48.01,151.06,139,0.75,0.0,14.09
2026-09-06 17:04:00,29.1,47.91,138.48,125,1.155,0.0,13.91
2026-09-06 17:05:00,29.05,47.55,124.74,31,1.05,0.0,13.83
2026-09-06 17:06:00,28.97,47.64,118.26,85,1.05,0.0,13.79
2026-09-06 17:07:00,28.92,47.91,118.26,352,1.185,0.0,13.79
2026-09-06 17:08:00,28.86,48.18,193.79,328,1.545,0.0,13.79
2026-09-06 17:09:00,28.78,47.94,124.36,16,0.72,0.0,13.79
2026-09-06 17:10:00,28.72,47.97,102.24,95,1.545,0.0,13.79
2026-09-06 17:11:00,28.64,47.95,103.0,82,1.965,0.0,13.79
2026-09-06 17:12:00,28.58,48.1,104.14,176,1.26,0.0,13.79
2026-09-06 17:13:00,28.52,48.0,103.0,253,0.9,0.0,13.79
2026-09-06 17:14:00,28.48,48.44,112.54,62,1.2,0.0,13.79
2026-09-06 17:15:00,28.42,48.64,82.78,78,1.05,0.0,13.79
2026-09-06 17:16:00,28.39,48.95,76.3,35,0.735,0.0,13.79
2026-09-06 17:17:00,28.34,48.97,72.86,48,0.57,0.0,13.64
2026-09-06 17:18:00,28.34,48.77,70.95,3,0.66,0.0,13.64
2026-09-06 17:19:00,28.31,48.85,70.19,71,0.435,0.0,13.61
2026-09-06 17:20:00,28.3,49.3,69.43,83,0.645,0.0,13.57
2026-09-06 17:21:00,28.21,49.12,64.47,65,1.59,0.0,13.53
2026-09-06 17:22:00,28.15,49.45,62.18,59,1.2,0.0,13.53
2026-09-06 17:23:00,28.08,49.33,56.08,53,0.765,0.0,13.53
2026-09-06 17:24:00,28.05,49.37,56.08,276,0.66,0.0,13.53
2026-09-06 17:25:00,28.04,49.13,54.93,113,0.36,0.0,13.53
2026-09-06 17:26:00,28.03,49.03,64.47,237,0.675,0.0,13.61
2026-09-06 17:27:00,28.03,49.42,65.23,52,0.6,0.0,13.79
2026-09-06 17:28:00,28.01,49.31,57.6,23,0.69,0.0,13.79
2026-09-06 17:29:00,28.0,49.18,60.27,108,0.555,0.0,13.79
2026-09-06 17:30:00,28.01,49.78,62.56,91,0.87,0.0,13.79
2026-09-06 17:31:00,27.97,49.87,60.65,53,0.495,0.0,13.79
2026-09-06 17:32:00,27.94,50.01,59.89,85,0.69,0.0,13.79
2026-09-06 17:33:00,27.96,49.6,60.27,61,0.675,0.0,13.79
2026-09-06 17:34:00,27.96,49.19,60.27,84,0.39,0.0,13.79
2026-09-06 17:35:00,27.98,49.2,60.65,47,0.945,0.0,13.79
2026-09-06 17:36:00,28.0,48.97,62.18,27,0.42,0.0,13.79
2026-09-06 17:37:00,28.05,48.94,61.8,93,0.435,0.0,13.79
2026-09-06 17:38:00,28.1,49.13,51.5,99,0.24,0.0,13.79
2026-09-06 17:39:00,28.13,48.93,50.35,54,0.63,0.0,13.57
2026-09-06 17:40:00,28.1,48.53,49.59,202,1.35,0.0,13.53
2026-09-06 17:41:00,28.11,48.43,52.26,83,0.99,0.0,13.53
2026-09-06 17:42:00,28.05,48.83,58.37,215,0.585,0.0,13.53
2026-09-06 17:43:00,28.03,48.17,67.52,45,0.54,0.0,13.53
2026-09-06 17:44:00,28.01,48.08,73.24,328,0.57,0.0,13.57
2026-09-06 17:45:00,28.03,48.23,74.39,37,0.96,0.0,13.53
2026-09-06 17:46:00,28.04,48.42,78.2,47,0.63,0.0,13.57
2026-09-06 17:47:00,28.03,48.36,82.02,55,1.14,0.0,13.64
2026-09-06 17:48:00,28.04,48.44,78.97,328,0.645,0.0,13.79
2026-09-06 17:49:00,28.08,48.65,74.39,326,0.39,0.0,13.79
2026-09-06 17:50:00,28.11,48.82,67.9,52,0.36,0.0,13.79
2026-09-06 17:51:00,28.11,48.54,63.32,348,0.555,0.0,13.57
2026-09-06 17:52:00,28.14,49.1,57.98,48,0.525,0.0,13.53
2026-09-06 17:53:00,28.11,48.9,56.46,91,0.63,0.0,13.53
2026-09-06 17:54:00,28.11,48.84,59.13,316,0.63,0.0,13.53
2026-09-06 17:55:00,28.13,49.02,58.37,81,1.035,0.0,13.53
2026-09-06 17:56:00,28.08,49.31,56.84,122,0.645,0.0,13.53
2026-09-06 17:57:00,28.04,49.26,55.7,144,0.36,0.0,13.57
2026-09-06 17:58:00,28.08,49.62,51.5,65,0.345,0.0,13.53
2026-09-06 17:59:00,28.08,49.21,48.83,276,0.6,0.0,13.46
2026-09-06 18:00:00,28.05,49.29,51.5,61,0.87,0.0,13.46
2026-09-06 18:01:00,28.0,49.03,56.84,154,1.29,0.0,13.46
2026-09-06 18:02:00,27.94,48.96,63.32,90,0.93,0.0,13.53
2026-09-06 18:03:00,27.91,48.78,64.47,253,1.5,0.0,13.53
2026-09-06 18:04:00,27.88,48.96,62.56,31,0.765,0.0,13.57
2026-09-06 18:05:00,27.87,49.11,59.13,193,0.48,0.0,13.57
2026-09-06 18:06:00,27.87,49.12,55.7,144,0.75,0.0,13.53
2026-09-06 18:07:00,27.88,49.12,53.03,344,0.24,0.0,13.53
2026-09-06 18:08:00,27.87,49.28,50.35,87,0.51,0.0,13.46
2026-09-06 18:09:00,27.84,49.15,47.68,67,1.44,0.0,13.46
2026-09-06 18:10:00,27.79,49.22,45.01,137,1.515,0.0,13.46
2026-09-06 18:11:00,27.77,49.58,40.82,95,0.555,0.0,13.46
2026-09-06 18:12:00,27.74,49.71,36.24,94,1.065,0.0,13.46
2026-09-06 18:13:00,27.69,49.82,32.43,87,0.645,0.0,13.16
2026-09-06 18:14:00,27.66,49.78,30.52,154,1.17,0.0,13.16
2026-09-06 18:15:00,27.59,49.97,28.61,118,1.455,0.0,13.16
2026-09-06 18:16:00,27.54,50.25,27.85,92,0.9,0.0,13.16
2026-09-06 18:17:00,27.53,50.32,26.7,76,0.735,0.0,13.16
2026-09-06 18:18:00,27.49,50.17,24.8,91,0.765,0.0,13.16
2026-09-06 18:19:00,27.46,50.39,24.41,253,0.72,0.0,13.16
2026-09-06 18:20:00,27.45,50.42,23.27,328,0.555,0.0,13.16
2026-09-06 18:21:00,27.42,50.76,21.74,131,0.435,0.0,13.16
2026-09-06 18:22:00,27.39,50.87,19.84,48,0.63,0.0,13.16
2026-09-06 18:23:00,27.35,50.84,18.31,263,0.81,0.0,13.16
2026-09-06 18:24:00,27.32,50.56,16.78,103,0.72,0.0,13.16
2026-09-06 18:25:00,27.28,50.68,16.02,77,0.795,0.0,13.16
2026-09-06 18:26:00,27.24,50.71,15.64,80,0.63,0.0,13.16
2026-09-06 18:27:00,27.26,50.47,14.88,90,0.51,0.0,13.16
2026-09-06 18:28:00,27.24,50.57,14.88,328,0.735,0.0,13.16
2026-09-06 18:29:00,27.21,50.61,14.5,46,0.51,0.0,13.16
2026-09-06 18:30:00,27.16,50.91,13.73,108,0.915,0.0,13.16
2026-09-06 18:31:00,27.14,50.84,12.97,95,0.615,0.0,13.16
2026-09-06 18:32:00,27.12,51.12,12.21,46,0.54,0.0,13.16
2026-09-06 18:33:00,27.09,51.11,11.83,88,0.45,0.0,13.16
2026-09-06 18:34:00,27.05,51.42,11.44,76,0.585,0.0,13.16
2026-09-06 18:35:00,27.02,51.7,10.68,67,0.645,0.0,13.12
2026-09-06 18:36:00,26.98,51.72,10.3,67,0.51,0.0,13.12
2026-09-06 18:37:00,26.94,52.01,9.54,67,0.3,0.0,13.12
2026-09-06 18:38:00,26.91,52.0,9.16,100,0.33,0.0,13.08
2026-09-06 18:39:00,26.88,52.03,8.77,49,1.125,0.0,13.08
2026-09-06 18:40:00,26.82,52.07,8.39,312,1.095,0.0,13.08
2026-09-06 18:41:00,26.79,52.09,8.01,276,0.735,0.0,13.08
2026-09-06 18:42:00,26.75,52.21,7.63,43,1.515,0.0,13.04
2026-09-06 18:43:00,26.74,52.45,7.25,114,0.705,0.0,13.04
2026-09-06 18:44:00,26.71,52.48,6.49,73,0.69,0.0,13.04
2026-09-06 18:45:00,26.67,52.39,6.1,85,0.675,0.0,13.04
2026-09-06 18:46:00,26.7,52.04,5.72,80,0.75,0.0,13.04
2026-09-06 18:47:00,26.68,52.23,4.96,84,0.645,0.0,13.04
2026-09-06 18:48:00,26.7,52.39,4.96,120,0.54,0.0,13.04
2026-09-06 18:49:00,26.7,52.55,4.58,145,0.51,0.0,13.04
2026-09-06 18:50:00,26.67,52.63,3.81,91,0.585,0.0,13.04
2026-09-06 18:51:00,26.61,52.8,3.43,63,0.705,0.0,13.04
2026-09-06 18:52:00,26.6,52.96,3.05,83,0.435,0.0,13.04
2026-09-06 18:53:00,26.6,52.98,3.05,88,0.69,0.0,13.04
2026-09-06 18:54:00,26.52,53.03,3.05,97,0.645,0.0,13.04
2026-09-06 18:55:00,26.54,52.96,2.29,94,0.51,0.0,13.04
2026-09-06 18:56:00,26.52,53.04,2.29,168,0.735,0.0,13.04
2026-09-06 18:57:00,26.51,52.96,1.91,95,0.42,0.0,13.04
2026-09-06 18:58:00,26.51,53.09,1.91,103,0.915,0.0,13.04
2026-09-06 18:59:00,26.5,53.13,1.53,89,0.675,0.0,13.04
2026-09-06 19:00:00,26.47,53.14,0.76,164,0.675,0.0,13.04
2026-09-06 19:01:00,26.44,53.15,0.76,61,1.005,0.0,13.04
2026-09-06 19:02:00,26.44,53.22,0.76,93,0.66,0.0,13.04
2026-09-06 19:03:00,26.4,53.23,0.76,198,0.63,0.0,13.04
2026-09-06 19:04:00,26.38,53.29,0.0,78,0.24,0.0,13.04
2026-09-06 19:05:00,26.37,53.39,0.0,19,0.855,0.0,13.04
2026-09-06 19:06:00,26.36,53.28,0.0,39,0.36,0.0,13.04
2026-09-06 19:07:00,26.33,53.55,0.0,75,0.57,0.0,13.04
2026-09-06 19:08:00,26.26,53.54,0.0,56,1.23,0.0,13.04
2026-09-06 19:09:00,26.26,53.61,0.0,65,0.885,0.0,13.04
2026-09-06 19:10:00,26.26,53.69,0.0,105,0.795,0.0,13.04
2026-09-06 19:11:00,26.24,53.7,0.0,70,0.735,0.0,13.04
2026-09-06 19:12:00,26.21,53.55,0.0,59,1.2,0.0,13.04
2026-09-06 19:13:00,26.19,53.69,0.0,118,0.975,0.0,13.04
2026-09-06 19:14:00,26.19,53.83,0.0,63,1.035,0.0,13.04
2026-09-06 19:15:00,26.15,53.77,0.0,58,0.825,0.0,13.04
2026-09-06 19:16:00,26.09,53.91,0.0,51,0.885,0.0,13.04
2026-09-06 19:17:00,26.06,53.91,0.0,29,0.39,0.0,13.04
2026-09-06 19:18:00,26.03,53.94,0.0,74,0.87,0.0,13.04
2026-09-06 19:19:00,26.01,53.64,0.0,100,1.125,0.0,13.04
2026-09-06 19:20:00,25.99,53.82,0.0,101,0.975,0.0,13.04
2026-09-06 19:21:00,25.95,54.06,0.0,99,0.99,0.0,13.04
2026-09-06 19:22:00,25.92,54.04,0.0,88,0.42,0.0,13.04
2026-09-06 19:23:00,25.9,53.98,0.0,70,0.645,0.0,13.04
2026-09-06 19:24:00,25.88,53.96,0.0,82,0.915,0.0,13.04
2026-09-06 19:25:00,25.89,53.89,0.0,49,0.84,0.0,13.04
2026-09-06 19:26:00,25.86,53.89,0.0,55,0.72,0.0,13.04
2026-09-06 19:27:00,25.86,53.84,0.0,80,0.57,0.0,13.04
2026-09-06 19:28:00,25.82,53.97,0.0,59,0.57,0.0,13.04
2026-09-06 19:29:00,25.8,53.93,0.0,97,0.555,0.0,13.04
2026-09-06 19:30:00,25.8,54.0,0.0,115,0.585,0.0,13.04
2026-09-06 19:31:00,25.79,53.87,0.0,70,1.095,0.0,13.04
2026-09-06 19:32:00,25.78,53.88,0.0,89,1.035,0.0,13.04
2026-09-06 19:33:00,25.78,54.02,0.0,89,0.66,0.0,13.04
2026-09-06 19:34:00,25.76,54.12,0.0,115,0.99,0.0,13.04
2026-09-06 19:35:00,25.7,54.02,0.0,76,1.095,0.0,13.04
2026-09-06 19:36:00,25.69,54.05,0.0,36,1.275,0.0,13.04
2026-09-06 19:37:00,25.66,54.1,0.0,81,1.035,0.0,13.04
2026-09-06 19:38:00,25.65,54.23,0.0,101,1.17,0.0,13.04
2026-09-06 19:39:00,25.64,54.11,0.0,126,1.245,0.0,13.04
2026-09-06 19:40:00,25.61,53.98,0.0,99,0.975,0.0,13.04
2026-09-06 19:41:00,25.62,53.77,0.0,224,1.05,0.0,13.04
2026-09-06 19:42:00,25.65,53.81,0.0,82,0.99,0.0,13.04
2026-09-06 19:43:00,25.61,53.66,0.0,30,1.155,0.0,13.04
2026-09-06 19:44:00,25.56,53.84,0.0,79,0.78,0.0,13.04
2026-09-06 19:45:00,25.58,53.8,0.0,198,0.84,0.0,13.04
2026-09-06 19:46:00,25.55,53.6,0.0,53,1.2,0.0,13.04
2026-09-06 19:47:00,25.56,53.79,0.0,69,0.72,0.0,13.04
2026-09-06 19:48:00,25.52,53.78,0.0,94,0.915,0.0,13.04
2026-09-06 19:49:00,25.52,53.75,0.0,91,0.66,0.0,13.04
2026-09-06 19:50:00,25.49,53.44,0.0,21,0.735,0.0,13.04
2026-09-06 19:51:00,25.46,53.76,0.0,63,0.495,0.0,13.04
2026-09-06 19:52:00,25.46,53.69,0.0,65,0.78,0.0,13.04
2026-09-06 19:53:00,25.45,53.81,0.0,76,1.11,0.0,13.04
2026-09-06 19:54:00,25.44,53.87,0.0,61,0.435,0.0,13.04
2026-09-06 19:55:00,25.42,53.73,0.0,79,0.675,0.0,13.04
2026-09-06 19:56:00,25.38,53.68,0.0,98,0.51,0.0,13.04
2026-09-06 19:57:00,25.41,53.63,0.0,54,0.78,0.0,13.04
2026-09-06 19:58:00,25.37,53.46,0.0,100,0.6,0.0,13.04
2026-09-06 19:59:00,25.38,53.16,0.0,60,0.87,0.0,13.04
2026-09-06 20:00:00,25.39,53.34,0.0,106,0.45,0.0,13.04
2026-09-06 20:01:00,25.35,53.16,0.0,35,1.02,0.0,13.04
2026-09-06 20:02:00,25.38,53.26,0.0,98,0.96,0.0,13.04
2026-09-06 20:03:00,25.37,53.24,0.0,122,0.96,0.0,13.04
2026-09-06 20:04:00,25.37,53.22,0.0,68,0.84,0.0,13.04
2026-09-06 20:05:00,25.37,53.04,0.0,68,0.75,0.0,13.04
2026-09-06 20:06:00,25.38,53.14,0.0,90,0.66,0.0,13.04
2026-09-06 20:07:00,25.38,53.22,0.0,74,0.39,0.0,13.04
2026-09-06 20:08:00,25.35,53.15,0.0,100,0.645,0.0,13.04
2026-09-06 20:09:00,25.34,53.16,0.0,88,0.48,0.0,13.04
2026-09-06 20:10:00,25.34,53.18,0.0,87,0.87,0.0,13.04
2026-09-06 20:11:00,25.32,53.32,0.0,87,0.255,0.0,13.04
2026-09-06 20:12:00,25.31,53.26,0.0,97,0.645,0.0,13.04
2026-09-06 20:13:00,25.29,53.41,0.0,90,0.255,0.0,13.04
2026-09-06 20:14:00,25.27,53.46,0.0,90,0.075,0.0,13.04
2026-09-06 20:15:00,25.25,53.53,0.0,69,0.57,0.0,13.04
2026-09-06 20:16:00,25.17,53.67,0.0,69,0.345,0.0,13.04
2026-09-06 20:17:00,25.17,53.77,0.0,109,0.585,0.0,13.04
2026-09-06 20:18:00,25.11,53.83,0.0,99,0.87,0.0,13.04
2026-09-06 20:19:00,25.07,53.75,0.0,67,0.615,0.0,13.04
2026-09-06 20:20:00,25.08,53.95,0.0,86,0.6,0.0,13.04
2026-09-06 20:21:00,25.05,53.82,0.0,91,0.645,0.0,13.04
2026-09-06 20:22:00,25.07,53.67,0.0,102,1.125,0.0,13.04
2026-09-06 20:23:00,25.1,53.78,0.0,55,0.885,0.0,13.04
2026-09-06 20:24:00,25.08,53.72,0.0,62,0.63,0.0,13.04
2026-09-06 20:25:00,25.05,53.66,0.0,54,0.84,0.0,13.04
2026-09-06 20:26:00,25.07,53.72,0.0,32,0.42,0.0,13.04
2026-09-06 20:27:00,25.04,53.76,0.0,78,0.465,0.0,13.04
2026-09-06 20:28:00,25.04,53.79,0.0,63,0.435,0.0,13.04
2026-09-06 20:29:00,25.01,54.0,0.0,83,0.465,0.0,13.04
2026-09-06 20:30:00,24.97,54.11,0.0,82,0.825,0.0,13.04
2026-09-06 20:31:00,24.93,54.18,0.0,65,0.705,0.0,13.04
2026-09-06 20:32:00,24.93,54.19,0.0,121,0.495,0.0,13.04
2026-09-06 20:33:00,24.9,54.07,0.0,21,0.885,0.0,13.04
2026-09-06 20:34:00,24.87,54.21,0.0,78,0.525,0.0,13.04
2026-09-06 20:35:00,24.88,54.18,0.0,108,0.81,0.0,13.04
2026-09-06 20:36:00,24.84,54.36,0.0,118,0.165,0.0,13.04
2026-09-06 20:37:00,24.83,54.26,0.0,236,0.45,0.0,13.04
2026-09-06 20:38:00,24.83,54.37,0.0,27,0.57,0.0,13.04
2026-09-06 20:39:00,24.83,54.59,0.0,112,0.735,0.0,13.04
2026-09-06 20:40:00,24.81,54.52,0.0,69,0.435,0.0,13.04
2026-09-06 20:41:00,24.77,54.57,0.0,81,0.81,0.0,13.04
2026-09-06 20:42:00,24.74,54.73,0.0,69,0.48,0.0,13.04
2026-09-06 20:43:00,24.73,54.83,0.0,30,0.525,0.0,13.04
2026-09-06 20:44:00,24.7,54.9,0.0,38,0.555,0.0,13.04
2026-09-06 20:45:00,24.7,54.89,0.0,58,0.21,0.0,13.04
2026-09-06 20:46:00,24.69,55.03,0.0,72,0.27,0.0,13.04
2026-09-06 20:47:00,24.7,55.19,0.0,66,0.81,0.0,13.04
2026-09-06 20:48:00,24.64,55.33,0.0,68,0.69,0.0,13.04
2026-09-06 20:49:00,24.57,55.4,0.0,95,0.81,0.0,13.04
2026-09-06 20:50:00,24.56,55.5,0.0,78,0.375,0.0,13.04
2026-09-06 20:51:00,24.53,55.74,0.0,343,0.57,0.0,13.04
2026-09-06 20:52:00,24.47,55.94,0.0,37,0.255,0.0,13.04
2026-09-06 20:53:00,24.43,56.09,0.0,58,0.33,0.0,13.04
2026-09-06 20:54:00,24.43,56.3,0.0,83,0.495,0.0,13.04
2026-09-06 20:55:00,24.43,56.37,0.0,47,0.24,0.0,13.04
2026-09-06 20:56:00,24.42,56.53,0.0,64,0.24,0.0,13.04
2026-09-06 20:57:00,24.38,56.66,0.0,64,0.03,0.0,13.04
2026-09-06 20:58:00,24.36,56.86,0.0,64,0.045,0.0,13.04
2026-09-06 20:59:00,24.35,56.98,0.0,76,0.405,0.0,13.04
2026-09-06 21:00:00,24.32,57.2,0.0,71,0.765,0.0,13.04
2026-09-06 21:01:00,24.29,57.29,0.0,84,0.705,0.0,13.04
2026-09-06 21:02:00,24.25,57.59,0.0,72,0.825,0.0,13.04
2026-09-06 21:03:00,24.23,57.69,0.0,78,0.345,0.0,13.04
2026-09-06 21:04:00,24.2,57.83,0.0,74,0.51,0.0,13.04
2026-09-06 21:05:00,24.15,57.87,0.0,73,0.84,0.0,13.04
2026-09-06 21:06:00,24.13,58.12,0.0,72,0.435,0.0,13.04
2026-09-06 21:07:00,24.11,58.12,0.0,43,0.27,0.0,13.04
2026-09-06 21:08:00,24.09,58.32,0.0,92,0.27,0.0,13.04
2026-09-06 21:09:00,24.03,58.38,0.0,45,0.54,0.0,13.04
2026-09-06 21:10:00,23.99,58.59,0.0,64,0.555,0.0,13.04
2026-09-06 21:11:00,23.95,58.77,0.0,61,0.36,0.0,13.04
2026-09-06 21:12:00,23.89,58.94,0.0,61,0.06,0.0,13.04
2026-09-06 21:13:00,23.85,58.98,0.0,61,0.105,0.0,13.04
2026-09-06 21:14:00,23.82,59.15,0.0,76,0.135,0.0,13.04
2026-09-06 21:15:00,23.78,59.39,0.0,90,0.555,0.0,13.04
2026-09-06 21:16:00,23.78,59.6,0.0,90,0.285,0.0,13.04
2026-09-06 21:17:00,23.78,59.67,0.0,107,0.45,0.0,13.04
2026-09-06 21:18:00,23.78,59.86,0.0,107,0.315,0.0,13.04
2026-09-06 21:19:00,23.77,59.55,0.0,71,1.035,0.0,13.04
2026-09-06 21:20:00,23.78,59.65,0.0,90,0.6,0.0,13.04
2026-09-06 21:21:00,23.75,59.82,0.0,66,0.21,0.0,13.04
2026-09-06 21:22:00,23.71,59.79,0.0,62,0.225,0.0,13.04
2026-09-06 21:23:00,23.68,59.93,0.0,62,0.075,0.0,13.04
2026-09-06 21:24:00,23.62,59.97,0.0,62,0.075,0.0,13.04
2026-09-06 21:25:00,23.62,60.14,0.0,62,0.03,0.0,13.04
2026-09-06 21:26:00,23.6,60.32,0.0,62,0.015,0.0,13.04
2026-09-06 21:27:00,23.6,60.61,0.0,62,0.0,0.0,13.04
2026-09-06 21:28:00,23.58,60.67,0.0,62,0.135,0.0,13.04
2026-09-06 21:29:00,23.58,60.74,0.0,62,0.075,0.0,13.04
2026-09-06 21:30:00,23.58,60.56,0.0,62,0.105,0.0,13.04
2026-09-06 21:31:00,23.57,60.19,0.0,97,0.555,0.0,13.04
2026-09-06 21:32:00,23.57,59.99,0.0,64,0.75,0.0,13.04
2026-09-06 21:33:00,23.54,60.26,0.0,77,0.555,0.0,13.04
2026-09-06 21:34:00,23.52,60.21,0.0,77,0.18,0.0,13.04
2026-09-06 21:35:00,23.5,59.87,0.0,77,0.435,0.0,13.04
2026-09-06 21:36:00,23.44,59.97,0.0,77,0.525,0.0,13.04
2026-09-06 21:37:00,23.45,60.19,0.0,65,0.78,0.0,13.04
2026-09-06 21:38:00,23.42,60.33,0.0,56,0.885,0.0,13.04
2026-09-06 21:39:00,23.42,60.45,0.0,66,0.645,0.0,13.04
2026-09-06 21:40:00,23.4,60.49,0.0,65,0.57,0.0,13.04
2026-09-06 21:41:00,23.34,60.58,0.0,62,0.735,0.0,13.04
2026-09-06 21:42:00,23.33,60.74,0.0,58,0.525,0.0,13.04
2026-09-06 21:43:00,23.29,61.02,0.0,61,0.195,0.0,13.04
2026-09-06 21:44:00,23.23,60.96,0.0,61,0.015,0.0,13.04
2026-09-06 21:45:00,23.23,61.13,0.0,70,0.06,0.0,13.04
2026-09-06 21:46:00,23.21,61.44,0.0,70,0.15,0.0,13.04
2026-09-06 21:47:00,23.24,61.34,0.0,70,0.0,0.0,13.04
2026-09-06 21:48:00,23.23,61.38,0.0,70,0.105,0.0,13.04
2026-09-06 21:49:00,23.23,61.59,0.0,70,0.12,0.0,13.04
2026-09-06 21:50:00,23.23,61.72,0.0,70,0.09,0.0,13.04
2026-09-06 21:51:00,23.21,61.28,0.0,84,0.405,0.0,13.04
2026-09-06 21:52:00,23.21,61.61,0.0,51,0.78,0.0,13.04
2026-09-06 21:53:00,23.17,61.59,0.0,54,0.24,0.0,13.04
2026-09-06 21:54:00,23.13,61.28,0.0,67,0.33,0.0,13.04
2026-09-06 21:55:00,23.1,61.17,0.0,60,0.57,0.0,13.04
2026-09-06 21:56:00,23.07,61.45,0.0,60,0.27,0.0,13.04
2026-09-06 21:57:00,23.04,61.7,0.0,60,0.12,0.0,13.04
2026-09-06 21:58:00,23.04,62.25,0.0,65,0.405,0.0,13.04
2026-09-06 21:59:00,22.99,62.04,0.0,66,0.84,0.0,13.04
2026-09-06 22:00:00,22.96,62.31,0.0,76,0.72,0.0,13.04
2026-09-06 22:01:00,22.93,62.45,0.0,62,0.465,0.0,13.04
2026-09-06 22:02:00,22.92,62.48,0.0,62,0.06,0.0,13.04
2026-09-06 22:03:00,22.87,62.81,0.0,62,0.135,0.0,13.04
2026-09-06 22:04:00,22.86,63.1,0.0,62,0.045,0.0,13.04
2026-09-06 22:05:00,22.82,62.81,0.0,62,0.36,0.0,13.04
2026-09-06 22:06:00,22.79,63.03,0.0,62,0.165,0.0,13.04
2026-09-06 22:07:00,22.78,62.94,0.0,83,0.24,0.0,13.01
2026-09-06 22:08:00,22.79,62.75,0.0,78,0.525,0.0,13.04
2026-09-06 22:09:00,22.78,62.82,0.0,77,0.495,0.0,13.04
2026-09-06 22:10:00,22.76,63.07,0.0,74,0.6,0.0,13.01
2026-09-06 22:11:00,22.72,62.88,0.0,68,0.435,0.0,13.01
2026-09-06 22:12:00,22.75,63.25,0.0,76,0.465,0.0,13.01
2026-09-06 22:13:00,22.7,63.54,0.0,76,0.24,0.0,13.01
2026-09-06 22:14:00,22.7,63.79,0.0,76,0.105,0.0,13.01
2026-09-06 22:15:00,22.72,63.97,0.0,76,0.09,0.0,13.04
2026-09-06 22:16:00,22.68,64.14,0.0,55,0.51,0.0,13.01
2026-09-06 22:17:00,22.66,64.2,0.0,69,0.615,0.0,13.01
2026-09-06 22:18:00,22.61,64.42,0.0,50,0.45,0.0,13.01
2026-09-06 22:19:00,22.55,64.41,0.0,50,0.15,0.0,13.04
2026-09-06 22:20:00,22.49,64.34,0.0,50,0.105,0.0,13.01
2026-09-06 22:21:00,22.49,64.23,0.0,50,0.06,0.0,13.01
2026-09-06 22:22:00,22.49,63.92,0.0,50,0.075,0.0,13.01
2026-09-06 22:23:00,22.52,64.03,0.0,50,0.03,0.0,12.97
2026-09-06 22:24:00,22.52,64.07,0.0,50,0.24,0.0,13.01
2026-09-06 22:25:00,22.51,63.93,0.0,62,0.57,0.0,12.97
2026-09-06 22:26:00,22.51,64.04,0.0,87,0.78,0.0,12.97
2026-09-06 22:27:00,22.52,64.11,0.0,66,0.495,0.0,13.01
2026-09-06 22:28:00,22.53,64.32,0.0,94,0.57,0.0,13.01
2026-09-06 22:29:00,22.53,64.17,0.0,90,0.495,0.0,13.01
2026-09-06 22:30:00,22.49,64.2,0.0,80,0.6,0.0,13.01
2026-09-06 22:31:00,22.51,64.29,0.0,79,0.75,0.0,12.97
2026-09-06 22:32:00,22.46,64.67,0.0,75,0.825,0.0,12.97
2026-09-06 22:33:00,22.45,64.88,0.0,60,0.6,0.0,13.01
2026-09-06 22:34:00,22.43,65.15,0.0,72,0.72,0.0,13.01
2026-09-06 22:35:00,22.42,65.38,0.0,72,0.135,0.0,12.97
2026-09-06 22:36:00,22.41,65.49,0.0,72,0.09,0.0,12.97
2026-09-06 22:37:00,22.38,65.54,0.0,72,0.045,0.0,13.01
2026-09-06 22:38:00,22.35,65.32,0.0,72,0.105,0.0,12.97
2026-09-06 22:39:00,22.35,65.46,0.0,72,0.27,0.0,12.97
2026-09-06 22:40:00,22.31,64.94,0.0,69,0.615,0.0,12.97
2026-09-06 22:41:00,22.32,64.59,0.0,82,0.51,0.0,12.97
2026-09-06 22:42:00,22.34,64.8,0.0,82,0.57,0.0,12.97
2026-09-06 22:43:00,22.35,65.08,0.0,82,0.24,0.0,12.97
2026-09-06 22:44:00,22.35,65.0,0.0,57,0.72,0.0,12.97
2026-09-06 22:45:00,22.34,65.12,0.0,66,0.735,0.0,12.97
2026-09-06 22:46:00,22.32,65.03,0.0,67,0.81,0.0,12.97
2026-09-06 22:47:00,22.29,65.16,0.0,79,0.345,0.0,12.97
2026-09-06 22:48:00,22.28,65.22,0.0,79,0.135,0.0,12.97
2026-09-06 22:49:00,22.25,65.02,0.0,63,0.555,0.0,12.97
2026-09-06 22:50:00,22.22,65.09,0.0,93,0.39,0.0,12.97
2026-09-06 22:51:00,22.21,65.12,0.0,60,0.525,0.0,12.97
2026-09-06 22:52:00,22.22,65.19,0.0,69,0.54,0.0,12.97
2026-09-06 22:53:00,22.2,65.49,0.0,64,0.75,0.0,12.97
2026-09-06 22:54:00,22.2,65.6,0.0,101,0.81,0.0,12.97
2026-09-06 22:55:00,22.17,65.77,0.0,102,0.255,0.0,12.97
2026-09-06 22:56:00,22.15,65.85,0.0,105,0.075,0.0,12.97
2026-09-06 22:57:00,22.15,65.62,0.0,77,0.48,0.0,12.97
2026-09-06 22:58:00,22.12,65.67,0.0,56,0.33,0.0,12.97
2026-09-06 22:59:00,22.14,65.78,0.0,77,0.51,0.0,12.97
2026-09-06 23:00:00,22.11,65.98,0.0,64,0.405,0.0,12.97
2026-09-06 23:01:00,22.08,66.15,0.0,72,0.57,0.0,12.97
2026-09-06 23:02:00,22.1,66.05,0.0,72,0.075,0.0,12.97
2026-09-06 23:03:00,22.07,66.3,0.0,72,0.195,0.0,12.97
2026-09-06 23:04:00,22.02,66.1,0.0,68,0.585,0.0,12.97
2026-09-06 23:05:00,22.01,65.98,0.0,64,0.54,0.0,12.97
2026-09-06 23:06:00,22.0,65.84,0.0,75,0.645,0.0,12.97
2026-09-06 23:07:00,22.0,65.82,0.0,85,0.72,0.0,12.97
2026-09-06 23:08:00,22.01,66.06,0.0,85,0.42,0.0,12.97
2026-09-06 23:09:00,22.01,66.29,0.0,69,0.735,0.0,12.97
2026-09-06 23:10:00,21.95,66.42,0.0,78,1.005,0.0,12.97
2026-09-06 23:11:00,21.94,66.55,0.0,82,0.885,0.0,12.93
2026-09-06 23:12:00,21.94,66.72,0.0,66,0.765,0.0,12.93
2026-09-06 23:13:00,21.9,66.77,0.0,59,1.02,0.0,12.97
2026-09-06 23:14:00,21.85,66.87,0.0,54,0.87,0.0,12.97
2026-09-06 23:15:00,21.84,67.0,0.0,59,0.765,0.0,12.93
2026-09-06 23:16:00,21.81,67.2,0.0,79,0.63,0.0,12.93
2026-09-06 23:17:00,21.78,67.28,0.0,62,0.345,0.0,12.93
2026-09-06 23:18:00,21.8,67.25,0.0,62,0.285,0.0,12.93
2026-09-06 23:19:00,21.77,67.1,0.0,47,1.02,0.0,12.93
2026-09-06 23:20:00,21.76,67.2,0.0,80,0.78,0.0,12.93
2026-09-06 23:21:00,21.73,67.25,0.0,67,0.555,0.0,12.93
2026-09-06 23:22:00,21.71,67.28,0.0,85,0.795,0.0,12.93
2026-09-06 23:23:00,21.71,67.29,0.0,76,0.78,0.0,12.93
2026-09-06 23:24:00,21.7,67.3,0.0,57,0.735,0.0,12.93
2026-09-06 23:25:00,21.73,67.23,0.0,93,0.615,0.0,12.93
2026-09-06 23:26:00,21.71,67.34,0.0,63,0.645,0.0,12.93
2026-09-06 23:27:00,21.7,67.39,0.0,68,0.54,0.0,12.93
2026-09-06 23:28:00,21.69,67.66,0.0,86,0.225,0.0,12.93
2026-09-06 23:29:00,21.69,67.03,0.0,70,0.405,0.0,12.93
2026-09-06 23:30:00,21.71,66.6,0.0,42,0.855,0.0,12.93
2026-09-06 23:31:00,21.73,66.7,0.0,339,0.33,0.0,12.93
2026-09-06 23:32:00,21.74,66.72,0.0,66,0.39,0.0,12.93
2026-09-06 23:33:00,21.7,66.83,0.0,72,0.57,0.0,12.93
2026-09-06 23:34:00,21.71,66.74,0.0,72,0.0,0.0,12.93
2026-09-06 23:35:00,21.7,66.56,0.0,137,0.735,0.0,12.93
2026-09-06 23:36:00,21.73,66.32,0.0,137,0.165,0.0,12.93
2026-09-06 23:37:00,21.76,65.89,0.0,303,0.315,0.0,12.93
2026-09-06 23:38:00,21.8,65.12,0.0,19,0.21,0.0,12.93
2026-09-06 23:39:00,21.85,65.0,0.0,45,0.48,0.0,12.93
2026-09-06 23:40:00,21.91,65.02,0.0,4,0.225,0.0,12.93
2026-09-06 23:41:00,21.94,65.07,0.0,35,0.165,0.0,12.93
2026-09-06 23:42:00,21.95,64.98,0.0,35,0.105,0.0,12.93
2026-09-06 23:43:00,22.01,64.75,0.0,35,0.255,0.0,12.93
2026-09-06 23:44:00,22.01,64.37,0.0,63,0.6,0.0,12.93
2026-09-06 23:45:00,22.04,64.34,0.0,66,0.33,0.0,12.93
2026-09-06 23:46:00,22.01,64.19,0.0,69,0.105,0.0,12.93
2026-09-06 23:47:00,22.02,64.2,0.0,77,0.315,0.0,12.93
2026-09-06 23:48:00,22.0,64.22,0.0,84,0.6,0.0,12.93
2026-09-06 23:49:00,21.98,64.25,0.0,85,0.165,0.0,12.93
2026-09-06 23:50:00,21.98,64.42,0.0,48,0.24,0.0,12.93
2026-09-06 23:51:00,21.98,64.45,0.0,48,0.0,0.0,12.93
2026-09-06 23:52:00,21.95,64.82,0.0,48,0.03,0.0,12.93
2026-09-06 23:53:00,21.95,64.67,0.0,48,0.09,0.0,12.93
2026-09-06 23:54:00,21.92,64.64,0.0,48,0.285,0.0,12.93
2026-09-06 23:55:00,21.87,64.81,0.0,64,0.27,0.0,12.93
2026-09-06 23:56:00,21.84,64.85,0.0,67,0.03,0.0,12.93
2026-09-06 23:57:00,21.85,65.12,0.0,67,0.045,0.0,12.93
2026-09-06 23:58:00,21.81,64.97,0.0,67,0.03,0.0,12.93
2026-09-06 23:59:00,21.83,64.9,0.0,67,0.09,0.0,12.93
2026-09-07 00:00:00,21.8,64.85,0.0,58,0.105,0.0,12.93
2026-09-07 00:01:00,21.8,64.95,0.0,58,0.345,0.0,12.93
2026-09-07 00:02:00,21.78,64.95,0.0,58,0.225,0.0,12.93
2026-09-07 00:03:00,21.77,65.19,0.0,58,0.24,0.0,12.93
2026-09-07 00:04:00,21.76,64.99,0.0,58,0.315,0.0,12.93
2026-09-07 00:05:00,21.74,64.71,0.0,58,0.195,0.0,12.93
2026-09-07 00:06:00,21.73,65.14,0.0,58,0.195,0.0,12.93
2026-09-07 00:07:00,21.73,64.87,0.0,58,0.15,0.0,12.93
2026-09-07 00:08:00,21.73,64.83,0.0,58,0.24,0.0,12.93
2026-09-07 00:09:00,21.74,64.84,0.0,58,0.24,0.0,12.93
2026-09-07 00:10:00,21.77,64.84,0.0,58,0.075,0.0,12.93
2026-09-07 00:11:00,21.77,64.8,0.0,59,0.18,0.0,12.93
2026-09-07 00:12:00,21.77,64.74,0.0,59,0.18,0.0,12.93
2026-09-07 00:13:00,21.77,64.85,0.0,59,0.105,0.0,12.93
2026-09-07 00:14:00,21.78,65.21,0.0,59,0.21,0.0,12.93
2026-09-07 00:15:00,21.73,65.11,0.0,59,0.165,0.0,12.93
2026-09-07 00:16:00,21.71,65.03,0.0,59,0.255,0.0,12.93
2026-09-07 00:17:00,21.7,65.1,0.0,59,0.15,0.0,12.93
2026-09-07 00:18:00,21.71,65.31,0.0,59,0.165,0.0,12.93
2026-09-07 00:19:00,21.69,65.37,0.0,59,0.435,0.0,12.93
2026-09-07 00:20:00,21.64,65.56,0.0,65,0.21,0.0,12.93
2026-09-07 00:21:00,21.63,65.51,0.0,65,0.045,0.0,12.93
2026-09-07 00:22:00,21.61,65.61,0.0,65,0.12,0.0,12.93
2026-09-07 00:23:00,21.6,65.62,0.0,65,0.225,0.0,12.93
2026-09-07 00:24:00,21.59,65.82,0.0,49,0.405,0.0,12.93
2026-09-07 00:25:00,21.59,65.78,0.0,49,0.24,0.0,12.93
2026-09-07 00:26:00,21.56,65.98,0.0,49,0.39,0.0,12.93
2026-09-07 00:27:00,21.5,65.87,0.0,49,0.39,0.0,12.93
2026-09-07 00:28:00,21.5,66.13,0.0,49,0.39,0.0,12.93
2026-09-07 00:29:00,21.49,66.15,0.0,49,0.3,0.0,12.93
2026-09-07 00:30:00,21.49,66.39,0.0,49,0.135,0.0,12.93
2026-09-07 00:31:00,21.47,66.54,0.0,49,0.345,0.0,12.93
2026-09-07 00:32:00,21.46,66.65,0.0,49,0.3,0.0,12.93
2026-09-07 00:33:00,21.42,66.77,0.0,74,0.39,0.0,12.93
2026-09-07 00:34:00,21.37,66.87,0.0,74,0.285,0.0,12.93
2026-09-07 00:35:00,21.36,67.01,0.0,74,0.405,0.0,12.93
2026-09-07 00:36:00,21.29,67.44,0.0,74,0.09,0.0,12.93
2026-09-07 00:37:00,21.19,67.56,0.0,74,0.225,0.0,12.93
2026-09-07 00:38:00,21.18,67.48,0.0,74,0.435,0.0,12.93
2026-09-07 00:39:00,21.13,67.61,0.0,74,0.105,0.0,12.93
2026-09-07 00:40:00,21.15,67.79,0.0,74,0.015,0.0,12.93
2026-09-07 00:41:00,21.12,67.72,0.0,74,0.105,0.0,12.93
2026-09-07 00:42:00,21.13,67.61,0.0,74,0.045,0.0,12.93
2026-09-07 00:43:00,21.13,67.56,0.0,68,0.3,0.0,12.93
2026-09-07 00:44:00,21.15,67.73,0.0,68,0.045,0.0,12.93
2026-09-07 00:45:00,21.16,67.84,0.0,63,0.045,0.0,12.93
2026-09-07 00:46:00,21.15,67.96,0.0,63,0.0,0.0,12.93
2026-09-07 00:47:00,21.18,67.85,0.0,63,0.015,0.0,12.93
2026-09-07 00:48:00,21.19,67.62,0.0,76,0.195,0.0,12.93
2026-09-07 00:49:00,21.23,67.35,0.0,76,0.03,0.0,12.93
2026-09-07 00:50:00,21.29,67.1,0.0,76,0.15,0.0,12.93
2026-09-07 00:51:00,21.34,67.66,0.0,76,0.015,0.0,12.93
2026-09-07 00:52:00,21.37,67.63,0.0,76,0.045,0.0,12.93
2026-09-07 00:53:00,21.39,67.98,0.0,76,0.015,0.0,12.93
2026-09-07 00:54:00,21.42,68.05,0.0,76,0.045,0.0,12.93
2026-09-07 00:55:00,21.4,68.06,0.0,76,0.03,0.0,12.93
2026-09-07 00:56:00,21.43,68.33,0.0,76,0.015,0.0,12.93
2026-09-07 00:57:00,21.39,68.34,0.0,76,0.075,0.0,12.93
2026-09-07 00:58:00,21.39,68.61,0.0,76,0.03,0.0,12.93
2026-09-07 00:59:00,21.34,68.81,0.0,76,0.015,0.0,12.93
2026-09-07 01:00:00,21.3,69.08,0.0,76,0.0,0.0,12.93
2026-09-07 01:01:00,21.29,69.32,0.0,76,0.0,0.0,12.93
2026-09-07 01:02:00,21.26,69.47,0.0,76,0.0,0.0,12.93
2026-09-07 01:03:00,21.26,69.85,0.0,76,0.015,0.0,12.93
2026-09-07 01:04:00,21.23,69.81,0.0,76,0.0,0.0,12.93
2026-09-07 01:05:00,21.26,69.93,0.0,76,0.03,0.0,12.93
2026-09-07 01:06:00,21.23,70.05,0.0,76,0.0,0.0,12.93
2026-09-07 01:07:00,21.21,70.11,0.0,76,0.0,0.0,12.93
2026-09-07 01:08:00,21.18,70.18,0.0,76,0.0,0.0,12.93
2026-09-07 01:09:00,21.15,70.28,0.0,76,0.0,0.0,12.93
2026-09-07 01:10:00,21.15,70.48,0.0,76,0.0,0.0,12.93
2026-09-07 01:11:00,21.09,70.59,0.0,76,0.0,0.0,12.93
2026-09-07 01:12:00,21.09,70.84,0.0,76,0.0,0.0,12.93
2026-09-07 01:13:00,21.05,70.89,0.0,76,0.0,0.0,12.93
2026-09-07 01:14:00,21.02,70.86,0.0,76,0.0,0.0,12.93
2026-09-07 01:15:00,21.01,71.1,0.0,76,0.015,0.0,12.93
2026-09-07 01:16:00,20.96,71.16,0.0,76,0.0,0.0,12.93
2026-09-07 01:17:00,20.95,71.35,0.0,76,0.0,0.0,12.93
2026-09-07 01:18:00,20.91,71.36,0.0,76,0.0,0.0,12.93
2026-09-07 01:19:00,20.91,71.54,0.0,76,0.0,0.0,12.93
2026-09-07 01:20:00,20.83,71.69,0.0,76,0.0,0.0,12.93
2026-09-07 01:21:00,20.82,71.81,0.0,76,0.015,0.0,12.93
2026-09-07 01:22:00,20.79,71.97,0.0,76,0.015,0.0,12.93
2026-09-07 01:23:00,20.78,72.09,0.0,76,0.0,0.0,12.93
2026-09-07 01:24:00,20.76,72.24,0.0,76,0.0,0.0,12.93
2026-09-07 01:25:00,20.79,72.43,0.0,76,0.0,0.0,12.89
2026-09-07 01:26:00,20.78,72.54,0.0,76,0.0,0.0,12.93
2026-09-07 01:27:00,20.76,72.62,0.0,76,0.0,0.0,12.93
2026-09-07 01:28:00,20.75,72.55,0.0,76,0.015,0.0,12.93
2026-09-07 01:29:00,20.78,72.54,0.0,76,0.0,0.0,12.93
2026-09-07 01:30:00,20.78,72.23,0.0,76,0.0,0.0,12.93
2026-09-07 01:31:00,20.78,72.25,0.0,76,0.135,0.0,12.93
2026-09-07 01:32:00,20.81,72.12,0.0,76,0.135,0.0,12.93
2026-09-07 01:33:00,20.81,72.09,0.0,76,0.06,0.0,12.89
2026-09-07 01:34:00,20.85,72.16,0.0,76,0.0,0.0,12.93
2026-09-07 01:35:00,20.83,72.2,0.0,76,0.0,0.0,12.89
2026-09-07 01:36:00,20.86,72.14,0.0,76,0.0,0.0,12.93
2026-09-07 01:37:00,20.89,72.04,0.0,76,0.105,0.0,12.89
2026-09-07 01:38:00,20.88,71.91,0.0,76,0.03,0.0,12.93
2026-09-07 01:39:00,20.88,71.9,0.0,76,0.015,0.0,12.89
2026-09-07 01:40:00,20.93,71.91,0.0,76,0.0,0.0,12.89
2026-09-07 01:41:00,20.92,72.12,0.0,76,0.0,0.0,12.89
2026-09-07 01:42:00,20.93,72.09,0.0,76,0.0,0.0,12.89
2026-09-07 01:43:00,20.93,72.01,0.0,76,0.0,0.0,12.89
2026-09-07 01:44:00,20.92,72.15,0.0,76,0.0,0.0,12.89
2026-09-07 01:45:00,20.88,72.28,0.0,76,0.0,0.0,12.89
2026-09-07 01:46:00,20.86,72.41,0.0,76,0.0,0.0,12.89
2026-09-07 01:47:00,20.81,72.43,0.0,76,0.06,0.0,12.89
2026-09-07 01:48:00,20.78,72.57,0.0,76,0.06,0.0,12.89
2026-09-07 01:49:00,20.76,72.76,0.0,76,0.0,0.0,12.89
2026-09-07 01:50:00,20.68,72.92,0.0,76,0.045,0.0,12.89
2026-09-07 01:51:00,20.65,73.22,0.0,76,0.0,0.0,12.89
2026-09-07 01:52:00,20.61,73.44,0.0,76,0.0,0.0,12.89
2026-09-07 01:53:00,20.6,73.66,0.0,76,0.0,0.0,12.89
2026-09-07 01:54:00,20.61,73.89,0.0,76,0.0,0.0,12.89
2026-09-07 01:55:00,20.56,74.05,0.0,76,0.0,0.0,12.89
2026-09-07 01:56:00,20.54,73.89,0.0,76,0.0,0.0,12.89
2026-09-07 01:57:00,20.54,74.1,0.0,76,0.0,0.0,12.89
2026-09-07 01:58:00,20.56,73.9,0.0,76,0.0,0.0,12.89
2026-09-07 01:59:00,20.54,73.42,0.0,76,0.015,0.0,12.89
2026-09-07 02:00:00,20.58,73.58,0.0,76,0.0,0.0,12.89
2026-09-07 02:01:00,20.6,73.78,0.0,76,0.0,0.0,12.89
2026-09-07 02:02:00,20.6,73.83,0.0,76,0.0,0.0,12.89
2026-09-07 02:03:00,20.61,74.06,0.0,76,0.0,0.0,12.89
2026-09-07 02:04:00,20.58,73.94,0.0,76,0.0,0.0,12.89
2026-09-07 02:05:00,20.54,74.12,0.0,76,0.0,0.0,12.89
2026-09-07 02:06:00,20.5,74.34,0.0,76,0.0,0.0,12.89
2026-09-07 02:07:00,20.47,74.53,0.0,76,0.0,0.0,12.89
2026-09-07 02:08:00,20.41,74.62,0.0,76,0.0,0.0,12.89
2026-09-07 02:09:00,20.4,74.86,0.0,76,0.0,0.0,12.89
2026-09-07 02:10:00,20.35,74.85,0.0,76,0.0,0.0,12.89
2026-09-07 02:11:00,20.33,74.73,0.0,76,0.09,0.0,12.89
2026-09-07 02:12:00,20.27,74.83,0.0,76,0.105,0.0,12.89
2026-09-07 02:13:00,20.24,74.82,0.0,76,0.06,0.0,12.89
2026-09-07 02:14:00,20.2,74.94,0.0,76,0.075,0.0,12.89
2026-09-07 02:15:00,20.14,75.07,0.0,76,0.06,0.0,12.89
2026-09-07 02:16:00,20.14,75.23,0.0,76,0.015,0.0,12.89
2026-09-07 02:17:00,20.1,75.39,0.0,76,0.0,0.0,12.89
2026-09-07 02:18:00,20.13,75.56,0.0,76,0.0,0.0,12.89
2026-09-07 02:19:00,20.09,75.42,0.0,76,0.015,0.0,12.89
2026-09-07 02:20:00,20.1,75.56,0.0,76,0.0,0.0,12.89
2026-09-07 02:21:00,20.12,75.59,0.0,76,0.045,0.0,12.89
2026-09-07 02:22:00,20.12,75.65,0.0,76,0.015,0.0,12.89
2026-09-07 02:23:00,20.12,75.81,0.0,76,0.0,0.0,12.89
2026-09-07 02:24:00,20.12,75.84,0.0,76,0.0,0.0,12.89
2026-09-07 02:25:00,20.13,75.7,0.0,76,0.0,0.0,12.89
2026-09-07 02:26:00,20.12,75.64,0.0,76,0.0,0.0,12.89
2026-09-07 02:27:00,20.1,75.58,0.0,76,0.075,0.0,12.89
2026-09-07 02:28:00,20.1,75.27,0.0,76,0.045,0.0,12.89
2026-09-07 02:29:00,20.09,75.45,0.0,76,0.0,0.0,12.89
2026-09-07 02:30:00,20.1,75.51,0.0,76,0.0,0.0,12.89
2026-09-07 02:31:00,20.06,75.49,0.0,76,0.0,0.0,12.89
2026-09-07 02:32:00,20.07,75.66,0.0,76,0.0,0.0,12.89
2026-09-07 02:33:00,20.06,75.69,0.0,76,0.0,0.0,12.89
2026-09-07 02:34:00,20.09,75.64,0.0,76,0.0,0.0,12.89
2026-09-07 02:35:00,20.07,75.73,0.0,76,0.0,0.0,12.89
2026-09-07 02:36:00,20.09,75.77,0.0,76,0.015,0.0,12.89
2026-09-07 02:37:00,20.07,75.93,0.0,76,0.0,0.0,12.89
2026-09-07 02:38:00,20.1,75.84,0.0,76,0.0,0.0,12.89
2026-09-07 02:39:00,20.13,75.58,0.0,76,0.0,0.0,12.89
2026-09-07 02:40:00,20.14,75.17,0.0,76,0.015,0.0,12.89
2026-09-07 02:41:00,20.16,74.79,0.0,76,0.015,0.0,12.89
2026-09-07 02:42:00,20.2,74.67,0.0,76,0.105,0.0,12.89
2026-09-07 02:43:00,20.2,74.61,0.0,76,0.0,0.0,12.89
2026-09-07 02:44:00,20.21,74.69,0.0,76,0.0,0.0,12.89
2026-09-07 02:45:00,20.21,75.25,0.0,76,0.0,0.0,12.89
2026-09-07 02:46:00,20.21,75.13,0.0,76,0.0,0.0,12.89
2026-09-07 02:47:00,20.23,75.42,0.0,76,0.0,0.0,12.89
2026-09-07 02:48:00,20.21,75.58,0.0,76,0.0,0.0,12.89
2026-09-07 02:49:00,20.23,75.63,0.0,76,0.0,0.0,12.89
2026-09-07 02:50:00,20.23,75.77,0.0,76,0.0,0.0,12.89
2026-09-07 02:51:00,20.23,75.46,0.0,76,0.0,0.0,12.89
2026-09-07 02:52:00,20.25,75.53,0.0,76,0.0,0.0,12.89
2026-09-07 02:53:00,20.27,75.88,0.0,76,0.0,0.0,12.89
2026-09-07 02:54:00,20.23,75.75,0.0,76,0.0,0.0,12.89
2026-09-07 02:55:00,20.23,75.76,0.0,76,0.03,0.0,12.89
2026-09-07 02:56:00,20.17,75.75,0.0,76,0.09,0.0,12.89
2026-09-07 02:57:00,20.16,75.75,0.0,76,0.045,0.0,12.89
2026-09-07 02:58:00,20.1,75.88,0.0,76,0.0,0.0,12.89
2026-09-07 02:59:00,20.07,75.95,0.0,76,0.0,0.0,12.89
2026-09-07 03:00:00,20.09,76.03,0.0,76,0.135,0.0,12.89
2026-09-07 03:01:00,20.03,76.16,0.0,76,0.105,0.0,12.89
2026-09-07 03:02:00,19.99,76.18,0.0,76,0.03,0.0,12.89
2026-09-07 03:03:00,19.93,76.24,0.0,76,0.015,0.0,12.89
2026-09-07 03:04:00,19.92,76.21,0.0,76,0.0,0.0,12.89
2026-09-07 03:05:00,19.9,76.19,0.0,76,0.0,0.0,12.89
2026-09-07 03:06:00,19.84,76.0,0.0,76,0.12,0.0,12.89
2026-09-07 03:07:00,19.84,75.68,0.0,76,0.075,0.0,12.89
2026-09-07 03:08:00,19.76,75.6,0.0,76,0.03,0.0,12.89
2026-09-07 03:09:00,19.72,75.61,0.0,76,0.0,0.0,12.89
2026-09-07 03:10:00,19.72,75.62,0.0,76,0.03,0.0,12.89
2026-09-07 03:11:00,19.69,75.79,0.0,76,0.0,0.0,12.89
2026-09-07 03:12:00,19.7,76.1,0.0,76,0.0,0.0,12.89
2026-09-07 03:13:00,19.74,76.39,0.0,76,0.0,0.0,12.89
2026-09-07 03:14:00,19.76,76.57,0.0,76,0.0,0.0,12.89
2026-09-07 03:15:00,19.79,76.51,0.0,76,0.12,0.0,12.89
2026-09-07 03:16:00,19.83,76.4,0.0,76,0.18,0.0,12.89
2026-09-07 03:17:00,19.89,76.38,0.0,76,0.12,0.0,12.89
2026-09-07 03:18:00,19.92,76.31,0.0,76,0.0,0.0,12.89
2026-09-07 03:19:00,19.93,76.21,0.0,76,0.0,0.0,12.89
2026-09-07 03:20:00,19.96,76.15,0.0,76,0.0,0.0,12.89
2026-09-07 03:21:00,19.97,76.1,0.0,76,0.0,0.0,12.89
2026-09-07 03:22:00,20.0,76.21,0.0,76,0.0,0.0,12.89
2026-09-07 03:23:00,20.0,76.35,0.0,76,0.0,0.0,12.89
2026-09-07 03:24:00,20.02,76.37,0.0,76,0.0,0.0,12.89
2026-09-07 03:25:00,20.02,76.32,0.0,76,0.0,0.0,12.89
2026-09-07 03:26:00,19.99,76.32,0.0,76,0.0,0.0,12.89
2026-09-07 03:27:00,19.96,76.32,0.0,76,0.0,0.0,12.89
2026-09-07 03:28:00,19.92,76.22,0.0,76,0.0,0.0,12.89
2026-09-07 03:29:00,19.9,76.24,0.0,76,0.0,0.0,12.89
2026-09-07 03:30:00,19.9,76.2,0.0,76,0.015,0.0,12.89
2026-09-07 03:31:00,19.87,76.38,0.0,76,0.015,0.0,12.89
2026-09-07 03:32:00,19.86,76.54,0.0,76,0.0,0.0,12.89
2026-09-07 03:33:00,19.83,76.59,0.0,76,0.015,0.0,12.89
2026-09-07 03:34:00,19.8,76.63,0.0,76,0.0,0.0,12.89
2026-09-07 03:35:00,19.8,76.64,0.0,76,0.0,0.0,12.89
2026-09-07 03:36:00,19.79,76.61,0.0,76,0.0,0.0,12.89
2026-09-07 03:37:00,19.76,76.44,0.0,76,0.0,0.0,12.89
2026-09-07 03:38:00,19.76,76.43,0.0,76,0.0,0.0,12.89
2026-09-07 03:39:00,19.77,76.4,0.0,76,0.015,0.0,12.89
2026-09-07 03:40:00,19.73,76.3,0.0,76,0.03,0.0,12.89
2026-09-07 03:41:00,19.7,76.26,0.0,76,0.0,0.0,12.89
2026-09-07 03:42:00,19.72,76.51,0.0,76,0.015,0.0,12.89
2026-09-07 03:43:00,19.65,76.46,0.0,76,0.015,0.0,12.89
2026-09-07 03:44:00,19.62,76.62,0.0,76,0.0,0.0,12.89
2026-09-07 03:45:00,19.59,76.92,0.0,76,0.0,0.0,12.89
2026-09-07 03:46:00,19.58,77.18,0.0,76,0.0,0.0,12.89
2026-09-07 03:47:00,19.56,77.43,0.0,76,0.0,0.0,12.89
2026-09-07 03:48:00,19.56,77.45,0.0,76,0.015,0.0,12.89
2026-09-07 03:49:00,19.49,77.24,0.0,76,0.24,0.0,12.89
2026-09-07 03:50:00,19.42,77.32,0.0,76,0.33,0.0,12.89
2026-09-07 03:51:00,19.34,77.7,0.0,76,0.15,0.0,12.89
2026-09-07 03:52:00,19.3,77.88,0.0,76,0.105,0.0,12.89
2026-09-07 03:53:00,19.24,78.01,0.0,76,0.12,0.0,12.89
2026-09-07 03:54:00,19.19,78.17,0.0,76,0.015,0.0,12.89
2026-09-07 03:55:00,19.17,78.36,0.0,76,0.015,0.0,12.89
2026-09-07 03:56:00,19.15,78.35,0.0,76,0.21,0.0,12.89
2026-09-07 03:57:00,19.08,78.45,0.0,76,0.33,0.0,12.89
2026-09-07 03:58:00,19.05,78.76,0.0,76,0.18,0.0,12.89
2026-09-07 03:59:00,19.04,78.9,0.0,76,0.045,0.0,12.89
2026-09-07 04:00:00,19.0,78.94,0.0,76,0.0,0.0,12.89
2026-09-07 04:01:00,19.04,79.13,0.0,76,0.0,0.0,12.89
2026-09-07 04:02:00,19.0,79.24,0.0,76,0.0,0.0,12.89
2026-09-07 04:03:00,19.03,79.24,0.0,76,0.045,0.0,12.89
2026-09-07 04:04:00,19.04,79.25,0.0,76,0.0,0.0,12.89
2026-09-07 04:05:00,19.07,79.32,0.0,76,0.045,0.0,12.89
2026-09-07 04:06:00,19.11,79.0,0.0,76,0.0,0.0,12.89
2026-09-07 04:07:00,19.14,78.65,0.0,76,0.0,0.0,12.89
2026-09-07 04:08:00,19.21,78.64,0.0,76,0.0,0.0,12.89
2026-09-07 04:09:00,19.24,78.59,0.0,76,0.0,0.0,12.89
2026-09-07 04:10:00,19.25,78.31,0.0,76,0.0,0.0,12.89
2026-09-07 04:11:00,19.28,78.23,0.0,76,0.0,0.0,12.89
2026-09-07 04:12:00,19.31,78.06,0.0,76,0.015,0.0,12.89
2026-09-07 04:13:00,19.28,77.87,0.0,76,0.24,0.0,12.89
2026-09-07 04:14:00,19.21,77.99,0.0,76,0.27,0.0,12.89
2026-09-07 04:15:00,19.15,78.26,0.0,76,0.12,0.0,12.89
2026-09-07 04:16:00,19.08,78.54,0.0,76,0.0,0.0,12.89
2026-09-07 04:17:00,19.05,78.8,0.0,76,0.045,0.0,12.89
2026-09-07 04:18:00,19.03,78.99,0.0,76,0.0,0.0,12.89
2026-09-07 04:19:00,18.95,79.14,0.0,76,0.165,0.0,12.89
2026-09-07 04:20:00,18.91,79.66,0.0,76,0.15,0.0,12.89
2026-09-07 04:21:00,18.87,79.82,0.0,76,0.075,0.0,12.89
2026-09-07 04:22:00,18.87,79.89,0.0,76,0.06,0.0,12.89
2026-09-07 04:23:00,18.83,79.91,0.0,76,0.195,0.0,12.89
2026-09-07 04:24:00,18.83,79.94,0.0,76,0.015,0.0,12.89
2026-09-07 04:25:00,18.79,79.98,0.0,76,0.0,0.0,12.89
2026-09-07 04:26:00,18.77,79.92,0.0,76,0.0,0.0,12.89
2026-09-07 04:27:00,18.74,79.94,0.0,76,0.0,0.0,12.89
2026-09-07 04:28:00,18.74,80.01,0.0,76,0.0,0.0,12.89
2026-09-07 04:29:00,18.74,80.16,0.0,76,0.0,0.0,12.89
2026-09-07 04:30:00,18.76,80.31,0.0,76,0.0,0.0,12.89
2026-09-07 04:31:00,18.77,80.26,0.0,76,0.03,0.0,12.89
2026-09-07 04:32:00,18.74,80.07,0.0,76,0.285,0.0,12.89
2026-09-07 04:33:00,18.66,80.01,0.0,76,0.33,0.0,12.89
2026-09-07 04:34:00,18.57,80.12,0.0,76,0.27,0.0,12.89
2026-09-07 04:35:00,18.53,80.25,0.0,76,0.24,0.0,12.89
2026-09-07 04:36:00,18.47,80.4,0.0,76,0.06,0.0,12.89
2026-09-07 04:37:00,18.43,80.5,0.0,76,0.135,0.0,12.89
2026-09-07 04:38:00,18.4,80.69,0.0,76,0.165,0.0,12.89
2026-09-07 04:39:00,18.36,80.75,0.0,76,0.06,0.0,12.89
2026-09-07 04:40:00,18.36,80.7,0.0,76,0.105,0.0,12.89
2026-09-07 04:41:00,18.32,80.77,0.0,76,0.24,0.0,12.89
2026-09-07 04:42:00,18.28,80.77,0.0,76,0.105,0.0,12.89
2026-09-07 04:43:00,18.22,80.79,0.0,76,0.075,0.0,12.89
2026-09-07 04:44:00,18.19,81.0,0.0,76,0.195,0.0,12.89
2026-09-07 04:45:00,18.13,81.15,0.0,76,0.3,0.0,12.89
2026-09-07 04:46:00,18.11,81.47,0.0,76,0.015,0.0,12.89
2026-09-07 04:47:00,18.09,81.74,0.0,76,0.03,0.0,12.89
2026-09-07 04:48:00,18.11,81.87,0.0,76,0.0,0.0,12.89
2026-09-07 04:49:00,18.13,81.85,0.0,76,0.0,0.0,12.89
2026-09-07 04:50:00,18.16,81.84,0.0,76,0.0,0.0,12.89
2026-09-07 04:51:00,18.19,81.87,0.0,76,0.0,0.0,12.89
2026-09-07 04:52:00,18.23,81.87,0.0,76,0.0,0.0,12.89
2026-09-07 04:53:00,18.25,81.91,0.0,76,0.0,0.0,12.89
2026-09-07 04:54:00,18.31,81.8,0.0,76,0.015,0.0,12.89
2026-09-07 04:55:00,18.33,81.43,0.0,76,0.135,0.0,12.89
2026-09-07 04:56:00,18.29,81.34,0.0,76,0.015,0.0,12.89
2026-09-07 04:57:00,18.26,81.32,0.0,76,0.0,0.0,12.89
2026-09-07 04:58:00,18.22,81.48,0.0,76,0.0,0.0,12.89
2026-09-07 04:59:00,18.19,81.61,0.0,76,0.0,0.0,12.89
2026-09-07 05:00:00,18.19,81.73,0.0,76,0.0,0.0,12.89
2026-09-07 05:01:00,18.16,81.83,0.0,76,0.0,0.0,12.89
2026-09-07 05:02:00,18.16,81.88,0.0,76,0.0,0.0,12.89
2026-09-07 05:03:00,18.18,81.77,0.0,76,0.0,0.0,12.89
2026-09-07 05:04:00,18.18,81.65,0.0,76,0.0,0.0,12.89
2026-09-07 05:05:00,18.13,81.56,0.0,76,0.0,0.0,12.89
2026-09-07 05:06:00,18.11,81.5,0.0,76,0.0,0.0,12.89
2026-09-07 05:07:00,18.09,81.48,0.0,76,0.0,0.0,12.89
2026-09-07 05:08:00,18.08,81.49,0.0,76,0.0,0.0,12.89
2026-09-07 05:09:00,18.07,81.59,0.0,76,0.0,0.0,12.89
2026-09-07 05:10:00,18.05,81.55,0.0,76,0.0,0.0,12.89
2026-09-07 05:11:00,18.05,81.48,0.0,76,0.0,0.0,12.89
2026-09-07 05:12:00,18.02,81.39,0.0,76,0.0,0.0,12.89
2026-09-07 05:13:00,18.01,81.42,0.0,76,0.0,0.0,12.89
2026-09-07 05:14:00,18.01,81.5,0.0,76,0.0,0.0,12.89
2026-09-07 05:15:00,18.02,81.57,0.0,76,0.0,0.0,12.89
2026-09-07 05:16:00,18.05,81.71,0.0,76,0.0,0.0,12.89
2026-09-07 05:17:00,18.05,81.73,0.0,76,0.0,0.0,12.89
2026-09-07 05:18:00,18.07,81.64,0.0,76,0.0,0.0,12.89
2026-09-07 05:19:00,18.09,81.82,0.0,76,0.0,0.0,12.89
2026-09-07 05:20:00,18.15,81.9,0.0,76,0.0,0.0,12.89
2026-09-07 05:21:00,18.16,81.61,0.0,76,0.0,0.0,12.89
2026-09-07 05:22:00,18.13,81.44,0.0,76,0.0,0.0,12.89
2026-09-07 05:23:00,18.13,81.47,0.0,76,0.0,0.0,12.89
2026-09-07 05:24:00,18.13,81.65,0.0,76,0.0,0.0,12.89
2026-09-07 05:25:00,18.13,81.63,0.0,76,0.0,0.0,12.89
2026-09-07 05:26:00,18.15,81.58,0.0,76,0.0,0.0,12.89
2026-09-07 05:27:00,18.13,81.55,0.0,76,0.0,0.0,12.89
2026-09-07 05:28:00,18.15,81.59,0.0,76,0.0,0.0,12.89
2026-09-07 05:29:00,18.16,81.8,0.0,76,0.0,0.0,12.89
2026-09-07 05:30:00,18.19,81.78,0.0,76,0.0,0.0,12.89
2026-09-07 05:31:00,18.19,81.74,0.0,76,0.0,0.0,12.89
2026-09-07 05:32:00,18.21,81.59,0.0,76,0.0,0.0,12.89
2026-09-07 05:33:00,18.21,81.55,0.0,76,0.0,0.0,12.89
2026-09-07 05:34:00,18.23,81.55,0.0,76,0.0,0.0,12.89
2026-09-07 05:35:00,18.26,81.61,0.0,76,0.0,0.0,12.89
2026-09-07 05:36:00,18.26,81.45,0.0,76,0.0,0.0,12.89
2026-09-07 05:37:00,18.23,81.28,0.0,76,0.0,0.0,12.89
2026-09-07 05:38:00,18.25,81.48,0.0,76,0.0,0.0,12.89
2026-09-07 05:39:00,18.22,81.44,0.0,76,0.0,0.0,12.89
2026-09-07 05:40:00,18.22,81.6,0.0,76,0.0,0.0,12.89
2026-09-07 05:41:00,18.22,81.56,0.0,76,0.0,0.0,12.89
2026-09-07 05:42:00,18.18,81.55,0.0,76,0.0,0.0,12.89
2026-09-07 05:43:00,18.19,81.57,0.0,76,0.0,0.0,12.89
2026-09-07 05:44:00,18.19,81.65,0.0,76,0.0,0.0,12.89
2026-09-07 05:45:00,18.22,81.74,0.0,76,0.0,0.0,12.89
2026-09-07 05:46:00,18.23,81.59,0.0,76,0.0,0.0,12.89
2026-09-07 05:47:00,18.19,81.13,0.0,76,0.0,0.0,12.89
2026-09-07 05:48:00,18.19,81.01,0.0,76,0.0,0.0,12.89
2026-09-07 05:49:00,18.16,80.92,0.0,76,0.0,0.0,12.89
2026-09-07 05:50:00,18.13,80.91,0.0,76,0.0,0.0,12.89
2026-09-07 05:51:00,18.09,80.97,0.0,76,0.0,0.0,12.89
2026-09-07 05:52:00,18.08,81.0,0.0,76,0.0,0.0,12.89
2026-09-07 05:53:00,18.08,81.32,0.0,76,0.0,0.0,12.89
2026-09-07 05:54:00,18.13,81.5,0.0,76,0.0,0.0,12.89
2026-09-07 05:55:00,18.13,81.51,0.0,76,0.0,0.0,12.89
2026-09-07 05:56:00,18.16,81.62,0.0,76,0.0,0.0,12.89
2026-09-07 05:57:00,18.19,81.6,0.0,76,0.0,0.0,12.89
2026-09-07 05:58:00,18.21,81.56,0.0,76,0.0,0.0,12.89
2026-09-07 05:59:00,18.26,81.44,0.76,76,0.0,0.0,12.89
2026-09-07 06:00:00,18.28,81.32,0.0,76,0.0,0.0,12.89
2026-09-07 06:01:00,18.32,81.49,0.76,76,0.0,0.0,12.89
2026-09-07 06:02:00,18.37,81.52,0.76,76,0.0,0.0,12.89
2026-09-07 06:03:00,18.4,81.34,1.14,76,0.0,0.0,12.89
2026-09-07 06:04:00,18.42,81.27,1.53,76,0.0,0.0,12.89
2026-09-07 06:05:00,18.42,80.99,1.53,76,0.0,0.0,12.89
2026-09-07 06:06:00,18.4,80.76,1.91,76,0.0,0.0,12.89
2026-09-07 06:07:00,18.33,80.8,2.29,76,0.0,0.0,12.89
2026-09-07 06:08:00,18.31,80.92,3.05,76,0.0,0.0,12.89
2026-09-07 06:09:00,18.28,81.04,3.05,76,0.0,0.0,12.89
2026-09-07 06:10:00,18.25,81.2,3.43,76,0.0,0.0,12.89
2026-09-07 06:11:00,18.26,81.38,4.2,76,0.0,0.0,12.89
2026-09-07 06:12:00,18.23,81.41,4.58,76,0.0,0.0,12.89
2026-09-07 06:13:00,18.22,81.45,5.34,76,0.0,0.0,12.89
2026-09-07 06:14:00,18.19,81.47,6.1,76,0.0,0.0,12.89
2026-09-07 06:15:00,18.21,81.61,6.49,76,0.0,0.0,12.89
2026-09-07 06:16:00,18.19,81.6,6.87,76,0.0,0.0,12.89
2026-09-07 06:17:00,18.21,81.63,7.63,76,0.0,0.0,12.89
2026-09-07 06:18:00,18.19,81.65,8.39,76,0.0,0.0,12.89
2026-09-07 06:19:00,18.19,81.54,8.39,76,0.0,0.0,12.89
2026-09-07 06:20:00,18.16,81.44,9.16,76,0.0,0.0,12.89
2026-09-07 06:21:00,18.11,81.35,9.54,76,0.0,0.0,12.89
2026-09-07 06:22:00,18.11,81.66,10.68,76,0.0,0.0,12.89
2026-09-07 06:23:00,18.09,81.54,11.06,76,0.0,0.0,12.89
2026-09-07 06:24:00,18.04,81.5,11.44,76,0.0,0.0,12.89
2026-09-07 06:25:00,18.02,81.59,12.21,76,0.0,0.0,12.89
2026-09-07 06:26:00,18.01,81.62,12.59,76,0.0,0.0,12.89
2026-09-07 06:27:00,17.98,81.7,12.97,76,0.0,0.0,12.89
2026-09-07 06:28:00,18.0,81.8,13.35,76,0.0,0.0,12.89
2026-09-07 06:29:00,17.97,81.75,14.11,76,0.0,0.0,12.89
2026-09-07 06:30:00,17.92,81.77,14.88,76,0.0,0.0,12.89
2026-09-07 06:31:00,17.92,81.82,15.26,76,0.0,0.0,12.89
2026-09-07 06:32:00,17.88,81.8,15.64,76,0.0,0.0,12.89
2026-09-07 06:33:00,17.89,81.84,16.4,76,0.0,0.0,12.89
2026-09-07 06:34:00,17.89,81.88,16.78,76,0.0,0.0,12.89
2026-09-07 06:35:00,17.88,82.05,17.55,76,0.0,0.0,12.89
2026-09-07 06:36:00,17.91,82.07,17.93,76,0.0,0.0,12.89
2026-09-07 06:37:00,17.91,82.05,18.31,76,0.0,0.0,12.89
2026-09-07 06:38:00,17.94,82.09,19.07,76,0.0,0.0,12.89
2026-09-07 06:39:00,17.97,82.07,19.84,76,0.0,0.0,12.89
2026-09-07 06:40:00,17.98,82.13,21.36,76,0.0,0.0,12.89
2026-09-07 06:41:00,18.04,82.26,22.89,76,0.0,0.0,12.89
2026-09-07 06:42:00,18.05,82.18,24.41,76,0.0,0.0,12.89
2026-09-07 06:43:00,18.12,82.01,25.56,76,0.0,0.0,12.89
2026-09-07 06:44:00,18.09,81.9,26.7,76,0.0,0.0,12.89
2026-09-07 06:45:00,18.13,81.84,27.08,76,0.0,0.0,12.89
2026-09-07 06:46:00,18.12,81.82,27.85,76,0.0,0.0,12.89
2026-09-07 06:47:00,18.15,81.81,28.23,76,0.0,0.0,12.89
2026-09-07 06:48:00,18.16,81.75,29.37,76,0.0,0.0,12.89
2026-09-07 06:49:00,18.19,81.78,29.76,76,0.0,0.0,12.89
2026-09-07 06:50:00,18.19,81.78,30.52,76,0.0,0.0,12.89
2026-09-07 06:51:00,18.19,81.79,31.28,76,0.0,0.0,12.89
2026-09-07 06:52:00,18.23,81.83,31.66,76,0.0,0.0,12.89
2026-09-07 06:53:00,18.25,81.77,32.04,76,0.0,0.0,12.93
2026-09-07 06:54:00,18.28,81.7,32.81,76,0.0,0.0,12.93
2026-09-07 06:55:00,18.29,81.64,33.57,76,0.0,0.0,12.93
2026-09-07 06:56:00,18.33,81.79,33.95,76,0.0,0.0,12.93
2026-09-07 06:57:00,18.35,81.53,34.71,76,0.0,0.0,12.97
2026-09-07 06:58:00,18.36,81.41,35.1,76,0.0,0.0,12.97
2026-09-07 06:59:00,18.39,81.29,35.86,76,0.0,0.0,13.01
2026-09-07 07:00:00,18.4,81.16,36.24,76,0.0,0.0,13.04
2026-09-07 07:01:00,18.43,81.12,37.0,76,0.0,0.0,13.04
2026-09-07 07:02:00,18.44,81.09,37.38,76,0.0,0.0,13.04
2026-09-07 07:03:00,18.52,81.14,37.77,76,0.0,0.0,13.04
2026-09-07 07:04:00,18.57,81.06,38.53,76,0.0,0.0,13.04
2026-09-07 07:05:00,18.62,81.17,38.91,76,0.0,0.0,13.04
2026-09-07 07:06:00,18.69,80.92,39.67,76,0.0,0.0,13.04
2026-09-07 07:07:00,18.72,80.81,40.05,76,0.0,0.0,13.08
2026-09-07 07:08:00,18.77,80.88,40.44,76,0.0,0.0,13.08
2026-09-07 07:09:00,18.84,80.74,41.2,76,0.0,0.0,13.08
2026-09-07 07:10:00,18.9,80.67,41.58,76,0.0,0.0,13.08
2026-09-07 07:11:00,18.95,80.39,42.34,76,0.0,0.0,13.12
2026-09-07 07:12:00,19.03,80.34,42.73,76,0.0,0.0,13.12
2026-09-07 07:13:00,19.08,80.07,43.49,76,0.0,0.0,13.16
2026-09-07 07:14:00,19.15,79.84,43.87,76,0.0,0.0,13.16
2026-09-07 07:15:00,19.17,79.67,44.25,76,0.0,0.0,13.16
2026-09-07 07:16:00,19.24,79.35,45.01,76,0.0,0.0,13.16
2026-09-07 07:17:00,19.25,79.19,45.78,76,0.0,0.0,13.16
2026-09-07 07:18:00,19.25,79.18,45.78,76,0.0,0.0,13.16
2026-09-07 07:19:00,19.28,79.15,46.54,76,0.0,0.0,13.16
2026-09-07 07:20:00,19.35,79.15,46.92,76,0.0,0.0,13.16
2026-09-07 07:21:00,19.41,79.03,47.68,76,0.0,0.0,13.16
2026-09-07 07:22:00,19.44,78.43,48.07,76,0.0,0.0,13.16
2026-09-07 07:23:00,19.45,78.22,48.45,76,0.0,0.0,13.16
2026-09-07 07:24:00,19.48,78.23,49.21,76,0.0,0.0,13.16
2026-09-07 07:25:00,19.52,78.21,49.59,76,0.0,0.0,13.16
2026-09-07 07:26:00,19.61,78.33,49.97,76,0.0,0.0,13.16
2026-09-07 07:27:00,19.68,77.94,50.35,76,0.0,0.0,13.16
2026-09-07 07:28:00,19.76,77.64,50.35,76,0.0,0.0,13.16
2026-09-07 07:29:00,19.86,77.51,51.12,76,0.0,0.0,13.16
2026-09-07 07:30:00,19.94,77.19,51.5,76,0.0,0.0,13.16
2026-09-07 07:31:00,20.03,77.04,51.88,76,0.0,0.0,13.16
2026-09-07 07:32:00,20.09,76.76,52.64,76,0.0,0.0,13.16
2026-09-07 07:33:00,20.17,76.59,53.03,76,0.0,0.0,13.16
2026-09-07 07:34:00,20.24,76.3,53.03,76,0.0,0.0,13.16
2026-09-07 07:35:00,20.31,76.2,53.79,76,0.0,0.0,13.16
2026-09-07 07:36:00,20.37,76.15,54.17,76,0.0,0.0,13.16
2026-09-07 07:37:00,20.44,76.09,54.93,76,0.0,0.0,13.16
2026-09-07 07:38:00,20.47,75.84,55.7,76,0.0,0.0,13.16
2026-09-07 07:39:00,20.52,75.78,56.46,76,0.0,0.0,13.16
2026-09-07 07:40:00,20.55,75.61,56.84,76,0.0,0.0,13.16
2026-09-07 07:41:00,20.61,75.5,88.88,76,0.0,0.0,13.46
2026-09-07 07:42:00,20.64,75.41,173.95,76,0.0,0.0,13.61
2026-09-07 07:43:00,20.68,75.24,220.11,76,0.0,0.0,14.09
2026-09-07 07:44:00,20.74,74.86,222.78,76,0.0,0.0,14.28
2026-09-07 07:45:00,20.79,74.47,226.98,76,0.0,0.0,14.24
2026-09-07 07:46:00,20.88,74.23,230.41,76,0.0,0.0,14.24
2026-09-07 07:47:00,21.02,73.75,232.7,76,0.0,0.0,14.24
2026-09-07 07:48:00,21.19,73.31,236.13,76,0.0,0.0,14.24
2026-09-07 07:49:00,21.37,72.83,239.57,76,0.0,0.0,14.24
2026-09-07 07:50:00,21.57,71.54,243.0,76,0.0,0.0,14.24
2026-09-07 07:51:00,21.77,70.67,246.43,76,0.0,0.0,14.24
2026-09-07 07:52:00,21.92,69.83,248.72,76,0.0,0.0,14.24
2026-09-07 07:53:00,22.1,69.04,251.77,76,0.0,0.0,14.24
2026-09-07 07:54:00,22.27,68.39,255.59,76,0.0,0.0,14.24
2026-09-07 07:55:00,22.43,68.02,258.26,82,0.0,0.0,14.24
2026-09-07 07:56:00,22.59,67.31,261.31,82,0.0,0.0,14.24
2026-09-07 07:57:00,22.75,66.21,265.13,82,0.0,0.0,14.24
2026-09-07 07:58:00,22.83,65.69,267.41,82,0.0,0.0,14.24
2026-09-07 07:59:00,22.99,65.2,270.08,82,0.0,0.0,14.24
2026-09-07 08:00:00,23.13,64.83,274.28,82,0.0,0.0,14.24
2026-09-07 08:01:00,23.26,63.76,275.43,82,0.0,0.0,14.24
2026-09-07 08:02:00,23.4,63.15,279.62,82,0.0,0.0,14.24
2026-09-07 08:03:00,23.45,63.16,281.91,82,0.0,0.0,14.24
2026-09-07 08:04:00,23.51,62.76,286.49,82,0.0,0.0,14.24
2026-09-07 08:05:00,23.52,62.68,289.16,82,0.0,0.0,14.24
2026-09-07 08:06:00,23.61,62.61,291.83,82,0.0,0.0,14.24
2026-09-07 08:07:00,23.7,62.16,294.5,82,0.0,0.0,14.24
2026-09-07 08:08:00,23.84,61.94,297.93,82,0.0,0.0,14.24
2026-09-07 08:09:00,23.93,61.23,301.37,82,0.0,0.0,14.24
2026-09-07 08:10:00,24.01,61.02,305.56,82,0.0,0.0,14.24
2026-09-07 08:11:00,24.15,61.13,306.32,82,0.0,0.0,14.24
2026-09-07 08:12:00,24.19,60.85,309.76,82,0.0,0.0,14.24
2026-09-07 08:13:00,24.16,60.36,313.95,62,0.48,0.0,14.24
2026-09-07 08:14:00,24.05,60.96,315.48,62,0.12,0.0,14.24
2026-09-07 08:15:00,24.13,60.75,319.3,62,0.075,0.0,14.24
2026-09-07 08:16:00,24.19,60.7,322.73,73,0.24,0.0,14.24
2026-09-07 08:17:00,24.22,60.63,325.4,73,0.135,0.0,14.24
2026-09-07 08:18:00,24.22,60.38,327.69,73,0.33,0.0,14.24
2026-09-07 08:19:00,24.22,60.36,331.5,73,0.12,0.0,14.24
2026-09-07 08:20:00,24.28,60.52,334.55,73,0.18,0.0,14.24
2026-09-07 08:21:00,24.36,60.52,337.61,73,0.285,0.0,14.24
2026-09-07 08:22:00,24.43,60.99,341.42,73,0.12,0.0,14.24
2026-09-07 08:23:00,24.47,60.53,343.71,35,0.495,0.0,14.24
2026-09-07 08:24:00,24.49,60.38,346.38,58,0.33,0.0,14.24
2026-09-07 08:25:00,24.5,60.1,349.43,176,0.24,0.0,14.24
2026-09-07 08:26:00,24.49,59.56,352.1,177,0.405,0.0,14.24
2026-09-07 08:27:00,24.56,59.89,355.54,85,0.135,0.0,14.24
2026-09-07 08:28:00,24.63,59.59,358.21,63,0.36,0.0,14.24
2026-09-07 08:29:00,24.67,59.59,360.88,49,0.39,0.0,14.24
2026-09-07 08:30:00,24.71,59.33,364.31,90,0.195,0.0,14.24
2026-09-07 08:31:00,24.76,58.52,367.36,88,0.36,0.0,14.24
2026-09-07 08:32:00,24.76,58.66,370.41,88,0.33,0.0,14.24
2026-09-07 08:33:00,24.81,58.66,374.23,88,0.06,0.0,14.24
2026-09-07 08:34:00,24.97,58.54,375.75,88,0.03,0.0,14.24
2026-09-07 08:35:00,25.13,58.18,379.57,153,0.15,0.0,14.24
2026-09-07 08:36:00,25.24,58.14,381.86,153,0.12,0.0,14.24
2026-09-07 08:37:00,25.34,57.41,385.67,153,0.075,0.0,14.24
2026-09-07 08:38:00,25.37,57.64,388.34,153,0.09,0.0,14.24
2026-09-07 08:39:00,25.41,57.46,391.39,59,0.12,0.0,14.24
2026-09-07 08:40:00,25.52,57.19,394.06,59,0.27,0.0,14.24
2026-09-07 08:41:00,25.65,56.75,397.5,59,0.135,0.0,14.24
2026-09-07 08:42:00,25.73,56.76,400.93,59,0.06,0.0,14.24
2026-09-07 08:43:00,25.86,56.4,403.98,59,0.0,0.0,14.24
2026-09-07 08:44:00,25.96,56.18,406.27,59,0.045,0.0,14.24
2026-09-07 08:45:00,26.06,55.68,409.7,59,0.15,0.0,14.24
2026-09-07 08:46:00,26.07,56.14,412.76,59,0.135,0.0,14.24
2026-09-07 08:47:00,26.19,56.12,415.43,59,0.0,0.0,14.24
2026-09-07 08:48:00,26.28,55.75,419.24,59,0.0,0.0,14.24
2026-09-07 08:49:00,26.34,55.59,421.91,59,0.015,0.0,14.24
2026-09-07 08:50:00,26.27,55.49,423.82,59,0.36,0.0,14.24
2026-09-07 08:51:00,26.31,55.15,426.87,59,0.09,0.0,14.24
2026-09-07 08:52:00,26.33,54.3,429.54,59,0.12,0.0,14.24
2026-09-07 08:53:00,26.38,54.05,432.97,55,0.105,0.0,14.24
2026-09-07 08:54:00,26.37,53.8,435.26,300,0.285,0.0,14.24
2026-09-07 08:55:00,26.48,53.53,438.32,300,0.015,0.0,14.24
2026-09-07 08:56:00,26.54,53.25,441.37,299,0.105,0.0,14.24
2026-09-07 08:57:00,26.63,53.38,444.04,299,0.09,0.0,14.24
2026-09-07 08:58:00,26.7,53.11,447.09,199,0.165,0.0,14.24
2026-09-07 08:59:00,26.75,53.38,449.38,199,0.105,0.0,14.24
2026-09-07 09:00:00,26.79,53.46,452.81,199,0.075,0.0,14.24
2026-09-07 09:01:00,26.78,53.01,455.1,199,0.21,0.0,14.24
2026-09-07 09:02:00,26.79,53.13,457.39,199,0.09,0.0,14.24
2026-09-07 09:03:00,26.89,52.08,460.44,195,0.225,0.0,14.24
2026-09-07 09:04:00,26.87,52.69,462.73,74,0.51,0.0,14.24
2026-09-07 09:05:00,26.87,52.92,465.78,70,0.21,0.0,14.24
2026-09-07 09:06:00,26.96,52.74,468.83,70,0.03,0.0,14.24
2026-09-07 09:07:00,27.05,52.31,471.5,47,0.345,0.0,14.24
2026-09-07 09:08:00,27.05,52.68,474.56,47,0.015,0.0,14.24
2026-09-07 09:09:00,27.12,52.7,477.23,47,0.03,0.0,14.24
2026-09-07 09:10:00,27.21,51.5,479.13,58,0.285,0.0,14.24
2026-09-07 09:11:00,27.28,51.47,481.42,58,0.255,0.0,14.21
2026-09-07 09:12:00,27.3,51.23,483.33,77,0.345,0.0,14.24
2026-09-07 09:13:00,27.24,51.2,485.24,77,0.255,0.0,14.17
2026-09-07 09:14:00,27.19,51.56,488.29,77,0.12,0.0,14.21
2026-09-07 09:15:00,27.26,51.75,491.34,77,0.03,0.0,14.21
2026-09-07 09:16:00,27.33,51.48,494.39,77,0.06,0.0,14.17
2026-09-07 09:17:00,27.3,51.54,497.06,159,0.3,0.0,14.17
2026-09-07 09:18:00,27.28,51.78,500.11,150,0.21,0.0,14.17
2026-09-07 09:19:00,27.35,51.5,503.55,150,0.135,0.0,14.17
2026-09-07 09:20:00,27.4,51.02,505.84,67,0.465,0.0,14.17
2026-09-07 09:21:00,27.46,51.15,508.51,65,0.12,0.0,14.13
2026-09-07 09:22:00,27.65,50.97,511.94,65,0.015,0.0,14.13
2026-09-07 09:23:00,27.77,50.21,514.23,122,0.3,0.0,14.13
2026-09-07 09:24:00,27.73,50.23,517.66,135,0.39,0.0,14.13
2026-09-07 09:25:00,27.76,50.56,519.19,135,0.09,0.0,14.13
2026-09-07 09:26:00,27.84,50.02,522.24,135,0.015,0.0,14.13
2026-09-07 09:27:00,27.87,50.38,525.29,135,0.105,0.0,14.13
2026-09-07 09:28:00,27.84,49.94,526.82,135,0.09,0.0,14.13
2026-09-07 09:29:00,27.88,50.37,529.11,63,0.285,0.0,14.13
2026-09-07 09:30:00,27.74,50.31,532.54,81,0.81,0.0,14.13
2026-09-07 09:31:00,27.67,50.83,534.07,254,0.315,0.0,14.13
2026-09-07 09:32:00,27.69,50.77,536.74,254,0.165,0.0,14.13
2026-09-07 09:33:00,27.76,50.46,540.17,250,0.195,0.0,14.13
2026-09-07 09:34:00,27.84,50.49,541.31,250,0.15,0.0,14.13
2026-09-07 09:35:00,27.9,50.8,543.6,250,0.03,0.0,14.13
2026-09-07 09:36:00,27.98,50.47,545.89,148,0.27,0.0,14.13
2026-09-07 09:37:00,28.01,50.44,548.94,237,0.435,0.0,14.13
2026-09-07 09:38:00,27.9,50.86,551.23,225,0.27,0.0,14.13
2026-09-07 09:39:00,27.88,50.84,554.67,161,0.405,0.0,14.13
2026-09-07 09:40:00,27.88,51.25,556.19,161,0.255,0.0,14.09
2026-09-07 09:41:00,27.9,50.26,559.24,98,0.525,0.0,14.09
2026-09-07 09:42:00,27.81,49.92,562.29,87,0.735,0.0,14.09
2026-09-07 09:43:00,27.77,49.82,565.35,87,0.345,0.0,14.09
2026-09-07 09:44:00,27.67,50.11,565.73,63,0.48,0.0,14.09
2026-09-07 09:45:00,27.72,50.13,568.78,42,0.255,0.0,14.09
2026-09-07 09:46:00,27.7,50.32,572.21,55,0.45,0.0,14.09
2026-09-07 09:47:00,27.72,50.85,574.5,248,0.3,0.0,14.09
2026-09-07 09:48:00,27.79,50.6,577.55,177,0.315,0.0,14.09
2026-09-07 09:49:00,27.9,50.01,579.84,78,0.255,0.0,14.09
2026-09-07 09:50:00,28.03,49.89,582.13,128,0.27,0.0,14.09
2026-09-07 09:51:00,28.08,49.85,584.42,128,0.18,0.0,14.09
2026-09-07 09:52:00,28.14,49.12,586.33,84,0.45,0.0,14.09
2026-09-07 09:53:00,28.14,49.17,587.85,158,0.285,0.0,14.09
2026-09-07 09:54:00,28.23,49.36,591.29,56,0.435,0.0,14.09
2026-09-07 09:55:00,28.31,49.18,592.43,41,0.255,0.0,14.09
2026-09-07 09:56:00,28.41,49.05,595.1,0,0.405,0.0,14.09
2026-09-07 09:57:00,28.42,49.14,598.15,338,0.24,0.0,14.09
2026-09-07 09:58:00,28.45,49.56,598.54,204,0.465,0.0,14.09
2026-09-07 09:59:00,28.48,49.38,601.59,151,0.6,0.0,14.09
2026-09-07 10:00:00,28.46,49.38,606.16,152,0.39,0.0,14.09
2026-09-07 10:01:00,28.45,49.33,606.93,151,0.195,0.0,14.09
2026-09-07 10:02:00,28.56,49.63,608.45,151,0.18,0.0,14.09
2026-09-07 10:03:00,28.62,49.09,611.12,286,0.3,0.0,14.09
2026-09-07 10:04:00,28.65,48.96,612.65,284,0.24,0.0,14.09
2026-09-07 10:05:00,28.68,48.91,615.7,284,0.135,0.0,14.09
2026-09-07 10:06:00,28.71,48.88,618.75,123,0.33,0.0,14.09
2026-09-07 10:07:00,28.74,49.02,618.75,123,0.015,0.0,14.09
2026-09-07 10:08:00,28.86,48.57,622.19,123,0.045,0.0,14.09
2026-09-07 10:09:00,28.97,48.62,626.0,120,0.12,0.0,14.09
2026-09-07 10:10:00,28.99,48.5,627.53,116,0.435,0.0,14.09
2026-09-07 10:11:00,29.0,48.01,629.05,61,0.51,0.0,14.09
2026-09-07 10:12:00,28.96,48.36,629.82,22,0.51,0.0,14.09
2026-09-07 10:13:00,28.96,48.11,633.25,71,0.315,0.0,14.09
2026-09-07 10:14:00,28.96,47.8,632.49,223,0.39,0.0,14.09
2026-09-07 10:15:00,29.07,47.23,635.54,217,0.165,0.0,14.09
2026-09-07 10:16:00,29.09,47.09,639.35,247,0.42,0.0,14.09
2026-09-07 10:17:00,29.22,46.96,642.4,178,0.045,0.0,14.09
2026-09-07 10:18:00,29.32,46.58,645.84,142,0.21,0.0,14.09
2026-09-07 10:19:00,29.41,46.72,647.36,142,0.06,0.0,14.09
2026-09-07 10:20:00,29.47,46.98,647.36,142,0.18,0.0,14.09
2026-09-07 10:21:00,29.55,47.2,647.75,43,0.18,0.0,14.09
2026-09-07 10:22:00,29.71,47.1,650.8,29,0.285,0.0,14.09
2026-09-07 10:23:00,29.81,46.99,652.7,112,0.225,0.0,14.09
2026-09-07 10:24:00,29.91,46.64,654.23,359,0.255,0.0,14.09
2026-09-07 10:25:00,29.94,46.28,656.9,44,0.255,0.0,14.09
2026-09-07 10:26:00,29.8,45.88,659.95,220,0.705,0.0,14.09
2026-09-07 10:27:00,29.63,46.52,662.24,96,0.495,0.0,14.09
2026-09-07 10:28:00,29.58,46.77,664.15,192,0.27,0.0,14.09
2026-09-07 10:29:00,29.53,47.22,665.29,163,0.87,0.0,14.09
2026-09-07 10:30:00,29.41,47.65,667.2,112,0.48,0.0,14.09
2026-09-07 10:31:00,29.4,48.01,667.96,175,0.255,0.0,14.09
2026-09-07 10:32:00,29.4,47.87,671.4,175,0.18,0.0,14.09
2026-09-07 10:33:00,29.32,48.01,671.4,171,0.435,0.0,14.09
2026-09-07 10:34:00,29.2,48.12,674.07,196,0.42,0.0,14.09
2026-09-07 10:35:00,29.1,48.27,674.07,195,0.42,0.0,14.09
2026-09-07 10:36:00,29.03,48.46,676.36,199,0.48,0.0,14.09
2026-09-07 10:37:00,29.03,48.37,678.64,152,0.405,0.0,14.09
2026-09-07 10:38:00,28.97,48.49,681.32,152,0.375,0.0,14.09
2026-09-07 10:39:00,28.96,48.8,682.08,48,0.735,0.0,14.09
2026-09-07 10:40:00,28.92,49.31,684.37,123,0.54,0.0,14.09
2026-09-07 10:41:00,28.99,49.45,687.04,130,0.21,0.0,14.09
2026-09-07 10:42:00,29.09,49.21,690.47,59,0.615,0.0,14.09
2026-09-07 10:43:00,29.19,48.69,689.71,219,0.225,0.0,14.09
2026-09-07 10:44:00,29.34,48.37,691.62,241,0.345,0.0,14.09
2026-09-07 10:45:00,29.47,48.08,693.9,341,0.15,0.0,14.09
2026-09-07 10:46:00,29.54,48.15,695.05,86,0.45,0.0,14.09
2026-09-07 10:47:00,29.58,48.15,697.34,147,0.315,0.0,14.09
2026-09-07 10:48:00,29.57,48.19,699.24,142,0.315,0.0,14.09
2026-09-07 10:49:00,29.64,48.05,700.39,142,0.15,0.0,14.09
2026-09-07 10:50:00,29.63,47.88,699.63,174,0.45,0.0,14.09
2026-09-07 10:51:00,29.58,48.15,703.06,132,0.195,0.0,14.09
2026-09-07 10:52:00,29.48,47.79,703.06,77,1.365,0.0,14.09
2026-09-07 10:53:00,29.38,48.23,704.97,95,0.36,0.0,14.09
2026-09-07 10:54:00,29.3,48.43,707.64,183,0.36,0.0,14.09
2026-09-07 10:55:00,29.27,48.78,708.4,200,0.315,0.0,14.09
2026-09-07 10:56:00,29.27,48.39,709.16,83,0.39,0.0,14.09
2026-09-07 10:57:00,29.24,48.75,710.31,181,0.45,0.0,14.09
2026-09-07 10:58:00,29.26,48.7,713.36,181,0.24,0.0,14.09
2026-09-07 10:59:00,29.2,48.67,715.65,154,0.48,0.0,14.09
2026-09-07 11:00:00,29.13,49.57,716.03,133,0.57,0.0,14.09
2026-09-07 11:01:00,29.05,49.07,715.65,171,0.99,0.0,14.09
2026-09-07 11:02:00,29.02,48.73,717.56,59,0.975,0.0,14.09
2026-09-07 11:03:00,28.85,49.26,719.84,87,0.96,0.0,14.09
2026-09-07 11:04:00,28.69,49.8,720.23,96,0.63,0.0,14.09
2026-09-07 11:05:00,28.64,49.71,722.9,218,0.39,0.0,14.09
2026-09-07 11:06:00,28.59,50.05,724.42,224,0.375,0.0,14.09
2026-09-07 11:07:00,28.65,50.09,727.09,256,0.21,0.0,14.09
2026-09-07 11:08:00,28.72,50.15,728.62,24,0.495,0.0,14.09
2026-09-07 11:09:00,28.81,50.22,729.76,85,0.525,0.0,14.09
2026-09-07 11:10:00,28.86,50.5,732.43,77,0.525,0.0,14.09
2026-09-07 11:11:00,28.99,50.67,732.43,184,0.27,0.0,14.09
2026-09-07 11:12:00,29.07,50.45,731.67,200,0.42,0.0,14.09
2026-09-07 11:13:00,29.22,50.06,731.29,256,0.195,0.0,14.09
2026-09-07 11:14:00,29.37,49.49,733.58,218,0.195,0.0,14.09
2026-09-07 11:15:00,29.44,49.12,737.01,214,0.255,0.0,14.09
2026-09-07 11:16:00,29.54,49.18,736.63,328,0.12,0.0,14.09
2026-09-07 11:17:00,29.64,48.79,739.68,124,0.285,0.0,14.09
2026-09-07 11:18:00,29.64,48.86,740.83,142,0.51,0.0,14.09
2026-09-07 11:19:00,29.64,49.12,742.73,106,0.585,0.0,14.09
2026-09-07 11:20:00,29.55,49.64,745.02,144,0.75,0.0,14.09
2026-09-07 11:21:00,29.6,48.75,746.55,111,0.48,0.0,14.09
2026-09-07 11:22:00,29.58,48.55,745.4,231,0.405,0.0,14.09
2026-09-07 11:23:00,29.51,48.97,747.69,163,0.225,0.0,14.09
2026-09-07 11:24:00,29.45,48.89,750.36,95,0.555,0.0,14.09
2026-09-07 11:25:00,29.43,49.16,750.36,194,0.705,0.0,14.09
2026-09-07 11:26:00,29.44,49.1,751.89,84,0.375,0.0,14.09
2026-09-07 11:27:00,29.48,49.22,752.27,104,0.255,0.0,14.09
2026-09-07 11:28:00,29.55,49.15,751.51,211,0.345,0.0,14.09
2026-09-07 11:29:00,29.58,48.42,754.18,220,0.405,0.0,14.09
2026-09-07 11:30:00,29.65,48.3,754.94,216,0.165,0.0,14.09
2026-09-07 11:31:00,29.71,48.25,755.7,216,0.03,0.0,14.09
2026-09-07 11:32:00,29.73,48.26,757.61,201,0.375,0.0,14.09
2026-09-07 11:33:00,29.8,48.31,757.99,125,0.15,0.0,14.09
2026-09-07 11:34:00,29.85,47.99,758.37,198,0.36,0.0,14.09
2026-09-07 11:35:00,29.84,48.31,760.28,153,0.735,0.0,14.09
2026-09-07 11:36:00,29.84,48.07,759.52,138,0.615,0.0,14.09
2026-09-07 11:37:00,29.78,47.76,761.04,199,0.345,0.0,14.09
2026-09-07 11:38:00,29.75,48.18,759.9,199,0.09,0.0,14.09
2026-09-07 11:39:00,29.75,48.01,761.04,198,0.255,0.0,14.09
2026-09-07 11:40:00,29.7,48.23,765.24,198,0.225,0.0,14.09
2026-09-07 11:41:00,29.74,48.31,766.0,203,0.135,0.0,14.09
2026-09-07 11:42:00,29.78,47.96,770.2,222,0.255,0.0,14.09
2026-09-07 11:43:00,29.85,48.14,767.53,273,0.405,0.0,14.09
2026-09-07 11:44:00,29.88,48.27,769.05,265,0.39,0.0,14.09
2026-09-07 11:45:00,29.94,48.08,771.73,55,0.525,0.0,14.09
2026-09-07 11:46:00,29.95,48.81,771.34,121,0.45,0.0,14.09
2026-09-07 11:47:00,30.01,48.15,771.73,328,0.48,0.0,14.09
2026-09-07 11:48:00,30.08,46.48,772.11,187,0.36,0.0,14.09
2026-09-07 11:49:00,30.11,46.83,772.87,77,0.375,0.0,14.09
2026-09-07 11:50:00,30.09,47.49,772.87,150,0.66,0.0,14.09
2026-09-07 11:51:00,30.15,47.26,773.63,223,0.225,0.0,14.09
2026-09-07 11:52:00,30.15,46.94,775.92,207,0.285,0.0,14.09
2026-09-07 11:53:00,30.19,46.77,775.16,207,0.09,0.0,14.09
2026-09-07 11:54:00,30.19,46.48,775.54,150,0.315,0.0,14.09
2026-09-07 11:55:00,30.19,46.64,775.54,176,0.495,0.0,14.09
2026-09-07 11:56:00,30.21,46.64,775.16,157,0.255,0.0,14.09
2026-09-07 11:57:00,30.25,45.78,776.68,167,0.375,0.0,14.09
2026-09-07 11:58:00,30.23,45.64,779.35,25,0.57,0.0,14.09
2026-09-07 11:59:00,30.12,45.83,779.74,136,0.435,0.0,14.09
2026-09-07 12:00:00,30.14,45.94,778.97,136,0.12,0.0,14.09
2026-09-07 12:01:00,30.12,46.34,780.12,216,0.375,0.0,14.09
2026-09-07 12:02:00,30.14,45.12,779.74,145,0.675,0.0,14.09
2026-09-07 12:03:00,30.04,44.89,780.5,194,0.495,0.0,14.09
2026-09-07 12:04:00,30.01,45.87,780.5,167,0.105,0.0,14.09
2026-09-07 12:05:00,30.07,46.31,781.26,163,0.12,0.0,14.09
2026-09-07 12:06:00,30.07,46.84,782.02,97,0.57,0.0,14.09
2026-09-07 12:07:00,30.02,46.29,782.02,108,0.72,0.0,14.09
2026-09-07 12:08:00,30.01,46.18,784.31,53,0.465,0.0,14.09
2026-09-07 12:09:00,30.07,46.55,784.31,347,0.375,0.0,14.09
2026-09-07 12:10:00,30.18,46.43,783.55,342,0.45,0.0,14.09
2026-09-07 12:11:00,30.28,46.42,788.13,55,0.39,0.0,14.09
2026-09-07 12:12:00,30.4,46.53,785.08,150,0.39,0.0,14.09
2026-09-07 12:13:00,30.59,45.62,784.7,150,0.18,0.0,14.09
2026-09-07 12:14:00,30.69,44.99,785.46,143,0.585,0.0,14.09
2026-09-07 12:15:00,30.76,44.83,789.27,223,0.36,0.0,14.09
2026-09-07 12:16:00,30.82,44.72,789.65,282,0.315,0.0,14.09
2026-09-07 12:17:00,30.87,44.65,787.37,128,0.3,0.0,14.09
2026-09-07 12:18:00,30.89,44.84,789.65,150,0.345,0.0,14.09
2026-09-07 12:19:00,30.83,44.71,789.27,238,0.465,0.0,14.09
2026-09-07 12:20:00,30.76,44.59,789.27,29,0.585,0.0,14.09
2026-09-07 12:21:00,30.72,45.06,789.27,112,0.42,0.0,14.09
2026-09-07 12:22:00,30.76,44.59,788.51,113,0.33,0.0,14.09
2026-09-07 12:23:00,30.84,44.26,789.27,180,0.21,0.0,14.09
2026-09-07 12:24:00,30.91,44.02,790.04,259,0.48,0.0,14.09
2026-09-07 12:25:00,30.95,44.09,792.71,328,0.255,0.0,14.09
2026-09-07 12:26:00,31.04,43.88,793.09,328,0.09,0.0,14.09
2026-09-07 12:27:00,31.03,43.53,791.18,190,0.165,0.0,14.09
2026-09-07 12:28:00,31.01,44.44,791.94,137,0.375,0.0,14.09
2026-09-07 12:29:00,31.07,44.2,792.32,159,0.24,0.0,14.09
2026-09-07 12:30:00,31.14,44.5,791.18,166,0.195,0.0,14.09
2026-09-07 12:31:00,31.24,44.37,790.8,224,0.465,0.0,14.09
2026-09-07 12:32:00,31.32,44.69,791.18,116,0.375,0.0,14.09
2026-09-07 12:33:00,31.32,43.92,788.89,66,0.975,0.0,14.09
2026-09-07 12:34:00,31.11,44.06,789.27,120,1.35,0.0,14.09
2026-09-07 12:35:00,30.93,44.67,788.13,156,0.675,0.0,14.09
2026-09-07 12:36:00,30.95,44.68,790.04,216,0.42,0.0,14.09
2026-09-07 12:37:00,30.94,44.81,791.94,137,0.435,0.0,14.09
2026-09-07 12:38:00,30.91,44.89,791.94,219,0.615,0.0,14.09
2026-09-07 12:39:00,31.04,44.66,793.47,162,0.24,0.0,14.09
2026-09-07 12:40:00,31.21,44.46,793.09,220,0.33,0.0,14.09
2026-09-07 12:41:00,31.27,44.05,793.09,305,0.21,0.0,14.09
2026-09-07 12:42:00,31.31,43.96,792.71,214,0.27,0.0,14.09
2026-09-07 12:43:00,31.23,44.11,791.56,108,0.63,0.0,14.09
2026-09-07 12:44:00,31.18,44.22,791.56,62,0.585,0.0,14.09
2026-09-07 12:45:00,31.14,44.5,792.71,16,0.255,0.0,14.09
2026-09-07 12:46:00,31.2,44.69,792.71,170,0.225,0.0,14.09
2026-09-07 12:47:00,31.27,45.02,791.94,35,0.345,0.0,14.09
2026-09-07 12:48:00,31.44,44.93,788.89,132,0.45,0.0,14.09
2026-09-07 12:49:00,31.54,44.37,790.04,170,0.42,0.0,14.09
2026-09-07 12:50:00,31.64,44.28,792.32,180,0.225,0.0,14.09
2026-09-07 12:51:00,31.72,44.01,792.71,249,0.585,0.0,14.09
2026-09-07 12:52:00,31.78,43.41,791.56,198,0.615,0.0,14.09
2026-09-07 12:53:00,31.88,43.01,786.98,163,0.315,0.0,14.09
2026-09-07 12:54:00,31.91,42.95,790.8,44,0.975,0.0,14.09
2026-09-07 12:55:00,31.86,42.63,785.46,125,0.84,0.0,14.09
2026-09-07 12:56:00,31.81,42.51,784.31,231,0.645,0.0,14.09
2026-09-07 12:57:00,31.82,42.59,783.93,283,0.285,0.0,14.09
2026-09-07 12:58:00,31.82,42.46,785.84,160,0.285,0.0,14.09
2026-09-07 12:59:00,31.73,42.78,790.8,117,0.54,0.0,14.09
2026-09-07 13:00:00,31.69,42.82,790.8,108,0.3,0.0,14.09
2026-09-07 13:01:00,31.71,43.23,790.04,108,0.15,0.0,14.09
2026-09-07 13:02:00,31.88,43.31,790.42,85,0.36,0.0,14.09
2026-09-07 13:03:00,31.92,42.33,788.51,71,1.26,0.0,14.09
2026-09-07 13:04:00,31.68,42.63,786.98,159,0.81,0.0,14.09
2026-09-07 13:05:00,31.64,43.35,784.7,110,0.39,0.0,14.09
2026-09-07 13:06:00,31.68,43.25,786.98,176,0.465,0.0,14.09
2026-09-07 13:07:00,31.78,42.51,786.22,93,0.48,0.0,14.09
2026-09-07 13:08:00,31.79,42.96,784.31,88,1.08,0.0,14.09
2026-09-07 13:09:00,31.79,42.88,781.64,216,0.525,0.0,14.09
2026-09-07 13:10:00,31.88,42.65,781.26,216,0.21,0.0,14.09
2026-09-07 13:11:00,31.99,42.44,780.5,220,0.315,0.0,14.09
2026-09-07 13:12:00,32.06,42.4,782.02,161,0.3,0.0,14.09
2026-09-07 13:13:00,32.12,41.77,783.55,107,0.495,0.0,14.09
2026-09-07 13:14:00,32.22,41.58,785.08,241,0.27,0.0,14.09
2026-09-07 13:15:00,32.32,41.51,786.6,152,0.375,0.0,14.09
2026-09-07 13:16:00,32.49,41.15,784.7,158,0.21,0.0,14.09
2026-09-07 13:17:00,32.65,41.14,783.93,231,0.285,0.0,14.09
2026-09-07 13:18:00,32.63,40.7,782.79,215,0.51,0.0,14.09
2026-09-07 13:19:00,32.6,41.04,782.79,112,0.315,0.0,14.09
2026-09-07 13:20:00,32.56,41.05,780.12,101,0.54,0.0,14.09
2026-09-07 13:21:00,32.42,41.48,779.35,163,0.63,0.0,14.09
2026-09-07 13:22:00,32.42,41.5,778.59,133,0.795,0.0,14.09
2026-09-07 13:23:00,32.39,41.23,777.45,206,0.495,0.0,14.09
2026-09-07 13:24:00,32.39,41.24,778.59,202,0.48,0.0,14.09
2026-09-07 13:25:00,32.4,41.2,777.83,197,0.285,0.0,14.09
2026-09-07 13:26:00,32.46,41.58,777.45,188,0.315,0.0,14.09
2026-09-07 13:27:00,32.56,41.64,774.78,121,0.345,0.0,14.09
2026-09-07 13:28:00,32.71,41.21,775.16,214,0.315,0.0,14.09
2026-09-07 13:29:00,32.87,40.52,770.96,256,0.465,0.0,14.09
2026-09-07 13:30:00,32.86,40.42,770.58,18,0.48,0.0,14.09
2026-09-07 13:31:00,32.88,39.89,771.73,115,0.525,0.0,14.09
2026-09-07 13:32:00,32.84,39.86,772.49,62,0.78,0.0,14.09
2026-09-07 13:33:00,32.86,39.3,771.34,139,0.285,0.0,14.09
2026-09-07 13:34:00,32.87,38.96,769.82,131,0.12,0.0,14.09
2026-09-07 13:35:00,33.0,38.87,769.82,131,0.09,0.0,14.09
2026-09-07 13:36:00,33.16,39.41,769.82,89,0.405,0.0,14.09
2026-09-07 13:37:00,33.03,39.85,767.91,171,0.72,0.0,14.09
2026-09-07 13:38:00,33.0,40.29,765.62,67,0.57,0.0,14.09
2026-09-07 13:39:00,33.04,40.21,761.81,204,0.3,0.0,14.09
2026-09-07 13:40:00,32.98,40.1,758.37,180,0.39,0.0,14.09
2026-09-07 13:41:00,32.93,40.46,757.61,192,0.405,0.0,14.09
2026-09-07 13:42:00,32.88,40.61,754.18,138,1.005,0.0,14.09
2026-09-07 13:43:00,32.83,40.59,750.36,262,0.795,0.0,14.09
2026-09-07 13:44:00,32.8,40.69,748.84,213,0.84,0.0,14.09
2026-09-07 13:45:00,32.73,40.84,749.6,182,0.555,0.0,14.09
2026-09-07 13:46:00,32.69,40.89,748.84,180,0.33,0.0,14.09
2026-09-07 13:47:00,32.79,41.05,745.78,180,0.165,0.0,14.09
2026-09-07 13:48:00,32.95,40.44,746.55,183,0.24,0.0,14.09
2026-09-07 13:49:00,32.98,39.67,749.98,72,0.975,0.0,14.09
2026-09-07 13:50:00,32.83,39.84,752.27,314,0.9,0.0,14.09
2026-09-07 13:51:00,32.77,40.01,748.84,240,0.375,0.0,14.09
2026-09-07 13:52:00,32.66,40.08,749.98,166,0.48,0.0,14.09
2026-09-07 13:53:00,32.73,40.62,746.93,75,0.24,0.0,14.09
2026-09-07 13:54:00,32.87,41.08,745.4,135,0.465,0.0,14.09
2026-09-07 13:55:00,33.0,40.74,746.55,136,0.57,0.0,14.09
2026-09-07 13:56:00,33.03,40.47,742.73,155,0.72,0.0,14.09
2026-09-07 13:57:00,33.07,40.42,739.3,74,0.96,0.0,14.09
2026-09-07 13:58:00,32.9,40.08,736.63,49,1.275,0.0,14.09
2026-09-07 13:59:00,32.73,40.62,734.72,183,1.11,0.0,14.09
2026-09-07 14:00:00,32.67,40.68,734.72,80,0.465,0.0,14.09
2026-09-07 14:01:00,32.76,40.51,734.34,288,0.285,0.0,14.09
2026-09-07 14:02:00,32.77,40.69,735.48,217,0.78,0.0,14.09
2026-09-07 14:03:00,32.74,40.88,733.96,334,0.54,0.0,14.09
2026-09-07 14:04:00,32.8,41.34,730.91,356,0.615,0.0,14.09
2026-09-07 14:05:00,32.87,41.06,730.91,39,0.63,0.0,14.09
2026-09-07 14:06:00,32.97,41.17,727.86,124,0.63,0.0,14.09
2026-09-07 14:07:00,33.0,40.27,727.09,168,0.525,0.0,14.09
2026-09-07 14:08:00,33.0,39.28,724.8,56,0.66,0.0,14.09
2026-09-07 14:09:00,32.9,39.65,722.13,47,0.48,0.0,13.91
2026-09-07 14:10:00,32.9,39.77,718.7,7,0.225,0.0,13.91
2026-09-07 14:11:00,33.03,39.98,718.32,324,0.15,0.0,13.91
2026-09-07 14:12:00,33.13,39.94,716.41,337,0.33,0.0,13.91
2026-09-07 14:13:00,33.21,39.77,716.79,169,0.585,0.0,13.91
2026-09-07 14:14:00,33.2,39.95,714.12,112,0.255,0.0,13.91
2026-09-07 14:15:00,33.27,40.29,715.27,112,0.285,0.0,13.91
2026-09-07 14:16:00,33.28,40.25,711.07,213,0.54,0.0,13.91
2026-09-07 14:17:00,33.24,40.54,710.31,167,0.555,0.0,13.91
2026-09-07 14:18:00,33.2,41.02,707.26,92,0.51,0.0,13.91
2026-09-07 14:19:00,33.21,41.44,704.97,150,0.555,0.0,13.91
2026-09-07 14:20:00,33.22,41.11,702.3,248,0.51,0.0,13.91
2026-09-07 14:21:00,33.32,40.96,700.01,63,0.555,0.0,13.91
2026-09-07 14:22:00,33.4,41.05,698.48,200,0.48,0.0,13.91
2026-09-07 14:23:00,33.42,40.74,698.48,66,0.555,0.0,13.91
2026-09-07 14:24:00,33.29,40.57,697.34,13,1.485,0.0,13.91
2026-09-07 14:25:00,33.11,40.52,693.52,72,0.78,0.0,13.91
2026-09-07 14:26:00,32.98,40.51,693.52,136,0.72,0.0,13.91
2026-09-07 14:27:00,32.84,40.27,692.0,51,0.87,0.0,13.91
2026-09-07 14:28:00,32.81,40.48,690.09,28,0.435,0.0,13.91
2026-09-07 14:29:00,32.88,40.31,688.18,36,0.21,0.0,13.91
2026-09-07 14:30:00,33.03,40.24,687.04,10,0.255,0.0,13.91
2026-09-07 14:31:00,33.11,39.65,686.27,159,0.705,0.0,13.91
2026-09-07 14:32:00,33.17,39.73,685.89,150,0.525,0.0,13.91
2026-09-07 14:33:00,33.24,39.21,682.84,145,0.54,0.0,13.91
2026-09-07 14:34:00,33.25,38.97,679.41,76,0.81,0.0,13.91
2026-09-07 14:35:00,33.18,39.44,675.97,114,0.435,0.0,13.91
2026-09-07 14:36:00,33.04,39.79,674.83,48,0.855,0.0,13.91
2026-09-07 14:37:00,33.0,39.87,671.4,224,0.585,0.0,13.91
2026-09-07 14:38:00,33.01,39.85,668.73,193,0.36,0.0,13.91
2026-09-07 14:39:00,33.13,39.93,667.96,219,0.63,0.0,13.91
2026-09-07 14:40:00,33.13,39.96,665.29,168,0.33,0.0,13.91
2026-09-07 14:41:00,33.17,39.6,664.53,199,0.315,0.0,13.91
2026-09-07 14:42:00,33.27,39.07,661.48,126,0.33,0.0,13.91
2026-09-07 14:43:00,33.34,39.11,660.72,191,0.57,0.0,13.91
2026-09-07 14:44:00,33.27,38.85,658.43,175,1.095,0.0,13.91
2026-09-07 14:45:00,33.16,39.03,656.14,347,0.825,0.0,13.91
2026-09-07 14:46:00,33.18,39.03,654.61,39,0.345,0.0,13.91
2026-09-07 14:47:00,33.28,38.82,655.37,39,0.18,0.0,13.91
2026-09-07 14:48:00,33.4,38.79,656.14,251,0.375,0.0,13.91
2026-09-07 14:49:00,33.54,38.45,655.37,179,0.33,0.0,13.91
2026-09-07 14:50:00,33.58,38.58,653.47,248,0.375,0.0,13.91
2026-09-07 14:51:00,33.66,38.67,649.65,263,0.375,0.0,13.91
2026-09-07 14:52:00,33.72,37.97,648.13,141,0.3,0.0,13.91
2026-09-07 14:53:00,33.75,37.83,645.08,119,0.435,0.0,13.91
2026-09-07 14:54:00,33.82,37.61,642.02,218,0.315,0.0,13.91
2026-09-07 14:55:00,33.81,37.74,640.88,146,0.48,0.0,13.91
2026-09-07 14:56:00,33.72,38.29,638.21,124,0.465,0.0,13.91
2026-09-07 14:57:00,33.78,38.34,636.3,103,0.555,0.0,13.91
2026-09-07 14:58:00,33.76,38.3,633.25,201,0.525,0.0,13.91
2026-09-07 14:59:00,33.88,38.15,629.82,209,0.36,0.0,13.91
2026-09-07 15:00:00,33.93,38.12,624.48,229,0.585,0.0,13.91
2026-09-07 15:01:00,33.91,37.95,621.81,299,0.555,0.0,13.91
2026-09-07 15:02:00,33.93,37.87,622.19,165,0.36,0.0,13.91
2026-09-07 15:03:00,33.99,37.85,618.75,173,0.3,0.0,13.91
2026-09-07 15:04:00,33.97,38.01,617.23,85,0.615,0.0,13.91
2026-09-07 15:05:00,33.97,38.33,615.7,144,0.375,0.0,13.91
2026-09-07 15:06:00,34.02,37.91,613.41,147,0.375,0.0,13.91
2026-09-07 15:07:00,34.06,37.93,611.89,252,0.405,0.0,13.91
2026-09-07 15:08:00,33.97,37.84,610.74,192,0.48,0.0,13.91
2026-09-07 15:09:00,33.88,38.05,607.69,220,0.435,0.0,13.83
2026-09-07 15:10:00,33.84,38.41,604.64,247,0.36,0.0,13.83
2026-09-07 15:11:00,33.84,38.5,601.21,247,0.135,0.0,13.83
2026-09-07 15:12:00,33.99,38.07,598.15,325,0.24,0.0,13.83
2026-09-07 15:13:00,34.13,38.05,597.77,325,0.105,0.0,13.83
2026-09-07 15:14:00,34.23,37.82,595.1,192,0.3,0.0,13.83
2026-09-07 15:15:00,34.23,38.24,592.81,172,0.27,0.0,13.83
2026-09-07 15:16:00,34.23,38.42,587.09,204,0.405,0.0,13.83
2026-09-07 15:17:00,34.2,38.3,582.13,127,0.765,0.0,13.83
2026-09-07 15:18:00,34.11,38.92,577.55,223,0.45,0.0,13.83
2026-09-07 15:19:00,33.97,38.92,576.41,198,0.57,0.0,13.83
2026-09-07 15:20:00,33.89,38.55,574.5,341,0.39,0.0,13.83
2026-09-07 15:21:00,33.81,39.07,572.59,267,0.915,0.0,13.83
2026-09-07 15:22:00,33.66,39.52,566.87,202,0.69,0.0,13.83
2026-09-07 15:23:00,33.59,39.37,564.97,132,0.735,0.0,13.83
2026-09-07 15:24:00,33.51,39.76,559.62,207,0.75,0.0,13.83
2026-09-07 15:25:00,33.54,39.4,558.48,277,0.495,0.0,13.83
2026-09-07 15:26:00,33.52,39.39,560.77,202,0.225,0.0,13.83
2026-09-07 15:27:00,33.52,39.51,562.29,272,0.15,0.0,13.83
2026-09-07 15:28:00,33.66,39.39,559.24,281,0.135,0.0,13.83
2026-09-07 15:29:00,33.79,39.11,559.24,243,0.24,0.0,13.83
2026-09-07 15:30:00,33.86,39.06,558.1,271,0.405,0.0,13.83
2026-09-07 15:31:00,33.96,39.11,552.38,156,0.3,0.0,13.83
2026-09-07 15:32:00,33.89,39.03,548.18,258,0.63,0.0,13.83
2026-09-07 15:33:00,33.84,39.31,544.75,134,0.36,0.0,13.83
2026-09-07 15:34:00,33.88,39.13,542.08,172,0.24,0.0,13.83
2026-09-07 15:35:00,33.86,39.18,538.26,160,0.36,0.0,13.83
2026-09-07 15:36:00,33.89,39.34,536.74,305,0.3,0.0,13.83
2026-09-07 15:37:00,33.89,39.08,534.83,161,0.48,0.0,13.83
2026-09-07 15:38:00,33.89,39.05,533.68,140,0.3,0.0,13.83
2026-09-07 15:39:00,33.82,39.34,532.16,188,0.615,0.0,13.83
2026-09-07 15:40:00,33.76,39.49,528.73,163,0.33,0.0,13.83
2026-09-07 15:41:00,33.71,39.35,526.82,164,0.555,0.0,13.83
2026-09-07 15:42:00,33.64,39.62,524.91,153,0.405,0.0,13.83
2026-09-07 15:43:00,33.62,39.93,522.24,152,0.39,0.0,13.83
2026-09-07 15:44:00,33.52,39.94,519.57,146,0.84,0.0,13.83
2026-09-07 15:45:00,33.45,40.11,515.75,170,0.315,0.0,13.83
2026-09-07 15:46:00,33.44,40.23,513.47,151,0.315,0.0,13.83
2026-09-07 15:47:00,33.35,40.1,510.41,168,0.75,0.0,13.83
2026-09-07 15:48:00,33.32,40.56,507.74,103,0.435,0.0,13.83
2026-09-07 15:49:00,33.37,40.43,506.22,167,0.465,0.0,13.83
2026-09-07 15:50:00,33.35,40.31,505.07,193,0.435,0.0,13.91
2026-09-07 15:51:00,33.27,40.26,506.6,136,0.405,0.0,13.83
2026-09-07 15:52:00,33.18,40.28,506.22,147,0.51,0.0,13.91
2026-09-07 15:53:00,33.18,39.91,486.0,168,0.3,0.0,13.83
2026-09-07 15:54:00,33.22,40.1,488.29,169,0.105,0.0,13.91
2026-09-07 15:55:00,33.25,39.8,489.43,152,0.375,0.0,13.83
2026-09-07 15:56:00,33.25,39.82,490.96,197,0.375,0.0,13.91
2026-09-07 15:57:00,33.24,40.09,491.34,289,0.42,0.0,13.83
2026-09-07 15:58:00,33.2,40.13,489.05,186,0.555,0.0,13.91
2026-09-07 15:59:00,33.18,40.16,477.61,149,0.48,0.0,13.91
2026-09-07 16:00:00,33.13,40.42,470.74,282,0.615,0.0,13.83
2026-09-07 16:01:00,33.0,40.23,467.31,175,0.6,0.0,13.91
2026-09-07 16:02:00,32.93,40.37,462.35,154,0.555,0.0,13.83
2026-09-07 16:03:00,32.86,40.5,461.2,203,0.495,0.0,13.91
2026-09-07 16:04:00,32.9,40.63,457.01,200,0.42,0.0,13.91
2026-09-07 16:05:00,32.93,40.85,455.48,138,0.405,0.0,13.91
2026-09-07 16:06:00,32.95,40.71,453.19,166,0.375,0.0,13.91
2026-09-07 16:07:00,32.97,40.87,452.05,174,0.405,0.0,13.83
2026-09-07 16:08:00,32.95,40.72,452.05,155,0.42,0.0,13.91
2026-09-07 16:09:00,32.95,40.97,450.9,181,0.33,0.0,13.83
2026-09-07 16:10:00,32.95,41.3,448.23,180,0.405,0.0,13.91
2026-09-07 16:11:00,33.01,41.07,443.27,204,0.345,0.0,13.91
2026-09-07 16:12:00,33.0,41.33,439.46,186,0.51,0.0,13.91
2026-09-07 16:13:00,32.95,41.36,435.65,239,0.6,0.0,13.83
2026-09-07 16:14:00,33.0,41.27,432.59,160,0.495,0.0,13.83
2026-09-07 16:15:00,33.03,41.24,427.63,76,0.51,0.0,13.91
2026-09-07 16:16:00,32.84,41.58,421.91,62,1.125,0.0,13.83
2026-09-07 16:17:00,32.65,42.16,417.72,106,0.585,0.0,13.91
2026-09-07 16:18:00,32.49,42.5,413.52,195,0.495,0.0,13.91
2026-09-07 16:19:00,32.4,42.63,409.7,95,1.065,0.0,13.83
2026-09-07 16:20:00,32.28,42.99,407.03,237,0.9,0.0,13.91
2026-09-07 16:21:00,32.19,43.42,403.98,108,0.855,0.0,13.91
2026-09-07 16:22:00,32.19,43.46,400.55,160,0.675,0.0,13.83
2026-09-07 16:23:00,32.19,43.56,398.64,163,0.825,0.0,13.91
2026-09-07 16:24:00,32.2,43.34,396.35,140,0.24,0.0,13.91
2026-09-07 16:25:00,32.28,43.5,394.45,175,0.345,0.0,13.91
2026-09-07 16:26:00,32.33,43.74,391.39,172,0.315,0.0,13.91
2026-09-07 16:27:00,32.43,43.34,387.58,169,0.375,0.0,13.91
2026-09-07 16:28:00,32.47,42.73,387.96,281,0.3,0.0,13.91
2026-09-07 16:29:00,32.53,42.67,387.58,239,0.225,0.0,13.91
2026-09-07 16:30:00,32.53,43.22,386.05,303,0.495,0.0,13.91
2026-09-07 16:31:00,32.46,43.04,384.91,209,0.675,0.0,13.83
2026-09-07 16:32:00,32.46,43.21,381.48,68,0.48,0.0,13.91
2026-09-07 16:33:00,32.5,43.19,376.13,228,0.405,0.0,13.83
2026-09-07 16:34:00,32.49,43.21,373.08,114,0.495,0.0,13.83
2026-09-07 16:35:00,32.38,43.5,370.41,174,0.405,0.0,13.91
2026-09-07 16:36:00,32.33,43.72,365.84,135,0.405,0.0,13.91
2026-09-07 16:37:00,32.32,43.81,362.02,199,0.45,0.0,13.91
2026-09-07 16:38:00,32.35,43.65,359.35,199,0.18,0.0,13.83
2026-09-07 16:39:00,32.39,44.01,355.15,202,0.33,0.0,13.83
2026-09-07 16:40:00,32.4,43.92,351.34,263,0.315,0.0,13.83
2026-09-07 16:41:00,32.43,43.49,349.05,220,0.225,0.0,13.83
2026-09-07 16:42:00,32.49,43.38,345.24,194,0.15,0.0,13.83
2026-09-07 16:43:00,32.54,43.5,341.8,203,0.27,0.0,13.83
2026-09-07 16:44:00,32.59,43.62,336.08,252,0.435,0.0,13.83
2026-09-07 16:45:00,32.56,43.34,333.41,126,0.315,0.0,13.83
2026-09-07 16:46:00,32.56,43.1,331.12,126,0.225,0.0,13.83
2026-09-07 16:47:00,32.53,43.22,328.45,127,0.075,0.0,13.83
2026-09-07 16:48:00,32.56,43.67,324.64,157,0.315,0.0,13.83
2026-09-07 16:49:00,32.5,43.65,322.73,182,0.405,0.0,13.83
2026-09-07 16:50:00,32.46,43.76,320.44,100,0.39,0.0,13.83
2026-09-07 16:51:00,32.32,44.0,317.01,175,0.33,0.0,13.83
2026-09-07 16:52:00,32.23,44.31,313.57,125,0.42,0.0,13.83
2026-09-07 16:53:00,32.15,44.63,310.52,134,0.345,0.0,13.83
2026-09-07 16:54:00,32.12,44.8,307.09,94,0.48,0.0,13.83
2026-09-07 16:55:00,32.05,44.81,304.04,156,0.33,0.0,13.83
2026-09-07 16:56:00,31.98,44.93,300.22,199,0.3,0.0,13.83
2026-09-07 16:57:00,31.91,45.06,295.26,173,0.36,0.0,13.83
2026-09-07 16:58:00,31.81,45.29,291.07,139,0.45,0.0,13.83
2026-09-07 16:59:00,31.75,45.49,288.4,121,0.465,0.0,13.83
2026-09-07 17:00:00,31.79,45.49,284.58,196,0.39,0.0,13.83
2026-09-07 17:01:00,31.82,45.6,281.53,195,0.15,0.0,13.83
2026-09-07 17:02:00,31.82,45.78,278.86,233,0.525,0.0,13.83
2026-09-07 17:03:00,31.75,45.78,275.81,217,0.465,0.0,13.79
2026-09-07 17:04:00,31.73,46.11,272.76,175,0.465,0.0,13.79
2026-09-07 17:05:00,31.71,45.82,270.47,185,0.345,0.0,13.79
2026-09-07 17:06:00,31.64,45.86,267.41,307,0.435,0.0,13.79
2026-09-07 17:07:00,31.6,46.14,264.36,180,0.51,0.0,13.79
2026-09-07 17:08:00,31.32,46.47,260.93,144,0.555,0.0,13.79
2026-09-07 17:09:00,31.18,46.76,256.35,222,0.39,0.0,13.79
2026-09-07 17:10:00,31.03,46.9,254.06,204,0.63,0.0,13.79
2026-09-07 17:11:00,30.86,47.3,250.25,178,0.42,0.0,13.79
2026-09-07 17:12:00,30.72,47.71,244.91,11,0.39,0.0,13.79
2026-09-07 17:13:00,30.63,48.06,176.62,202,0.33,0.0,13.79
2026-09-07 17:14:00,30.53,48.55,88.88,206,0.33,0.0,13.79
2026-09-07 17:15:00,30.47,48.61,58.37,205,0.165,0.0,13.79
2026-09-07 17:16:00,30.38,48.87,58.37,155,0.465,0.0,13.79
2026-09-07 17:17:00,30.33,48.93,57.98,162,0.36,0.0,13.79
2026-09-07 17:18:00,30.29,48.96,57.22,210,0.405,0.0,13.79
2026-09-07 17:19:00,30.32,48.98,56.84,210,0.18,0.0,13.79
2026-09-07 17:20:00,30.23,49.03,56.46,199,0.705,0.0,13.79
2026-09-07 17:21:00,30.15,49.21,56.08,192,0.51,0.0,13.79
2026-09-07 17:22:00,30.09,49.39,55.31,195,0.585,0.0,13.79
2026-09-07 17:23:00,30.05,49.55,55.31,187,0.36,0.0,13.79
2026-09-07 17:24:00,30.01,49.7,54.55,201,0.27,0.0,13.79
2026-09-07 17:25:00,29.96,49.59,54.17,194,0.435,0.0,13.79
2026-09-07 17:26:00,29.95,49.74,53.79,192,0.6,0.0,13.79
2026-09-07 17:27:00,29.92,49.87,53.41,192,0.15,0.0,13.79
2026-09-07 17:28:00,29.92,50.05,53.03,271,0.24,0.0,13.79
2026-09-07 17:29:00,29.89,50.01,52.26,145,0.525,0.0,13.79
2026-09-07 17:30:00,29.87,50.14,52.26,177,0.615,0.0,13.79
2026-09-07 17:31:00,29.85,50.27,51.12,179,0.42,0.0,13.79
2026-09-07 17:32:00,29.84,50.47,50.74,201,0.465,0.0,13.79
2026-09-07 17:33:00,29.81,50.61,50.35,236,0.255,0.0,13.79
2026-09-07 17:34:00,29.8,50.61,50.35,294,0.6,0.0,13.79
2026-09-07 17:35:00,29.8,50.55,49.59,118,0.495,0.0,13.79
2026-09-07 17:36:00,29.78,50.38,49.21,208,0.45,0.0,13.79
2026-09-07 17:37:00,29.74,50.22,48.45,213,0.36,0.0,13.79
2026-09-07 17:38:00,29.73,50.37,48.45,212,0.555,0.0,13.79
2026-09-07 17:39:00,29.71,50.41,47.68,75,0.675,0.0,13.79
2026-09-07 17:40:00,29.65,50.51,47.3,56,0.285,0.0,13.64
2026-09-07 17:41:00,29.65,50.63,46.54,186,0.165,0.0,13.57
2026-09-07 17:42:00,29.63,50.94,46.54,94,0.315,0.0,13.61
2026-09-07 17:43:00,29.61,51.07,46.16,118,0.195,0.0,13.61
2026-09-07 17:44:00,29.61,51.23,45.4,118,0.12,0.0,13.61
2026-09-07 17:45:00,29.64,51.15,45.01,185,0.075,0.0,13.57
2026-09-07 17:46:00,29.64,50.93,44.25,72,0.315,0.0,13.57
2026-09-07 17:47:00,29.6,50.99,43.87,249,0.54,0.0,13.53
2026-09-07 17:48:00,29.6,51.19,43.49,233,0.36,0.0,13.53
2026-09-07 17:49:00,29.54,51.24,42.73,233,0.15,0.0,13.53
2026-09-07 17:50:00,29.51,51.37,42.34,233,0.33,0.0,13.53
2026-09-07 17:51:00,29.48,51.44,41.96,239,0.18,0.0,13.46
2026-09-07 17:52:00,29.5,51.36,41.58,107,0.27,0.0,13.46
2026-09-07 17:53:00,29.47,51.23,40.82,134,0.375,0.0,13.46
2026-09-07 17:54:00,29.44,51.14,40.05,148,0.735,0.0,13.46
2026-09-07 17:55:00,29.4,51.04,40.05,90,0.315,0.0,13.46
2026-09-07 17:56:00,29.36,51.15,39.29,242,0.465,0.0,13.46
2026-09-07 17:57:00,29.32,51.27,38.91,120,0.915,0.0,13.46
2026-09-07 17:58:00,29.3,51.22,38.15,180,0.585,0.0,13.46
2026-09-07 17:59:00,29.26,51.18,37.38,174,0.645,0.0,13.46
2026-09-07 18:00:00,29.22,51.17,37.0,104,0.465,0.0,13.46
2026-09-07 18:01:00,29.16,51.28,36.24,154,0.315,0.0,13.16
2026-09-07 18:02:00,29.12,51.52,35.86,183,0.255,0.0,13.16
2026-09-07 18:03:00,29.09,51.62,35.1,183,0.165,0.0,13.16
2026-09-07 18:04:00,29.06,51.74,34.71,183,0.15,0.0,13.16
2026-09-07 18:05:00,29.07,51.64,33.57,206,0.51,0.0,13.16
2026-09-07 18:06:00,29.03,51.57,33.19,150,0.39,0.0,13.16
2026-09-07 18:07:00,28.97,51.69,32.43,179,0.375,0.0,13.16
2026-09-07 18:08:00,28.96,51.67,31.66,151,0.345,0.0,13.16
2026-09-07 18:09:00,28.95,51.75,31.66,163,0.15,0.0,13.16
2026-09-07 18:10:00,28.93,51.76,30.52,178,0.165,0.0,13.16
2026-09-07 18:11:00,28.9,51.72,30.14,235,0.615,0.0,13.16
2026-09-07 18:12:00,28.87,51.53,29.76,193,0.315,0.0,13.16
2026-09-07 18:13:00,28.86,51.58,28.99,113,0.45,0.0,13.16
2026-09-07 18:14:00,28.86,51.76,27.85,132,0.105,0.0,13.16
2026-09-07 18:15:00,28.85,51.84,27.08,149,0.345,0.0,13.16
2026-09-07 18:16:00,28.81,52.11,25.94,237,0.255,0.0,13.16
2026-09-07 18:17:00,28.78,52.16,25.18,237,0.03,0.0,13.16
2026-09-07 18:18:00,28.75,52.17,23.65,201,0.105,0.0,13.16
2026-09-07 18:19:00,28.71,52.27,22.89,231,0.06,0.0,13.16
2026-09-07 18:20:00,28.71,52.32,21.74,226,0.285,0.0,13.16
2026-09-07 18:21:00,28.66,52.5,20.6,216,0.27,0.0,13.16
2026-09-07 18:22:00,28.64,52.71,19.84,216,0.15,0.0,13.16
2026-09-07 18:23:00,28.58,52.92,19.07,216,0.315,0.0,13.16
2026-09-07 18:24:00,28.52,53.08,18.31,216,0.045,0.0,13.16
2026-09-07 18:25:00,28.51,53.17,17.93,216,0.0,0.0,13.16
2026-09-07 18:26:00,28.46,53.29,17.17,216,0.225,0.0,13.16
2026-09-07 18:27:00,28.42,53.03,16.78,191,0.54,0.0,13.16
2026-09-07 18:28:00,28.39,53.25,16.4,191,0.09,0.0,13.16
2026-09-07 18:29:00,28.35,53.46,15.64,191,0.0,0.0,13.16
2026-09-07 18:30:00,28.32,53.78,15.26,191,0.075,0.0,13.16
2026-09-07 18:31:00,28.32,54.0,14.88,191,0.045,0.0,13.16
2026-09-07 18:32:00,28.3,54.1,14.11,191,0.03,0.0,13.12
2026-09-07 18:33:00,28.27,54.26,13.35,191,0.06,0.0,13.12
2026-09-07 18:34:00,28.25,54.38,12.59,191,0.075,0.0,13.12
2026-09-07 18:35:00,28.21,54.58,12.21,100,0.165,0.0,13.08
2026-09-07 18:36:00,28.15,54.76,11.83,100,0.12,0.0,13.08
2026-09-07 18:37:00,28.14,54.85,11.06,100,0.015,0.0,13.08
2026-09-07 18:38:00,28.1,54.92,10.3,99,0.105,0.0,13.04
2026-09-07 18:39:00,28.1,55.06,9.92,99,0.06,0.0,13.04
2026-09-07 18:40:00,28.03,55.07,9.16,99,0.18,0.0,13.04
2026-09-07 18:41:00,27.98,55.06,8.77,99,0.03,0.0,13.04
2026-09-07 18:42:00,27.98,55.21,7.63,99,0.0,0.0,13.04
2026-09-07 18:43:00,27.93,55.13,7.25,85,0.315,0.0,13.04
2026-09-07 18:44:00,27.87,54.89,6.49,121,0.165,0.0,13.04
2026-09-07 18:45:00,27.84,55.21,6.1,121,0.12,0.0,13.04
2026-09-07 18:46:00,27.81,55.32,5.34,206,0.105,0.0,13.04
2026-09-07 18:47:00,27.77,55.48,4.96,194,0.195,0.0,13.04
2026-09-07 18:48:00,27.72,55.59,4.58,189,0.06,0.0,13.04
2026-09-07 18:49:00,27.7,55.66,3.81,189,0.045,0.0,13.04
2026-09-07 18:50:00,27.66,55.59,3.43,165,0.075,0.0,13.04
2026-09-07 18:51:00,27.66,55.72,3.43,165,0.0,0.0,13.04
2026-09-07 18:52:00,27.6,55.76,3.05,98,0.195,0.0,13.04
2026-09-07 18:53:00,27.57,55.42,2.29,191,0.33,0.0,13.04
2026-09-07 18:54:00,27.52,55.51,1.91,255,0.24,0.0,13.04
2026-09-07 18:55:00,27.49,55.51,1.91,219,0.18,0.0,13.04
2026-09-07 18:56:00,27.45,55.79,1.91,219,0.06,0.0,13.04
2026-09-07 18:57:00,27.42,55.72,1.14,88,0.21,0.0,13.04
2026-09-07 18:58:00,27.4,55.77,1.14,112,0.285,0.0,13.04
2026-09-07 18:59:00,27.36,55.82,1.14,134,0.42,0.0,13.04
2026-09-07 19:00:00,27.35,55.91,0.0,134,0.15,0.0,13.04
2026-09-07 19:01:00,27.32,55.88,0.0,134,0.075,0.0,13.04
2026-09-07 19:02:00,27.3,55.88,0.76,165,0.27,0.0,13.04
2026-09-07 19:03:00,27.3,56.03,0.0,165,0.06,0.0,13.04
2026-09-07 19:04:00,27.25,55.87,0.0,145,0.225,0.0,13.04
2026-09-07 19:05:00,27.24,56.03,0.0,104,0.465,0.0,13.04
2026-09-07 19:06:00,27.18,56.12,0.0,162,0.33,0.0,13.04
2026-09-07 19:07:00,27.18,56.15,0.0,162,0.195,0.0,13.04
2026-09-07 19:08:00,27.14,56.14,0.0,194,0.21,0.0,13.04
2026-09-07 19:09:00,27.14,56.16,0.0,194,0.105,0.0,13.04
2026-09-07 19:10:00,27.14,56.26,0.0,194,0.06,0.0,13.04
2026-09-07 19:11:00,27.11,56.34,0.0,194,0.195,0.0,13.04
2026-09-07 19:12:00,27.09,56.32,0.0,230,0.195,0.0,13.04
2026-09-07 19:13:00,27.09,56.47,0.0,232,0.135,0.0,13.04
2026-09-07 19:14:00,27.05,56.65,0.0,219,0.09,0.0,13.04
2026-09-07 19:15:00,27.02,56.55,0.0,179,0.33,0.0,13.04
2026-09-07 19:16:00,26.99,56.75,0.0,229,0.39,0.0,13.04
2026-09-07 19:17:00,26.96,56.86,0.0,118,0.405,0.0,13.04
2026-09-07 19:18:00,26.92,57.03,0.0,231,0.315,0.0,13.04
2026-09-07 19:19:00,26.88,57.04,0.0,162,0.345,0.0,13.04
2026-09-07 19:20:00,26.88,57.19,0.0,185,0.285,0.0,13.04
2026-09-07 19:21:00,26.84,57.25,0.0,185,0.195,0.0,13.04
2026-09-07 19:22:00,26.79,57.36,0.0,245,0.285,0.0,13.04
2026-09-07 19:23:00,26.75,57.41,0.0,245,0.21,0.0,13.04
2026-09-07 19:24:00,26.73,57.58,0.0,240,0.12,0.0,13.04
2026-09-07 19:25:00,26.77,57.55,0.0,238,0.18,0.0,13.04
2026-09-07 19:26:00,26.75,57.59,0.0,221,0.165,0.0,13.04
2026-09-07 19:27:00,26.73,57.64,0.0,221,0.12,0.0,13.04
2026-09-07 19:28:00,26.73,57.72,0.0,221,0.105,0.0,13.04
2026-09-07 19:29:00,26.73,57.85,0.0,199,0.105,0.0,13.04
2026-09-07 19:30:00,26.68,58.01,0.0,205,0.54,0.0,13.04
2026-09-07 19:31:00,26.67,58.13,0.0,174,0.15,0.0,13.04
2026-09-07 19:32:00,26.63,58.23,0.0,186,0.09,0.0,13.04
2026-09-07 19:33:00,26.64,58.35,0.0,186,0.255,0.0,13.04
2026-09-07 19:34:00,26.58,58.46,0.0,182,0.18,0.0,13.04
2026-09-07 19:35:00,26.57,58.56,0.0,187,0.345,0.0,13.04
2026-09-07 19:36:00,26.55,58.74,0.0,160,0.24,0.0,13.04
2026-09-07 19:37:00,26.55,58.8,0.0,197,0.18,0.0,13.04
2026-09-07 19:38:00,26.54,58.84,0.0,196,0.285,0.0,13.04
2026-09-07 19:39:00,26.52,58.94,0.0,199,0.42,0.0,13.04
2026-09-07 19:40:00,26.51,58.97,0.0,199,0.195,0.0,13.04
2026-09-07 19:41:00,26.48,59.12,0.0,199,0.285,0.0,13.04
2026-09-07 19:42:00,26.46,59.22,0.0,199,0.225,0.0,13.04
2026-09-07 19:43:00,26.44,59.36,0.0,182,0.36,0.0,13.04
2026-09-07 19:44:00,26.4,59.38,0.0,213,0.24,0.0,13.04
2026-09-07 19:45:00,26.4,59.55,0.0,188,0.24,0.0,13.04
2026-09-07 19:46:00,26.36,59.66,0.0,214,0.18,0.0,13.04
2026-09-07 19:47:00,26.31,59.89,0.0,214,0.09,0.0,13.04
2026-09-07 19:48:00,26.3,60.09,0.0,197,0.21,0.0,13.04
2026-09-07 19:49:00,26.24,60.21,0.0,195,0.18,0.0,13.04
2026-09-07 19:50:00,26.21,60.58,0.0,163,0.57,0.0,13.04
2026-09-07 19:51:00,26.21,60.68,0.0,140,0.21,0.0,13.04
2026-09-07 19:52:00,26.16,60.76,0.0,111,0.27,0.0,13.04
2026-09-07 19:53:00,26.13,60.89,0.0,111,0.18,0.0,13.04
2026-09-07 19:54:00,26.1,60.9,0.0,176,0.195,0.0,13.04
2026-09-07 19:55:00,26.09,60.97,0.0,176,0.015,0.0,13.04
2026-09-07 19:56:00,26.04,61.09,0.0,227,0.27,0.0,13.04
2026-09-07 19:57:00,25.99,61.23,0.0,227,0.015,0.0,13.04
2026-09-07 19:58:00,25.97,61.39,0.0,186,0.03,0.0,13.04
2026-09-07 19:59:00,25.92,61.52,0.0,101,0.465,0.0,13.04
2026-09-07 20:00:00,25.9,61.7,0.0,93,0.39,0.0,13.04
2026-09-07 20:01:00,25.85,61.81,0.0,58,0.57,0.0,13.04
2026-09-07 20:02:00,25.82,62.02,0.0,54,0.36,0.0,13.04
2026-09-07 20:03:00,25.76,62.2,0.0,50,0.21,0.0,13.04
2026-09-07 20:04:00,25.75,62.25,0.0,158,0.255,0.0,13.04
2026-09-07 20:05:00,25.65,62.35,0.0,297,0.105,0.0,13.04
2026-09-07 20:06:00,25.68,62.47,0.0,303,0.12,0.0,13.04
2026-09-07 20:07:00,25.68,62.67,0.0,359,0.09,0.0,13.04
2026-09-07 20:08:00,25.65,62.72,0.0,52,0.12,0.0,13.04
2026-09-07 20:09:00,25.61,62.89,0.0,38,0.48,0.0,13.04
2026-09-07 20:10:00,25.56,63.05,0.0,84,0.36,0.0,13.04
2026-09-07 20:11:00,25.56,63.05,0.0,61,0.36,0.0,13.04
2026-09-07 20:12:00,25.49,63.28,0.0,54,0.255,0.0,13.04
2026-09-07 20:13:00,25.44,63.47,0.0,55,0.21,0.0,13.04
2026-09-07 20:14:00,25.39,63.47,0.0,55,0.075,0.0,13.04
2026-09-07 20:15:00,25.35,63.64,0.0,44,0.24,0.0,13.04
2026-09-07 20:16:00,25.31,63.71,0.0,66,0.195,0.0,13.04
2026-09-07 20:17:00,25.28,63.91,0.0,66,0.12,0.0,13.04
2026-09-07 20:18:00,25.28,64.03,0.0,66,0.075,0.0,13.04
2026-09-07 20:19:00,25.25,64.05,0.0,66,0.0,0.0,13.04
2026-09-07 20:20:00,25.24,64.23,0.0,66,0.135,0.0,13.04
2026-09-07 20:21:00,25.19,64.37,0.0,66,0.105,0.0,13.04
2026-09-07 20:22:00,25.15,64.57,0.0,66,0.045,0.0,13.04
2026-09-07 20:23:00,25.11,64.74,0.0,66,0.045,0.0,13.04
2026-09-07 20:24:00,25.13,64.94,0.0,66,0.105,0.0,13.04
2026-09-07 20:25:00,25.1,65.08,0.0,66,0.195,0.0,13.04
2026-09-07 20:26:00,25.04,65.19,0.0,57,0.12,0.0,13.04
2026-09-07 20:27:00,25.01,65.28,0.0,68,0.255,0.0,13.04
2026-09-07 20:28:00,24.98,65.49,0.0,46,0.465,0.0,13.04
2026-09-07 20:29:00,24.93,65.64,0.0,46,0.27,0.0,13.04
2026-09-07 20:30:00,24.87,65.85,0.0,46,0.045,0.0,13.04
2026-09-07 20:31:00,24.84,65.97,0.0,46,0.015,0.0,13.04
2026-09-07 20:32:00,24.83,66.06,0.0,46,0.0,0.0,13.04
2026-09-07 20:33:00,24.8,66.19,0.0,46,0.015,0.0,13.04
2026-09-07 20:34:00,24.81,66.34,0.0,46,0.075,0.0,13.04
2026-09-07 20:35:00,24.76,66.45,0.0,46,0.255,0.0,13.04
2026-09-07 20:36:00,24.76,66.56,0.0,46,0.15,0.0,13.04
2026-09-07 20:37:00,24.74,66.75,0.0,46,0.015,0.0,13.04
2026-09-07 20:38:00,24.73,66.85,0.0,46,0.0,0.0,13.04
2026-09-07 20:39:00,24.73,66.92,0.0,46,0.0,0.0,13.04
2026-09-07 20:40:00,24.73,66.96,0.0,46,0.09,0.0,13.04
2026-09-07 20:41:00,24.7,67.05,0.0,46,0.105,0.0,13.04
2026-09-07 20:42:00,24.73,66.99,0.0,46,0.06,0.0,13.04
2026-09-07 20:43:00,24.74,66.92,0.0,46,0.045,0.0,13.04
2026-09-07 20:44:00,24.74,66.92,0.0,46,0.12,0.0,13.04
2026-09-07 20:45:00,24.7,67.02,0.0,46,0.18,0.0,13.04
2026-09-07 20:46:00,24.69,67.13,0.0,46,0.045,0.0,13.04
2026-09-07 20:47:00,24.7,67.24,0.0,46,0.015,0.0,13.04
2026-09-07 20:48:00,24.69,67.4,0.0,46,0.09,0.0,13.04
2026-09-07 20:49:00,24.69,67.18,0.0,46,0.075,0.0,13.04
2026-09-07 20:50:00,24.69,67.41,0.0,46,0.105,0.0,13.04
2026-09-07 20:51:00,24.71,67.56,0.0,46,0.06,0.0,13.04
2026-09-07 20:52:00,24.7,67.7,0.0,47,0.15,0.0,13.04
2026-09-07 20:53:00,24.69,67.72,0.0,47,0.15,0.0,13.04
2026-09-07 20:54:00,24.69,67.78,0.0,47,0.0,0.0,13.04
2026-09-07 20:55:00,24.69,67.97,0.0,79,0.18,0.0,13.04
2026-09-07 20:56:00,24.69,68.25,0.0,70,0.57,0.0,13.04
2026-09-07 20:57:00,24.66,68.66,0.0,67,0.555,0.0,13.04
2026-09-07 20:58:00,24.6,68.77,0.0,67,0.075,0.0,13.04
2026-09-07 20:59:00,24.59,68.83,0.0,67,0.015,0.0,13.04
2026-09-07 21:00:00,24.59,68.76,0.0,67,0.09,0.0,13.04
2026-09-07 21:01:00,24.6,68.79,0.0,67,0.045,0.0,13.04
2026-09-07 21:02:00,24.57,68.72,0.0,67,0.165,0.0,13.04
2026-09-07 21:03:00,24.56,68.66,0.0,67,0.015,0.0,13.04
2026-09-07 21:04:00,24.51,68.72,0.0,67,0.255,0.0,13.04
2026-09-07 21:05:00,24.49,68.85,0.0,67,0.18,0.0,13.04
2026-09-07 21:06:00,24.44,68.92,0.0,67,0.135,0.0,13.04
2026-09-07 21:07:00,24.42,69.14,0.0,67,0.12,0.0,13.04
2026-09-07 21:08:00,24.4,69.37,0.0,67,0.06,0.0,13.04
2026-09-07 21:09:00,24.39,69.42,0.0,67,0.075,0.0,13.04
2026-09-07 21:10:00,24.36,69.48,0.0,67,0.0,0.0,13.04
2026-09-07 21:11:00,24.36,69.62,0.0,67,0.0,0.0,13.04
2026-09-07 21:12:00,24.35,69.76,0.0,67,0.015,0.0,13.04
2026-09-07 21:13:00,24.3,69.85,0.0,67,0.015,0.0,13.04
2026-09-07 21:14:00,24.3,69.79,0.0,67,0.195,0.0,13.04
2026-09-07 21:15:00,24.26,69.91,0.0,67,0.225,0.0,13.04
2026-09-07 21:16:00,24.22,69.99,0.0,67,0.045,0.0,13.04
2026-09-07 21:17:00,24.2,69.96,0.0,67,0.0,0.0,13.04
2026-09-07 21:18:00,24.2,70.23,0.0,67,0.105,0.0,13.04
2026-09-07 21:19:00,24.18,70.45,0.0,67,0.12,0.0,13.04
2026-09-07 21:20:00,24.15,70.69,0.0,67,0.09,0.0,13.04
2026-09-07 21:21:00,24.15,70.79,0.0,67,0.015,0.0,13.04
2026-09-07 21:22:00,24.13,70.86,0.0,67,0.0,0.0,13.04
2026-09-07 21:23:00,24.12,71.14,0.0,39,0.285,0.0,13.04
2026-09-07 21:24:00,24.08,71.35,0.0,273,0.345,0.0,13.04
2026-09-07 21:25:00,24.08,71.45,0.0,273,0.12,0.0,13.04
2026-09-07 21:26:00,24.05,70.44,0.0,273,0.0,0.0,13.04
2026-09-07 21:27:00,24.06,70.71,0.0,57,0.375,0.0,13.04
2026-09-07 21:28:00,24.08,70.87,0.0,58,0.33,0.0,13.04
2026-09-07 21:29:00,24.11,70.95,0.0,58,0.015,0.0,13.04
2026-09-07 21:30:00,24.09,71.02,0.0,58,0.0,0.0,13.04
2026-09-07 21:31:00,24.08,70.99,0.0,58,0.09,0.0,13.04
2026-09-07 21:32:00,24.09,71.16,0.0,62,0.225,0.0,13.04
2026-09-07 21:33:00,24.09,71.22,0.0,65,0.165,0.0,13.04
2026-09-07 21:34:00,24.09,71.22,0.0,65,0.0,0.0,13.04
2026-09-07 21:35:00,24.06,71.23,0.0,65,0.015,0.0,13.04
2026-09-07 21:36:00,24.05,71.34,0.0,65,0.09,0.0,13.04
2026-09-07 21:37:00,24.01,71.57,0.0,89,0.42,0.0,13.04
2026-09-07 21:38:00,23.96,71.77,0.0,93,0.48,0.0,13.04
2026-09-07 21:39:00,23.95,71.92,0.0,93,0.195,0.0,13.04
2026-09-07 21:40:00,23.91,72.08,0.0,90,0.42,0.0,13.04
2026-09-07 21:41:00,23.92,72.15,0.0,90,0.06,0.0,13.04
2026-09-07 21:42:00,23.89,72.1,0.0,90,0.045,0.0,13.04
2026-09-07 21:43:00,23.89,72.07,0.0,90,0.03,0.0,13.04
2026-09-07 21:44:00,23.89,72.19,0.0,90,0.255,0.0,13.04
2026-09-07 21:45:00,23.87,72.32,0.0,90,0.18,0.0,13.04
2026-09-07 21:46:00,23.85,72.37,0.0,90,0.015,0.0,13.04
2026-09-07 21:47:00,23.84,72.4,0.0,90,0.015,0.0,13.04
2026-09-07 21:48:00,23.82,72.37,0.0,90,0.0,0.0,13.04
2026-09-07 21:49:00,23.78,72.55,0.0,90,0.255,0.0,13.04
2026-09-07 21:50:00,23.7,72.7,0.0,90,0.36,0.0,13.04
2026-09-07 21:51:00,23.62,72.97,0.0,90,0.255,0.0,13.04
2026-09-07 21:52:00,23.55,73.28,0.0,90,0.27,0.0,13.04
2026-09-07 21:53:00,23.47,73.53,0.0,90,0.09,0.0,13.04
2026-09-07 21:54:00,23.41,73.66,0.0,90,0.0,0.0,13.04
2026-09-07 21:55:00,23.41,73.84,0.0,90,0.0,0.0,13.04
2026-09-07 21:56:00,23.41,73.99,0.0,90,0.0,0.0,13.04
2026-09-07 21:57:00,23.37,74.1,0.0,90,0.0,0.0,13.04
2026-09-07 21:58:00,23.33,74.27,0.0,90,0.0,0.0,13.04
2026-09-07 21:59:00,23.31,74.37,0.0,90,0.0,0.0,13.04
2026-09-07 22:00:00,23.31,74.4,0.0,90,0.0,0.0,13.04
2026-09-07 22:01:00,23.33,74.45,0.0,90,0.0,0.0,13.01
2026-09-07 22:02:00,23.33,74.4,0.0,90,0.0,0.0,13.01
2026-09-07 22:03:00,23.34,74.42,0.0,90,0.0,0.0,13.04
2026-09-07 22:04:00,23.36,74.57,0.0,90,0.0,0.0,13.04
2026-09-07 22:05:00,23.41,74.37,0.0,90,0.0,0.0,13.01
2026-09-07 22:06:00,23.38,74.26,0.0,90,0.0,0.0,13.04
2026-09-07 22:07:00,23.33,74.4,0.0,90,0.0,0.0,13.01
2026-09-07 22:08:00,23.26,74.7,0.0,90,0.0,0.0,13.01
2026-09-07 22:09:00,23.19,74.98,0.0,90,0.0,0.0,13.01
2026-09-07 22:10:00,23.13,75.16,0.0,90,0.015,0.0,13.04
2026-09-07 22:11:00,23.11,75.27,0.0,90,0.0,0.0,13.01
2026-09-07 22:12:00,23.13,75.36,0.0,90,0.0,0.0,13.01
2026-09-07 22:13:00,23.11,75.44,0.0,90,0.0,0.0,13.01
2026-09-07 22:14:00,23.17,75.39,0.0,90,0.0,0.0,13.04
2026-09-07 22:15:00,23.19,75.32,0.0,90,0.0,0.0,13.01
2026-09-07 22:16:00,23.21,75.31,0.0,90,0.0,0.0,13.01
2026-09-07 22:17:00,23.24,75.23,0.0,90,0.0,0.0,13.01
2026-09-07 22:18:00,23.3,75.21,0.0,90,0.03,0.0,13.01
2026-09-07 22:19:00,23.33,75.12,0.0,90,0.03,0.0,13.01
2026-09-07 22:20:00,23.31,74.97,0.0,90,0.0,0.0,13.01
2026-09-07 22:21:00,23.33,75.02,0.0,90,0.0,0.0,12.97
2026-09-07 22:22:00,23.36,75.01,0.0,90,0.0,0.0,13.01
2026-09-07 22:23:00,23.38,74.98,0.0,90,0.0,0.0,12.97
2026-09-07 22:24:00,23.4,74.94,0.0,90,0.0,0.0,12.97
2026-09-07 22:25:00,23.41,74.83,0.0,90,0.0,0.0,13.01
2026-09-07 22:26:00,23.38,74.75,0.0,90,0.0,0.0,12.97
2026-09-07 22:27:00,23.4,74.69,0.0,90,0.015,0.0,12.97
2026-09-07 22:28:00,23.42,74.7,0.0,90,0.0,0.0,13.01
2026-09-07 22:29:00,23.42,74.66,0.0,90,0.0,0.0,12.97
2026-09-07 22:30:00,23.42,74.59,0.0,90,0.0,0.0,13.01
2026-09-07 22:31:00,23.42,74.54,0.0,90,0.015,0.0,12.97
2026-09-07 22:32:00,23.42,74.56,0.0,90,0.0,0.0,12.97
2026-09-07 22:33:00,23.44,74.58,0.0,90,0.0,0.0,12.97
2026-09-07 22:34:00,23.45,74.45,0.0,90,0.0,0.0,13.01
2026-09-07 22:35:00,23.45,74.36,0.0,90,0.09,0.0,13.01
2026-09-07 22:36:00,23.44,74.22,0.0,90,0.015,0.0,12.97
2026-09-07 22:37:00,23.45,74.09,0.0,90,0.015,0.0,12.97
2026-09-07 22:38:00,23.45,74.21,0.0,90,0.0,0.0,13.01
2026-09-07 22:39:00,23.47,74.21,0.0,90,0.0,0.0,12.97
2026-09-07 22:40:00,23.47,74.27,0.0,90,0.0,0.0,12.97
2026-09-07 22:41:00,23.44,74.03,0.0,90,0.105,0.0,12.97
2026-09-07 22:42:00,23.44,73.97,0.0,90,0.24,0.0,12.97
2026-09-07 22:43:00,23.47,73.85,0.0,90,0.075,0.0,12.97
2026-09-07 22:44:00,23.48,73.8,0.0,90,0.0,0.0,12.97
2026-09-07 22:45:00,23.52,73.68,0.0,90,0.06,0.0,12.97
2026-09-07 22:46:00,23.54,73.68,0.0,90,0.0,0.0,12.97
2026-09-07 22:47:00,23.57,73.65,0.0,90,0.015,0.0,12.97
2026-09-07 22:48:00,23.55,73.53,0.0,90,0.015,0.0,12.97
2026-09-07 22:49:00,23.55,73.62,0.0,90,0.03,0.0,12.97
2026-09-07 22:50:00,23.57,73.48,0.0,90,0.045,0.0,12.97
2026-09-07 22:51:00,23.58,73.44,0.0,90,0.045,0.0,12.97
2026-09-07 22:52:00,23.57,73.39,0.0,90,0.0,0.0,12.97
2026-09-07 22:53:00,23.55,73.46,0.0,90,0.0,0.0,12.97
2026-09-07 22:54:00,23.57,73.4,0.0,90,0.0,0.0,12.97
2026-09-07 22:55:00,23.54,73.45,0.0,90,0.0,0.0,12.97
2026-09-07 22:56:00,23.52,73.3,0.0,90,0.0,0.0,12.97
2026-09-07 22:57:00,23.5,73.29,0.0,90,0.0,0.0,12.97
2026-09-07 22:58:00,23.51,73.33,0.0,90,0.06,0.0,12.97
2026-09-07 22:59:00,23.52,73.49,0.0,90,0.015,0.0,12.97
2026-09-07 23:00:00,23.48,73.36,0.0,90,0.165,0.0,12.97
2026-09-07 23:01:00,23.47,73.24,0.0,90,0.12,0.0,12.97
2026-09-07 23:02:00,23.47,73.34,0.0,90,0.0,0.0,12.97
2026-09-07 23:03:00,23.44,73.47,0.0,90,0.0,0.0,12.97
2026-09-07 23:04:00,23.45,73.7,0.0,90,0.0,0.0,12.97
2026-09-07 23:05:00,23.41,73.58,0.0,90,0.0,0.0,12.97
2026-09-07 23:06:00,23.4,73.77,0.0,90,0.015,0.0,12.97
2026-09-07 23:07:00,23.34,73.8,0.0,90,0.0,0.0,12.97
2026-09-07 23:08:00,23.36,73.96,0.0,90,0.0,0.0,12.97
2026-09-07 23:09:00,23.3,74.0,0.0,90,0.0,0.0,12.97
2026-09-07 23:10:00,23.29,74.01,0.0,90,0.015,0.0,12.97
2026-09-07 23:11:00,23.29,74.04,0.0,90,0.0,0.0,12.93
2026-09-07 23:12:00,23.26,74.17,0.0,90,0.0,0.0,12.97
2026-09-07 23:13:00,23.21,74.14,0.0,90,0.105,0.0,12.97
2026-09-07 23:14:00,23.2,74.26,0.0,90,0.105,0.0,12.93
2026-09-07 23:15:00,23.21,74.27,0.0,134,0.225,0.0,12.93
2026-09-07 23:16:00,23.19,74.22,0.0,134,0.12,0.0,12.93
2026-09-07 23:17:00,23.17,74.24,0.0,134,0.06,0.0,12.93
2026-09-07 23:18:00,23.23,74.3,0.0,134,0.045,0.0,12.93
2026-09-07 23:19:00,23.2,74.39,0.0,134,0.06,0.0,12.97
2026-09-07 23:20:00,23.2,74.2,0.0,134,0.03,0.0,12.97
2026-09-07 23:21:00,23.17,74.16,0.0,240,0.165,0.0,12.93
2026-09-07 23:22:00,23.2,74.14,0.0,215,0.21,0.0,12.93
2026-09-07 23:23:00,23.19,74.15,0.0,215,0.06,0.0,12.93
2026-09-07 23:24:00,23.16,74.05,0.0,164,0.21,0.0,12.93
2026-09-07 23:25:00,23.16,74.01,0.0,166,0.045,0.0,12.93
2026-09-07 23:26:00,23.13,73.97,0.0,166,0.015,0.0,12.93
2026-09-07 23:27:00,23.16,73.84,0.0,166,0.0,0.0,12.93
2026-09-07 23:28:00,23.11,73.84,0.0,166,0.0,0.0,12.93
2026-09-07 23:29:00,23.1,73.78,0.0,166,0.0,0.0,12.93
2026-09-07 23:30:00,23.09,73.79,0.0,166,0.075,0.0,12.93
2026-09-07 23:31:00,23.06,73.84,0.0,166,0.0,0.0,12.93
2026-09-07 23:32:00,23.04,73.97,0.0,166,0.015,0.0,12.93
2026-09-07 23:33:00,23.06,74.2,0.0,166,0.015,0.0,12.93
2026-09-07 23:34:00,23.01,74.07,0.0,267,0.45,0.0,12.93
2026-09-07 23:35:00,22.97,74.1,0.0,277,0.45,0.0,12.93
2026-09-07 23:36:00,22.96,74.13,0.0,277,0.03,0.0,12.93
2026-09-07 23:37:00,22.96,74.27,0.0,277,0.06,0.0,12.93
2026-09-07 23:38:00,22.99,74.21,0.0,277,0.045,0.0,12.93
2026-09-07 23:39:00,22.96,74.07,0.0,277,0.06,0.0,12.93
2026-09-07 23:40:00,22.94,74.07,0.0,277,0.21,0.0,12.93
2026-09-07 23:41:00,22.92,73.97,0.0,277,0.165,0.0,12.93
2026-09-07 23:42:00,22.93,74.0,0.0,277,0.18,0.0,12.93
2026-09-07 23:43:00,22.94,73.96,0.0,277,0.0,0.0,12.93
2026-09-07 23:44:00,22.94,73.91,0.0,277,0.075,0.0,12.93
2026-09-07 23:45:00,22.92,73.95,0.0,277,0.015,0.0,12.93
2026-09-07 23:46:00,22.92,73.91,0.0,277,0.105,0.0,12.93
2026-09-07 23:47:00,22.89,73.79,0.0,277,0.06,0.0,12.93
2026-09-07 23:48:00,22.87,73.71,0.0,277,0.015,0.0,12.93
2026-09-07 23:49:00,22.87,73.55,0.0,277,0.105,0.0,12.93
2026-09-07 23:50:00,22.86,73.7,0.0,277,0.015,0.0,12.93
2026-09-07 23:51:00,22.86,73.72,0.0,277,0.0,0.0,12.93
2026-09-07 23:52:00,22.83,73.76,0.0,277,0.0,0.0,12.93
2026-09-07 23:53:00,22.83,73.71,0.0,277,0.015,0.0,12.93
2026-09-07 23:54:00,22.83,73.64,0.0,277,0.0,0.0,12.93
2026-09-07 23:55:00,22.83,73.59,0.0,277,0.0,0.0,12.93
2026-09-07 23:56:00,22.82,73.58,0.0,277,0.015,0.0,12.93
2026-09-07 23:57:00,22.83,73.44,0.0,277,0.015,0.0,12.93
2026-09-07 23:58:00,22.83,73.42,0.0,277,0.0,0.0,12.93
2026-09-07 23:59:00,22.82,73.37,0.0,277,0.015,0.0,12.93
2026-09-08 00:00:00,22.83,73.38,0.0,277,0.0,0.0,12.93
2026-09-08 00:01:00,22.83,73.51,0.0,277,0.0,0.0,12.93
2026-09-08 00:02:00,22.83,73.47,0.0,277,0.0,0.0,12.93
2026-09-08 00:03:00,22.79,73.53,0.0,277,0.015,0.0,12.93
2026-09-08 00:04:00,22.75,74.05,0.0,277,0.03,0.0,12.93
2026-09-08 00:05:00,22.75,74.09,0.0,277,0.12,0.0,12.93
2026-09-08 00:06:00,22.75,74.41,0.0,277,0.015,0.0,12.93
2026-09-08 00:07:00,22.69,74.45,0.0,277,0.0,0.0,12.93
2026-09-08 00:08:00,22.65,74.12,0.0,277,0.09,0.0,12.93
2026-09-08 00:09:00,22.62,74.22,0.0,277,0.0,0.0,12.93
2026-09-08 00:10:00,22.62,74.6,0.0,277,0.0,0.0,12.93
2026-09-08 00:11:00,22.58,74.67,0.0,277,0.015,0.0,12.93
2026-09-08 00:12:00,22.55,74.95,0.0,277,0.0,0.0,12.93
2026-09-08 00:13:00,22.53,75.11,0.0,277,0.0,0.0,12.93
2026-09-08 00:14:00,22.46,75.21,0.0,277,0.075,0.0,12.93
2026-09-08 00:15:00,22.45,75.35,0.0,277,0.015,0.0,12.93
2026-09-08 00:16:00,22.38,75.57,0.0,277,0.0,0.0,12.93
2026-09-08 00:17:00,22.35,75.77,0.0,277,0.0,0.0,12.93
2026-09-08 00:18:00,22.29,75.82,0.0,277,0.105,0.0,12.93
2026-09-08 00:19:00,22.27,75.85,0.0,277,0.06,0.0,12.93
2026-09-08 00:20:00,22.24,75.96,0.0,277,0.0,0.0,12.93
2026-09-08 00:21:00,22.21,75.92,0.0,277,0.06,0.0,12.93
2026-09-08 00:22:00,22.25,75.98,0.0,277,0.0,0.0,12.93
2026-09-08 00:23:00,22.21,76.17,0.0,277,0.0,0.0,12.93
2026-09-08 00:24:00,22.2,76.1,0.0,277,0.0,0.0,12.93
2026-09-08 00:25:00,22.18,76.15,0.0,277,0.0,0.0,12.93
2026-09-08 00:26:00,22.12,76.18,0.0,277,0.015,0.0,12.93
2026-09-08 00:27:00,22.1,76.36,0.0,277,0.045,0.0,12.93
2026-09-08 00:28:00,22.05,76.72,0.0,277,0.225,0.0,12.93
2026-09-08 00:29:00,21.98,76.99,0.0,277,0.15,0.0,12.93
2026-09-08 00:30:00,21.87,77.34,0.0,277,0.015,0.0,12.93
2026-09-08 00:31:00,21.81,77.65,0.0,277,0.0,0.0,12.93
2026-09-08 00:32:00,21.77,77.91,0.0,277,0.0,0.0,12.93
2026-09-08 00:33:00,21.73,78.1,0.0,277,0.0,0.0,12.93
2026-09-08 00:34:00,21.7,78.24,0.0,277,0.0,0.0,12.93
2026-09-08 00:35:00,21.66,78.24,0.0,277,0.03,0.0,12.93
2026-09-08 00:36:00,21.63,78.43,0.0,277,0.015,0.0,12.93
2026-09-08 00:37:00,21.59,78.67,0.0,277,0.09,0.0,12.93
2026-09-08 00:38:00,21.54,78.86,0.0,251,0.27,0.0,12.93
2026-09-08 00:39:00,21.46,78.71,0.0,69,0.6,0.0,12.93
2026-09-08 00:40:00,21.4,78.63,0.0,104,0.72,0.0,12.93
2026-09-08 00:41:00,21.27,78.37,0.0,82,0.825,0.0,12.93
2026-09-08 00:42:00,21.21,78.47,0.0,79,0.96,0.0,12.93
2026-09-08 00:43:00,21.09,78.7,0.0,89,0.765,0.0,12.93
2026-09-08 00:44:00,21.01,78.85,0.0,76,0.675,0.0,12.93
2026-09-08 00:45:00,20.95,79.02,0.0,54,0.54,0.0,12.93
2026-09-08 00:46:00,20.93,79.19,0.0,133,0.225,0.0,12.93
2026-09-08 00:47:00,20.89,79.27,0.0,133,0.195,0.0,12.93
2026-09-08 00:48:00,20.89,79.37,0.0,133,0.075,0.0,12.93
2026-09-08 00:49:00,20.92,79.28,0.0,133,0.225,0.0,12.93
2026-09-08 00:50:00,20.93,79.23,0.0,133,0.135,0.0,12.93
2026-09-08 00:51:00,20.95,79.26,0.0,133,0.015,0.0,12.93
2026-09-08 00:52:00,20.96,79.17,0.0,133,0.18,0.0,12.93
2026-09-08 00:53:00,20.95,79.0,0.0,133,0.225,0.0,12.93
2026-09-08 00:54:00,20.95,78.79,0.0,63,0.555,0.0,12.93
2026-09-08 00:55:00,20.86,78.79,0.0,84,0.465,0.0,12.93
2026-09-08 00:56:00,20.85,78.88,0.0,84,0.3,0.0,12.93
2026-09-08 00:57:00,20.78,78.75,0.0,78,0.24,0.0,12.93
2026-09-08 00:58:00,20.75,78.74,0.0,78,0.36,0.0,12.93
2026-09-08 00:59:00,20.7,78.74,0.0,91,0.435,0.0,12.93
2026-09-08 01:00:00,20.67,78.78,0.0,86,0.42,0.0,12.93
2026-09-08 01:01:00,20.61,78.86,0.0,82,0.39,0.0,12.93
2026-09-08 01:02:00,20.6,78.95,0.0,76,0.66,0.0,12.93
2026-09-08 01:03:00,20.55,79.1,0.0,74,0.405,0.0,12.93
2026-09-08 01:04:00,20.51,79.3,0.0,62,0.585,0.0,12.93
2026-09-08 01:05:00,20.47,79.32,0.0,52,0.45,0.0,12.93
2026-09-08 01:06:00,20.44,79.44,0.0,52,0.15,0.0,12.93
2026-09-08 01:07:00,20.43,79.44,0.0,111,0.18,0.0,12.93
2026-09-08 01:08:00,20.4,79.51,0.0,111,0.09,0.0,12.93
2026-09-08 01:09:00,20.41,79.35,0.0,79,0.06,0.0,12.93
2026-09-08 01:10:00,20.43,79.24,0.0,70,0.255,0.0,12.93
2026-09-08 01:11:00,20.4,79.1,0.0,56,0.63,0.0,12.93
2026-09-08 01:12:00,20.35,79.1,0.0,80,0.825,0.0,12.93
2026-09-08 01:13:00,20.31,79.2,0.0,98,0.57,0.0,12.93
2026-09-08 01:14:00,20.3,79.24,0.0,63,0.615,0.0,12.93
2026-09-08 01:15:00,20.33,79.36,0.0,63,0.45,0.0,12.93
2026-09-08 01:16:00,20.3,79.4,0.0,67,0.585,0.0,12.93
2026-09-08 01:17:00,20.25,79.39,0.0,44,0.9,0.0,12.93
2026-09-08 01:18:00,20.24,79.41,0.0,66,0.735,0.0,12.93
2026-09-08 01:19:00,20.2,79.49,0.0,83,0.39,0.0,12.89
2026-09-08 01:20:00,20.23,79.54,0.0,83,0.135,0.0,12.93
2026-09-08 01:21:00,20.21,79.44,0.0,84,0.06,0.0,12.89
2026-09-08 01:22:00,20.24,79.41,0.0,94,0.09,0.0,12.93
2026-09-08 01:23:00,20.27,79.46,0.0,94,0.045,0.0,12.89
2026-09-08 01:24:00,20.3,79.36,0.0,94,0.0,0.0,12.89
2026-09-08 01:25:00,20.3,79.4,0.0,94,0.03,0.0,12.93
2026-09-08 01:26:00,20.33,79.49,0.0,94,0.03,0.0,12.93
2026-09-08 01:27:00,20.31,79.47,0.0,94,0.0,0.0,12.93
2026-09-08 01:28:00,20.33,79.44,0.0,94,0.15,0.0,12.93
2026-09-08 01:29:00,20.31,79.16,0.0,67,0.435,0.0,12.93
2026-09-08 01:30:00,20.28,79.05,0.0,82,0.45,0.0,12.93
2026-09-08 01:31:00,20.27,79.02,0.0,82,0.015,0.0,12.93
2026-09-08 01:32:00,20.3,79.23,0.0,82,0.0,0.0,12.89
2026-09-08 01:33:00,20.33,79.12,0.0,82,0.015,0.0,12.89
2026-09-08 01:34:00,20.37,79.11,0.0,82,0.015,0.0,12.93
2026-09-08 01:35:00,20.43,78.9,0.0,82,0.015,0.0,12.89
2026-09-08 01:36:00,20.47,78.8,0.0,82,0.015,0.0,12.89
2026-09-08 01:37:00,20.55,78.6,0.0,82,0.105,0.0,12.93
2026-09-08 01:38:00,20.56,78.56,0.0,82,0.0,0.0,12.89
2026-09-08 01:39:00,20.6,78.49,0.0,82,0.0,0.0,12.89
2026-09-08 01:40:00,20.64,78.4,0.0,82,0.0,0.0,12.89
2026-09-08 01:41:00,20.64,78.37,0.0,82,0.0,0.0,12.89
2026-09-08 01:42:00,20.65,78.33,0.0,82,0.0,0.0,12.89
2026-09-08 01:43:00,20.7,78.19,0.0,82,0.015,0.0,12.89
2026-09-08 01:44:00,20.67,78.2,0.0,82,0.0,0.0,12.89
2026-09-08 01:45:00,20.71,78.06,0.0,82,0.045,0.0,12.89
2026-09-08 01:46:00,20.68,78.06,0.0,82,0.18,0.0,12.89
2026-09-08 01:47:00,20.62,77.98,0.0,82,0.075,0.0,12.89
2026-09-08 01:48:00,20.55,78.07,0.0,82,0.195,0.0,12.89
2026-09-08 01:49:00,20.51,78.22,0.0,82,0.15,0.0,12.89
2026-09-08 01:50:00,20.45,78.35,0.0,82,0.0,0.0,12.89
2026-09-08 01:51:00,20.4,78.46,0.0,82,0.015,0.0,12.89
2026-09-08 01:52:00,20.37,78.63,0.0,82,0.015,0.0,12.89
2026-09-08 01:53:00,20.34,78.64,0.0,82,0.045,0.0,12.89
2026-09-08 01:54:00,20.31,78.71,0.0,82,0.0,0.0,12.89
2026-09-08 01:55:00,20.27,78.84,0.0,82,0.0,0.0,12.89
2026-09-08 01:56:00,20.28,79.0,0.0,82,0.0,0.0,12.89
2026-09-08 01:57:00,20.24,79.0,0.0,82,0.015,0.0,12.89
2026-09-08 01:58:00,20.2,79.09,0.0,82,0.015,0.0,12.89
2026-09-08 01:59:00,20.17,79.17,0.0,82,0.165,0.0,12.89
2026-09-08 02:00:00,20.13,79.17,0.0,82,0.12,0.0,12.89
2026-09-08 02:01:00,20.12,79.34,0.0,82,0.0,0.0,12.89
2026-09-08 02:02:00,20.13,79.48,0.0,82,0.0,0.0,12.89
2026-09-08 02:03:00,20.12,79.54,0.0,82,0.0,0.0,12.89
2026-09-08 02:04:00,20.12,79.51,0.0,82,0.15,0.0,12.89
2026-09-08 02:05:00,20.09,79.65,0.0,82,0.18,0.0,12.89
2026-09-08 02:06:00,20.02,79.86,0.0,82,0.09,0.0,12.89
2026-09-08 02:07:00,20.03,80.04,0.0,82,0.015,0.0,12.89
2026-09-08 02:08:00,20.03,80.21,0.0,82,0.03,0.0,12.89
2026-09-08 02:09:00,20.04,80.29,0.0,82,0.0,0.0,12.89
2026-09-08 02:10:00,20.06,80.24,0.0,82,0.15,0.0,12.89
2026-09-08 02:11:00,20.03,80.13,0.0,82,0.105,0.0,12.89
2026-09-08 02:12:00,19.97,80.11,0.0,82,0.18,0.0,12.89
2026-09-08 02:13:00,19.93,80.21,0.0,82,0.105,0.0,12.89
2026-09-08 02:14:00,19.9,80.36,0.0,68,0.18,0.0,12.89
2026-09-08 02:15:00,19.84,80.39,0.0,73,0.21,0.0,12.89
2026-09-08 02:16:00,19.79,80.47,0.0,68,0.51,0.0,12.89
2026-09-08 02:17:00,19.7,80.58,0.0,70,0.33,0.0,12.89
2026-09-08 02:18:00,19.68,80.79,0.0,71,0.345,0.0,12.89
2026-09-08 02:19:00,19.62,80.99,0.0,71,0.045,0.0,12.89
2026-09-08 02:20:00,19.66,81.24,0.0,71,0.0,0.0,12.89
2026-09-08 02:21:00,19.65,81.4,0.0,71,0.03,0.0,12.89
2026-09-08 02:22:00,19.7,81.5,0.0,71,0.0,0.0,12.89
2026-09-08 02:23:00,19.72,81.64,0.0,71,0.0,0.0,12.89
2026-09-08 02:24:00,19.76,81.62,0.0,71,0.015,0.0,12.89
2026-09-08 02:25:00,19.8,81.53,0.0,71,0.0,0.0,12.89
2026-09-08 02:26:00,19.84,81.38,0.0,71,0.045,0.0,12.89
2026-09-08 02:27:00,19.87,81.17,0.0,71,0.15,0.0,12.89
2026-09-08 02:28:00,19.9,81.02,0.0,71,0.015,0.0,12.89
2026-09-08 02:29:00,19.93,80.9,0.0,71,0.06,0.0,12.89
2026-09-08 02:30:00,19.99,80.75,0.0,71,0.015,0.0,12.89
2026-09-08 02:31:00,20.0,80.7,0.0,71,0.015,0.0,12.89
2026-09-08 02:32:00,20.03,80.67,0.0,71,0.18,0.0,12.89
2026-09-08 02:33:00,20.07,80.55,0.0,71,0.03,0.0,12.89
2026-09-08 02:34:00,20.1,80.43,0.0,71,0.0,0.0,12.89
2026-09-08 02:35:00,20.14,80.47,0.0,71,0.03,0.0,12.89
2026-09-08 02:36:00,20.19,80.42,0.0,71,0.135,0.0,12.89
2026-09-08 02:37:00,20.24,80.37,0.0,71,0.015,0.0,12.89
2026-09-08 02:38:00,20.25,80.33,0.0,71,0.06,0.0,12.89
2026-09-08 02:39:00,20.3,80.17,0.0,71,0.015,0.0,12.89
2026-09-08 02:40:00,20.31,80.04,0.0,71,0.0,0.0,12.89
2026-09-08 02:41:00,20.31,79.91,0.0,71,0.0,0.0,12.89
2026-09-08 02:42:00,20.34,79.77,0.0,71,0.0,0.0,12.89
2026-09-08 02:43:00,20.33,79.61,0.0,71,0.0,0.0,12.89
2026-09-08 02:44:00,20.34,79.39,0.0,71,0.03,0.0,12.89
2026-09-08 02:45:00,20.33,79.27,0.0,71,0.06,0.0,12.89
2026-09-08 02:46:00,20.25,79.37,0.0,71,0.015,0.0,12.89
2026-09-08 02:47:00,20.23,79.43,0.0,71,0.015,0.0,12.89
2026-09-08 02:48:00,20.23,79.47,0.0,71,0.03,0.0,12.89
2026-09-08 02:49:00,20.17,79.4,0.0,71,0.03,0.0,12.89
2026-09-08 02:50:00,20.14,79.26,0.0,71,0.015,0.0,12.89
2026-09-08 02:51:00,20.12,79.2,0.0,71,0.12,0.0,12.89
2026-09-08 02:52:00,20.07,79.13,0.0,71,0.03,0.0,12.89
2026-09-08 02:53:00,19.99,79.11,0.0,71,0.3,0.0,12.89
2026-09-08 02:54:00,19.96,79.25,0.0,71,0.21,0.0,12.89
2026-09-08 02:55:00,19.84,79.44,0.0,77,0.225,0.0,12.89
2026-09-08 02:56:00,19.83,79.65,0.0,85,0.405,0.0,12.89
2026-09-08 02:57:00,19.74,79.94,0.0,80,0.495,0.0,12.89
2026-09-08 02:58:00,19.7,80.16,0.0,81,0.33,0.0,12.89
2026-09-08 02:59:00,19.68,80.32,0.0,66,0.39,0.0,12.89
2026-09-08 03:00:00,19.62,80.56,0.0,66,0.045,0.0,12.89
2026-09-08 03:01:00,19.59,80.75,0.0,66,0.0,0.0,12.89
2026-09-08 03:02:00,19.61,80.96,0.0,66,0.03,0.0,12.89
2026-09-08 03:03:00,19.61,81.09,0.0,66,0.195,0.0,12.89
2026-09-08 03:04:00,19.62,81.19,0.0,66,0.0,0.0,12.89
2026-09-08 03:05:00,19.66,81.31,0.0,66,0.0,0.0,12.89
2026-09-08 03:06:00,19.68,81.39,0.0,66,0.0,0.0,12.89
2026-09-08 03:07:00,19.68,81.25,0.0,66,0.015,0.0,12.89
2026-09-08 03:08:00,19.7,81.1,0.0,66,0.09,0.0,12.89
2026-09-08 03:09:00,19.7,80.98,0.0,66,0.03,0.0,12.89
2026-09-08 03:10:00,19.69,80.9,0.0,66,0.135,0.0,12.89
2026-09-08 03:11:00,19.66,80.94,0.0,66,0.045,0.0,12.89
2026-09-08 03:12:00,19.65,81.06,0.0,66,0.0,0.0,12.89
2026-09-08 03:13:00,19.65,81.15,0.0,66,0.0,0.0,12.89
2026-09-08 03:14:00,19.65,81.09,0.0,66,0.0,0.0,12.89
2026-09-08 03:15:00,19.63,81.03,0.0,66,0.09,0.0,12.89
2026-09-08 03:16:00,19.63,81.09,0.0,66,0.0,0.0,12.89
2026-09-08 03:17:00,19.62,81.15,0.0,66,0.0,0.0,12.89
2026-09-08 03:18:00,19.63,81.27,0.0,66,0.075,0.0,12.89
2026-09-08 03:19:00,19.62,81.34,0.0,66,0.0,0.0,12.89
2026-09-08 03:20:00,19.65,81.41,0.0,66,0.015,0.0,12.89
2026-09-08 03:21:00,19.69,81.37,0.0,66,0.015,0.0,12.89
2026-09-08 03:22:00,19.72,81.42,0.0,66,0.045,0.0,12.89
2026-09-08 03:23:00,19.76,81.31,0.0,66,0.015,0.0,12.89
2026-09-08 03:24:00,19.72,81.13,0.0,66,0.165,0.0,12.89
2026-09-08 03:25:00,19.72,81.01,0.0,66,0.195,0.0,12.89
2026-09-08 03:26:00,19.69,80.99,0.0,66,0.18,0.0,12.89
2026-09-08 03:27:00,19.68,81.07,0.0,66,0.0,0.0,12.89
2026-09-08 03:28:00,19.66,81.14,0.0,66,0.0,0.0,12.89
2026-09-08 03:29:00,19.69,81.32,0.0,66,0.015,0.0,12.89
2026-09-08 03:30:00,19.69,81.34,0.0,66,0.0,0.0,12.89
2026-09-08 03:31:00,19.68,81.19,0.0,66,0.21,0.0,12.89
2026-09-08 03:32:00,19.68,81.23,0.0,66,0.075,0.0,12.89
2026-09-08 03:33:00,19.68,81.15,0.0,66,0.12,0.0,12.89
2026-09-08 03:34:00,19.65,81.1,0.0,66,0.12,0.0,12.89
2026-09-08 03:35:00,19.58,81.13,0.0,66,0.0,0.0,12.89
2026-09-08 03:36:00,19.53,81.36,0.0,66,0.0,0.0,12.89
2026-09-08 03:37:00,19.52,81.46,0.0,66,0.03,0.0,12.89
2026-09-08 03:38:00,19.51,81.66,0.0,66,0.21,0.0,12.89
2026-09-08 03:39:00,19.48,81.63,0.0,66,0.3,0.0,12.89
2026-09-08 03:40:00,19.44,81.63,0.0,86,0.255,0.0,12.89
2026-09-08 03:41:00,19.37,81.54,0.0,63,0.54,0.0,12.89
2026-09-08 03:42:00,19.34,81.61,0.0,91,0.42,0.0,12.89
2026-09-08 03:43:00,19.26,81.65,0.0,91,0.405,0.0,12.89
2026-09-08 03:44:00,19.21,81.82,0.0,91,0.18,0.0,12.89
2026-09-08 03:45:00,19.18,82.0,0.0,91,0.105,0.0,12.89
2026-09-08 03:46:00,19.15,82.21,0.0,91,0.135,0.0,12.89
2026-09-08 03:47:00,19.14,82.21,0.0,91,0.195,0.0,12.89
2026-09-08 03:48:00,19.11,82.35,0.0,91,0.075,0.0,12.89
2026-09-08 03:49:00,19.1,82.55,0.0,91,0.03,0.0,12.89
2026-09-08 03:50:00,19.11,82.68,0.0,91,0.15,0.0,12.89
2026-09-08 03:51:00,19.11,82.72,0.0,91,0.165,0.0,12.89
2026-09-08 03:52:00,19.1,82.63,0.0,91,0.12,0.0,12.89
2026-09-08 03:53:00,19.07,82.57,0.0,91,0.135,0.0,12.89
2026-09-08 03:54:00,19.01,82.6,0.0,91,0.255,0.0,12.89
2026-09-08 03:55:00,19.01,82.72,0.0,91,0.12,0.0,12.89
2026-09-08 03:56:00,19.0,82.82,0.0,91,0.0,0.0,12.89
2026-09-08 03:57:00,18.98,82.74,0.0,91,0.3,0.0,12.89
2026-09-08 03:58:00,18.95,82.77,0.0,91,0.345,0.0,12.89
2026-09-08 03:59:00,18.94,82.79,0.0,91,0.375,0.0,12.89
2026-09-08 04:00:00,18.9,82.71,0.0,78,0.405,0.0,12.89
2026-09-08 04:01:00,18.87,82.71,0.0,65,0.615,0.0,12.89
2026-09-08 04:02:00,18.83,82.75,0.0,69,0.765,0.0,12.89
2026-09-08 04:03:00,18.77,82.99,0.0,69,0.315,0.0,12.89
2026-09-08 04:04:00,18.76,83.13,0.0,78,0.06,0.0,12.89
2026-09-08 04:05:00,18.74,83.24,0.0,79,0.03,0.0,12.89
2026-09-08 04:06:00,18.79,83.32,0.0,79,0.015,0.0,12.89
2026-09-08 04:07:00,18.77,83.38,0.0,79,0.0,0.0,12.89
2026-09-08 04:08:00,18.79,83.42,0.0,79,0.015,0.0,12.89
2026-09-08 04:09:00,18.84,83.56,0.0,79,0.03,0.0,12.89
2026-09-08 04:10:00,18.91,83.52,0.0,165,0.075,0.0,12.89
2026-09-08 04:11:00,18.9,83.31,0.0,163,0.225,0.0,12.89
2026-09-08 04:12:00,18.95,83.19,0.0,163,0.03,0.0,12.89
2026-09-08 04:13:00,18.98,83.03,0.0,163,0.0,0.0,12.89
2026-09-08 04:14:00,19.01,83.0,0.0,163,0.03,0.0,12.89
2026-09-08 04:15:00,19.03,82.95,0.0,163,0.015,0.0,12.89
2026-09-08 04:16:00,19.07,82.82,0.0,163,0.0,0.0,12.89
2026-09-08 04:17:00,19.08,82.78,0.0,163,0.0,0.0,12.89
2026-09-08 04:18:00,19.14,82.74,0.0,163,0.0,0.0,12.89
2026-09-08 04:19:00,19.17,82.75,0.0,163,0.015,0.0,12.89
2026-09-08 04:20:00,19.18,82.5,0.0,163,0.0,0.0,12.89
2026-09-08 04:21:00,19.21,82.42,0.0,163,0.0,0.0,12.89
2026-09-08 04:22:00,19.22,82.39,0.0,163,0.075,0.0,12.89
2026-09-08 04:23:00,19.24,82.25,0.0,163,0.09,0.0,12.89
2026-09-08 04:24:00,19.28,82.19,0.0,163,0.06,0.0,12.89
2026-09-08 04:25:00,19.32,82.24,0.0,163,0.0,0.0,12.89
2026-09-08 04:26:00,19.34,82.26,0.0,163,0.0,0.0,12.89
2026-09-08 04:27:00,19.37,81.96,0.0,163,0.0,0.0,12.89
2026-09-08 04:28:00,19.32,81.68,0.0,163,0.12,0.0,12.89
2026-09-08 04:29:00,19.28,81.58,0.0,163,0.165,0.0,12.89
2026-09-08 04:30:00,19.25,81.7,0.0,163,0.075,0.0,12.89
2026-09-08 04:31:00,19.22,81.79,0.0,163,0.0,0.0,12.89
2026-09-08 04:32:00,19.18,81.86,0.0,163,0.015,0.0,12.89
2026-09-08 04:33:00,19.17,82.03,0.0,163,0.03,0.0,12.89
2026-09-08 04:34:00,19.14,82.03,0.0,163,0.12,0.0,12.89
2026-09-08 04:35:00,19.15,82.08,0.0,163,0.015,0.0,12.89
2026-09-08 04:36:00,19.19,82.14,0.0,163,0.0,0.0,12.89
2026-09-08 04:37:00,19.17,82.03,0.0,163,0.0,0.0,12.89
2026-09-08 04:38:00,19.18,81.97,0.0,163,0.03,0.0,12.89
2026-09-08 04:39:00,19.17,82.01,0.0,163,0.015,0.0,12.89
2026-09-08 04:40:00,19.17,81.87,0.0,163,0.12,0.0,12.89
2026-09-08 04:41:00,19.15,81.76,0.0,163,0.12,0.0,12.89
2026-09-08 04:42:00,19.14,81.68,0.0,120,0.27,0.0,12.89
2026-09-08 04:43:00,19.12,81.63,0.0,120,0.27,0.0,12.89
2026-09-08 04:44:00,19.08,81.69,0.0,120,0.06,0.0,12.89
2026-09-08 04:45:00,19.1,81.81,0.0,120,0.03,0.0,12.89
2026-09-08 04:46:00,19.07,81.84,0.0,120,0.0,0.0,12.89
2026-09-08 04:47:00,19.07,81.88,0.0,120,0.0,0.0,12.89
2026-09-08 04:48:00,19.05,81.88,0.0,120,0.0,0.0,12.89
2026-09-08 04:49:00,19.04,81.9,0.0,120,0.0,0.0,12.89
2026-09-08 04:50:00,19.05,82.0,0.0,120,0.015,0.0,12.89
2026-09-08 04:51:00,19.04,82.13,0.0,120,0.0,0.0,12.89
2026-09-08 04:52:00,19.07,82.23,0.0,120,0.0,0.0,12.89
2026-09-08 04:53:00,19.08,82.29,0.0,120,0.0,0.0,12.89
2026-09-08 04:54:00,19.08,82.37,0.0,120,0.0,0.0,12.89
2026-09-08 04:55:00,19.17,82.41,0.0,120,0.015,0.0,12.89
2026-09-08 04:56:00,19.18,82.3,0.0,120,0.045,0.0,12.89
2026-09-08 04:57:00,19.21,82.2,0.0,120,0.0,0.0,12.89
2026-09-08 04:58:00,19.24,82.24,0.0,120,0.0,0.0,12.89
2026-09-08 04:59:00,19.28,82.02,0.0,120,0.0,0.0,12.89
2026-09-08 05:00:00,19.26,81.95,0.0,120,0.0,0.0,12.89
2026-09-08 05:01:00,19.26,81.82,0.0,120,0.0,0.0,12.89
2026-09-08 05:02:00,19.24,81.81,0.0,120,0.015,0.0,12.89
2026-09-08 05:03:00,19.24,81.88,0.0,120,0.015,0.0,12.89
2026-09-08 05:04:00,19.25,81.96,0.0,120,0.0,0.0,12.89
2026-09-08 05:05:00,19.25,82.02,0.0,120,0.105,0.0,12.89
2026-09-08 05:06:00,19.24,82.01,0.0,120,0.015,0.0,12.89
2026-09-08 05:07:00,19.24,82.09,0.0,120,0.0,0.0,12.89
2026-09-08 05:08:00,19.25,82.08,0.0,120,0.0,0.0,12.89
2026-09-08 05:09:00,19.22,81.99,0.0,120,0.015,0.0,12.89
2026-09-08 05:10:00,19.22,81.98,0.0,120,0.0,0.0,12.89
2026-09-08 05:11:00,19.19,82.03,0.0,120,0.0,0.0,12.89
2026-09-08 05:12:00,19.19,81.99,0.0,120,0.105,0.0,12.89
2026-09-08 05:13:00,19.18,81.85,0.0,120,0.375,0.0,12.89
2026-09-08 05:14:00,19.12,81.71,0.0,85,0.465,0.0,12.89
2026-09-08 05:15:00,19.07,81.73,0.0,85,0.375,0.0,12.89
2026-09-08 05:16:00,19.03,81.81,0.0,75,0.435,0.0,12.89
2026-09-08 05:17:00,18.98,81.94,0.0,72,0.69,0.0,12.89
2026-09-08 05:18:00,18.94,82.08,0.0,63,0.54,0.0,12.89
2026-09-08 05:19:00,18.93,82.09,0.0,75,0.615,0.0,12.89
2026-09-08 05:20:00,18.93,82.04,0.0,78,0.66,0.0,12.89
2026-09-08 05:21:00,18.91,82.01,0.0,98,0.855,0.0,12.89
2026-09-08 05:22:00,18.91,81.98,0.0,68,0.645,0.0,12.89
2026-09-08 05:23:00,18.93,81.99,0.0,66,0.375,0.0,12.89
2026-09-08 05:24:00,18.91,81.98,0.0,68,0.105,0.0,12.89
2026-09-08 05:25:00,18.97,82.04,0.0,68,0.015,0.0,12.89
2026-09-08 05:26:00,18.97,81.94,0.0,68,0.03,0.0,12.89
2026-09-08 05:27:00,18.95,82.0,0.0,68,0.045,0.0,12.89
2026-09-08 05:28:00,19.01,82.01,0.0,71,0.105,0.0,12.89
2026-09-08 05:29:00,19.05,82.02,0.0,71,0.045,0.0,12.89
2026-09-08 05:30:00,19.04,81.95,0.0,88,0.195,0.0,12.89
2026-09-08 05:31:00,19.08,81.94,0.0,88,0.015,0.0,12.89
2026-09-08 05:32:00,19.11,81.88,0.0,88,0.0,0.0,12.89
2026-09-08 05:33:00,19.11,81.87,0.0,88,0.015,0.0,12.89
2026-09-08 05:34:00,19.12,81.85,0.0,88,0.06,0.0,12.89
2026-09-08 05:35:00,19.12,81.78,0.0,88,0.015,0.0,12.89
2026-09-08 05:36:00,19.12,81.74,0.0,88,0.0,0.0,12.89
2026-09-08 05:37:00,19.08,81.66,0.0,88,0.21,0.0,12.89
2026-09-08 05:38:00,19.04,81.55,0.0,88,0.27,0.0,12.89
2026-09-08 05:39:00,19.04,81.66,0.0,88,0.18,0.0,12.89
2026-09-08 05:40:00,19.05,81.74,0.0,88,0.24,0.0,12.89
2026-09-08 05:41:00,19.01,81.77,0.0,88,0.15,0.0,12.89
2026-09-08 05:42:00,19.0,81.76,0.0,88,0.075,0.0,12.89
2026-09-08 05:43:00,18.98,81.79,0.0,88,0.285,0.0,12.89
2026-09-08 05:44:00,18.98,81.94,0.0,88,0.105,0.0,12.89
2026-09-08 05:45:00,18.97,82.11,0.0,88,0.075,0.0,12.89
2026-09-08 05:46:00,18.95,82.15,0.0,88,0.0,0.0,12.89
2026-09-08 05:47:00,18.97,82.22,0.0,88,0.0,0.0,12.89
2026-09-08 05:48:00,18.95,82.23,0.0,88,0.0,0.0,12.89
2026-09-08 05:49:00,18.93,82.19,0.0,88,0.045,0.0,12.89
2026-09-08 05:50:00,18.97,82.23,0.0,88,0.0,0.0,12.89
2026-09-08 05:51:00,19.0,82.32,0.0,88,0.0,0.0,12.89
2026-09-08 05:52:00,18.98,82.14,0.0,76,0.0,0.0,12.89
2026-09-08 05:53:00,19.01,81.93,0.0,88,0.0,0.0,12.89
2026-09-08 05:54:00,19.03,81.9,0.0,88,0.0,0.0,12.89
2026-09-08 05:55:00,19.04,81.86,0.0,88,0.0,0.0,12.89
2026-09-08 05:56:00,19.08,81.84,0.0,88,0.0,0.0,12.89
2026-09-08 05:57:00,19.05,81.79,0.0,88,0.0,0.0,12.89
2026-09-08 05:58:00,19.1,81.76,0.76,88,0.0,0.0,12.89
2026-09-08 05:59:00,19.12,81.7,0.76,88,0.0,0.0,12.89
2026-09-08 06:00:00,19.11,81.6,0.76,88,0.0,0.0,12.89
2026-09-08 06:01:00,19.12,81.59,1.14,88,0.0,0.0,12.89
2026-09-08 06:02:00,19.11,81.55,1.53,88,0.0,0.0,12.89
2026-09-08 06:03:00,19.11,81.43,1.91,88,0.0,0.0,12.89
2026-09-08 06:04:00,19.07,81.33,1.91,88,0.0,0.0,12.89
2026-09-08 06:05:00,19.07,81.31,2.29,88,0.0,0.0,12.89
2026-09-08 06:06:00,19.01,81.33,2.29,88,0.0,0.0,12.89
2026-09-08 06:07:00,19.01,81.34,2.67,88,0.0,0.0,12.89
2026-09-08 06:08:00,19.01,81.59,3.05,88,0.0,0.0,12.89
2026-09-08 06:09:00,19.0,81.55,3.81,88,0.0,0.0,12.89
2026-09-08 06:10:00,18.98,81.55,3.81,88,0.0,0.0,12.89
2026-09-08 06:11:00,19.0,81.52,4.2,88,0.0,0.0,12.89
2026-09-08 06:12:00,19.0,81.52,4.96,88,0.0,0.0,12.89
2026-09-08 06:13:00,19.03,81.39,5.34,88,0.0,0.0,12.89
2026-09-08 06:14:00,19.04,81.37,5.72,88,0.06,0.0,12.89
2026-09-08 06:15:00,19.08,81.32,6.49,88,0.0,0.0,12.89
2026-09-08 06:16:00,19.12,81.19,6.87,88,0.0,0.0,12.89
2026-09-08 06:17:00,19.17,81.01,7.25,88,0.09,0.0,12.89
2026-09-08 06:18:00,19.18,80.92,7.63,88,0.0,0.0,12.89
2026-09-08 06:19:00,19.21,80.99,8.01,88,0.03,0.0,12.89
2026-09-08 06:20:00,19.22,80.82,8.77,88,0.015,0.0,12.89
2026-09-08 06:21:00,19.22,80.68,9.54,88,0.0,0.0,12.89
2026-09-08 06:22:00,19.21,80.54,9.92,88,0.0,0.0,12.89
2026-09-08 06:23:00,19.19,80.56,10.3,88,0.0,0.0,12.89
2026-09-08 06:24:00,19.21,80.59,10.68,88,0.0,0.0,12.89
2026-09-08 06:25:00,19.19,80.71,11.44,88,0.0,0.0,12.89
2026-09-08 06:26:00,19.18,80.59,12.21,88,0.0,0.0,12.89
2026-09-08 06:27:00,19.15,80.57,12.59,88,0.045,0.0,12.89
2026-09-08 06:28:00,19.14,80.66,12.97,88,0.0,0.0,12.89
2026-09-08 06:29:00,19.12,80.81,13.73,88,0.045,0.0,12.89
2026-09-08 06:30:00,19.12,80.84,14.11,88,0.075,0.0,12.89
2026-09-08 06:31:00,19.08,80.94,14.5,88,0.225,0.0,12.89
2026-09-08 06:32:00,19.11,80.94,15.26,88,0.165,0.0,12.89
2026-09-08 06:33:00,19.1,80.86,15.26,88,0.18,0.0,12.89
2026-09-08 06:34:00,19.08,80.98,16.02,88,0.075,0.0,12.89
2026-09-08 06:35:00,19.14,81.01,16.02,88,0.09,0.0,12.89
2026-09-08 06:36:00,19.14,80.93,16.78,88,0.015,0.0,12.89
2026-09-08 06:37:00,19.17,80.84,17.55,88,0.15,0.0,12.89
2026-09-08 06:38:00,19.17,80.72,17.93,66,0.24,0.0,12.89
2026-09-08 06:39:00,19.18,80.63,18.69,58,0.27,0.0,12.89
2026-09-08 06:40:00,19.17,80.53,19.46,58,0.075,0.0,12.89
2026-09-08 06:41:00,19.19,80.69,20.98,58,0.015,0.0,12.89
2026-09-08 06:42:00,19.21,80.72,22.89,58,0.015,0.0,12.89
2026-09-08 06:43:00,19.24,80.65,24.03,58,0.045,0.0,12.89
2026-09-08 06:44:00,19.26,80.57,25.18,58,0.0,0.0,12.89
2026-09-08 06:45:00,19.31,80.52,25.94,58,0.015,0.0,12.89
2026-09-08 06:46:00,19.34,80.42,26.7,58,0.3,0.0,12.89
2026-09-08 06:47:00,19.34,80.4,27.08,92,0.45,0.0,12.89
2026-09-08 06:48:00,19.3,80.28,27.47,72,0.42,0.0,12.89
2026-09-08 06:49:00,19.28,80.3,28.61,63,0.495,0.0,12.89
2026-09-08 06:50:00,19.3,80.33,28.99,63,0.18,0.0,12.89
2026-09-08 06:51:00,19.26,80.3,29.76,70,0.15,0.0,12.89
2026-09-08 06:52:00,19.3,80.24,29.76,69,0.27,0.0,12.89
2026-09-08 06:53:00,19.35,80.39,30.9,69,0.015,0.0,12.93
2026-09-08 06:54:00,19.37,80.34,30.9,69,0.03,0.0,12.93
2026-09-08 06:55:00,19.44,80.24,31.66,69,0.015,0.0,12.93
2026-09-08 06:56:00,19.48,80.19,32.43,69,0.015,0.0,12.93
2026-09-08 06:57:00,19.52,80.05,32.81,69,0.015,0.0,12.93
2026-09-08 06:58:00,19.56,79.91,33.19,69,0.045,0.0,12.97
2026-09-08 06:59:00,19.62,79.77,33.57,69,0.0,0.0,13.01
2026-09-08 07:00:00,19.65,79.68,34.33,69,0.015,0.0,13.01
2026-09-08 07:01:00,19.7,79.72,34.71,69,0.015,0.0,13.04
2026-09-08 07:02:00,19.76,79.47,35.1,69,0.33,0.0,13.04
2026-09-08 07:03:00,19.79,79.38,35.86,69,0.42,0.0,13.04
2026-09-08 07:04:00,19.77,79.47,36.62,69,0.405,0.0,13.04
2026-09-08 07:05:00,19.79,79.52,36.62,80,0.3,0.0,13.04
2026-09-08 07:06:00,19.77,79.55,37.38,80,0.3,0.0,13.04
2026-09-08 07:07:00,19.82,79.62,37.77,80,0.015,0.0,13.04
2026-09-08 07:08:00,19.82,79.7,38.15,80,0.0,0.0,13.04
2026-09-08 07:09:00,19.86,79.73,38.91,80,0.015,0.0,13.08
2026-09-08 07:10:00,19.92,79.69,38.91,80,0.0,0.0,13.08
2026-09-08 07:11:00,19.94,79.65,39.29,80,0.0,0.0,13.08
2026-09-08 07:12:00,19.97,79.55,40.05,80,0.03,0.0,13.08
2026-09-08 07:13:00,20.0,79.32,40.82,80,0.345,0.0,13.12
2026-09-08 07:14:00,20.0,79.38,40.82,80,0.15,0.0,13.12
2026-09-08 07:15:00,19.99,79.17,41.2,70,0.54,0.0,13.12
2026-09-08 07:16:00,19.99,79.2,41.96,70,0.36,0.0,13.16
2026-09-08 07:17:00,19.96,79.13,42.34,94,0.345,0.0,13.16
2026-09-08 07:18:00,19.93,79.09,42.73,98,0.435,0.0,13.16
2026-09-08 07:19:00,19.92,79.13,43.11,86,0.48,0.0,13.16
2026-09-08 07:20:00,19.93,79.13,43.49,77,0.435,0.0,13.16
2026-09-08 07:21:00,19.94,78.98,43.87,92,0.33,0.0,13.16
2026-09-08 07:22:00,19.94,78.97,44.25,56,0.435,0.0,13.16
2026-09-08 07:23:00,19.96,78.91,44.63,56,0.27,0.0,13.16
2026-09-08 07:24:00,19.99,78.71,45.01,64,0.435,0.0,13.16
2026-09-08 07:25:00,20.04,78.77,45.4,96,0.39,0.0,13.16
2026-09-08 07:26:00,20.04,78.8,45.78,76,0.315,0.0,13.16
2026-09-08 07:27:00,20.09,78.7,46.16,67,0.57,0.0,13.16
2026-09-08 07:28:00,20.14,78.75,46.54,67,0.315,0.0,13.16
2026-09-08 07:29:00,20.16,78.59,46.92,57,0.465,0.0,13.16
2026-09-08 07:30:00,20.16,78.51,47.3,57,0.33,0.0,13.16
2026-09-08 07:31:00,20.23,78.54,48.07,57,0.135,0.0,13.16
2026-09-08 07:32:00,20.28,78.37,48.45,57,0.165,0.0,13.16
2026-09-08 07:33:00,20.28,78.3,48.45,57,0.435,0.0,13.16
2026-09-08 07:34:00,20.34,78.35,48.83,57,0.09,0.0,13.16
2026-09-08 07:35:00,20.35,78.26,49.59,57,0.33,0.0,13.16
2026-09-08 07:36:00,20.4,78.32,49.97,57,0.255,0.0,13.16
2026-09-08 07:37:00,20.48,78.35,50.74,57,0.315,0.0,13.16
2026-09-08 07:38:00,20.51,78.37,51.12,57,0.33,0.0,13.16
2026-09-08 07:39:00,20.55,78.38,51.88,57,0.165,0.0,13.16
2026-09-08 07:40:00,20.6,78.37,52.26,57,0.12,0.0,13.16
2026-09-08 07:41:00,20.68,78.18,58.37,57,0.165,0.0,13.16
2026-09-08 07:42:00,20.71,78.13,135.42,57,0.135,0.0,13.46
2026-09-08 07:43:00,20.79,78.03,215.15,57,0.015,0.0,13.79
2026-09-08 07:44:00,20.85,77.78,225.07,57,0.045,0.0,14.24
2026-09-08 07:45:00,20.95,77.56,228.12,57,0.0,0.0,14.24
2026-09-08 07:46:00,21.03,77.17,231.17,57,0.09,0.0,14.24
2026-09-08 07:47:00,21.15,77.02,233.84,57,0.03,0.0,14.24
2026-09-08 07:48:00,21.36,76.81,237.66,57,0.0,0.0,14.24
2026-09-08 07:49:00,21.57,76.22,239.95,57,0.03,0.0,14.24
2026-09-08 07:50:00,21.8,75.71,243.76,57,0.045,0.0,14.24
2026-09-08 07:51:00,22.0,74.59,246.81,57,0.06,0.0,14.24
2026-09-08 07:52:00,22.18,73.69,249.49,57,0.03,0.0,14.24
2026-09-08 07:53:00,22.35,72.94,252.16,57,0.06,0.0,14.24
2026-09-08 07:54:00,22.51,72.39,255.59,57,0.03,0.0,14.24
2026-09-08 07:55:00,22.65,71.52,258.64,57,0.015,0.0,14.24
2026-09-08 07:56:00,22.8,70.92,262.46,57,0.015,0.0,14.24
2026-09-08 07:57:00,22.94,70.57,265.51,57,0.09,0.0,14.24
2026-09-08 07:58:00,23.07,69.76,268.18,57,0.405,0.0,14.24
2026-09-08 07:59:00,23.14,69.59,271.23,57,0.225,0.0,14.24
2026-09-08 08:00:00,23.21,69.52,274.28,57,0.315,0.0,14.24
2026-09-08 08:01:00,23.27,69.17,277.71,48,0.495,0.0,14.24
2026-09-08 08:02:00,23.34,69.28,280.77,97,0.195,0.0,14.24
2026-09-08 08:03:00,23.4,68.88,284.2,95,0.285,0.0,14.24
2026-09-08 08:04:00,23.42,69.07,286.87,95,0.06,0.0,14.24
2026-09-08 08:05:00,23.54,68.81,290.3,95,0.405,0.0,14.24
2026-09-08 08:06:00,23.61,68.71,293.74,96,0.18,0.0,14.24
2026-09-08 08:07:00,23.67,68.1,297.17,66,0.66,0.0,14.24
2026-09-08 08:08:00,23.62,68.16,298.31,75,0.57,0.0,14.24
2026-09-08 08:09:00,23.65,68.7,302.13,75,0.15,0.0,14.24
2026-09-08 08:10:00,23.74,68.42,305.18,75,0.045,0.0,14.24
2026-09-08 08:11:00,23.84,68.18,308.23,97,0.45,0.0,14.24
2026-09-08 08:12:00,23.91,68.22,311.67,97,0.33,0.0,14.24
2026-09-08 08:13:00,23.99,68.11,315.1,97,0.105,0.0,14.24
2026-09-08 08:14:00,24.09,67.48,318.15,89,0.285,0.0,14.24
2026-09-08 08:15:00,24.15,67.05,321.2,77,0.51,0.0,14.24
2026-09-08 08:16:00,24.15,66.69,324.64,44,0.48,0.0,14.24
2026-09-08 08:17:00,24.12,66.51,326.92,51,0.375,0.0,14.24
2026-09-08 08:18:00,24.16,66.51,330.36,75,0.33,0.0,14.24
2026-09-08 08:19:00,24.18,66.65,334.17,76,0.45,0.0,14.24
2026-09-08 08:20:00,24.28,66.66,337.22,76,0.105,0.0,14.24
2026-09-08 08:21:00,24.32,66.07,340.28,80,0.465,0.0,14.24
2026-09-08 08:22:00,24.35,65.55,342.95,83,0.375,0.0,14.24
2026-09-08 08:23:00,24.38,65.86,346.0,83,0.135,0.0,14.24
2026-09-08 08:24:00,24.4,65.09,349.43,57,0.54,0.0,14.24
2026-09-08 08:25:00,24.4,65.78,352.86,57,0.3,0.0,14.24
2026-09-08 08:26:00,24.51,66.0,355.54,57,0.015,0.0,14.24
2026-09-08 08:27:00,24.66,65.67,358.59,57,0.12,0.0,14.24
2026-09-08 08:28:00,24.74,65.2,361.64,64,0.195,0.0,14.24
2026-09-08 08:29:00,24.86,65.11,364.69,64,0.09,0.0,14.24
2026-09-08 08:30:00,24.94,64.76,367.74,64,0.06,0.0,14.24
2026-09-08 08:31:00,25.05,64.7,370.41,64,0.135,0.0,14.24
2026-09-08 08:32:00,25.18,64.13,374.23,52,0.36,0.0,14.24
2026-09-08 08:33:00,25.28,63.67,376.9,52,0.18,0.0,14.24
2026-09-08 08:34:00,25.32,63.57,380.33,52,0.09,0.0,14.24
2026-09-08 08:35:00,25.48,63.52,382.62,46,0.09,0.0,14.24
2026-09-08 08:36:00,25.58,62.87,385.29,28,0.39,0.0,14.24
2026-09-08 08:37:00,25.65,63.17,389.49,28,0.105,0.0,14.24
2026-09-08 08:38:00,25.78,62.76,391.01,28,0.045,0.0,14.24
2026-09-08 08:39:00,25.88,62.02,394.06,28,0.06,0.0,14.24
2026-09-08 08:40:00,25.95,61.55,398.64,36,0.195,0.0,14.24
2026-09-08 08:41:00,25.99,61.43,400.55,22,0.225,0.0,14.24
2026-09-08 08:42:00,26.0,61.37,403.6,81,0.42,0.0,14.24
2026-09-08 08:43:00,26.04,61.37,406.27,69,0.27,0.0,14.24
2026-09-08 08:44:00,26.09,61.1,408.56,69,0.075,0.0,14.24
2026-09-08 08:45:00,26.07,60.55,412.76,69,0.39,0.0,14.24
2026-09-08 08:46:00,26.1,60.71,416.19,69,0.12,0.0,14.24
2026-09-08 08:47:00,26.15,60.08,419.24,69,0.225,0.0,14.24
2026-09-08 08:48:00,26.1,60.1,421.53,48,0.405,0.0,14.24
2026-09-08 08:49:00,26.09,60.92,424.58,60,0.375,0.0,14.24
2026-09-08 08:50:00,25.99,60.17,426.49,69,0.705,0.0,14.24
2026-09-08 08:51:00,25.82,60.68,430.3,77,0.66,0.0,14.24
2026-09-08 08:52:00,25.69,61.05,432.97,111,0.555,0.0,14.24
2026-09-08 08:53:00,25.65,60.67,436.03,91,0.51,0.0,14.24
2026-09-08 08:54:00,25.65,60.84,439.84,91,0.12,0.0,14.24
2026-09-08 08:55:00,25.68,60.31,440.99,78,0.48,0.0,14.24
2026-09-08 08:56:00,25.65,60.16,443.27,78,0.315,0.0,14.24
2026-09-08 08:57:00,25.73,60.64,445.56,78,0.015,0.0,14.24
2026-09-08 08:58:00,25.92,60.22,450.14,78,0.075,0.0,14.24
2026-09-08 08:59:00,26.0,59.86,452.81,114,0.525,0.0,14.24
2026-09-08 09:00:00,26.1,59.27,455.86,25,0.27,0.0,14.24
2026-09-08 09:01:00,26.19,58.99,457.77,88,0.21,0.0,14.24
2026-09-08 09:02:00,26.23,58.24,461.2,77,0.48,0.0,14.24
2026-09-08 09:03:00,26.26,58.46,465.02,84,0.45,0.0,14.24
2026-09-08 09:04:00,26.26,58.93,467.31,94,0.33,0.0,14.24
2026-09-08 09:05:00,26.34,58.36,469.6,94,0.165,0.0,14.24
2026-09-08 09:06:00,26.43,58.39,471.89,72,0.18,0.0,14.24
2026-09-08 09:07:00,26.51,58.02,474.94,94,0.495,0.0,14.24
2026-09-08 09:08:00,26.48,57.4,477.23,87,0.765,0.0,14.24
2026-09-08 09:09:00,26.41,57.67,480.66,87,0.15,0.0,14.24
2026-09-08 09:10:00,26.46,57.67,482.57,148,0.3,0.0,14.24
2026-09-08 09:11:00,26.55,57.65,486.38,148,0.165,0.0,14.24
2026-09-08 09:12:00,26.73,56.87,488.67,76,0.09,0.0,14.24
2026-09-08 09:13:00,26.84,56.38,491.34,76,0.495,0.0,14.24
2026-09-08 09:14:00,26.91,56.32,493.25,76,0.36,0.0,14.24
2026-09-08 09:15:00,26.92,56.18,496.3,193,0.315,0.0,14.24
2026-09-08 09:16:00,27.02,56.18,499.35,72,0.21,0.0,14.21
2026-09-08 09:17:00,27.16,55.8,502.02,59,0.45,0.0,14.21
2026-09-08 09:18:00,27.22,55.82,505.07,81,0.135,0.0,14.17
2026-09-08 09:19:00,27.28,55.67,508.13,29,0.375,0.0,14.17
2026-09-08 09:20:00,27.36,55.75,510.8,49,0.15,0.0,14.17
2026-09-08 09:21:00,27.46,55.58,513.85,49,0.15,0.0,14.17
2026-09-08 09:22:00,27.65,55.47,516.9,49,0.0,0.0,14.13
2026-09-08 09:23:00,27.81,54.99,518.43,176,0.315,0.0,14.13
2026-09-08 09:24:00,27.8,55.14,521.1,176,0.165,0.0,14.13
2026-09-08 09:25:00,27.87,55.13,522.62,88,0.18,0.0,14.13
2026-09-08 09:26:00,27.76,54.31,524.15,120,0.96,0.0,14.13
2026-09-08 09:27:00,27.66,54.49,528.34,107,0.435,0.0,14.13
2026-09-08 09:28:00,27.63,54.49,531.01,97,0.255,0.0,14.13
2026-09-08 09:29:00,27.53,54.0,532.54,62,0.78,0.0,14.13
2026-09-08 09:30:00,27.52,54.29,537.12,140,0.105,0.0,14.13
2026-09-08 09:31:00,27.49,54.81,538.64,189,0.315,0.0,14.13
2026-09-08 09:32:00,27.6,54.91,541.31,189,0.045,0.0,14.13
2026-09-08 09:33:00,27.74,54.76,542.46,100,0.345,0.0,14.13
2026-09-08 09:34:00,27.8,54.44,546.27,115,0.69,0.0,14.13
2026-09-08 09:35:00,27.72,54.82,548.56,112,0.615,0.0,14.13
2026-09-08 09:36:00,27.66,55.12,551.23,181,0.3,0.0,14.13
2026-09-08 09:37:00,27.74,54.61,553.9,188,0.3,0.0,14.13
2026-09-08 09:38:00,27.79,55.01,553.9,169,0.3,0.0,14.13
2026-09-08 09:39:00,27.91,54.65,557.72,169,0.0,0.0,14.13
2026-09-08 09:40:00,28.03,54.43,561.15,239,0.225,0.0,14.13
2026-09-08 09:41:00,28.17,54.26,564.2,239,0.075,0.0,14.13
2026-09-08 09:42:00,28.38,53.85,566.11,239,0.045,0.0,14.09
2026-09-08 09:43:00,28.52,53.37,568.78,239,0.12,0.0,14.13
2026-09-08 09:44:00,28.65,52.93,569.92,239,0.105,0.0,14.09
2026-09-08 09:45:00,28.71,52.87,572.98,239,0.105,0.0,14.09
2026-09-08 09:46:00,28.76,52.89,574.88,239,0.075,0.0,14.09
2026-09-08 09:47:00,28.82,52.79,578.32,239,0.15,0.0,14.09
2026-09-08 09:48:00,28.92,52.9,580.22,344,0.255,0.0,14.09
2026-09-08 09:49:00,29.05,52.52,582.13,0,0.165,0.0,14.09
2026-09-08 09:50:00,29.19,52.2,583.66,0,0.03,0.0,14.09
2026-09-08 09:51:00,29.26,51.91,586.71,85,0.15,0.0,14.09
2026-09-08 09:52:00,29.17,51.61,589.38,69,0.945,0.0,14.09
2026-09-08 09:53:00,29.05,52.11,593.19,69,0.195,0.0,14.09
2026-09-08 09:54:00,29.0,52.26,595.48,67,0.735,0.0,14.09
2026-09-08 09:55:00,28.74,53.24,597.01,66,0.66,0.0,14.09
2026-09-08 09:56:00,28.59,53.04,598.92,66,0.45,0.0,14.09
2026-09-08 09:57:00,28.58,53.55,600.82,66,0.09,0.0,14.09
2026-09-08 09:58:00,28.69,53.21,603.11,66,0.12,0.0,14.09
2026-09-08 09:59:00,28.78,52.96,604.64,66,0.21,0.0,14.09
2026-09-08 10:00:00,28.83,52.9,607.69,66,0.12,0.0,14.09
2026-09-08 10:01:00,28.72,52.69,609.6,172,0.375,0.0,14.09
2026-09-08 10:02:00,28.78,53.22,611.51,172,0.045,0.0,14.09
2026-09-08 10:03:00,28.92,52.86,613.41,170,0.105,0.0,14.09
2026-09-08 10:04:00,29.06,52.29,614.94,170,0.165,0.0,14.09
2026-09-08 10:05:00,29.1,52.0,617.99,170,0.255,0.0,14.09
2026-09-08 10:06:00,29.13,52.04,620.28,170,0.24,0.0,14.09
2026-09-08 10:07:00,29.13,51.85,621.42,203,0.33,0.0,14.09
2026-09-08 10:08:00,29.13,51.76,623.71,203,0.165,0.0,14.09
2026-09-08 10:09:00,29.19,51.77,626.38,215,0.435,0.0,14.09
2026-09-08 10:10:00,29.17,51.65,628.67,249,0.18,0.0,14.09
2026-09-08 10:11:00,29.24,51.43,630.2,198,0.135,0.0,14.09
2026-09-08 10:12:00,29.26,51.27,633.25,203,0.405,0.0,14.09
2026-09-08 10:13:00,29.34,51.01,634.01,167,0.27,0.0,14.09
2026-09-08 10:14:00,29.38,51.06,635.92,225,0.3,0.0,14.09
2026-09-08 10:15:00,29.43,51.07,640.12,198,0.39,0.0,14.09
2026-09-08 10:16:00,29.4,51.16,640.5,197,0.345,0.0,14.09
2026-09-08 10:17:00,29.43,51.26,641.64,197,0.21,0.0,14.09
2026-09-08 10:18:00,29.47,51.3,644.31,150,0.285,0.0,14.09
2026-09-08 10:19:00,29.57,51.1,645.46,217,0.255,0.0,14.09
2026-09-08 10:20:00,29.64,50.93,647.75,153,0.66,0.0,14.09
2026-09-08 10:21:00,29.64,51.06,648.51,153,0.06,0.0,14.09
2026-09-08 10:22:00,29.67,50.85,650.42,160,0.225,0.0,14.09
2026-09-08 10:23:00,29.55,51.13,652.7,135,0.33,0.0,14.09
2026-09-08 10:24:00,29.54,51.24,654.61,169,0.33,0.0,14.09
2026-09-08 10:25:00,29.37,51.69,653.85,189,0.72,0.0,14.09
2026-09-08 10:26:00,29.27,51.95,655.37,159,0.45,0.0,14.09
2026-09-08 10:27:00,29.22,52.03,659.57,153,0.225,0.0,14.09
2026-09-08 10:28:00,29.13,51.69,663.39,153,0.18,0.0,14.09
2026-09-08 10:29:00,29.12,52.48,664.15,251,0.315,0.0,14.09
2026-09-08 10:30:00,29.13,52.57,666.82,220,0.27,0.0,14.09
2026-09-08 10:31:00,29.12,52.92,668.73,201,0.27,0.0,14.09
2026-09-08 10:32:00,29.1,53.05,669.87,189,0.315,0.0,14.09
2026-09-08 10:33:00,29.09,52.77,671.78,207,0.495,0.0,14.09
2026-09-08 10:34:00,29.1,52.82,674.07,193,0.33,0.0,14.09
2026-09-08 10:35:00,29.16,52.44,677.88,208,0.21,0.0,14.09
2026-09-08 10:36:00,29.23,52.27,680.55,200,0.315,0.0,14.09
2026-09-08 10:37:00,29.23,52.28,682.84,206,0.255,0.0,14.09
2026-09-08 10:38:00,29.24,52.49,684.75,161,0.375,0.0,14.09
2026-09-08 10:39:00,29.27,51.99,685.89,165,0.39,0.0,14.09
2026-09-08 10:40:00,29.3,52.1,686.27,197,0.315,0.0,14.09
2026-09-08 10:41:00,29.27,52.07,689.71,193,0.345,0.0,14.09
2026-09-08 10:42:00,29.26,52.19,690.09,183,0.195,0.0,14.09
2026-09-08 10:43:00,29.29,52.29,692.38,208,0.375,0.0,14.09
2026-09-08 10:44:00,29.23,52.67,692.76,181,0.465,0.0,14.09
2026-09-08 10:45:00,29.27,52.48,697.34,181,0.21,0.0,14.09
2026-09-08 10:46:00,29.27,52.8,697.72,181,0.3,0.0,14.09
2026-09-08 10:47:00,29.3,52.58,699.63,136,0.345,0.0,14.09
2026-09-08 10:48:00,29.29,52.27,699.63,95,0.45,0.0,14.09
2026-09-08 10:49:00,29.26,52.7,698.86,95,0.36,0.0,14.09
2026-09-08 10:50:00,29.33,52.8,700.39,95,0.105,0.0,14.09
2026-09-08 10:51:00,29.38,52.57,704.59,95,0.33,0.0,14.09
2026-09-08 10:52:00,29.38,52.83,703.82,110,0.48,0.0,14.09
2026-09-08 10:53:00,29.43,52.93,704.97,110,0.24,0.0,14.09
2026-09-08 10:54:00,29.47,52.5,708.78,110,0.075,0.0,14.09
2026-09-08 10:55:00,29.45,52.15,709.93,123,0.345,0.0,14.09
2026-09-08 10:56:00,29.43,52.32,710.31,190,0.57,0.0,14.09
2026-09-08 10:57:00,29.41,52.53,716.79,175,0.3,0.0,14.09
2026-09-08 10:58:00,29.41,52.3,717.94,175,0.285,0.0,14.09
2026-09-08 10:59:00,29.41,52.95,717.94,175,0.135,0.0,14.09
2026-09-08 11:00:00,29.5,52.32,721.75,175,0.18,0.0,14.09
2026-09-08 11:01:00,29.58,52.68,717.94,196,0.21,0.0,14.09
2026-09-08 11:02:00,29.61,52.96,719.84,175,0.33,0.0,14.09
2026-09-08 11:03:00,29.6,53.1,722.51,175,0.33,0.0,14.09
2026-09-08 11:04:00,29.64,52.36,726.33,175,0.27,0.0,14.09
2026-09-08 11:05:00,29.68,51.71,726.71,277,0.54,0.0,14.09
2026-09-08 11:06:00,29.67,51.15,727.86,15,0.78,0.0,14.09
2026-09-08 11:07:00,29.65,51.28,727.47,152,0.465,0.0,14.09
2026-09-08 11:08:00,29.67,51.64,728.62,163,0.36,0.0,14.09
2026-09-08 11:09:00,29.65,51.02,734.34,113,0.675,0.0,14.09
2026-09-08 11:10:00,29.65,50.35,732.43,159,0.375,0.0,14.09
2026-09-08 11:11:00,29.64,50.24,730.91,183,0.33,0.0,14.09
2026-09-08 11:12:00,29.67,50.59,730.91,160,0.24,0.0,14.09
2026-09-08 11:13:00,29.68,50.87,735.87,241,0.495,0.0,14.09
2026-09-08 11:14:00,29.68,50.63,737.39,168,0.36,0.0,14.09
2026-09-08 11:15:00,29.71,50.73,737.77,153,0.315,0.0,14.09
2026-09-08 11:16:00,29.71,50.9,738.92,159,0.21,0.0,14.09
2026-09-08 11:17:00,29.75,50.87,741.21,168,0.225,0.0,14.09
2026-09-08 11:18:00,29.78,50.68,738.16,168,0.195,0.0,14.09
2026-09-08 11:19:00,29.73,50.81,736.63,168,0.3,0.0,14.09
2026-09-08 11:20:00,29.68,51.47,743.88,224,0.165,0.0,14.09
2026-09-08 11:21:00,29.71,51.46,740.83,24,0.315,0.0,14.09
2026-09-08 11:22:00,29.63,49.43,746.17,191,0.69,0.0,14.09
2026-09-08 11:23:00,29.6,49.85,745.4,246,0.48,0.0,14.09
2026-09-08 11:24:00,29.6,50.44,741.97,175,0.585,0.0,14.09
2026-09-08 11:25:00,29.53,50.47,740.44,181,0.585,0.0,14.09
2026-09-08 11:26:00,29.5,50.91,748.07,73,0.405,0.0,14.09
2026-09-08 11:27:00,29.55,49.7,750.36,182,0.315,0.0,14.09
2026-09-08 11:28:00,29.54,50.06,756.85,164,0.345,0.0,14.09
2026-09-08 11:29:00,29.6,49.97,752.65,165,0.27,0.0,14.09
2026-09-08 11:30:00,29.61,50.03,759.52,163,0.27,0.0,14.09
2026-09-08 11:31:00,29.67,49.13,759.14,184,0.57,0.0,14.09
2026-09-08 11:32:00,29.71,49.49,754.94,155,0.24,0.0,14.09
2026-09-08 11:33:00,29.7,49.6,755.7,337,0.495,0.0,14.09
2026-09-08 11:34:00,29.67,50.05,758.75,238,0.63,0.0,14.09
2026-09-08 11:35:00,29.64,50.43,752.27,163,0.465,0.0,14.09
2026-09-08 11:36:00,29.57,51.46,754.94,202,0.615,0.0,14.09
2026-09-08 11:37:00,29.58,51.43,754.56,205,0.435,0.0,14.09
2026-09-08 11:38:00,29.68,51.39,755.7,188,0.345,0.0,14.09
2026-09-08 11:39:00,29.75,50.65,756.08,186,0.36,0.0,14.09
2026-09-08 11:40:00,29.78,50.08,763.71,114,0.405,0.0,14.09
2026-09-08 11:41:00,29.77,49.97,765.24,181,0.615,0.0,14.09
2026-09-08 11:42:00,29.77,50.32,759.14,182,0.525,0.0,14.09
2026-09-08 11:43:00,29.74,50.8,756.47,186,0.555,0.0,14.09
2026-09-08 11:44:00,29.68,49.97,766.0,170,0.63,0.0,14.09
2026-09-08 11:45:00,29.7,50.44,768.67,192,0.3,0.0,14.09
2026-09-08 11:46:00,29.7,50.73,767.53,181,0.45,0.0,14.09
2026-09-08 11:47:00,29.7,50.97,762.57,187,0.435,0.0,14.09
2026-09-08 11:48:00,29.65,50.58,766.38,290,0.945,0.0,14.09
2026-09-08 11:49:00,29.7,50.55,767.91,169,0.825,0.0,14.09
2026-09-08 11:50:00,29.7,50.66,772.49,152,0.51,0.0,14.09
2026-09-08 11:51:00,29.7,50.23,772.11,319,0.54,0.0,14.09
2026-09-08 11:52:00,29.8,50.37,772.49,161,0.63,0.0,14.09
2026-09-08 11:53:00,29.88,50.51,769.05,161,0.195,0.0,14.09
2026-09-08 11:54:00,29.96,50.47,768.67,161,0.69,0.0,14.09
2026-09-08 11:55:00,29.85,50.53,770.96,185,1.02,0.0,14.09
2026-09-08 11:56:00,29.83,51.22,770.96,148,0.525,0.0,14.09
2026-09-08 11:57:00,29.84,51.44,772.49,202,0.465,0.0,14.09
2026-09-08 11:58:00,29.84,52.08,773.25,190,0.48,0.0,14.09
2026-09-08 11:59:00,29.91,52.28,776.3,230,0.435,0.0,14.09
2026-09-08 12:00:00,30.08,51.7,776.68,228,0.255,0.0,14.09
2026-09-08 12:01:00,30.22,51.15,778.59,180,0.24,0.0,14.09
2026-09-08 12:02:00,30.22,51.38,777.07,180,0.405,0.0,14.09
2026-09-08 12:03:00,30.33,50.58,780.88,71,0.51,0.0,14.09
2026-09-08 12:04:00,30.35,50.43,782.02,116,0.975,0.0,14.09
2026-09-08 12:05:00,30.32,50.89,783.55,207,0.645,0.0,14.09
2026-09-08 12:06:00,30.32,50.68,783.55,160,0.39,0.0,14.09
2026-09-08 12:07:00,30.28,50.79,785.08,194,0.33,0.0,14.09
2026-09-08 12:08:00,30.26,50.83,786.98,209,0.27,0.0,14.09
2026-09-08 12:09:00,30.28,50.94,783.93,157,0.48,0.0,14.09
2026-09-08 12:10:00,30.23,51.51,783.17,175,0.42,0.0,14.09
2026-09-08 12:11:00,30.28,51.08,786.22,179,0.525,0.0,14.09
2026-09-08 12:12:00,30.21,51.21,778.59,116,0.45,0.0,14.09
2026-09-08 12:13:00,30.16,51.68,778.59,199,0.495,0.0,14.09
2026-09-08 12:14:00,30.14,51.62,782.79,183,0.75,0.0,14.09
2026-09-08 12:15:00,30.22,51.3,789.27,200,0.69,0.0,14.09
2026-09-08 12:16:00,30.28,51.21,294.12,111,0.45,0.0,14.09
2026-09-08 12:17:00,30.22,51.26,651.56,149,0.78,0.0,14.09
2026-09-08 12:18:00,30.21,51.21,795.38,141,0.435,0.0,14.09
2026-09-08 12:19:00,30.23,51.45,800.34,158,0.195,0.0,14.09
2026-09-08 12:20:00,30.29,51.36,799.19,160,0.3,0.0,14.09
2026-09-08 12:21:00,30.4,51.0,801.86,176,0.405,0.0,14.09
2026-09-08 12:22:00,30.52,50.52,804.91,174,0.36,0.0,14.09
2026-09-08 12:23:00,30.73,49.99,806.06,201,0.3,0.0,14.09
2026-09-08 12:24:00,30.86,49.25,805.29,173,0.99,0.0,14.09
2026-09-08 12:25:00,30.83,49.14,816.74,225,0.84,0.0,14.09
2026-09-08 12:26:00,30.76,49.25,809.87,200,0.48,0.0,14.09
2026-09-08 12:27:00,30.76,49.2,814.83,127,0.435,0.0,14.09
2026-09-08 12:28:00,30.77,49.46,810.25,177,0.555,0.0,14.09
2026-09-08 12:29:00,30.8,49.79,804.91,87,0.45,0.0,14.09
2026-09-08 12:30:00,30.89,49.19,801.86,167,0.57,0.0,14.09
2026-09-08 12:31:00,30.84,48.71,800.72,162,0.54,0.0,14.09
2026-09-08 12:32:00,30.91,48.56,800.72,282,0.33,0.0,14.09
2026-09-08 12:33:00,30.95,48.21,804.91,193,0.36,0.0,14.09
2026-09-08 12:34:00,30.98,48.33,809.49,185,0.105,0.0,14.09
2026-09-08 12:35:00,31.03,48.5,805.29,237,0.24,0.0,14.09
2026-09-08 12:36:00,31.01,48.06,809.11,245,0.96,0.0,14.09
2026-09-08 12:37:00,31.1,47.7,814.45,63,0.465,0.0,14.09
2026-09-08 12:38:00,31.11,47.52,823.22,63,0.21,0.0,14.09
2026-09-08 12:39:00,31.03,47.74,830.85,226,0.36,0.0,14.09
2026-09-08 12:40:00,31.01,47.7,829.71,187,0.42,0.0,14.09
2026-09-08 12:41:00,31.07,47.13,836.58,204,0.45,0.0,14.09
2026-09-08 12:42:00,31.13,47.66,826.66,342,0.42,0.0,14.09
2026-09-08 12:43:00,31.18,47.37,816.74,232,0.48,0.0,14.09
2026-09-08 12:44:00,31.28,47.26,817.12,214,0.36,0.0,14.09
2026-09-08 12:45:00,31.27,47.02,806.82,200,0.585,0.0,14.09
2026-09-08 12:46:00,31.37,46.88,800.34,131,0.51,0.0,14.09
2026-09-08 12:47:00,31.38,46.65,802.24,206,0.54,0.0,14.09
2026-09-08 12:48:00,31.4,45.94,804.91,148,0.6,0.0,14.09
2026-09-08 12:49:00,31.42,45.71,809.87,197,0.45,0.0,14.09
2026-09-08 12:50:00,31.49,45.88,793.85,292,0.375,0.0,14.09
2026-09-08 12:51:00,31.48,45.61,791.56,173,0.48,0.0,14.09
2026-09-08 12:52:00,31.55,45.95,785.84,150,0.165,0.0,14.09
2026-09-08 12:53:00,31.69,45.87,790.04,176,0.24,0.0,14.09
2026-09-08 12:54:00,31.92,45.66,793.47,216,0.12,0.0,14.09
2026-09-08 12:55:00,32.09,45.2,795.38,180,0.495,0.0,14.09
2026-09-08 12:56:00,32.06,45.35,803.01,138,0.585,0.0,14.09
2026-09-08 12:57:00,32.02,44.94,798.81,144,0.81,0.0,14.09
2026-09-08 12:58:00,31.96,45.33,787.37,153,0.885,0.0,14.09
2026-09-08 12:59:00,31.85,45.51,776.68,234,0.495,0.0,14.09
2026-09-08 13:00:00,31.88,45.51,773.25,154,0.39,0.0,14.09
2026-09-08 13:01:00,31.91,45.63,777.45,203,0.285,0.0,14.09
2026-09-08 13:02:00,31.99,45.2,779.35,161,0.615,0.0,14.09
2026-09-08 13:03:00,31.99,45.5,777.83,168,0.42,0.0,14.09
2026-09-08 13:04:00,32.1,45.19,773.63,194,0.345,0.0,14.09
2026-09-08 13:05:00,32.13,45.23,772.11,46,0.54,0.0,14.09
2026-09-08 13:06:00,32.1,45.1,774.78,218,0.705,0.0,14.09
2026-09-08 13:07:00,32.12,44.97,774.78,136,0.885,0.0,14.09
2026-09-08 13:08:00,32.13,44.9,776.3,253,0.375,0.0,14.09
2026-09-08 13:09:00,32.2,45.08,756.85,239,0.48,0.0,14.09
2026-09-08 13:10:00,32.25,45.06,773.63,183,0.315,0.0,14.09
2026-09-08 13:11:00,32.29,45.27,772.49,144,0.315,0.0,14.09
2026-09-08 13:12:00,32.46,44.39,771.34,167,0.36,0.0,14.09
2026-09-08 13:13:00,32.47,44.43,774.78,193,0.75,0.0,14.09
2026-09-08 13:14:00,32.42,44.13,778.21,271,1.005,0.0,14.09
2026-09-08 13:15:00,32.36,44.1,778.21,259,0.615,0.0,14.09
2026-09-08 13:16:00,32.38,44.06,779.74,205,0.405,0.0,14.09
2026-09-08 13:17:00,32.39,43.81,780.5,256,0.705,0.0,14.09
2026-09-08 13:18:00,32.35,43.78,781.26,71,0.705,0.0,14.09
2026-09-08 13:19:00,32.33,43.97,783.55,279,0.255,0.0,14.09
2026-09-08 13:20:00,32.42,44.12,779.35,150,0.24,0.0,14.09
2026-09-08 13:21:00,32.57,44.04,776.3,150,0.165,0.0,14.09
2026-09-08 13:22:00,32.73,43.55,774.01,93,0.195,0.0,14.09
2026-09-08 13:23:00,32.86,42.4,770.96,270,0.465,0.0,14.09
2026-09-08 13:24:00,32.95,42.84,774.01,300,0.51,0.0,14.09
2026-09-08 13:25:00,32.97,42.54,768.29,352,0.39,0.0,14.09
2026-09-08 13:26:00,33.03,41.8,767.15,78,0.405,0.0,14.09
2026-09-08 13:27:00,32.94,41.94,764.48,237,0.615,0.0,14.09
2026-09-08 13:28:00,32.88,42.02,766.38,177,0.255,0.0,14.09
2026-09-08 13:29:00,32.79,42.61,769.44,115,0.69,0.0,14.09
2026-09-08 13:30:00,32.76,43.07,759.14,101,0.915,0.0,14.09
2026-09-08 13:31:00,32.86,43.24,763.33,164,0.405,0.0,14.09
2026-09-08 13:32:00,32.86,43.35,759.9,161,0.36,0.0,14.09
2026-09-08 13:33:00,32.86,43.2,758.75,156,0.375,0.0,14.09
2026-09-08 13:34:00,32.77,42.82,761.43,81,1.08,0.0,14.09
2026-09-08 13:35:00,32.74,43.07,761.04,219,0.69,0.0,14.09
2026-09-08 13:36:00,32.7,43.36,757.23,182,0.525,0.0,14.09
2026-09-08 13:37:00,32.65,43.19,755.32,167,0.915,0.0,14.09
2026-09-08 13:38:00,32.57,42.36,757.61,10,0.87,0.0,14.09
2026-09-08 13:39:00,32.57,42.32,759.14,68,0.555,0.0,14.09
2026-09-08 13:40:00,32.6,42.43,757.99,230,0.48,0.0,14.09
2026-09-08 13:41:00,32.42,41.51,757.23,72,1.935,0.0,14.09
2026-09-08 13:42:00,32.1,42.52,755.32,81,1.935,0.0,14.09
2026-09-08 13:43:00,31.81,43.94,751.51,94,1.305,0.0,14.09
2026-09-08 13:44:00,31.75,44.33,748.46,336,0.81,0.0,14.09
2026-09-08 13:45:00,31.91,44.0,747.31,174,0.435,0.0,14.09
2026-09-08 13:46:00,32.08,44.15,749.22,170,0.72,0.0,14.09
2026-09-08 13:47:00,32.16,43.56,748.46,208,0.69,0.0,14.09
2026-09-08 13:48:00,32.29,43.55,745.78,193,0.525,0.0,14.09
2026-09-08 13:49:00,32.43,42.94,744.64,297,0.645,0.0,14.09
2026-09-08 13:50:00,32.53,43.39,743.11,103,0.315,0.0,14.09
2026-09-08 13:51:00,32.63,42.96,740.06,109,0.285,0.0,14.09
2026-09-08 13:52:00,32.79,42.58,740.06,109,0.15,0.0,14.09
2026-09-08 13:53:00,32.88,42.63,739.68,145,0.33,0.0,14.09
2026-09-08 13:54:00,32.79,42.35,739.68,174,0.885,0.0,14.09
2026-09-08 13:55:00,32.74,42.29,738.92,133,0.39,0.0,14.09
2026-09-08 13:56:00,32.67,42.57,735.48,179,0.63,0.0,14.09
2026-09-08 13:57:00,32.71,42.78,731.29,206,0.525,0.0,14.09
2026-09-08 13:58:00,32.76,42.14,732.43,200,0.375,0.0,14.09
2026-09-08 13:59:00,32.84,42.42,730.53,131,0.63,0.0,14.09
2026-09-08 14:00:00,32.9,42.41,728.62,170,0.435,0.0,14.09
2026-09-08 14:01:00,32.98,42.66,722.51,194,0.315,0.0,13.91
2026-09-08 14:02:00,33.16,42.19,724.04,243,0.285,0.0,13.91
2026-09-08 14:03:00,33.27,41.54,725.19,348,0.495,0.0,14.09
2026-09-08 14:04:00,33.28,41.5,722.51,177,0.495,0.0,13.91
2026-09-08 14:05:00,33.18,41.78,717.56,182,0.555,0.0,13.91
2026-09-08 14:06:00,33.24,41.57,719.08,193,0.255,0.0,13.91
2026-09-08 14:07:00,33.37,41.16,715.65,229,0.39,0.0,13.91
2026-09-08 14:08:00,33.35,40.63,714.12,173,0.48,0.0,13.91
2026-09-08 14:09:00,33.22,40.87,716.03,110,0.87,0.0,13.91
2026-09-08 14:10:00,33.1,41.27,716.79,295,0.525,0.0,13.91
2026-09-08 14:11:00,33.03,41.2,714.12,150,0.705,0.0,13.91
2026-09-08 14:12:00,32.86,41.43,712.21,259,0.885,0.0,13.91
2026-09-08 14:13:00,32.87,41.69,713.36,0,0.51,0.0,13.91
2026-09-08 14:14:00,32.93,41.7,711.83,113,0.39,0.0,13.91
2026-09-08 14:15:00,32.93,41.58,710.69,220,0.825,0.0,13.91
2026-09-08 14:16:00,32.95,40.93,710.31,222,0.735,0.0,13.91
2026-09-08 14:17:00,32.91,41.01,708.4,153,0.39,0.0,13.91
2026-09-08 14:18:00,32.83,41.13,707.64,176,0.36,0.0,13.91
2026-09-08 14:19:00,32.83,41.01,706.11,179,0.45,0.0,13.91
2026-09-08 14:20:00,32.83,40.19,703.82,215,0.78,0.0,13.91
2026-09-08 14:21:00,32.93,40.17,701.15,130,0.525,0.0,13.91
2026-09-08 14:22:00,33.06,39.53,697.34,134,0.21,0.0,13.91
2026-09-08 14:23:00,33.21,38.85,693.9,134,0.375,0.0,13.91
2026-09-08 14:24:00,33.28,38.95,690.47,134,0.315,0.0,13.91
2026-09-08 14:25:00,33.4,39.32,690.47,134,0.105,0.0,13.91
2026-09-08 14:26:00,33.49,39.33,688.18,182,0.435,0.0,13.91
2026-09-08 14:27:00,33.42,39.68,687.42,192,0.48,0.0,13.91
2026-09-08 14:28:00,33.32,39.94,685.13,137,0.57,0.0,13.91
2026-09-08 14:29:00,33.24,40.23,682.46,113,0.54,0.0,13.91
2026-09-08 14:30:00,33.04,40.93,681.32,209,1.125,0.0,13.91
2026-09-08 14:31:00,32.9,41.35,679.03,169,0.72,0.0,13.91
2026-09-08 14:32:00,32.73,41.93,677.5,157,0.57,0.0,13.91
2026-09-08 14:33:00,32.69,41.96,677.88,215,0.69,0.0,13.91
2026-09-08 14:34:00,32.5,41.53,677.12,164,1.05,0.0,13.91
2026-09-08 14:35:00,32.49,41.82,675.97,150,0.525,0.0,13.91
2026-09-08 14:36:00,32.54,42.03,671.78,173,0.42,0.0,13.91
2026-09-08 14:37:00,32.67,42.17,670.25,151,0.72,0.0,13.91
2026-09-08 14:38:00,32.79,41.66,668.73,203,0.375,0.0,13.91
2026-09-08 14:39:00,32.86,41.74,666.82,213,0.54,0.0,13.91
2026-09-08 14:40:00,32.94,41.26,664.15,159,0.45,0.0,13.91
2026-09-08 14:41:00,33.0,41.31,660.72,168,0.6,0.0,13.91
2026-09-08 14:42:00,32.98,41.25,656.14,220,0.54,0.0,13.91
2026-09-08 14:43:00,33.0,41.12,656.52,171,0.525,0.0,13.91
2026-09-08 14:44:00,32.97,41.07,654.61,142,0.435,0.0,13.91
2026-09-08 14:45:00,32.94,41.01,651.18,263,0.54,0.0,13.91
2026-09-08 14:46:00,32.93,41.06,648.13,215,0.87,0.0,13.91
2026-09-08 14:47:00,32.9,41.32,648.13,213,0.675,0.0,13.91
2026-09-08 14:48:00,32.88,41.23,646.22,192,0.75,0.0,13.91
2026-09-08 14:49:00,32.8,41.59,647.36,293,0.42,0.0,13.91
2026-09-08 14:50:00,32.84,40.99,642.02,102,0.825,0.0,13.91
2026-09-08 14:51:00,32.73,41.04,638.59,258,0.96,0.0,13.91
2026-09-08 14:52:00,32.69,41.34,635.92,146,0.375,0.0,13.91
2026-09-08 14:53:00,32.66,41.23,634.78,177,0.57,0.0,13.91
2026-09-08 14:54:00,32.7,41.34,634.01,136,0.3,0.0,13.91
2026-09-08 14:55:00,32.81,41.17,633.25,231,0.54,0.0,13.91
2026-09-08 14:56:00,32.81,40.66,631.34,33,0.63,0.0,13.91
2026-09-08 14:57:00,32.88,40.91,628.67,313,0.315,0.0,13.91
2026-09-08 14:58:00,33.0,40.54,628.29,143,0.48,0.0,13.91
2026-09-08 14:59:00,33.08,40.2,624.86,151,0.57,0.0,13.91
2026-09-08 15:00:00,33.2,40.16,621.04,208,0.375,0.0,13.91
2026-09-08 15:01:00,33.21,40.22,619.13,200,0.405,0.0,13.91
2026-09-08 15:02:00,33.22,39.67,617.61,243,0.45,0.0,13.91
2026-09-08 15:03:00,33.27,39.49,616.46,191,0.465,0.0,13.91
2026-09-08 15:04:00,33.29,39.27,615.32,206,0.36,0.0,13.91
2026-09-08 15:05:00,33.25,39.33,611.89,288,0.585,0.0,13.91
2026-09-08 15:06:00,33.16,39.02,609.6,205,1.32,0.0,13.91
2026-09-08 15:07:00,33.04,39.46,608.45,268,0.705,0.0,13.91
2026-09-08 15:08:00,33.0,39.31,606.55,211,1.02,0.0,13.91
2026-09-08 15:09:00,32.97,39.09,604.64,291,0.75,0.0,13.91
2026-09-08 15:10:00,32.95,39.0,602.73,359,0.99,0.0,13.91
2026-09-08 15:11:00,32.9,39.1,599.3,316,0.87,0.0,13.91
2026-09-08 15:12:00,32.86,39.36,596.63,286,0.615,0.0,13.91
2026-09-08 15:13:00,32.8,39.3,594.72,102,0.57,0.0,13.91
2026-09-08 15:14:00,32.91,39.49,591.67,57,0.27,0.0,13.91
2026-09-08 15:15:00,33.01,39.11,588.62,199,0.75,0.0,13.91
2026-09-08 15:16:00,33.03,39.06,586.71,260,0.765,0.0,13.91
2026-09-08 15:17:00,33.01,39.17,583.66,201,0.465,0.0,13.91
2026-09-08 15:18:00,33.07,39.27,582.13,181,0.6,0.0,13.91
2026-09-08 15:19:00,33.2,38.47,578.32,175,0.51,0.0,13.91
2026-09-08 15:20:00,33.21,38.37,576.79,108,0.645,0.0,13.91
2026-09-08 15:21:00,33.1,38.68,573.74,305,0.705,0.0,13.91
2026-09-08 15:22:00,33.13,38.67,572.21,62,0.705,0.0,13.91
2026-09-08 15:23:00,33.22,38.32,571.07,224,0.765,0.0,13.91
2026-09-08 15:24:00,33.25,38.19,568.4,131,0.945,0.0,13.91
2026-09-08 15:25:00,33.21,37.91,564.97,215,0.63,0.0,13.91
2026-09-08 15:26:00,33.16,38.39,562.68,180,0.435,0.0,13.91
2026-09-08 15:27:00,33.16,38.34,559.24,238,0.585,0.0,13.91
2026-09-08 15:28:00,33.2,38.3,557.72,229,0.33,0.0,13.91
2026-09-08 15:29:00,33.31,37.94,557.34,103,0.69,0.0,13.91
2026-09-08 15:30:00,33.38,37.71,551.61,171,0.345,0.0,13.91
2026-09-08 15:31:00,33.47,37.44,548.56,300,0.555,0.0,13.83
2026-09-08 15:32:00,33.54,37.38,546.27,132,0.315,0.0,13.83
2026-09-08 15:33:00,33.51,37.55,542.08,188,0.435,0.0,13.83
2026-09-08 15:34:00,33.44,38.09,539.41,220,0.54,0.0,13.83
2026-09-08 15:35:00,33.42,38.55,536.74,143,0.48,0.0,13.83
2026-09-08 15:36:00,33.34,38.84,534.45,189,0.525,0.0,13.83
2026-09-08 15:37:00,33.32,38.74,532.54,167,0.495,0.0,13.83
2026-09-08 15:38:00,33.27,38.54,529.49,200,0.585,0.0,13.83
2026-09-08 15:39:00,33.24,38.45,526.82,223,0.51,0.0,13.83
2026-09-08 15:40:00,33.2,38.54,523.38,159,0.795,0.0,13.83
2026-09-08 15:41:00,33.1,37.78,521.86,338,0.69,0.0,13.83
2026-09-08 15:42:00,32.94,38.12,520.33,156,0.885,0.0,13.83
2026-09-08 15:43:00,32.84,38.27,516.9,201,0.885,0.0,13.83
2026-09-08 15:44:00,32.76,38.12,514.23,198,1.29,0.0,13.83
2026-09-08 15:45:00,32.76,38.27,510.8,235,0.495,0.0,13.83
2026-09-08 15:46:00,32.79,38.59,509.65,206,0.81,0.0,13.83
2026-09-08 15:47:00,32.79,38.13,505.84,210,0.48,0.0,13.83
2026-09-08 15:48:00,32.81,38.3,504.31,190,0.975,0.0,13.83
2026-09-08 15:49:00,32.87,38.64,501.26,165,0.57,0.0,13.83
2026-09-08 15:50:00,32.79,38.08,498.59,180,1.59,0.0,13.83
2026-09-08 15:51:00,32.67,38.38,495.54,306,1.455,0.0,13.83
2026-09-08 15:52:00,32.6,38.72,491.34,192,0.6,0.0,13.83
2026-09-08 15:53:00,32.62,38.63,488.29,311,0.66,0.0,13.83
2026-09-08 15:54:00,32.66,38.7,485.24,165,0.45,0.0,13.83
2026-09-08 15:55:00,32.8,38.68,483.71,143,0.54,0.0,13.83
2026-09-08 15:56:00,32.87,38.48,480.66,202,0.525,0.0,13.83
2026-09-08 15:57:00,32.88,37.82,479.13,196,0.39,0.0,13.83
2026-09-08 15:58:00,32.83,38.28,477.61,12,0.57,0.0,13.83
2026-09-08 15:59:00,32.77,37.65,474.17,152,0.645,0.0,13.83
2026-09-08 16:00:00,32.73,37.57,471.12,249,0.72,0.0,13.83
2026-09-08 16:01:00,32.73,37.37,466.93,140,0.57,0.0,13.83
2026-09-08 16:02:00,32.66,37.52,465.4,173,0.63,0.0,13.83
2026-09-08 16:03:00,32.57,37.55,461.2,216,0.645,0.0,13.83
2026-09-08 16:04:00,32.47,37.85,459.68,212,0.585,0.0,13.83
2026-09-08 16:05:00,32.51,38.16,458.15,108,0.615,0.0,13.83
2026-09-08 16:06:00,32.54,37.55,455.1,163,0.66,0.0,13.83
2026-09-08 16:07:00,32.49,37.74,452.43,248,0.585,0.0,13.83
2026-09-08 16:08:00,32.47,37.9,449.38,182,0.33,0.0,13.83
2026-09-08 16:09:00,32.59,37.88,446.71,196,0.24,0.0,13.83
2026-09-08 16:10:00,32.63,37.57,444.04,194,0.45,0.0,13.83
2026-09-08 16:11:00,32.66,37.73,440.22,161,0.33,0.0,13.83
2026-09-08 16:12:00,32.66,37.53,437.93,268,0.63,0.0,13.83
2026-09-08 16:13:00,32.69,37.67,434.5,301,0.48,0.0,13.83
2026-09-08 16:14:00,32.71,37.54,431.45,168,0.6,0.0,13.83
2026-09-08 16:15:00,32.69,37.64,429.16,196,0.57,0.0,13.83
2026-09-08 16:16:00,32.6,37.9,425.35,186,0.81,0.0,13.83
2026-09-08 16:17:00,32.57,38.07,421.91,173,0.69,0.0,13.83
2026-09-08 16:18:00,32.53,38.36,419.24,240,0.57,0.0,13.83
2026-09-08 16:19:00,32.6,38.71,417.72,184,0.21,0.0,13.83
2026-09-08 16:20:00,32.67,38.34,414.28,130,0.375,0.0,13.83
2026-09-08 16:21:00,32.79,38.18,410.85,155,0.21,0.0,13.83
2026-09-08 16:22:00,32.84,38.04,407.42,188,0.42,0.0,13.83
2026-09-08 16:23:00,32.88,38.07,403.98,148,0.48,0.0,13.83
2026-09-08 16:24:00,32.86,37.78,400.93,177,0.525,0.0,13.83
2026-09-08 16:25:00,32.8,37.96,397.5,204,0.375,0.0,13.83
2026-09-08 16:26:00,32.76,38.1,394.45,196,0.405,0.0,13.83
2026-09-08 16:27:00,32.77,37.89,391.78,158,0.45,0.0,13.83
2026-09-08 16:28:00,32.67,37.87,389.87,33,0.48,0.0,13.83
2026-09-08 16:29:00,32.6,37.96,386.43,208,0.48,0.0,13.83
2026-09-08 16:30:00,32.49,37.99,384.15,175,0.69,0.0,13.83
2026-09-08 16:31:00,32.43,38.13,381.09,179,0.525,0.0,13.83
2026-09-08 16:32:00,32.39,37.87,377.66,132,0.555,0.0,13.83
2026-09-08 16:33:00,32.3,38.08,374.23,152,0.555,0.0,13.83
2026-09-08 16:34:00,32.25,37.84,371.18,179,0.51,0.0,13.83
2026-09-08 16:35:00,32.25,38.15,368.89,246,0.615,0.0,13.83
2026-09-08 16:36:00,32.23,38.11,365.45,204,0.435,0.0,13.83
2026-09-08 16:37:00,32.25,38.07,362.02,159,0.3,0.0,13.83
2026-09-08 16:38:00,32.28,38.12,358.21,172,0.36,0.0,13.83
2026-09-08 16:39:00,32.35,38.11,355.15,200,0.315,0.0,13.83
2026-09-08 16:40:00,32.42,37.95,352.1,207,0.33,0.0,13.83
2026-09-08 16:41:00,32.46,38.25,348.67,188,0.345,0.0,13.83
2026-09-08 16:42:00,32.4,37.93,345.24,189,0.465,0.0,13.83
2026-09-08 16:43:00,32.33,38.22,341.8,192,0.645,0.0,13.83
2026-09-08 16:44:00,32.25,38.11,338.37,219,0.825,0.0,13.83
2026-09-08 16:45:00,32.19,38.32,335.32,201,0.645,0.0,13.83
2026-09-08 16:46:00,32.12,38.57,332.65,199,0.705,0.0,13.83
2026-09-08 16:47:00,32.1,38.27,329.59,205,0.48,0.0,13.83
2026-09-08 16:48:00,32.03,38.29,326.92,198,0.675,0.0,13.83
2026-09-08 16:49:00,31.95,38.8,323.11,148,0.6,0.0,13.83
2026-09-08 16:50:00,31.88,38.96,320.44,155,0.375,0.0,13.83
2026-09-08 16:51:00,31.89,38.92,317.39,51,0.375,0.0,13.79
2026-09-08 16:52:00,31.93,38.82,314.34,303,0.345,0.0,13.79
2026-09-08 16:53:00,31.96,38.23,311.28,222,0.39,0.0,13.79
2026-09-08 16:54:00,31.99,37.78,308.23,187,0.33,0.0,13.79
2026-09-08 16:55:00,31.98,38.19,305.18,160,0.285,0.0,13.79
2026-09-08 16:56:00,32.01,37.92,301.75,216,0.345,0.0,13.79
2026-09-08 16:57:00,32.02,37.88,298.7,205,0.3,0.0,13.79
2026-09-08 16:58:00,32.05,38.08,295.26,204,0.36,0.0,13.79
2026-09-08 16:59:00,32.05,38.23,291.45,187,0.39,0.0,13.79
2026-09-08 17:00:00,32.03,38.33,288.78,208,0.405,0.0,13.79
2026-09-08 17:01:00,32.01,38.34,285.34,177,0.45,0.0,13.79
2026-09-08 17:02:00,31.98,38.56,282.29,231,0.345,0.0,13.79
2026-09-08 17:03:00,31.98,38.48,279.62,206,0.135,0.0,13.79
2026-09-08 17:04:00,31.91,38.29,276.19,184,0.315,0.0,13.79
2026-09-08 17:05:00,31.76,37.99,273.14,167,0.765,0.0,13.79
2026-09-08 17:06:00,31.64,38.33,270.47,142,0.39,0.0,13.79
2026-09-08 17:07:00,31.51,38.45,267.03,192,0.18,0.0,13.79
2026-09-08 17:08:00,31.42,38.69,263.22,252,0.24,0.0,13.79
2026-09-08 17:09:00,31.28,38.93,259.78,176,0.42,0.0,13.79
2026-09-08 17:10:00,31.16,39.32,256.73,196,0.285,0.0,13.79
2026-09-08 17:11:00,31.01,39.66,214.77,212,0.24,0.0,13.64
2026-09-08 17:12:00,30.95,40.07,116.35,158,0.225,0.0,13.79
2026-09-08 17:13:00,30.83,40.44,46.92,168,0.51,0.0,13.79
2026-09-08 17:14:00,30.74,40.51,46.16,168,0.255,0.0,13.79
2026-09-08 17:15:00,30.72,40.02,45.78,174,0.285,0.0,13.64
2026-09-08 17:16:00,30.66,40.24,45.4,174,0.18,0.0,13.64
2026-09-08 17:17:00,30.59,40.4,44.63,165,0.225,0.0,13.64
2026-09-08 17:18:00,30.53,40.43,44.63,172,0.225,0.0,13.64
2026-09-08 17:19:00,30.46,40.08,44.25,162,0.3,0.0,13.64
2026-09-08 17:20:00,30.43,40.06,43.87,186,0.285,0.0,13.64
2026-09-08 17:21:00,30.35,40.2,43.49,162,0.33,0.0,13.61
2026-09-08 17:22:00,30.32,40.39,43.11,245,0.45,0.0,13.61
2026-09-08 17:23:00,30.23,40.2,42.73,244,0.45,0.0,13.61
2026-09-08 17:24:00,30.19,40.43,42.73,187,0.195,0.0,13.64
2026-09-08 17:25:00,30.15,40.65,42.34,187,0.27,0.0,13.61
2026-09-08 17:26:00,30.09,40.84,42.34,158,0.3,0.0,13.61
2026-09-08 17:27:00,30.05,40.88,41.96,159,0.36,0.0,13.61
2026-09-08 17:28:00,29.98,41.23,41.58,211,0.36,0.0,13.61
2026-09-08 17:29:00,29.98,41.5,40.82,184,0.3,0.0,13.61
2026-09-08 17:30:00,30.01,41.56,40.82,147,0.405,0.0,13.57
2026-09-08 17:31:00,29.96,41.76,40.44,192,0.255,0.0,13.53
2026-09-08 17:32:00,29.99,41.87,40.05,192,0.03,0.0,13.53
2026-09-08 17:33:00,29.98,41.93,39.67,137,0.27,0.0,13.53
2026-09-08 17:34:00,29.98,42.08,38.91,144,0.135,0.0,13.53
2026-09-08 17:35:00,29.96,42.19,38.91,144,0.105,0.0,13.53
2026-09-08 17:36:00,29.95,42.37,38.53,144,0.075,0.0,13.53
2026-09-08 17:37:00,29.94,42.52,38.15,194,0.675,0.0,13.53
2026-09-08 17:38:00,29.87,42.53,38.15,205,0.405,0.0,13.53
2026-09-08 17:39:00,29.81,42.8,37.38,205,0.27,0.0,13.53
2026-09-08 17:40:00,29.8,42.82,37.38,96,0.285,0.0,13.46
2026-09-08 17:41:00,29.77,42.91,36.62,112,0.315,0.0,13.46
2026-09-08 17:42:00,29.75,43.02,36.62,112,0.165,0.0,13.46
2026-09-08 17:43:00,29.7,43.1,35.86,160,0.165,0.0,13.46
2026-09-08 17:44:00,29.67,43.32,35.48,195,0.48,0.0,13.46
2026-09-08 17:45:00,29.64,43.34,34.71,199,0.42,0.0,13.46
2026-09-08 17:46:00,29.61,43.35,34.71,189,0.375,0.0,13.46
2026-09-08 17:47:00,29.58,43.44,34.33,189,0.27,0.0,13.46
2026-09-08 17:48:00,29.57,43.43,33.57,191,0.315,0.0,13.46
2026-09-08 17:49:00,29.58,43.67,33.19,191,0.06,0.0,13.46
2026-09-08 17:50:00,29.54,43.69,32.81,226,0.465,0.0,13.46
2026-09-08 17:51:00,29.53,43.75,32.43,204,0.21,0.0,13.46
2026-09-08 17:52:00,29.48,43.98,32.43,196,0.18,0.0,13.16
2026-09-08 17:53:00,29.48,43.98,32.04,206,0.345,0.0,13.16
2026-09-08 17:54:00,29.45,44.02,31.66,208,0.27,0.0,13.16
2026-09-08 17:55:00,29.44,44.13,31.28,208,0.225,0.0,13.16
2026-09-08 17:56:00,29.41,43.95,30.52,181,0.15,0.0,13.16
2026-09-08 17:57:00,29.4,44.05,30.14,195,0.36,0.0,13.16
2026-09-08 17:58:00,29.38,44.27,29.76,208,0.285,0.0,13.16
2026-09-08 17:59:00,29.34,44.32,28.99,206,0.165,0.0,13.16
2026-09-08 18:00:00,29.37,44.5,28.61,206,0.03,0.0,13.16
2026-09-08 18:01:00,29.34,44.58,28.61,206,0.075,0.0,13.16
2026-09-08 18:02:00,29.33,44.7,28.23,206,0.045,0.0,13.16
2026-09-08 18:03:00,29.33,44.73,27.85,206,0.03,0.0,13.16
2026-09-08 18:04:00,29.3,44.77,27.08,193,0.195,0.0,13.16
2026-09-08 18:05:00,29.29,44.67,26.7,200,0.195,0.0,13.16
2026-09-08 18:06:00,29.27,44.61,25.94,200,0.03,0.0,13.16
2026-09-08 18:07:00,29.24,44.68,25.56,200,0.09,0.0,13.16
2026-09-08 18:08:00,29.26,44.89,25.18,200,0.09,0.0,13.16
2026-09-08 18:09:00,29.22,45.14,24.8,198,0.255,0.0,13.16
2026-09-08 18:10:00,29.17,45.75,24.41,155,0.3,0.0,13.16
2026-09-08 18:11:00,29.13,45.76,23.65,155,0.015,0.0,13.16
2026-09-08 18:12:00,29.07,46.14,23.27,155,0.0,0.0,13.16
2026-09-08 18:13:00,29.05,46.35,22.51,155,0.015,0.0,13.16
2026-09-08 18:14:00,29.02,46.54,21.74,152,0.315,0.0,13.16
2026-09-08 18:15:00,28.99,46.72,20.6,152,0.06,0.0,13.16
2026-09-08 18:16:00,28.95,46.94,19.84,152,0.075,0.0,13.16
2026-09-08 18:17:00,28.92,46.92,17.93,152,0.015,0.0,13.16
2026-09-08 18:18:00,28.89,47.05,17.17,152,0.06,0.0,13.16
2026-09-08 18:19:00,28.82,47.01,15.64,152,0.015,0.0,13.16
2026-09-08 18:20:00,28.82,47.0,15.26,152,0.0,0.0,13.16
2026-09-08 18:21:00,28.78,47.19,14.5,152,0.03,0.0,13.16
2026-09-08 18:22:00,28.74,46.91,14.11,152,0.12,0.0,13.16
2026-09-08 18:23:00,28.72,46.77,14.11,152,0.135,0.0,13.16
2026-09-08 18:24:00,28.68,46.82,13.35,181,0.24,0.0,13.16
2026-09-08 18:25:00,28.65,46.71,12.97,181,0.075,0.0,13.16
2026-09-08 18:26:00,28.61,46.68,12.59,181,0.135,0.0,13.16
2026-09-08 18:27:00,28.58,46.7,12.21,209,0.09,0.0,13.16
2026-09-08 18:28:00,28.58,46.8,11.83,209,0.03,0.0,13.12
2026-09-08 18:29:00,28.55,46.91,11.44,209,0.09,0.0,13.12
2026-09-08 18:30:00,28.54,47.09,11.44,203,0.075,0.0,13.12
2026-09-08 18:31:00,28.52,47.07,10.68,203,0.135,0.0,13.08
2026-09-08 18:32:00,28.49,46.93,10.68,203,0.045,0.0,13.08
2026-09-08 18:33:00,28.48,46.82,10.3,203,0.15,0.0,13.08
2026-09-08 18:34:00,28.46,46.87,9.92,203,0.12,0.0,13.08
2026-09-08 18:35:00,28.44,46.97,9.54,202,0.15,0.0,13.04
2026-09-08 18:36:00,28.44,48.03,8.77,119,0.195,0.0,13.04
2026-09-08 18:37:00,28.42,51.69,8.39,175,0.465,0.0,13.04
2026-09-08 18:38:00,28.34,52.28,8.01,274,0.39,0.0,13.04
2026-09-08 18:39:00,28.31,53.19,7.25,336,0.33,0.0,13.04
2026-09-08 18:40:00,28.25,54.42,6.87,293,0.33,0.0,13.04
2026-09-08 18:41:00,28.21,55.27,6.87,295,0.39,0.0,13.04
2026-09-08 18:42:00,28.15,56.01,6.1,174,0.315,0.0,13.04
2026-09-08 18:43:00,28.11,57.05,6.1,337,0.45,0.0,13.04
2026-09-08 18:44:00,28.03,58.0,5.72,209,0.39,0.0,13.04
2026-09-08 18:45:00,27.98,58.55,4.96,181,0.555,0.0,13.04
2026-09-08 18:46:00,27.91,58.98,4.58,263,0.6,0.0,13.04
2026-09-08 18:47:00,27.86,59.29,4.2,282,0.285,0.0,13.04
2026-09-08 18:48:00,27.81,59.49,3.81,186,0.495,0.0,13.04
2026-09-08 18:49:00,27.76,60.01,3.05,153,0.495,0.0,13.04
2026-09-08 18:50:00,27.69,60.19,3.05,190,0.33,0.0,13.04
2026-09-08 18:51:00,27.66,60.48,2.67,173,0.24,0.0,13.04
2026-09-08 18:52:00,27.59,60.57,2.29,261,0.285,0.0,13.04
2026-09-08 18:53:00,27.54,60.61,2.29,297,0.435,0.0,13.04
2026-09-08 18:54:00,27.5,60.76,1.91,229,0.27,0.0,13.04
2026-09-08 18:55:00,27.46,60.73,1.53,292,0.42,0.0,13.04
2026-09-08 18:56:00,27.43,60.74,1.14,320,0.15,0.0,13.04
2026-09-08 18:57:00,27.42,60.8,1.53,268,0.405,0.0,13.04
2026-09-08 18:58:00,27.37,60.73,0.76,168,0.66,0.0,13.04
2026-09-08 18:59:00,27.39,60.66,0.76,156,0.33,0.0,13.04
2026-09-08 19:00:00,27.33,60.44,0.76,254,0.39,0.0,13.04
2026-09-08 19:01:00,27.32,60.29,0.0,207,0.33,0.0,13.04
2026-09-08 19:02:00,27.3,60.27,0.0,268,0.51,0.0,13.04
2026-09-08 19:03:00,27.28,60.41,0.0,209,0.405,0.0,13.04
2026-09-08 19:04:00,27.25,60.51,0.0,209,0.09,0.0,13.04
2026-09-08 19:05:00,27.25,60.91,0.0,209,0.09,0.0,13.04
2026-09-08 19:06:00,27.25,61.04,0.0,195,0.195,0.0,13.04
2026-09-08 19:07:00,27.19,61.31,0.0,224,0.21,0.0,13.04
2026-09-08 19:08:00,27.19,61.28,0.0,170,0.27,0.0,13.04
2026-09-08 19:09:00,27.16,61.1,0.0,291,0.48,0.0,13.04
2026-09-08 19:10:00,27.14,61.04,0.0,293,0.45,0.0,13.04
2026-09-08 19:11:00,27.11,61.1,0.0,263,0.36,0.0,13.04
2026-09-08 19:12:00,27.08,60.94,0.0,256,0.375,0.0,13.04
2026-09-08 19:13:00,27.06,60.97,0.0,315,0.495,0.0,13.04
2026-09-08 19:14:00,27.05,60.83,0.0,255,0.12,0.0,13.04
2026-09-08 19:15:00,27.02,60.75,0.0,293,0.3,0.0,13.04
2026-09-08 19:16:00,27.01,60.74,0.0,287,0.345,0.0,13.04
2026-09-08 19:17:00,26.99,60.78,0.0,256,0.12,0.0,13.04
2026-09-08 19:18:00,26.98,60.83,0.0,249,0.225,0.0,13.04
2026-09-08 19:19:00,26.95,61.0,0.0,195,0.42,0.0,13.04
2026-09-08 19:20:00,26.95,60.98,0.0,221,0.165,0.0,13.04
2026-09-08 19:21:00,26.92,61.02,0.0,190,0.18,0.0,13.04
2026-09-08 19:22:00,26.94,60.36,0.0,190,0.165,0.0,13.04
2026-09-08 19:23:00,26.91,60.09,0.0,170,0.15,0.0,13.04
2026-09-08 19:24:00,26.91,60.14,0.0,170,0.045,0.0,13.04
2026-09-08 19:25:00,26.89,59.81,0.0,170,0.135,0.0,13.04
2026-09-08 19:26:00,26.85,59.47,0.0,170,0.3,0.0,13.04
2026-09-08 19:27:00,26.85,59.21,0.0,170,0.21,0.0,13.04
2026-09-08 19:28:00,26.84,59.1,0.0,170,0.15,0.0,13.04
2026-09-08 19:29:00,26.82,59.3,0.0,170,0.045,0.0,13.04
2026-09-08 19:30:00,26.81,59.7,0.0,170,0.24,0.0,13.04
2026-09-08 19:31:00,26.78,59.91,0.0,263,0.255,0.0,13.04
2026-09-08 19:32:00,26.77,60.03,0.0,182,0.195,0.0,13.04
2026-09-08 19:33:00,26.74,60.23,0.0,182,0.105,0.0,13.04
2026-09-08 19:34:00,26.74,60.27,0.0,267,0.3,0.0,13.04
2026-09-08 19:35:00,26.67,60.28,0.0,266,0.075,0.0,13.04
2026-09-08 19:36:00,26.65,60.21,0.0,271,0.18,0.0,13.04
2026-09-08 19:37:00,26.64,60.35,0.0,222,0.6,0.0,13.04
2026-09-08 19:38:00,26.64,60.5,0.0,174,0.225,0.0,13.04
2026-09-08 19:39:00,26.64,60.69,0.0,205,0.375,0.0,13.04
2026-09-08 19:40:00,26.58,60.53,0.0,195,0.225,0.0,13.04
2026-09-08 19:41:00,26.55,60.4,0.0,192,0.165,0.0,13.04
2026-09-08 19:42:00,26.52,60.74,0.0,192,0.225,0.0,13.04
2026-09-08 19:43:00,26.51,60.97,0.0,188,0.195,0.0,13.04
2026-09-08 19:44:00,26.5,61.06,0.0,188,0.21,0.0,13.04
2026-09-08 19:45:00,26.48,59.71,0.0,188,0.225,0.0,13.04
2026-09-08 19:46:00,26.43,58.79,0.0,188,0.105,0.0,13.04
2026-09-08 19:47:00,26.43,59.03,0.0,188,0.135,0.0,13.04
2026-09-08 19:48:00,26.4,58.36,0.0,188,0.225,0.0,13.04
2026-09-08 19:49:00,26.38,58.36,0.0,188,0.045,0.0,13.04
2026-09-08 19:50:00,26.36,58.34,0.0,188,0.015,0.0,13.04
2026-09-08 19:51:00,26.31,58.3,0.0,188,0.045,0.0,13.04
2026-09-08 19:52:00,26.31,58.23,0.0,188,0.075,0.0,13.04
2026-09-08 19:53:00,26.3,58.1,0.0,188,0.06,0.0,13.04
2026-09-08 19:54:00,26.26,57.87,0.0,188,0.12,0.0,13.04
2026-09-08 19:55:00,26.21,57.87,0.0,188,0.12,0.0,13.04
2026-09-08 19:56:00,26.2,57.84,0.0,188,0.045,0.0,13.04
2026-09-08 19:57:00,26.19,57.86,0.0,188,0.075,0.0,13.04
2026-09-08 19:58:00,26.15,57.99,0.0,188,0.12,0.0,13.04
2026-09-08 19:59:00,26.07,58.02,0.0,188,0.0,0.0,13.04
2026-09-08 20:00:00,26.06,57.94,0.0,188,0.06,0.0,13.04
2026-09-08 20:01:00,26.01,57.85,0.0,188,0.105,0.0,13.04
2026-09-08 20:02:00,26.0,57.94,0.0,188,0.03,0.0,13.04
2026-09-08 20:03:00,25.99,59.16,0.0,74,0.225,0.0,13.04
2026-09-08 20:04:00,25.9,59.42,0.0,73,0.015,0.0,13.04
2026-09-08 20:05:00,25.83,59.62,0.0,73,0.015,0.0,13.04
2026-09-08 20:06:00,25.78,59.69,0.0,73,0.0,0.0,13.04
2026-09-08 20:07:00,25.72,59.79,0.0,73,0.0,0.0,13.04
2026-09-08 20:08:00,25.66,59.75,0.0,73,0.015,0.0,13.04
2026-09-08 20:09:00,25.59,59.92,0.0,91,0.18,0.0,13.04
2026-09-08 20:10:00,25.55,59.57,0.0,91,0.015,0.0,13.04
2026-09-08 20:11:00,25.46,58.81,0.0,91,0.0,0.0,13.04
2026-09-08 20:12:00,25.41,58.9,0.0,63,0.675,0.0,13.04
2026-09-08 20:13:00,25.32,59.28,0.0,63,0.6,0.0,13.04
2026-09-08 20:14:00,25.29,58.81,0.0,79,0.315,0.0,13.04
2026-09-08 20:15:00,25.24,58.95,0.0,109,0.135,0.0,13.04
2026-09-08 20:16:00,25.22,58.71,0.0,97,0.09,0.0,13.04
2026-09-08 20:17:00,25.19,58.78,0.0,97,0.09,0.0,13.04
2026-09-08 20:18:00,25.19,59.29,0.0,122,0.165,0.0,13.04
2026-09-08 20:19:00,25.14,59.71,0.0,122,0.225,0.0,13.04
2026-09-08 20:20:00,25.15,59.87,0.0,122,0.09,0.0,13.04
2026-09-08 20:21:00,25.13,60.17,0.0,122,0.075,0.0,13.04
2026-09-08 20:22:00,25.08,60.45,0.0,122,0.015,0.0,13.04
2026-09-08 20:23:00,25.08,60.55,0.0,122,0.03,0.0,13.04
2026-09-08 20:24:00,25.07,60.79,0.0,122,0.15,0.0,13.04
2026-09-08 20:25:00,25.01,60.96,0.0,122,0.09,0.0,13.04
2026-09-08 20:26:00,25.0,61.32,0.0,122,0.21,0.0,13.04
2026-09-08 20:27:00,24.94,61.43,0.0,92,0.345,0.0,13.04
2026-09-08 20:28:00,24.91,61.64,0.0,92,0.105,0.0,13.04
2026-09-08 20:29:00,24.9,61.82,0.0,92,0.075,0.0,13.04
2026-09-08 20:30:00,24.9,61.65,0.0,92,0.135,0.0,13.04
2026-09-08 20:31:00,24.84,61.3,0.0,102,0.45,0.0,13.04
2026-09-08 20:32:00,24.81,61.14,0.0,102,0.285,0.0,13.04
2026-09-08 20:33:00,24.8,61.41,0.0,102,0.3,0.0,13.04
2026-09-08 20:34:00,24.8,61.4,0.0,102,0.15,0.0,13.04
2026-09-08 20:35:00,24.79,61.51,0.0,102,0.03,0.0,13.04
2026-09-08 20:36:00,24.77,61.54,0.0,102,0.135,0.0,13.04
2026-09-08 20:37:00,24.76,61.76,0.0,102,0.03,0.0,13.04
2026-09-08 20:38:00,24.74,61.93,0.0,102,0.015,0.0,13.04
2026-09-08 20:39:00,24.73,62.31,0.0,102,0.045,0.0,13.04
2026-09-08 20:40:00,24.76,62.44,0.0,102,0.06,0.0,13.04
2026-09-08 20:41:00,24.74,62.64,0.0,102,0.03,0.0,13.04
2026-09-08 20:42:00,24.71,62.83,0.0,102,0.09,0.0,13.04
2026-09-08 20:43:00,24.71,62.9,0.0,102,0.27,0.0,13.04
2026-09-08 20:44:00,24.69,63.14,0.0,102,0.255,0.0,13.04
2026-09-08 20:45:00,24.62,63.12,0.0,102,0.285,0.0,13.04
2026-09-08 20:46:00,24.53,63.3,0.0,102,0.21,0.0,13.04
2026-09-08 20:47:00,24.47,63.43,0.0,102,0.0,0.0,13.04
2026-09-08 20:48:00,24.42,63.68,0.0,102,0.015,0.0,13.04
2026-09-08 20:49:00,24.39,64.01,0.0,25,0.255,0.0,13.04
2026-09-08 20:50:00,24.33,64.34,0.0,32,0.255,0.0,13.04
2026-09-08 20:51:00,24.25,64.78,0.0,10,0.15,0.0,13.04
2026-09-08 20:52:00,24.18,65.17,0.0,18,0.09,0.0,13.04
2026-09-08 20:53:00,24.08,65.56,0.0,12,0.45,0.0,13.04
2026-09-08 20:54:00,24.01,65.88,0.0,12,0.105,0.0,13.04
2026-09-08 20:55:00,23.95,66.04,0.0,306,0.21,0.0,13.04
2026-09-08 20:56:00,23.93,66.21,0.0,234,0.105,0.0,13.04
2026-09-08 20:57:00,23.92,66.61,0.0,21,0.165,0.0,13.04
2026-09-08 20:58:00,23.92,66.84,0.0,89,0.12,0.0,13.04
2026-09-08 20:59:00,23.84,67.05,0.0,60,0.54,0.0,13.04
2026-09-08 21:00:00,23.79,67.21,0.0,66,0.12,0.0,13.04
2026-09-08 21:01:00,23.79,67.3,0.0,66,0.09,0.0,13.04
2026-09-08 21:02:00,23.75,67.4,0.0,66,0.105,0.0,13.04
2026-09-08 21:03:00,23.77,67.35,0.0,66,0.24,0.0,13.04
2026-09-08 21:04:00,23.78,67.43,0.0,66,0.12,0.0,13.04
2026-09-08 21:05:00,23.78,67.7,0.0,66,0.105,0.0,13.04
2026-09-08 21:06:00,23.77,67.86,0.0,66,0.06,0.0,13.04
2026-09-08 21:07:00,23.79,68.05,0.0,66,0.09,0.0,13.04
2026-09-08 21:08:00,23.75,68.17,0.0,122,0.405,0.0,13.04
2026-09-08 21:09:00,23.65,68.32,0.0,96,0.465,0.0,13.04
2026-09-08 21:10:00,23.58,69.03,0.0,80,0.75,0.0,13.04
2026-09-08 21:11:00,23.51,69.35,0.0,69,0.285,0.0,13.04
2026-09-08 21:12:00,23.44,69.44,0.0,69,0.015,0.0,13.04
2026-09-08 21:13:00,23.45,69.46,0.0,69,0.0,0.0,13.04
2026-09-08 21:14:00,23.44,69.71,0.0,69,0.09,0.0,13.04
2026-09-08 21:15:00,23.42,69.83,0.0,69,0.285,0.0,13.04
2026-09-08 21:16:00,23.38,70.06,0.0,49,0.345,0.0,13.04
2026-09-08 21:17:00,23.3,70.52,0.0,49,0.39,0.0,13.04
2026-09-08 21:18:00,23.29,70.64,0.0,49,0.03,0.0,13.04
2026-09-08 21:19:00,23.26,70.92,0.0,49,0.0,0.0,13.04
2026-09-08 21:20:00,23.27,71.18,0.0,49,0.0,0.0,13.04
2026-09-08 21:21:00,23.24,71.36,0.0,49,0.105,0.0,13.04
2026-09-08 21:22:00,23.21,71.42,0.0,49,0.015,0.0,13.04
2026-09-08 21:23:00,23.2,71.41,0.0,49,0.165,0.0,13.04
2026-09-08 21:24:00,23.16,71.53,0.0,49,0.105,0.0,13.04
2026-09-08 21:25:00,23.17,71.72,0.0,49,0.0,0.0,13.04
2026-09-08 21:26:00,23.13,71.88,0.0,49,0.015,0.0,13.04
2026-09-08 21:27:00,23.11,71.82,0.0,49,0.0,0.0,13.04
2026-09-08 21:28:00,23.11,71.86,0.0,49,0.06,0.0,13.04
2026-09-08 21:29:00,23.13,71.93,0.0,49,0.105,0.0,13.04
2026-09-08 21:30:00,23.14,71.9,0.0,49,0.015,0.0,13.04
2026-09-08 21:31:00,23.16,72.23,0.0,49,0.03,0.0,13.04
2026-09-08 21:32:00,23.19,72.53,0.0,49,0.015,0.0,13.04
2026-09-08 21:33:00,23.24,72.64,0.0,49,0.075,0.0,13.04
2026-09-08 21:34:00,23.29,72.31,0.0,49,0.03,0.0,13.04
2026-09-08 21:35:00,23.34,72.49,0.0,49,0.12,0.0,13.04
2026-09-08 21:36:00,23.37,72.44,0.0,49,0.015,0.0,13.04
2026-09-08 21:37:00,23.42,72.14,0.0,49,0.015,0.0,13.04
2026-09-08 21:38:00,23.48,72.32,0.0,49,0.12,0.0,13.04
2026-09-08 21:39:00,23.54,72.44,0.0,67,0.12,0.0,13.04
2026-09-08 21:40:00,23.57,72.38,0.0,67,0.015,0.0,13.04
2026-09-08 21:41:00,23.61,72.38,0.0,67,0.105,0.0,12.97
2026-09-08 21:42:00,23.64,72.22,0.0,67,0.03,0.0,13.01
2026-09-08 21:43:00,23.62,72.3,0.0,67,0.045,0.0,13.01
2026-09-08 21:44:00,23.67,72.29,0.0,67,0.045,0.0,13.04
2026-09-08 21:45:00,23.71,72.16,0.0,67,0.15,0.0,13.01
2026-09-08 21:46:00,23.72,71.95,0.0,67,0.015,0.0,13.01
2026-09-08 21:47:00,23.71,71.87,0.0,67,0.0,0.0,13.01
2026-09-08 21:48:00,23.72,71.99,0.0,67,0.0,0.0,13.01
2026-09-08 21:49:00,23.72,72.09,0.0,67,0.015,0.0,13.01
2026-09-08 21:50:00,23.74,71.99,0.0,67,0.09,0.0,13.01
2026-09-08 21:51:00,23.77,71.89,0.0,67,0.09,0.0,13.01
2026-09-08 21:52:00,23.75,71.79,0.0,67,0.015,0.0,13.01
2026-09-08 21:53:00,23.81,71.77,0.0,67,0.18,0.0,13.01
2026-09-08 21:54:00,23.79,71.64,0.0,67,0.015,0.0,12.97
2026-09-08 21:55:00,23.82,71.49,0.0,67,0.0,0.0,13.01
2026-09-08 21:56:00,23.84,71.57,0.0,237,0.18,0.0,13.01
2026-09-08 21:57:00,23.84,71.59,0.0,252,0.09,0.0,12.97
2026-09-08 21:58:00,23.85,71.61,0.0,252,0.06,0.0,13.01
2026-09-08 21:59:00,23.85,71.48,0.0,245,0.015,0.0,13.01
2026-09-08 22:00:00,23.84,71.51,0.0,245,0.03,0.0,13.01
2026-09-08 22:01:00,23.84,71.24,0.0,245,0.0,0.0,12.97
2026-09-08 22:02:00,23.82,71.23,0.0,245,0.0,0.0,13.01
2026-09-08 22:03:00,23.79,71.53,0.0,245,0.015,0.0,12.97
2026-09-08 22:04:00,23.79,71.53,0.0,245,0.0,0.0,13.01
2026-09-08 22:05:00,23.78,71.58,0.0,229,0.045,0.0,13.01
2026-09-08 22:06:00,23.74,71.34,0.0,35,0.225,0.0,12.97
2026-09-08 22:07:00,23.61,71.67,0.0,53,0.225,0.0,13.01
2026-09-08 22:08:00,23.45,71.98,0.0,53,0.165,0.0,12.97
2026-09-08 22:09:00,23.33,72.11,0.0,53,0.015,0.0,12.97
2026-09-08 22:10:00,23.23,72.32,0.0,78,0.315,0.0,12.97
2026-09-08 22:11:00,23.07,72.37,0.0,107,0.57,0.0,12.97
2026-09-08 22:12:00,22.97,72.69,0.0,107,0.21,0.0,12.97
2026-09-08 22:13:00,22.89,72.9,0.0,107,0.24,0.0,12.97
2026-09-08 22:14:00,22.8,73.23,0.0,106,0.165,0.0,12.97
2026-09-08 22:15:00,22.69,73.34,0.0,90,0.495,0.0,12.97
2026-09-08 22:16:00,22.61,73.49,0.0,102,0.48,0.0,12.97
2026-09-08 22:17:00,22.51,73.69,0.0,97,0.57,0.0,12.97
2026-09-08 22:18:00,22.43,73.87,0.0,97,0.105,0.0,12.97
2026-09-08 22:19:00,22.39,74.03,0.0,97,0.015,0.0,12.97
2026-09-08 22:20:00,22.38,74.18,0.0,97,0.0,0.0,12.97
2026-09-08 22:21:00,22.36,74.46,0.0,97,0.045,0.0,12.97
2026-09-08 22:22:00,22.38,74.65,0.0,97,0.06,0.0,12.97
2026-09-08 22:23:00,22.39,74.83,0.0,97,0.045,0.0,12.97
2026-09-08 22:24:00,22.42,74.88,0.0,97,0.0,0.0,12.97
2026-09-08 22:25:00,22.43,75.0,0.0,97,0.03,0.0,12.97
2026-09-08 22:26:00,22.43,74.94,0.0,97,0.06,0.0,12.97
2026-09-08 22:27:00,22.45,74.85,0.0,97,0.045,0.0,12.97
2026-09-08 22:28:00,22.46,74.92,0.0,97,0.135,0.0,12.97
2026-09-08 22:29:00,22.48,75.06,0.0,97,0.03,0.0,12.97
2026-09-08 22:30:00,22.55,75.05,0.0,97,0.015,0.0,12.97
2026-09-08 22:31:00,22.56,74.96,0.0,97,0.0,0.0,12.97
2026-09-08 22:32:00,22.59,74.93,0.0,97,0.015,0.0,12.97
2026-09-08 22:33:00,22.62,74.83,0.0,97,0.0,0.0,12.97
2026-09-08 22:34:00,22.65,74.87,0.0,97,0.015,0.0,12.97
2026-09-08 22:35:00,22.69,74.69,0.0,97,0.0,0.0,12.97
2026-09-08 22:36:00,22.72,74.62,0.0,97,0.0,0.0,12.97
2026-09-08 22:37:00,22.75,74.6,0.0,97,0.21,0.0,12.97
2026-09-08 22:38:00,22.75,74.59,0.0,97,0.06,0.0,12.97
2026-09-08 22:39:00,22.78,74.54,0.0,97,0.015,0.0,12.97
2026-09-08 22:40:00,22.79,74.62,0.0,97,0.06,0.0,12.97
2026-09-08 22:41:00,22.8,74.52,0.0,97,0.06,0.0,12.97
2026-09-08 22:42:00,22.8,74.36,0.0,97,0.135,0.0,12.93
2026-09-08 22:43:00,22.8,74.2,0.0,97,0.42,0.0,12.97
2026-09-08 22:44:00,22.75,74.4,0.0,97,0.15,0.0,12.93
2026-09-08 22:45:00,22.69,74.56,0.0,97,0.12,0.0,12.93
2026-09-08 22:46:00,22.65,74.59,0.0,97,0.015,0.0,12.93
2026-09-08 22:47:00,22.61,74.71,0.0,97,0.015,0.0,12.93
2026-09-08 22:48:00,22.62,74.78,0.0,97,0.075,0.0,12.97
2026-09-08 22:49:00,22.59,74.78,0.0,97,0.03,0.0,12.93
2026-09-08 22:50:00,22.53,74.9,0.0,97,0.075,0.0,12.93
2026-09-08 22:51:00,22.48,74.89,0.0,97,0.075,0.0,12.93
2026-09-08 22:52:00,22.41,74.86,0.0,97,0.075,0.0,12.93
2026-09-08 22:53:00,22.38,74.77,0.0,97,0.18,0.0,12.97
2026-09-08 22:54:00,22.32,74.62,0.0,97,0.39,0.0,12.93
2026-09-08 22:55:00,22.2,74.6,0.0,97,0.675,0.0,12.93
2026-09-08 22:56:00,22.11,74.94,0.0,133,0.24,0.0,12.93
2026-09-08 22:57:00,22.1,75.03,0.0,21,0.165,0.0,12.93
2026-09-08 22:58:00,22.04,74.81,0.0,13,0.24,0.0,12.93
2026-09-08 22:59:00,22.0,74.42,0.0,0,0.225,0.0,12.93
2026-09-08 23:00:00,21.97,74.52,0.0,358,0.15,0.0,12.93
2026-09-08 23:01:00,21.98,74.22,0.0,358,0.0,0.0,12.93
2026-09-08 23:02:00,22.0,74.07,0.0,358,0.0,0.0,12.93
2026-09-08 23:03:00,22.0,73.96,0.0,71,0.09,0.0,12.93
2026-09-08 23:04:00,21.95,73.78,0.0,85,0.42,0.0,12.93
2026-09-08 23:05:00,21.94,73.9,0.0,85,0.045,0.0,12.93
2026-09-08 23:06:00,21.9,73.77,0.0,85,0.15,0.0,12.93
2026-09-08 23:07:00,21.87,73.8,0.0,71,0.48,0.0,12.93
2026-09-08 23:08:00,21.8,74.0,0.0,59,0.525,0.0,12.93
2026-09-08 23:09:00,21.74,74.26,0.0,76,0.345,0.0,12.93
2026-09-08 23:10:00,21.69,74.4,0.0,23,0.285,0.0,12.93
2026-09-08 23:11:00,21.61,74.48,0.0,66,0.87,0.0,12.93
2026-09-08 23:12:00,21.54,74.88,0.0,51,0.45,0.0,12.93
2026-09-08 23:13:00,21.5,75.09,0.0,51,0.09,0.0,12.93
2026-09-08 23:14:00,21.52,75.16,0.0,51,0.0,0.0,12.93
2026-09-08 23:15:00,21.5,75.36,0.0,51,0.075,0.0,12.93
2026-09-08 23:16:00,21.5,75.53,0.0,51,0.105,0.0,12.93
2026-09-08 23:17:00,21.5,75.31,0.0,51,0.15,0.0,12.93
2026-09-08 23:18:00,21.49,75.21,0.0,51,0.0,0.0,12.93
2026-09-08 23:19:00,21.44,75.12,0.0,60,0.03,0.0,12.93
2026-09-08 23:20:00,21.4,75.18,0.0,60,0.06,0.0,12.93
2026-09-08 23:21:00,21.36,75.09,0.0,60,0.18,0.0,12.93
2026-09-08 23:22:00,21.34,75.14,0.0,60,0.09,0.0,12.93
2026-09-08 23:23:00,21.29,75.28,0.0,60,0.045,0.0,12.93
2026-09-08 23:24:00,21.25,75.49,0.0,60,0.045,0.0,12.93
2026-09-08 23:25:00,21.22,75.54,0.0,60,0.105,0.0,12.93
2026-09-08 23:26:00,21.21,75.6,0.0,60,0.03,0.0,12.93
2026-09-08 23:27:00,21.22,75.75,0.0,60,0.0,0.0,12.93
2026-09-08 23:28:00,21.22,76.03,0.0,60,0.045,0.0,12.93
2026-09-08 23:29:00,21.26,76.2,0.0,60,0.015,0.0,12.93
2026-09-08 23:30:00,21.32,76.25,0.0,60,0.0,0.0,12.93
2026-09-08 23:31:00,21.36,76.31,0.0,60,0.015,0.0,12.93
2026-09-08 23:32:00,21.44,76.35,0.0,60,0.06,0.0,12.93
2026-09-08 23:33:00,21.5,76.23,0.0,60,0.09,0.0,12.93
2026-09-08 23:34:00,21.53,76.11,0.0,60,0.075,0.0,12.93
2026-09-08 23:35:00,21.61,75.93,0.0,60,0.06,0.0,12.93
2026-09-08 23:36:00,21.64,75.79,0.0,60,0.12,0.0,12.93
2026-09-08 23:37:00,21.67,75.69,0.0,60,0.06,0.0,12.93
2026-09-08 23:38:00,21.69,75.56,0.0,60,0.06,0.0,12.93
2026-09-08 23:39:00,21.71,75.48,0.0,60,0.12,0.0,12.93
2026-09-08 23:40:00,21.76,75.42,0.0,60,0.15,0.0,12.93
2026-09-08 23:41:00,21.8,75.32,0.0,60,0.03,0.0,12.93
2026-09-08 23:42:00,21.81,75.24,0.0,60,0.03,0.0,12.93
2026-09-08 23:43:00,21.85,75.06,0.0,85,0.27,0.0,12.93
2026-09-08 23:44:00,21.83,74.94,0.0,56,0.42,0.0,12.93
2026-09-08 23:45:00,21.78,75.14,0.0,47,0.57,0.0,12.93
2026-09-08 23:46:00,21.73,75.08,0.0,71,0.63,0.0,12.93
2026-09-08 23:47:00,21.67,75.1,0.0,69,0.54,0.0,12.93
2026-09-08 23:48:00,21.63,75.3,0.0,69,0.075,0.0,12.93
2026-09-08 23:49:00,21.61,75.52,0.0,69,0.015,0.0,12.93
2026-09-08 23:50:00,21.63,75.71,0.0,134,0.09,0.0,12.93
2026-09-08 23:51:00,21.6,75.75,0.0,161,0.27,0.0,12.93
2026-09-08 23:52:00,21.63,75.83,0.0,161,0.015,0.0,12.93
2026-09-08 23:53:00,21.64,75.78,0.0,161,0.0,0.0,12.93
2026-09-08 23:54:00,21.67,75.72,0.0,161,0.255,0.0,12.93
2026-09-08 23:55:00,21.67,75.69,0.0,161,0.045,0.0,12.93
2026-09-08 23:56:00,21.67,75.71,0.0,161,0.0,0.0,12.93
2026-09-08 23:57:00,21.73,75.7,0.0,161,0.0,0.0,12.93
2026-09-08 23:58:00,21.73,75.7,0.0,161,0.015,0.0,12.93
2026-09-08 23:59:00,21.76,75.78,0.0,161,0.0,0.0,12.93
2026-09-09 00:00:00,21.73,75.57,0.0,143,0.075,0.0,12.93
2026-09-09 00:01:00,21.73,75.33,0.0,143,0.285,0.0,12.93
2026-09-09 00:02:00,21.69,75.45,0.0,143,0.06,0.0,12.93
2026-09-09 00:03:00,21.64,75.46,0.0,143,0.075,0.0,12.93
2026-09-09 00:04:00,21.61,75.54,0.0,143,0.045,0.0,12.93
2026-09-09 00:05:00,21.56,75.73,0.0,143,0.0,0.0,12.93
2026-09-09 00:06:00,21.59,75.92,0.0,143,0.0,0.0,12.93
2026-09-09 00:07:00,21.59,76.01,0.0,143,0.0,0.0,12.93
2026-09-09 00:08:00,21.61,76.01,0.0,143,0.03,0.0,12.93
2026-09-09 00:09:00,21.63,76.06,0.0,143,0.075,0.0,12.93
2026-09-09 00:10:00,21.66,76.0,0.0,143,0.03,0.0,12.93
2026-09-09 00:11:00,21.69,76.0,0.0,143,0.0,0.0,12.93
2026-09-09 00:12:00,21.74,75.94,0.0,143,0.03,0.0,12.93
2026-09-09 00:13:00,21.76,75.86,0.0,143,0.0,0.0,12.93
2026-09-09 00:14:00,21.78,75.86,0.0,143,0.045,0.0,12.93
2026-09-09 00:15:00,21.78,75.81,0.0,143,0.03,0.0,12.93
2026-09-09 00:16:00,21.81,75.76,0.0,143,0.0,0.0,12.93
2026-09-09 00:17:00,21.81,75.7,0.0,143,0.0,0.0,12.93
2026-09-09 00:18:00,21.8,75.66,0.0,143,0.12,0.0,12.93
2026-09-09 00:19:00,21.74,75.61,0.0,143,0.06,0.0,12.93
2026-09-09 00:20:00,21.7,75.81,0.0,143,0.12,0.0,12.93
2026-09-09 00:21:00,21.64,76.02,0.0,115,0.195,0.0,12.93
2026-09-09 00:22:00,21.57,76.13,0.0,115,0.21,0.0,12.93
2026-09-09 00:23:00,21.56,76.17,0.0,115,0.12,0.0,12.93
2026-09-09 00:24:00,21.49,75.99,0.0,115,0.3,0.0,12.93
2026-09-09 00:25:00,21.39,75.95,0.0,115,0.345,0.0,12.93
2026-09-09 00:26:00,21.3,76.17,0.0,115,0.195,0.0,12.93
2026-09-09 00:27:00,21.25,76.26,0.0,76,0.555,0.0,12.93
2026-09-09 00:28:00,21.12,76.5,0.0,65,0.525,0.0,12.93
2026-09-09 00:29:00,21.05,76.72,0.0,78,0.585,0.0,12.93
2026-09-09 00:30:00,20.96,76.93,0.0,53,0.66,0.0,12.93
2026-09-09 00:31:00,20.89,77.16,0.0,86,0.735,0.0,12.93
2026-09-09 00:32:00,20.76,77.31,0.0,70,0.465,0.0,12.93
2026-09-09 00:33:00,20.75,77.64,0.0,70,0.09,0.0,12.93
2026-09-09 00:34:00,20.78,78.13,0.0,70,0.15,0.0,12.93
2026-09-09 00:35:00,20.79,78.36,0.0,70,0.045,0.0,12.93
2026-09-09 00:36:00,20.81,78.42,0.0,70,0.105,0.0,12.93
2026-09-09 00:37:00,20.85,78.25,0.0,70,0.015,0.0,12.93
2026-09-09 00:38:00,20.85,78.17,0.0,70,0.135,0.0,12.93
2026-09-09 00:39:00,20.86,78.2,0.0,70,0.015,0.0,12.93
2026-09-09 00:40:00,20.91,78.22,0.0,70,0.015,0.0,12.93
2026-09-09 00:41:00,20.91,78.27,0.0,70,0.0,0.0,12.93
2026-09-09 00:42:00,20.95,78.26,0.0,70,0.045,0.0,12.93
2026-09-09 00:43:00,20.96,78.24,0.0,159,0.255,0.0,12.93
2026-09-09 00:44:00,20.98,78.19,0.0,159,0.0,0.0,12.93
2026-09-09 00:45:00,21.02,78.12,0.0,159,0.045,0.0,12.93
2026-09-09 00:46:00,21.05,78.01,0.0,159,0.15,0.0,12.93
2026-09-09 00:47:00,21.08,77.89,0.0,159,0.135,0.0,12.93
2026-09-09 00:48:00,21.11,77.79,0.0,159,0.015,0.0,12.93
2026-09-09 00:49:00,21.13,77.73,0.0,78,0.105,0.0,12.93
2026-09-09 00:50:00,21.15,77.49,0.0,78,0.165,0.0,12.93
2026-09-09 00:51:00,21.13,77.4,0.0,80,0.105,0.0,12.93
2026-09-09 00:52:00,21.11,77.29,0.0,87,0.195,0.0,12.89
2026-09-09 00:53:00,21.09,77.3,0.0,87,0.045,0.0,12.93
2026-09-09 00:54:00,21.03,77.36,0.0,87,0.03,0.0,12.93
2026-09-09 00:55:00,21.02,77.35,0.0,87,0.135,0.0,12.93
2026-09-09 00:56:00,20.98,77.48,0.0,87,0.165,0.0,12.89
2026-09-09 00:57:00,20.95,77.43,0.0,87,0.36,0.0,12.93
2026-09-09 00:58:00,20.92,77.45,0.0,87,0.105,0.0,12.93
2026-09-09 00:59:00,20.91,77.5,0.0,87,0.285,0.0,12.93
2026-09-09 01:00:00,20.88,77.6,0.0,87,0.27,0.0,12.93
2026-09-09 01:01:00,20.85,77.51,0.0,87,0.36,0.0,12.89
2026-09-09 01:02:00,20.82,77.28,0.0,68,0.465,0.0,12.89
2026-09-09 01:03:00,20.81,76.96,0.0,70,0.645,0.0,12.93
2026-09-09 01:04:00,20.76,76.8,0.0,70,0.465,0.0,12.93
2026-09-09 01:05:00,20.75,76.61,0.0,69,0.48,0.0,12.93
2026-09-09 01:06:00,20.74,76.53,0.0,71,0.525,0.0,12.89
2026-09-09 01:07:00,20.68,76.46,0.0,98,0.6,0.0,12.93
2026-09-09 01:08:00,20.67,76.33,0.0,77,0.555,0.0,12.89
2026-09-09 01:09:00,20.65,76.42,0.0,61,0.495,0.0,12.89
2026-09-09 01:10:00,20.62,76.37,0.0,55,0.795,0.0,12.93
2026-09-09 01:11:00,20.56,76.36,0.0,59,0.825,0.0,12.89
2026-09-09 01:12:00,20.55,76.52,0.0,51,0.825,0.0,12.89
2026-09-09 01:13:00,20.51,76.59,0.0,59,0.225,0.0,12.89
2026-09-09 01:14:00,20.52,76.67,0.0,54,0.165,0.0,12.89
2026-09-09 01:15:00,20.54,76.81,0.0,54,0.03,0.0,12.89
2026-09-09 01:16:00,20.55,76.82,0.0,53,0.48,0.0,12.89
2026-09-09 01:17:00,20.54,76.88,0.0,70,0.435,0.0,12.89
2026-09-09 01:18:00,20.52,77.05,0.0,70,0.15,0.0,12.89
2026-09-09 01:19:00,20.54,77.2,0.0,70,0.105,0.0,12.89
2026-09-09 01:20:00,20.54,77.13,0.0,70,0.315,0.0,12.89
2026-09-09 01:21:00,20.54,77.15,0.0,70,0.06,0.0,12.89
2026-09-09 01:22:00,20.52,77.01,0.0,70,0.225,0.0,12.89
2026-09-09 01:23:00,20.54,76.95,0.0,70,0.315,0.0,12.89
2026-09-09 01:24:00,20.54,76.83,0.0,70,0.195,0.0,12.89
2026-09-09 01:25:00,20.55,76.84,0.0,70,0.225,0.0,12.89
2026-09-09 01:26:00,20.51,76.81,0.0,95,0.36,0.0,12.89
2026-09-09 01:27:00,20.51,76.54,0.0,67,0.66,0.0,12.89
2026-09-09 01:28:00,20.45,76.46,0.0,61,0.6,0.0,12.89
2026-09-09 01:29:00,20.44,76.32,0.0,62,0.465,0.0,12.89
2026-09-09 01:30:00,20.41,76.15,0.0,65,0.51,0.0,12.89
2026-09-09 01:31:00,20.47,76.37,0.0,98,0.195,0.0,12.89
2026-09-09 01:32:00,20.44,76.33,0.0,98,0.0,0.0,12.89
2026-09-09 01:33:00,20.48,76.21,0.0,98,0.06,0.0,12.89
2026-09-09 01:34:00,20.51,76.03,0.0,98,0.135,0.0,12.89
2026-09-09 01:35:00,20.5,76.25,0.0,98,0.075,0.0,12.89
2026-09-09 01:36:00,20.52,76.52,0.0,98,0.0,0.0,12.89
2026-09-09 01:37:00,20.54,76.55,0.0,98,0.0,0.0,12.89
2026-09-09 01:38:00,20.56,76.47,0.0,98,0.0,0.0,12.89
2026-09-09 01:39:00,20.58,76.42,0.0,98,0.0,0.0,12.89
2026-09-09 01:40:00,20.58,76.25,0.0,98,0.0,0.0,12.89
2026-09-09 01:41:00,20.55,76.26,0.0,98,0.0,0.0,12.89
2026-09-09 01:42:00,20.58,76.28,0.0,98,0.0,0.0,12.89
2026-09-09 01:43:00,20.55,75.86,0.0,98,0.015,0.0,12.89
2026-09-09 01:44:00,20.56,75.66,0.0,98,0.0,0.0,12.89
2026-09-09 01:45:00,20.54,75.57,0.0,98,0.0,0.0,12.89
2026-09-09 01:46:00,20.55,75.44,0.0,62,0.36,0.0,12.89
2026-09-09 01:47:00,20.52,75.39,0.0,61,0.795,0.0,12.89
2026-09-09 01:48:00,20.52,75.49,0.0,71,0.915,0.0,12.89
2026-09-09 01:49:00,20.47,75.69,0.0,56,0.945,0.0,12.89
2026-09-09 01:50:00,20.41,75.93,0.0,73,0.99,0.0,12.89
2026-09-09 01:51:00,20.33,75.92,0.0,61,0.855,0.0,12.89
2026-09-09 01:52:00,20.33,75.85,0.0,72,0.945,0.0,12.89
2026-09-09 01:53:00,20.35,75.89,0.0,69,0.54,0.0,12.89
2026-09-09 01:54:00,20.37,75.75,0.0,62,0.09,0.0,12.89
2026-09-09 01:55:00,20.38,75.6,0.0,62,0.015,0.0,12.89
2026-09-09 01:56:00,20.43,75.78,0.0,62,0.0,0.0,12.89
2026-09-09 01:57:00,20.5,75.6,0.0,62,0.0,0.0,12.89
2026-09-09 01:58:00,20.55,75.56,0.0,62,0.0,0.0,12.89
2026-09-09 01:59:00,20.6,75.41,0.0,62,0.0,0.0,12.89
2026-09-09 02:00:00,20.64,75.37,0.0,62,0.0,0.0,12.89
2026-09-09 02:01:00,20.67,75.29,0.0,62,0.0,0.0,12.89
2026-09-09 02:02:00,20.71,75.21,0.0,62,0.0,0.0,12.89
2026-09-09 02:03:00,20.71,75.07,0.0,62,0.015,0.0,12.89
2026-09-09 02:04:00,20.71,74.97,0.0,62,0.045,0.0,12.89
2026-09-09 02:05:00,20.75,74.8,0.0,77,0.375,0.0,12.89
2026-09-09 02:06:00,20.78,74.69,0.0,74,0.33,0.0,12.89
2026-09-09 02:07:00,20.82,74.86,0.0,74,0.33,0.0,12.89
2026-09-09 02:08:00,20.85,74.86,0.0,74,0.165,0.0,12.89
2026-09-09 02:09:00,20.86,74.75,0.0,74,0.18,0.0,12.89
2026-09-09 02:10:00,20.85,74.72,0.0,75,0.165,0.0,12.89
2026-09-09 02:11:00,20.85,74.81,0.0,75,0.105,0.0,12.89
2026-09-09 02:12:00,20.82,75.04,0.0,75,0.03,0.0,12.89
2026-09-09 02:13:00,20.85,75.04,0.0,75,0.06,0.0,12.89
2026-09-09 02:14:00,20.88,75.08,0.0,75,0.0,0.0,12.89
2026-09-09 02:15:00,20.88,75.02,0.0,75,0.0,0.0,12.89
2026-09-09 02:16:00,20.89,75.07,0.0,75,0.0,0.0,12.89
2026-09-09 02:17:00,20.89,74.97,0.0,75,0.0,0.0,12.89
2026-09-09 02:18:00,20.85,74.94,0.0,75,0.015,0.0,12.89
2026-09-09 02:19:00,20.85,74.53,0.0,75,0.045,0.0,12.89
2026-09-09 02:20:00,20.79,74.45,0.0,75,0.24,0.0,12.89
2026-09-09 02:21:00,20.76,74.49,0.0,75,0.06,0.0,12.89
2026-09-09 02:22:00,20.76,74.35,0.0,75,0.165,0.0,12.89
2026-09-09 02:23:00,20.75,74.29,0.0,75,0.075,0.0,12.89
2026-09-09 02:24:00,20.75,74.42,0.0,75,0.0,0.0,12.89
2026-09-09 02:25:00,20.74,74.56,0.0,75,0.06,0.0,12.89
2026-09-09 02:26:00,20.72,74.79,0.0,75,0.045,0.0,12.89
2026-09-09 02:27:00,20.71,75.14,0.0,75,0.015,0.0,12.89
2026-09-09 02:28:00,20.74,75.35,0.0,75,0.0,0.0,12.89
2026-09-09 02:29:00,20.71,75.19,0.0,75,0.0,0.0,12.89
2026-09-09 02:30:00,20.71,75.29,0.0,75,0.0,0.0,12.89
2026-09-09 02:31:00,20.71,74.94,0.0,75,0.0,0.0,12.89
2026-09-09 02:32:00,20.7,74.86,0.0,75,0.0,0.0,12.89
2026-09-09 02:33:00,20.68,75.07,0.0,75,0.0,0.0,12.89
2026-09-09 02:34:00,20.7,75.17,0.0,75,0.0,0.0,12.89
2026-09-09 02:35:00,20.64,74.86,0.0,75,0.03,0.0,12.89
2026-09-09 02:36:00,20.62,75.16,0.0,75,0.0,0.0,12.89
2026-09-09 02:37:00,20.58,75.32,0.0,75,0.0,0.0,12.89
2026-09-09 02:38:00,20.56,75.51,0.0,75,0.0,0.0,12.89
2026-09-09 02:39:00,20.55,75.71,0.0,75,0.0,0.0,12.89
2026-09-09 02:40:00,20.55,75.76,0.0,75,0.0,0.0,12.89
2026-09-09 02:41:00,20.55,75.94,0.0,75,0.0,0.0,12.89
2026-09-09 02:42:00,20.55,76.2,0.0,75,0.06,0.0,12.89
2026-09-09 02:43:00,20.56,76.3,0.0,75,0.0,0.0,12.89
2026-09-09 02:44:00,20.55,76.32,0.0,75,0.015,0.0,12.89
2026-09-09 02:45:00,20.54,76.37,0.0,75,0.045,0.0,12.89
2026-09-09 02:46:00,20.52,76.45,0.0,75,0.0,0.0,12.89
2026-09-09 02:47:00,20.54,76.52,0.0,75,0.0,0.0,12.89
2026-09-09 02:48:00,20.54,76.46,0.0,75,0.0,0.0,12.89
2026-09-09 02:49:00,20.56,76.54,0.0,75,0.0,0.0,12.89
2026-09-09 02:50:00,20.58,76.46,0.0,75,0.0,0.0,12.89
2026-09-09 02:51:00,20.61,76.48,0.0,75,0.0,0.0,12.89
2026-09-09 02:52:00,20.64,76.44,0.0,75,0.015,0.0,12.89
2026-09-09 02:53:00,20.62,76.23,0.0,75,0.0,0.0,12.89
2026-09-09 02:54:00,20.61,76.13,0.0,75,0.0,0.0,12.89
2026-09-09 02:55:00,20.62,76.07,0.0,75,0.0,0.0,12.89
2026-09-09 02:56:00,20.61,75.8,0.0,75,0.015,0.0,12.89
2026-09-09 02:57:00,20.55,75.77,0.0,75,0.06,0.0,12.89
2026-09-09 02:58:00,20.54,75.84,0.0,75,0.0,0.0,12.89
2026-09-09 02:59:00,20.47,75.99,0.0,75,0.195,0.0,12.89
2026-09-09 03:00:00,20.41,76.45,0.0,75,0.03,0.0,12.89
2026-09-09 03:01:00,20.38,76.71,0.0,75,0.0,0.0,12.89
2026-09-09 03:02:00,20.37,76.83,0.0,75,0.045,0.0,12.89
2026-09-09 03:03:00,20.37,77.01,0.0,75,0.225,0.0,12.89
2026-09-09 03:04:00,20.4,76.98,0.0,75,0.015,0.0,12.89
2026-09-09 03:05:00,20.4,76.92,0.0,75,0.015,0.0,12.89
2026-09-09 03:06:00,20.37,76.69,0.0,80,0.195,0.0,12.89
2026-09-09 03:07:00,20.4,76.32,0.0,80,0.45,0.0,12.89
2026-09-09 03:08:00,20.37,76.19,0.0,80,0.42,0.0,12.89
2026-09-09 03:09:00,20.28,76.24,0.0,80,0.015,0.0,12.89
2026-09-09 03:10:00,20.27,76.42,0.0,80,0.0,0.0,12.89
2026-09-09 03:11:00,20.25,76.24,0.0,80,0.03,0.0,12.89
2026-09-09 03:12:00,20.25,76.2,0.0,80,0.0,0.0,12.89
2026-09-09 03:13:00,20.24,75.96,0.0,79,0.255,0.0,12.89
2026-09-09 03:14:00,20.24,75.91,0.0,72,0.48,0.0,12.89
2026-09-09 03:15:00,20.27,75.88,0.0,72,0.105,0.0,12.89
2026-09-09 03:16:00,20.25,75.82,0.0,32,0.3,0.0,12.89
2026-09-09 03:17:00,20.28,75.93,0.0,32,0.03,0.0,12.89
2026-09-09 03:18:00,20.3,75.95,0.0,32,0.0,0.0,12.89
2026-09-09 03:19:00,20.33,75.92,0.0,32,0.0,0.0,12.89
2026-09-09 03:20:00,20.37,75.97,0.0,32,0.015,0.0,12.89
2026-09-09 03:21:00,20.4,76.2,0.0,36,0.09,0.0,12.89
2026-09-09 03:22:00,20.41,76.2,0.0,36,0.15,0.0,12.89
2026-09-09 03:23:00,20.43,76.16,0.0,36,0.195,0.0,12.89
2026-09-09 03:24:00,20.43,75.99,0.0,36,0.15,0.0,12.89
2026-09-09 03:25:00,20.44,75.82,0.0,36,0.03,0.0,12.89
2026-09-09 03:26:00,20.47,75.7,0.0,59,0.21,0.0,12.89
2026-09-09 03:27:00,20.45,75.74,0.0,59,0.075,0.0,12.89
2026-09-09 03:28:00,20.45,75.82,0.0,59,0.0,0.0,12.89
2026-09-09 03:29:00,20.5,75.56,0.0,105,0.15,0.0,12.89
2026-09-09 03:30:00,20.5,75.34,0.0,105,0.06,0.0,12.89
2026-09-09 03:31:00,20.51,75.08,0.0,63,0.18,0.0,12.89
2026-09-09 03:32:00,20.54,74.89,0.0,63,0.12,0.0,12.89
2026-09-09 03:33:00,20.58,74.77,0.0,63,0.06,0.0,12.89
2026-09-09 03:34:00,20.6,74.57,0.0,54,0.27,0.0,12.89
2026-09-09 03:35:00,20.64,74.55,0.0,54,0.0,0.0,12.89
2026-09-09 03:36:00,20.67,74.51,0.0,80,0.045,0.0,12.89
2026-09-09 03:37:00,20.7,74.34,0.0,80,0.06,0.0,12.89
2026-09-09 03:38:00,20.72,74.32,0.0,167,0.09,0.0,12.89
2026-09-09 03:39:00,20.74,73.97,0.0,89,0.21,0.0,12.89
2026-09-09 03:40:00,20.78,73.77,0.0,89,0.165,0.0,12.89
2026-09-09 03:41:00,20.82,73.64,0.0,89,0.06,0.0,12.89
2026-09-09 03:42:00,20.85,73.4,0.0,89,0.12,0.0,12.89
2026-09-09 03:43:00,20.85,73.11,0.0,357,0.15,0.0,12.89
2026-09-09 03:44:00,20.91,72.83,0.0,96,0.375,0.0,12.89
2026-09-09 03:45:00,20.93,72.62,0.0,309,0.255,0.0,12.89
2026-09-09 03:46:00,20.96,72.62,0.0,304,0.105,0.0,12.89
2026-09-09 03:47:00,20.99,72.65,0.0,320,0.06,0.0,12.89
2026-09-09 03:48:00,21.01,72.51,0.0,345,0.225,0.0,12.89
2026-09-09 03:49:00,20.96,72.58,0.0,342,0.105,0.0,12.89
2026-09-09 03:50:00,21.02,72.78,0.0,342,0.03,0.0,12.89
2026-09-09 03:51:00,20.99,72.77,0.0,342,0.06,0.0,12.89
2026-09-09 03:52:00,21.01,72.71,0.0,156,0.285,0.0,12.89
2026-09-09 03:53:00,21.01,72.61,0.0,31,0.165,0.0,12.89
2026-09-09 03:54:00,21.01,72.69,0.0,31,0.045,0.0,12.89
2026-09-09 03:55:00,21.02,72.47,0.0,3,0.105,0.0,12.89
2026-09-09 03:56:00,21.03,72.71,0.0,3,0.18,0.0,12.89
2026-09-09 03:57:00,21.05,72.92,0.0,359,0.12,0.0,12.89
2026-09-09 03:58:00,21.02,72.53,0.0,359,0.09,0.0,12.89
2026-09-09 03:59:00,21.05,72.93,0.0,359,0.06,0.0,12.89
2026-09-09 04:00:00,21.05,72.6,0.0,359,0.12,0.0,12.89
2026-09-09 04:01:00,21.06,72.73,0.0,359,0.045,0.0,12.89
2026-09-09 04:02:00,21.05,72.97,0.0,359,0.0,0.0,12.89
2026-09-09 04:03:00,21.02,73.1,0.0,359,0.0,0.0,12.89
2026-09-09 04:04:00,21.03,73.24,0.0,359,0.015,0.0,12.89
2026-09-09 04:05:00,20.99,73.66,0.0,359,0.0,0.0,12.89
2026-09-09 04:06:00,20.96,73.8,0.0,359,0.0,0.0,12.89
2026-09-09 04:07:00,20.93,73.69,0.0,359,0.0,0.0,12.89
2026-09-09 04:08:00,20.92,73.7,0.0,359,0.0,0.0,12.89
2026-09-09 04:09:00,20.91,73.87,0.0,359,0.0,0.0,12.89
2026-09-09 04:10:00,20.89,74.54,0.0,359,0.045,0.0,12.89
2026-09-09 04:11:00,20.82,74.65,0.0,359,0.0,0.0,12.89
2026-09-09 04:12:00,20.81,74.96,0.0,359,0.0,0.0,12.89
2026-09-09 04:13:00,20.78,75.03,0.0,359,0.0,0.0,12.89
2026-09-09 04:14:00,20.79,75.28,0.0,359,0.0,0.0,12.89
2026-09-09 04:15:00,20.76,75.08,0.0,359,0.0,0.0,12.89
2026-09-09 04:16:00,20.75,75.29,0.0,359,0.0,0.0,12.89
2026-09-09 04:17:00,20.75,75.37,0.0,359,0.0,0.0,12.89
2026-09-09 04:18:00,20.72,75.51,0.0,359,0.0,0.0,12.89
2026-09-09 04:19:00,20.71,75.56,0.0,359,0.0,0.0,12.89
2026-09-09 04:20:00,20.67,75.53,0.0,359,0.0,0.0,12.89
2026-09-09 04:21:00,20.64,75.57,0.0,359,0.0,0.0,12.89
2026-09-09 04:22:00,20.62,75.43,0.0,359,0.0,0.0,12.89
2026-09-09 04:23:00,20.58,75.64,0.0,359,0.015,0.0,12.89
2026-09-09 04:24:00,20.55,75.68,0.0,359,0.0,0.0,12.89
2026-09-09 04:25:00,20.55,75.96,0.0,359,0.0,0.0,12.89
2026-09-09 04:26:00,20.52,76.0,0.0,359,0.0,0.0,12.89
2026-09-09 04:27:00,20.51,76.25,0.0,359,0.0,0.0,12.89
2026-09-09 04:28:00,20.48,76.32,0.0,359,0.0,0.0,12.89
2026-09-09 04:29:00,20.48,76.44,0.0,359,0.0,0.0,12.89
2026-09-09 04:30:00,20.44,76.36,0.0,359,0.0,0.0,12.89
2026-09-09 04:31:00,20.44,76.33,0.0,359,0.0,0.0,12.89
2026-09-09 04:32:00,20.43,76.6,0.0,359,0.0,0.0,12.89
2026-09-09 04:33:00,20.41,76.67,0.0,359,0.0,0.0,12.89
2026-09-09 04:34:00,20.4,76.62,0.0,359,0.0,0.0,12.89
2026-09-09 04:35:00,20.37,76.54,0.0,359,0.0,0.0,12.89
2026-09-09 04:36:00,20.35,76.73,0.0,359,0.0,0.0,12.89
2026-09-09 04:37:00,20.33,76.71,0.0,359,0.0,0.0,12.89
2026-09-09 04:38:00,20.33,76.8,0.0,359,0.0,0.0,12.89
2026-09-09 04:39:00,20.31,76.64,0.0,359,0.0,0.0,12.89
2026-09-09 04:40:00,20.33,76.29,0.0,359,0.075,0.0,12.89
2026-09-09 04:41:00,20.3,76.09,0.0,359,0.015,0.0,12.89
2026-09-09 04:42:00,20.31,76.54,0.0,359,0.0,0.0,12.89
2026-09-09 04:43:00,20.31,76.4,0.0,359,0.0,0.0,12.89
2026-09-09 04:44:00,20.31,76.56,0.0,359,0.0,0.0,12.89
2026-09-09 04:45:00,20.28,76.41,0.0,359,0.0,0.0,12.89
2026-09-09 04:46:00,20.27,76.29,0.0,359,0.0,0.0,12.89
2026-09-09 04:47:00,20.25,75.91,0.0,359,0.015,0.0,12.89
2026-09-09 04:48:00,20.3,76.17,0.0,359,0.0,0.0,12.89
2026-09-09 04:49:00,20.27,76.15,0.0,359,0.0,0.0,12.89
2026-09-09 04:50:00,20.24,75.98,0.0,359,0.0,0.0,12.89
2026-09-09 04:51:00,20.27,76.22,0.0,359,0.0,0.0,12.89
2026-09-09 04:52:00,20.28,76.31,0.0,359,0.0,0.0,12.89
2026-09-09 04:53:00,20.28,76.1,0.0,359,0.0,0.0,12.89
2026-09-09 04:54:00,20.28,75.91,0.0,359,0.0,0.0,12.89
2026-09-09 04:55:00,20.27,75.88,0.0,359,0.0,0.0,12.89
2026-09-09 04:56:00,20.28,75.45,0.0,359,0.06,0.0,12.89
2026-09-09 04:57:00,20.23,75.32,0.0,359,0.15,0.0,12.89
2026-09-09 04:58:00,20.24,75.48,0.0,359,0.135,0.0,12.89
2026-09-09 04:59:00,20.25,75.55,0.0,359,0.03,0.0,12.89
2026-09-09 05:00:00,20.28,75.72,0.0,5,0.15,0.0,12.89
2026-09-09 05:01:00,20.3,75.6,0.0,5,0.06,0.0,12.89
2026-09-09 05:02:00,20.31,75.45,0.0,13,0.105,0.0,12.89
2026-09-09 05:03:00,20.35,75.45,0.0,13,0.075,0.0,12.89
2026-09-09 05:04:00,20.35,75.46,0.0,13,0.015,0.0,12.89
2026-09-09 05:05:00,20.38,75.35,0.0,22,0.225,0.0,12.89
2026-09-09 05:06:00,20.43,75.01,0.0,22,0.105,0.0,12.89
2026-09-09 05:07:00,20.41,74.66,0.0,54,0.465,0.0,12.89
2026-09-09 05:08:00,20.45,74.61,0.0,54,0.57,0.0,12.89
2026-09-09 05:09:00,20.4,74.62,0.0,55,0.42,0.0,12.89
2026-09-09 05:10:00,20.35,74.86,0.0,143,0.36,0.0,12.89
2026-09-09 05:11:00,20.37,75.05,0.0,71,0.42,0.0,12.89
2026-09-09 05:12:00,20.35,75.11,0.0,66,0.255,0.0,12.89
2026-09-09 05:13:00,20.34,75.21,0.0,66,0.0,0.0,12.89
2026-09-09 05:14:00,20.33,75.35,0.0,66,0.0,0.0,12.89
2026-09-09 05:15:00,20.31,75.3,0.0,66,0.0,0.0,12.89
2026-09-09 05:16:00,20.33,75.32,0.0,66,0.0,0.0,12.89
2026-09-09 05:17:00,20.37,75.5,0.0,66,0.0,0.0,12.89
2026-09-09 05:18:00,20.37,75.92,0.0,66,0.0,0.0,12.89
2026-09-09 05:19:00,20.37,75.93,0.0,66,0.0,0.0,12.89
2026-09-09 05:20:00,20.41,76.04,0.0,66,0.0,0.0,12.89
2026-09-09 05:21:00,20.38,76.05,0.0,66,0.0,0.0,12.89
2026-09-09 05:22:00,20.38,76.13,0.0,66,0.0,0.0,12.89
2026-09-09 05:23:00,20.35,76.22,0.0,66,0.0,0.0,12.89
2026-09-09 05:24:00,20.35,76.17,0.0,66,0.0,0.0,12.89
2026-09-09 05:25:00,20.34,76.26,0.0,66,0.0,0.0,12.89
2026-09-09 05:26:00,20.33,76.11,0.0,66,0.045,0.0,12.89
2026-09-09 05:27:00,20.25,76.15,0.0,66,0.0,0.0,12.89
2026-09-09 05:28:00,20.23,76.14,0.0,66,0.0,0.0,12.89
2026-09-09 05:29:00,20.16,76.2,0.0,66,0.0,0.0,12.89
2026-09-09 05:30:00,20.16,76.34,0.0,66,0.0,0.0,12.89
2026-09-09 05:31:00,20.12,76.46,0.0,66,0.0,0.0,12.89
2026-09-09 05:32:00,20.09,76.68,0.0,66,0.0,0.0,12.89
2026-09-09 05:33:00,20.1,76.85,0.0,66,0.0,0.0,12.89
2026-09-09 05:34:00,20.1,76.94,0.0,66,0.0,0.0,12.89
2026-09-09 05:35:00,20.12,77.13,0.0,66,0.0,0.0,12.89
2026-09-09 05:36:00,20.1,77.36,0.0,66,0.0,0.0,12.89
2026-09-09 05:37:00,20.13,77.54,0.0,66,0.0,0.0,12.89
2026-09-09 05:38:00,20.13,77.49,0.0,66,0.0,0.0,12.89
2026-09-09 05:39:00,20.12,77.42,0.0,66,0.0,0.0,12.89
2026-09-09 05:40:00,20.13,77.44,0.0,66,0.0,0.0,12.89
2026-09-09 05:41:00,20.14,77.54,0.0,66,0.0,0.0,12.89
2026-09-09 05:42:00,20.13,77.63,0.0,66,0.0,0.0,12.89
2026-09-09 05:43:00,20.12,77.59,0.0,66,0.0,0.0,12.89
2026-09-09 05:44:00,20.1,77.68,0.0,66,0.0,0.0,12.89
2026-09-09 05:45:00,20.07,77.78,0.0,66,0.0,0.0,12.89
2026-09-09 05:46:00,20.04,77.94,0.0,66,0.0,0.0,12.89
2026-09-09 05:47:00,20.02,78.06,0.0,66,0.0,0.0,12.89
2026-09-09 05:48:00,20.02,78.2,0.0,66,0.0,0.0,12.89
2026-09-09 05:49:00,20.0,78.17,0.0,66,0.0,0.0,12.89
2026-09-09 05:50:00,19.99,78.3,0.0,66,0.0,0.0,12.89
2026-09-09 05:51:00,20.0,78.1,0.0,66,0.0,0.0,12.89
2026-09-09 05:52:00,19.99,77.94,0.0,66,0.0,0.0,12.89
2026-09-09 05:53:00,20.02,78.12,0.0,66,0.0,0.0,12.89
2026-09-09 05:54:00,20.04,78.24,0.0,66,0.0,0.0,12.89
2026-09-09 05:55:00,20.04,78.11,0.0,66,0.0,0.0,12.89
2026-09-09 05:56:00,20.06,77.94,0.0,66,0.0,0.0,12.89
2026-09-09 05:57:00,20.1,78.04,0.0,66,0.0,0.0,12.89
2026-09-09 05:58:00,20.07,78.05,0.0,66,0.0,0.0,12.89
2026-09-09 05:59:00,20.07,78.08,0.76,66,0.0,0.0,12.89
2026-09-09 06:00:00,20.09,78.15,0.76,66,0.0,0.0,12.89
2026-09-09 06:01:00,20.09,78.1,1.14,66,0.0,0.0,12.89
2026-09-09 06:02:00,20.07,78.02,1.14,66,0.0,0.0,12.89
2026-09-09 06:03:00,20.06,77.81,1.53,66,0.0,0.0,12.89
2026-09-09 06:04:00,20.0,77.69,1.53,66,0.06,0.0,12.89
2026-09-09 06:05:00,19.96,77.76,1.53,66,0.06,0.0,12.89
2026-09-09 06:06:00,19.92,77.99,2.29,66,0.0,0.0,12.89
2026-09-09 06:07:00,19.93,78.29,2.29,66,0.0,0.0,12.89
2026-09-09 06:08:00,19.93,78.37,2.29,66,0.0,0.0,12.89
2026-09-09 06:09:00,19.93,78.55,2.67,66,0.0,0.0,12.89
2026-09-09 06:10:00,19.92,78.53,3.43,66,0.0,0.0,12.89
2026-09-09 06:11:00,19.92,78.5,3.81,66,0.0,0.0,12.89
2026-09-09 06:12:00,19.94,78.47,3.81,66,0.0,0.0,12.89
2026-09-09 06:13:00,19.93,78.47,4.58,66,0.0,0.0,12.89
2026-09-09 06:14:00,19.93,78.54,4.58,66,0.0,0.0,12.89
2026-09-09 06:15:00,19.94,78.39,5.34,66,0.0,0.0,12.89
2026-09-09 06:16:00,19.93,78.39,5.72,66,0.0,0.0,12.89
2026-09-09 06:17:00,19.9,78.42,6.49,66,0.0,0.0,12.89
2026-09-09 06:18:00,19.92,78.39,6.87,66,0.0,0.0,12.89
2026-09-09 06:19:00,19.94,78.42,6.87,66,0.0,0.0,12.89
2026-09-09 06:20:00,19.93,78.42,7.63,66,0.0,0.0,12.89
2026-09-09 06:21:00,19.96,78.48,8.01,66,0.0,0.0,12.89
2026-09-09 06:22:00,19.97,78.41,8.39,66,0.09,0.0,12.89
2026-09-09 06:23:00,19.97,78.22,9.16,66,0.075,0.0,12.89
2026-09-09 06:24:00,19.93,78.19,9.54,66,0.165,0.0,12.89
2026-09-09 06:25:00,19.9,78.37,9.92,66,0.0,0.0,12.89
2026-09-09 06:26:00,19.9,78.48,10.3,66,0.0,0.0,12.89
2026-09-09 06:27:00,19.87,78.56,10.68,66,0.0,0.0,12.89
2026-09-09 06:28:00,19.87,78.58,11.44,66,0.075,0.0,12.89
2026-09-09 06:29:00,19.86,78.56,11.83,51,0.24,0.0,12.89
2026-09-09 06:30:00,19.86,78.71,11.83,51,0.12,0.0,12.89
2026-09-09 06:31:00,19.84,78.69,12.59,51,0.0,0.0,12.89
2026-09-09 06:32:00,19.84,78.81,12.97,51,0.0,0.0,12.89
2026-09-09 06:33:00,19.87,78.82,13.73,51,0.0,0.0,12.89
2026-09-09 06:34:00,19.89,78.88,14.11,51,0.0,0.0,12.89
2026-09-09 06:35:00,19.89,78.86,14.5,51,0.0,0.0,12.89
2026-09-09 06:36:00,19.84,78.58,14.5,51,0.03,0.0,12.89
2026-09-09 06:37:00,19.83,78.34,15.26,51,0.03,0.0,12.89
2026-09-09 06:38:00,19.84,78.35,15.64,51,0.0,0.0,12.89
2026-09-09 06:39:00,19.83,78.37,16.02,51,0.0,0.0,12.89
2026-09-09 06:40:00,19.87,78.31,17.17,51,0.105,0.0,12.89
2026-09-09 06:41:00,19.9,78.18,18.31,51,0.015,0.0,12.89
2026-09-09 06:42:00,19.92,78.15,19.84,51,0.0,0.0,12.89
2026-09-09 06:43:00,19.96,78.27,21.74,51,0.0,0.0,12.89
2026-09-09 06:44:00,20.0,78.26,22.89,51,0.0,0.0,12.89
2026-09-09 06:45:00,20.03,78.12,23.65,51,0.0,0.0,12.89
2026-09-09 06:46:00,20.07,78.13,24.41,51,0.0,0.0,12.89
2026-09-09 06:47:00,20.1,78.22,24.8,51,0.0,0.0,12.89
2026-09-09 06:48:00,20.12,78.01,25.56,51,0.0,0.0,12.89
2026-09-09 06:49:00,20.14,77.74,26.32,51,0.015,0.0,12.89
2026-09-09 06:50:00,20.17,77.54,26.7,51,0.015,0.0,12.89
2026-09-09 06:51:00,20.17,77.72,27.47,51,0.0,0.0,12.89
2026-09-09 06:52:00,20.23,77.74,27.85,51,0.0,0.0,12.89
2026-09-09 06:53:00,20.27,77.72,28.23,51,0.0,0.0,12.89
2026-09-09 06:54:00,20.27,77.54,28.61,51,0.015,0.0,12.89
2026-09-09 06:55:00,20.34,77.37,29.37,51,0.015,0.0,12.89
2026-09-09 06:56:00,20.34,76.95,30.14,51,0.135,0.0,12.89
2026-09-09 06:57:00,20.37,76.81,30.52,67,0.165,0.0,12.93
2026-09-09 06:58:00,20.37,76.7,30.9,67,0.195,0.0,12.93
2026-09-09 06:59:00,20.38,76.58,31.66,67,0.225,0.0,12.93
2026-09-09 07:00:00,20.4,76.54,31.66,67,0.24,0.0,12.93
2026-09-09 07:01:00,20.43,76.65,32.43,67,0.105,0.0,12.93
2026-09-09 07:02:00,20.43,76.63,32.81,67,0.24,0.0,12.93
2026-09-09 07:03:00,20.45,76.77,33.57,67,0.195,0.0,12.93
2026-09-09 07:04:00,20.44,76.7,33.95,67,0.255,0.0,12.97
2026-09-09 07:05:00,20.44,76.4,33.95,50,0.54,0.0,13.01
2026-09-09 07:06:00,20.41,76.28,34.33,70,0.585,0.0,13.04
2026-09-09 07:07:00,20.44,76.27,35.1,72,0.525,0.0,13.04
2026-09-09 07:08:00,20.45,76.34,35.1,92,0.495,0.0,13.04
2026-09-09 07:09:00,20.47,76.15,35.48,65,0.66,0.0,13.04
2026-09-09 07:10:00,20.5,75.91,36.24,95,0.93,0.0,13.04
2026-09-09 07:11:00,20.52,75.93,36.62,68,0.675,0.0,13.04
2026-09-09 07:12:00,20.52,75.91,37.0,73,0.525,0.0,13.04
2026-09-09 07:13:00,20.6,75.96,37.77,73,0.225,0.0,13.04
2026-09-09 07:14:00,20.64,75.82,38.15,73,0.195,0.0,13.04
2026-09-09 07:15:00,20.72,75.7,38.53,73,0.195,0.0,13.04
2026-09-09 07:16:00,20.75,75.5,38.91,73,0.15,0.0,13.08
2026-09-09 07:17:00,20.79,75.41,39.29,73,0.225,0.0,13.08
2026-09-09 07:18:00,20.86,75.28,39.67,73,0.105,0.0,13.08
2026-09-09 07:19:00,20.92,75.28,39.67,73,0.24,0.0,13.12
2026-09-09 07:20:00,20.95,74.84,40.44,73,0.15,0.0,13.12
2026-09-09 07:21:00,20.99,74.68,40.44,64,0.3,0.0,13.12
2026-09-09 07:22:00,21.02,74.06,41.2,79,0.69,0.0,13.12
2026-09-09 07:23:00,21.08,73.82,41.58,62,0.45,0.0,13.16
2026-09-09 07:24:00,21.09,73.51,41.58,71,0.675,0.0,13.16
2026-09-09 07:25:00,21.13,73.42,41.96,62,0.63,0.0,13.16
2026-09-09 07:26:00,21.22,73.07,42.73,62,0.54,0.0,13.16
2026-09-09 07:27:00,21.26,72.66,43.11,62,0.33,0.0,13.16
2026-09-09 07:28:00,21.36,72.29,43.49,62,0.195,0.0,13.16
2026-09-09 07:29:00,21.44,71.88,43.87,13,0.255,0.0,13.16
2026-09-09 07:30:00,21.49,71.63,44.25,59,0.375,0.0,13.16
2026-09-09 07:31:00,21.61,71.69,45.01,69,0.495,0.0,13.16
2026-09-09 07:32:00,21.66,72.41,45.01,69,0.315,0.0,13.16
2026-09-09 07:33:00,21.71,72.42,45.78,69,0.135,0.0,13.16
2026-09-09 07:34:00,21.78,72.44,45.78,69,0.06,0.0,13.16
2026-09-09 07:35:00,21.83,72.02,46.54,69,0.18,0.0,13.16
2026-09-09 07:36:00,21.87,71.96,46.92,69,0.105,0.0,13.16
2026-09-09 07:37:00,21.88,71.39,47.68,96,0.345,0.0,13.16
2026-09-09 07:38:00,21.91,71.35,48.07,96,0.195,0.0,13.16
2026-09-09 07:39:00,21.94,71.31,48.45,96,0.225,0.0,13.16
2026-09-09 07:40:00,21.98,70.93,49.21,96,0.18,0.0,13.16
2026-09-09 07:41:00,22.04,70.92,49.59,96,0.165,0.0,13.16
2026-09-09 07:42:00,22.08,70.98,84.69,96,0.195,0.0,13.16
2026-09-09 07:43:00,22.14,70.92,174.72,96,0.0,0.0,13.46
2026-09-09 07:44:00,22.17,70.91,219.73,96,0.0,0.0,13.83
2026-09-09 07:45:00,22.24,70.86,222.78,96,0.0,0.0,14.24
2026-09-09 07:46:00,22.28,71.02,225.45,96,0.12,0.0,14.24
2026-09-09 07:47:00,22.34,70.72,228.12,96,0.045,0.0,14.24
2026-09-09 07:48:00,22.49,70.36,231.17,96,0.015,0.0,14.24
2026-09-09 07:49:00,22.68,70.04,236.9,96,0.015,0.0,14.24
2026-09-09 07:50:00,22.85,69.21,238.42,96,0.045,0.0,14.24
2026-09-09 07:51:00,23.04,68.71,241.47,96,0.285,0.0,14.24
2026-09-09 07:52:00,23.21,68.15,243.76,96,0.375,0.0,14.24
2026-09-09 07:53:00,23.4,67.88,246.81,96,0.285,0.0,14.24
2026-09-09 07:54:00,23.55,67.42,249.87,96,0.15,0.0,14.24
2026-09-09 07:55:00,23.71,66.46,254.44,96,0.075,0.0,14.24
2026-09-09 07:56:00,23.84,65.39,256.35,96,0.03,0.0,14.21
2026-09-09 07:57:00,23.96,64.88,259.78,96,0.12,0.0,14.21
2026-09-09 07:58:00,24.09,64.6,262.84,96,0.0,0.0,14.21
2026-09-09 07:59:00,24.26,63.69,265.89,96,0.03,0.0,14.24
2026-09-09 08:00:00,24.38,63.5,268.18,96,0.045,0.0,14.24
2026-09-09 08:01:00,24.51,63.03,270.08,96,0.015,0.0,14.21
2026-09-09 08:02:00,24.66,62.01,271.23,96,0.06,0.0,14.24
2026-09-09 08:03:00,24.79,62.4,273.14,96,0.03,0.0,14.24
2026-09-09 08:04:00,24.93,61.29,276.57,96,0.135,0.0,14.24
2026-09-09 08:05:00,25.13,60.07,279.62,96,0.21,0.0,14.24
2026-09-09 08:06:00,25.21,59.8,282.29,96,0.24,0.0,14.24
2026-09-09 08:07:00,25.25,59.76,285.34,96,0.0,0.0,14.24
2026-09-09 08:08:00,25.37,60.35,287.63,96,0.12,0.0,14.24
2026-09-09 08:09:00,25.46,60.26,290.68,96,0.21,0.0,14.24
2026-09-09 08:10:00,25.52,59.75,293.35,96,0.27,0.0,14.24
2026-09-09 08:11:00,25.59,59.24,297.17,96,0.045,0.0,14.21
2026-09-09 08:12:00,25.69,58.84,298.7,96,0.045,0.0,14.21
2026-09-09 08:13:00,25.79,58.43,302.51,96,0.09,0.0,14.24
2026-09-09 08:14:00,25.85,57.73,304.8,96,0.0,0.0,14.24
2026-09-09 08:15:00,25.92,57.68,308.23,96,0.03,0.0,14.24
2026-09-09 08:16:00,25.99,57.74,310.9,96,0.09,0.0,14.24
2026-09-09 08:17:00,26.09,57.45,315.1,96,0.09,0.0,14.24
2026-09-09 08:18:00,26.13,57.57,318.15,96,0.09,0.0,14.24
2026-09-09 08:19:00,26.24,56.9,319.3,96,0.24,0.0,14.24
2026-09-09 08:20:00,26.28,56.16,321.58,96,0.21,0.0,14.24
2026-09-09 08:21:00,26.26,55.17,323.87,80,0.645,0.0,14.24
2026-09-09 08:22:00,26.16,55.51,326.54,45,0.585,0.0,14.24
2026-09-09 08:23:00,26.1,55.76,331.12,45,0.18,0.0,14.24
2026-09-09 08:24:00,26.15,55.7,334.17,45,0.27,0.0,14.24
2026-09-09 08:25:00,26.16,55.35,335.7,5,0.15,0.0,14.24
2026-09-09 08:26:00,26.16,54.64,336.84,82,0.45,0.0,14.24
2026-09-09 08:27:00,26.13,54.78,340.66,84,0.42,0.0,14.24
2026-09-09 08:28:00,26.23,54.86,344.85,84,0.21,0.0,14.24
2026-09-09 08:29:00,26.28,55.81,347.91,79,0.255,0.0,14.24
2026-09-09 08:30:00,26.37,56.03,350.96,79,0.03,0.0,14.24
2026-09-09 08:31:00,26.43,55.49,353.63,74,0.405,0.0,14.24
2026-09-09 08:32:00,26.44,56.1,357.44,51,0.45,0.0,14.24
2026-09-09 08:33:00,26.46,56.09,360.11,70,0.195,0.0,14.24
2026-09-09 08:34:00,26.55,55.64,363.16,70,0.06,0.0,14.24
2026-09-09 08:35:00,26.65,55.73,367.74,81,0.315,0.0,14.24
2026-09-09 08:36:00,26.7,55.24,370.03,328,0.195,0.0,14.24
2026-09-09 08:37:00,26.73,55.13,372.7,188,0.435,0.0,14.24
2026-09-09 08:38:00,26.71,54.55,377.66,28,0.195,0.0,14.24
2026-09-09 08:39:00,26.71,53.65,378.04,1,0.3,0.0,14.24
2026-09-09 08:40:00,26.71,53.0,380.71,89,0.93,0.0,14.24
2026-09-09 08:41:00,26.65,53.11,383.0,280,0.675,0.0,14.24
2026-09-09 08:42:00,26.64,53.28,384.53,95,0.525,0.0,14.24
2026-09-09 08:43:00,26.6,53.56,387.2,83,0.63,0.0,14.24
2026-09-09 08:44:00,26.58,53.32,391.01,205,0.585,0.0,14.24
2026-09-09 08:45:00,26.6,53.5,394.06,320,0.465,0.0,14.24
2026-09-09 08:46:00,26.64,53.39,396.73,34,0.555,0.0,14.24
2026-09-09 08:47:00,26.67,53.15,399.02,157,0.63,0.0,14.24
2026-09-09 08:48:00,26.64,53.35,401.69,66,0.54,0.0,14.24
2026-09-09 08:49:00,26.67,53.48,401.31,66,0.24,0.0,14.24
2026-09-09 08:50:00,26.75,53.35,405.13,143,0.285,0.0,14.24
2026-09-09 08:51:00,26.82,53.12,407.03,103,0.66,0.0,14.24
2026-09-09 08:52:00,26.81,52.69,410.47,60,0.96,0.0,14.24
2026-09-09 08:53:00,26.75,52.77,415.05,62,0.96,0.0,14.24
2026-09-09 08:54:00,26.6,52.73,417.72,121,1.095,0.0,14.24
2026-09-09 08:55:00,26.52,53.53,419.62,78,1.05,0.0,14.24
2026-09-09 08:56:00,26.48,54.29,422.29,96,0.795,0.0,14.24
2026-09-09 08:57:00,26.41,54.59,424.58,52,0.825,0.0,14.24
2026-09-09 08:58:00,26.41,55.14,426.11,37,0.72,0.0,14.24
2026-09-09 08:59:00,26.52,54.66,428.02,128,0.225,0.0,14.24
2026-09-09 09:00:00,26.61,53.19,431.07,133,0.51,0.0,14.24
2026-09-09 09:01:00,26.61,53.0,432.21,57,0.42,0.0,14.24
2026-09-09 09:02:00,26.58,52.79,436.03,347,0.885,0.0,14.24
2026-09-09 09:03:00,26.57,52.78,440.99,109,1.005,0.0,14.24
2026-09-09 09:04:00,26.55,53.17,442.89,147,0.555,0.0,14.21
2026-09-09 09:05:00,26.71,52.85,444.42,66,0.06,0.0,14.21
2026-09-09 09:06:00,26.78,51.68,446.33,359,0.66,0.0,14.21
2026-09-09 09:07:00,26.7,52.21,450.52,60,0.96,0.0,14.24
2026-09-09 09:08:00,26.63,53.25,454.72,114,0.555,0.0,14.24
2026-09-09 09:09:00,26.68,52.87,456.63,62,0.885,0.0,14.21
2026-09-09 09:10:00,26.7,52.82,460.44,143,0.75,0.0,14.24
2026-09-09 09:11:00,26.71,53.0,463.49,71,0.735,0.0,14.21
2026-09-09 09:12:00,26.75,52.7,465.78,19,0.495,0.0,14.21
2026-09-09 09:13:00,26.84,52.1,466.16,189,0.63,0.0,14.17
2026-09-09 09:14:00,26.89,51.91,468.83,328,0.675,0.0,14.17
2026-09-09 09:15:00,26.98,51.76,472.27,200,0.54,0.0,14.17
2026-09-09 09:16:00,27.03,51.56,476.84,15,0.48,0.0,14.17
2026-09-09 09:17:00,27.08,51.24,476.84,48,0.705,0.0,14.17
2026-09-09 09:18:00,27.05,50.55,481.42,115,0.69,0.0,14.17
2026-09-09 09:19:00,27.08,50.33,483.33,304,0.645,0.0,14.17
2026-09-09 09:20:00,27.06,50.08,485.62,341,1.05,0.0,14.17
2026-09-09 09:21:00,26.92,50.56,489.81,359,0.945,0.0,14.17
2026-09-09 09:22:00,26.87,50.84,492.48,299,0.585,0.0,14.17
2026-09-09 09:23:00,26.92,50.58,496.68,9,0.51,0.0,14.13
2026-09-09 09:24:00,26.96,50.51,499.35,290,0.51,0.0,14.13
2026-09-09 09:25:00,27.05,50.87,500.11,301,0.33,0.0,14.13
2026-09-09 09:26:00,27.19,50.36,500.88,142,0.51,0.0,14.13
2026-09-09 09:27:00,27.3,49.68,502.78,29,0.9,0.0,14.13
2026-09-09 09:28:00,27.26,49.77,505.46,6,0.765,0.0,14.13
2026-09-09 09:29:00,27.22,49.78,506.98,56,0.84,0.0,14.13
2026-09-09 09:30:00,27.25,50.51,510.03,37,0.09,0.0,14.13
2026-09-09 09:31:00,27.4,49.99,512.32,157,0.315,0.0,14.13
2026-09-09 09:32:00,27.52,49.48,513.08,139,0.555,0.0,14.13
2026-09-09 09:33:00,27.63,48.68,513.47,194,0.765,0.0,14.13
2026-09-09 09:34:00,27.6,48.42,517.66,250,1.05,0.0,14.13
2026-09-09 09:35:00,27.56,48.42,521.48,341,0.735,0.0,14.13
2026-09-09 09:36:00,27.49,48.63,525.67,46,0.57,0.0,14.13
2026-09-09 09:37:00,27.47,48.77,526.82,72,0.69,0.0,14.13
2026-09-09 09:38:00,27.43,49.21,529.49,40,0.72,0.0,14.13
2026-09-09 09:39:00,27.49,49.54,532.16,49,0.57,0.0,14.13
2026-09-09 09:40:00,27.6,49.16,536.74,98,0.57,0.0,14.13
2026-09-09 09:41:00,27.62,48.94,538.64,43,0.57,0.0,14.13
2026-09-09 09:42:00,27.74,48.65,542.08,123,0.72,0.0,14.13
2026-09-09 09:43:00,27.73,48.37,542.84,327,0.99,0.0,14.13
2026-09-09 09:44:00,27.69,48.47,547.04,33,0.54,0.0,14.09
2026-09-09 09:45:00,27.69,48.54,547.04,46,0.855,0.0,14.13
2026-09-09 09:46:00,27.63,48.62,550.09,66,0.735,0.0,14.09
2026-09-09 09:47:00,27.69,48.51,552.76,20,0.555,0.0,14.09
2026-09-09 09:48:00,27.74,48.26,556.95,223,0.465,0.0,14.13
2026-09-09 09:49:00,27.76,48.63,558.86,163,0.735,0.0,14.09
2026-09-09 09:50:00,27.79,48.04,561.91,133,0.84,0.0,14.09
2026-09-09 09:51:00,27.81,47.77,563.82,91,0.795,0.0,14.09
2026-09-09 09:52:00,27.83,47.9,566.87,291,0.51,0.0,14.09
2026-09-09 09:53:00,27.94,47.95,568.02,24,0.21,0.0,14.09
2026-09-09 09:54:00,28.1,47.67,570.69,91,0.51,0.0,14.09
2026-09-09 09:55:00,28.15,47.46,571.45,100,0.735,0.0,14.09
2026-09-09 09:56:00,28.07,47.83,575.65,62,1.26,0.0,14.09
2026-09-09 09:57:00,27.96,48.4,576.03,92,0.795,0.0,14.09
2026-09-09 09:58:00,27.98,48.54,580.61,76,0.255,0.0,14.09
2026-09-09 09:59:00,28.1,47.64,581.37,0,0.45,0.0,14.09
2026-09-09 10:00:00,28.15,47.44,584.04,201,0.645,0.0,14.09
2026-09-09 10:01:00,28.21,47.28,585.95,335,0.57,0.0,14.09
2026-09-09 10:02:00,28.21,46.8,587.85,298,0.615,0.0,14.09
2026-09-09 10:03:00,28.21,46.71,590.14,83,0.345,0.0,14.09
2026-09-09 10:04:00,28.17,46.91,592.43,287,0.87,0.0,14.09
2026-09-09 10:05:00,28.11,46.86,594.34,2,0.63,0.0,14.09
2026-09-09 10:06:00,28.14,46.98,595.48,273,0.51,0.0,14.09
2026-09-09 10:07:00,28.14,46.51,596.63,103,1.02,0.0,14.09
2026-09-09 10:08:00,28.01,46.58,599.68,179,1.08,0.0,14.09
2026-09-09 10:09:00,27.87,46.85,603.49,0,0.69,0.0,14.09
2026-09-09 10:10:00,27.76,47.21,606.16,113,0.915,0.0,14.09
2026-09-09 10:11:00,27.74,47.39,607.31,113,0.6,0.0,14.09
2026-09-09 10:12:00,27.83,47.16,609.22,326,0.735,0.0,14.09
2026-09-09 10:13:00,27.72,47.41,611.89,152,1.05,0.0,14.09
2026-09-09 10:14:00,27.72,47.49,613.03,109,0.54,0.0,14.09
2026-09-09 10:15:00,27.81,47.13,615.7,112,0.57,0.0,14.09
2026-09-09 10:16:00,27.8,46.88,617.99,263,0.735,0.0,14.09
2026-09-09 10:17:00,27.81,47.12,621.04,304,0.51,0.0,14.09
2026-09-09 10:18:00,27.8,47.62,622.57,359,0.63,0.0,14.09
2026-09-09 10:19:00,27.93,47.52,625.62,127,0.66,0.0,14.09
2026-09-09 10:20:00,27.97,47.46,626.76,10,0.81,0.0,14.09
2026-09-09 10:21:00,28.05,47.34,627.15,179,0.45,0.0,14.09
2026-09-09 10:22:00,28.17,46.57,629.05,51,0.39,0.0,14.09
2026-09-09 10:23:00,28.18,46.49,629.43,290,0.435,0.0,14.09
2026-09-09 10:24:00,28.28,46.57,633.63,80,0.6,0.0,14.09
2026-09-09 10:25:00,28.31,46.98,633.63,65,0.795,0.0,14.09
2026-09-09 10:26:00,28.27,46.58,637.06,164,0.855,0.0,14.09
2026-09-09 10:27:00,28.24,46.68,637.06,156,0.63,0.0,14.09
2026-09-09 10:28:00,28.27,46.34,640.88,116,0.945,0.0,14.09
2026-09-09 10:29:00,28.25,46.44,643.93,35,0.495,0.0,14.09
2026-09-09 10:30:00,28.34,46.59,644.31,43,0.135,0.0,14.09
2026-09-09 10:31:00,28.54,46.38,645.46,38,0.135,0.0,14.09
2026-09-09 10:32:00,28.65,46.26,648.89,38,0.3,0.0,14.09
2026-09-09 10:33:00,28.74,46.1,651.18,135,0.54,0.0,14.09
2026-09-09 10:34:00,28.81,46.15,654.23,100,0.615,0.0,14.09
2026-09-09 10:35:00,28.76,45.74,653.47,64,1.035,0.0,14.09
2026-09-09 10:36:00,28.68,45.76,655.37,211,0.87,0.0,14.09
2026-09-09 10:37:00,28.65,45.49,656.9,46,0.885,0.0,14.09
2026-09-09 10:38:00,28.58,45.35,659.57,66,1.095,0.0,14.09
2026-09-09 10:39:00,28.46,45.54,659.95,90,0.555,0.0,14.09
2026-09-09 10:40:00,28.48,45.34,662.62,46,0.54,0.0,14.09
2026-09-09 10:41:00,28.49,45.37,663.77,36,0.3,0.0,14.09
2026-09-09 10:42:00,28.62,45.01,666.82,113,0.315,0.0,14.09
2026-09-09 10:43:00,28.65,44.9,667.2,53,0.585,0.0,14.09
2026-09-09 10:44:00,28.66,44.67,667.2,325,0.765,0.0,14.09
2026-09-09 10:45:00,28.59,44.76,672.16,0,0.615,0.0,14.09
2026-09-09 10:46:00,28.49,45.02,672.54,83,0.84,0.0,14.09
2026-09-09 10:47:00,28.51,45.04,676.36,116,0.375,0.0,14.09
2026-09-09 10:48:00,28.48,45.23,676.74,143,0.435,0.0,14.09
2026-09-09 10:49:00,28.45,45.41,677.5,197,0.375,0.0,14.09
2026-09-09 10:50:00,28.51,45.31,678.64,313,0.27,0.0,14.09
2026-09-09 10:51:00,28.49,45.1,681.32,155,0.93,0.0,14.09
2026-09-09 10:52:00,28.35,45.46,682.46,266,0.78,0.0,14.09
2026-09-09 10:53:00,28.27,45.64,682.46,353,0.84,0.0,14.09
2026-09-09 10:54:00,28.23,45.91,684.75,340,0.705,0.0,14.09
2026-09-09 10:55:00,28.23,46.09,688.18,286,0.705,0.0,14.09
2026-09-09 10:56:00,28.27,46.06,687.04,267,0.165,0.0,14.09
2026-09-09 10:57:00,28.38,45.95,688.56,267,0.075,0.0,14.09
2026-09-09 10:58:00,28.45,45.83,693.14,267,0.0,0.0,14.09
2026-09-09 10:59:00,28.44,45.37,692.38,2,0.645,0.0,14.09
2026-09-09 11:00:00,28.39,45.58,692.38,351,0.63,0.0,14.09
2026-09-09 11:01:00,28.36,45.88,693.52,313,0.6,0.0,14.09
2026-09-09 11:02:00,28.48,46.05,695.43,303,0.18,0.0,14.09
2026-09-09 11:03:00,28.51,45.91,697.34,197,0.45,0.0,14.09
2026-09-09 11:04:00,28.44,46.18,697.72,84,0.705,0.0,14.09
2026-09-09 11:05:00,28.41,46.53,697.72,3,0.39,0.0,14.09
2026-09-09 11:06:00,28.44,46.12,701.15,43,0.6,0.0,14.09
2026-09-09 11:07:00,28.54,46.3,703.06,344,0.27,0.0,14.09
2026-09-09 11:08:00,28.58,45.28,704.97,57,0.675,0.0,14.09
2026-09-09 11:09:00,28.51,45.4,706.87,196,0.78,0.0,14.09
2026-09-09 11:10:00,28.54,45.44,707.64,242,0.645,0.0,14.09
2026-09-09 11:11:00,28.46,45.39,708.4,359,0.795,0.0,14.09
2026-09-09 11:12:00,28.45,45.57,710.31,28,0.42,0.0,14.09
2026-09-09 11:13:00,28.41,45.37,710.69,35,0.42,0.0,14.09
2026-09-09 11:14:00,28.42,45.33,712.6,38,0.435,0.0,14.09
2026-09-09 11:15:00,28.36,46.07,714.89,38,0.465,0.0,14.09
2026-09-09 11:16:00,28.42,45.93,716.41,38,0.18,0.0,14.09
2026-09-09 11:17:00,28.45,45.6,716.03,109,0.405,0.0,14.09
2026-09-09 11:18:00,28.52,45.95,716.79,27,0.42,0.0,14.09
2026-09-09 11:19:00,28.52,45.56,719.08,98,0.435,0.0,14.09
2026-09-09 11:20:00,28.59,45.66,719.08,129,0.15,0.0,14.09
2026-09-09 11:21:00,28.72,46.35,720.99,209,0.54,0.0,14.09
2026-09-09 11:22:00,28.79,46.4,723.66,218,0.375,0.0,14.09
2026-09-09 11:23:00,28.89,45.31,723.66,66,0.495,0.0,14.09
2026-09-09 11:24:00,28.92,45.13,722.9,79,0.6,0.0,14.09
2026-09-09 11:25:00,28.95,44.88,725.19,42,0.33,0.0,14.09
2026-09-09 11:26:00,28.99,44.85,727.09,56,0.495,0.0,14.09
2026-09-09 11:27:00,29.03,44.57,730.91,33,0.315,0.0,14.09
2026-09-09 11:28:00,29.07,44.4,732.05,328,0.45,0.0,14.09
2026-09-09 11:29:00,29.07,44.53,732.05,68,0.66,0.0,14.09
2026-09-09 11:30:00,29.09,45.16,730.91,345,0.555,0.0,14.09
2026-09-09 11:31:00,29.13,46.07,733.2,343,0.675,0.0,14.09
2026-09-09 11:32:00,29.16,46.64,735.48,45,0.525,0.0,14.09
2026-09-09 11:33:00,29.23,47.01,737.77,184,0.36,0.0,14.09
2026-09-09 11:34:00,29.22,46.89,741.59,226,0.6,0.0,14.09
2026-09-09 11:35:00,29.17,46.93,745.4,149,0.615,0.0,14.09
2026-09-09 11:36:00,29.12,47.3,750.36,238,0.555,0.0,14.09
2026-09-09 11:37:00,29.23,46.89,756.85,260,0.225,0.0,14.09
2026-09-09 11:38:00,29.27,46.89,762.95,213,0.585,0.0,14.09
2026-09-09 11:39:00,29.27,46.67,763.33,195,0.36,0.0,14.09
2026-09-09 11:40:00,29.33,46.72,766.77,194,0.12,0.0,14.09
2026-09-09 11:41:00,29.4,46.36,763.71,104,0.3,0.0,14.09
2026-09-09 11:42:00,29.4,46.3,761.04,145,0.945,0.0,14.09
2026-09-09 11:43:00,29.32,46.2,759.9,202,0.6,0.0,14.09
2026-09-09 11:44:00,29.22,45.89,769.44,111,0.765,0.0,14.09
2026-09-09 11:45:00,29.12,46.14,770.96,108,0.645,0.0,14.09
2026-09-09 11:46:00,29.09,46.96,769.05,358,0.585,0.0,14.09
2026-09-09 11:47:00,29.17,47.13,772.87,314,0.225,0.0,14.09
2026-09-09 11:48:00,29.34,47.15,774.01,172,0.12,0.0,14.09
2026-09-09 11:49:00,29.5,47.22,777.83,218,0.27,0.0,14.09
2026-09-09 11:50:00,29.6,47.11,781.64,127,0.81,0.0,14.09
2026-09-09 11:51:00,29.63,47.04,788.89,187,0.705,0.0,14.09
2026-09-09 11:52:00,29.47,46.25,784.31,77,1.515,0.0,14.09
2026-09-09 11:53:00,29.29,46.96,786.6,111,0.735,0.0,14.09
2026-09-09 11:54:00,29.17,46.96,786.98,239,0.87,0.0,14.09
2026-09-09 11:55:00,29.13,47.05,788.89,11,0.75,0.0,14.09
2026-09-09 11:56:00,29.09,47.07,782.41,12,0.555,0.0,14.09
2026-09-09 11:57:00,29.12,47.39,769.44,359,0.42,0.0,14.09
2026-09-09 11:58:00,29.12,47.79,761.04,98,0.87,0.0,14.09
2026-09-09 11:59:00,29.1,48.23,759.52,270,0.735,0.0,14.09
2026-09-09 12:00:00,29.2,47.47,767.91,34,0.255,0.0,14.09
2026-09-09 12:01:00,29.29,47.1,772.49,216,0.42,0.0,14.09
2026-09-09 12:02:00,29.37,46.5,778.21,87,0.51,0.0,14.09
2026-09-09 12:03:00,29.36,46.52,774.78,190,0.405,0.0,14.09
2026-09-09 12:04:00,29.43,46.38,776.68,191,0.12,0.0,14.09
2026-09-09 12:05:00,29.57,46.18,788.13,107,0.06,0.0,14.09
2026-09-09 12:06:00,29.65,46.19,678.26,231,0.585,0.0,14.09
2026-09-09 12:07:00,29.75,46.1,528.73,86,0.33,0.0,14.09
2026-09-09 12:08:00,29.77,46.13,828.56,78,0.765,0.0,14.09
2026-09-09 12:09:00,29.71,45.92,528.73,218,0.66,0.0,14.09
2026-09-09 12:10:00,29.67,46.47,799.95,235,0.525,0.0,14.09
2026-09-09 12:11:00,29.64,46.18,790.04,215,0.75,0.0,14.09
2026-09-09 12:12:00,29.55,45.98,778.59,219,0.51,0.0,14.09
2026-09-09 12:13:00,29.58,46.16,779.74,251,0.135,0.0,14.09
2026-09-09 12:14:00,29.73,46.31,781.26,351,0.195,0.0,14.09
2026-09-09 12:15:00,29.83,46.01,772.87,195,0.45,0.0,14.09
2026-09-09 12:16:00,29.84,45.87,766.0,186,0.42,0.0,14.09
2026-09-09 12:17:00,29.84,45.92,761.43,178,0.255,0.0,14.09
2026-09-09 12:18:00,29.84,46.21,762.57,98,0.375,0.0,14.09
2026-09-09 12:19:00,29.84,46.24,766.38,136,0.315,0.0,14.09
2026-09-09 12:20:00,29.89,45.91,769.44,186,0.405,0.0,14.09
2026-09-09 12:21:00,29.95,46.02,769.05,117,0.765,0.0,14.09
2026-09-09 12:22:00,29.84,46.24,770.2,295,0.75,0.0,14.09
2026-09-09 12:23:00,29.81,46.17,769.82,191,0.645,0.0,14.09
2026-09-09 12:24:00,29.81,46.12,769.82,188,0.57,0.0,14.09
2026-09-09 12:25:00,29.8,46.07,767.53,218,0.705,0.0,14.09
2026-09-09 12:26:00,29.84,46.31,771.34,168,0.405,0.0,14.09
2026-09-09 12:27:00,29.85,45.3,774.01,136,1.17,0.0,14.09
2026-09-09 12:28:00,29.81,45.7,767.15,241,0.33,0.0,14.09
2026-09-09 12:29:00,29.87,45.52,768.67,224,0.285,0.0,14.09
2026-09-09 12:30:00,29.88,45.31,766.38,192,0.42,0.0,14.09
2026-09-09 12:31:00,29.92,45.59,767.91,192,0.315,0.0,14.09
2026-09-09 12:32:00,30.04,45.27,766.77,192,0.105,0.0,14.09
2026-09-09 12:33:00,30.14,45.1,763.33,210,0.165,0.0,14.09
2026-09-09 12:34:00,30.19,45.26,761.04,165,0.255,0.0,14.09
2026-09-09 12:35:00,30.14,45.31,763.71,201,0.27,0.0,14.09
2026-09-09 12:36:00,30.12,45.44,764.1,197,0.3,0.0,14.09
2026-09-09 12:37:00,30.21,45.54,767.15,196,0.18,0.0,14.09
2026-09-09 12:38:00,30.35,45.02,766.0,196,0.06,0.0,14.09
2026-09-09 12:39:00,30.52,44.94,766.0,197,0.06,0.0,14.09
2026-09-09 12:40:00,30.67,44.56,763.71,246,0.345,0.0,14.09
2026-09-09 12:41:00,30.66,43.1,762.95,303,0.795,0.0,14.09
2026-09-09 12:42:00,30.61,41.99,762.95,260,0.825,0.0,14.09
2026-09-09 12:43:00,30.49,41.78,767.15,353,1.2,0.0,14.09
2026-09-09 12:44:00,30.33,42.07,769.05,359,0.96,0.0,14.09
2026-09-09 12:45:00,30.26,42.13,769.82,239,0.645,0.0,14.09
2026-09-09 12:46:00,30.19,42.17,766.0,207,0.81,0.0,14.09
2026-09-09 12:47:00,30.21,42.38,765.62,166,0.255,0.0,14.09
2026-09-09 12:48:00,30.35,41.99,764.1,98,0.375,0.0,14.09
2026-09-09 12:49:00,30.49,42.15,766.38,85,0.33,0.0,14.09
2026-09-09 12:50:00,30.66,41.99,767.91,291,0.435,0.0,14.09
2026-09-09 12:51:00,30.8,41.3,767.91,31,0.78,0.0,14.09
2026-09-09 12:52:00,30.8,41.32,767.91,270,0.63,0.0,14.09
2026-09-09 12:53:00,30.84,41.44,766.38,246,0.81,0.0,14.09
2026-09-09 12:54:00,30.95,41.65,765.62,47,0.12,0.0,14.09
2026-09-09 12:55:00,31.03,40.59,764.1,66,0.78,0.0,14.09
2026-09-09 12:56:00,31.04,40.83,765.62,131,0.915,0.0,14.09
2026-09-09 12:57:00,31.03,40.8,764.48,0,0.585,0.0,14.09
2026-09-09 12:58:00,31.1,40.58,763.33,60,0.345,0.0,14.09
2026-09-09 12:59:00,31.1,40.23,762.57,126,1.095,0.0,14.09
2026-09-09 13:00:00,31.0,40.27,762.19,23,0.96,0.0,14.09
2026-09-09 13:01:00,30.82,40.84,760.66,3,0.735,0.0,14.09
2026-09-09 13:02:00,30.79,41.14,760.28,151,0.495,0.0,14.09
2026-09-09 13:03:00,30.84,40.91,759.52,273,0.66,0.0,14.09
2026-09-09 13:04:00,30.91,40.5,757.99,51,0.675,0.0,14.09
2026-09-09 13:05:00,30.95,40.77,758.37,146,0.525,0.0,14.09
2026-09-09 13:06:00,31.03,40.68,757.61,76,0.555,0.0,14.09
2026-09-09 13:07:00,31.14,40.93,758.75,177,0.15,0.0,14.09
2026-09-09 13:08:00,31.28,40.47,756.08,123,0.3,0.0,14.09
2026-09-09 13:09:00,31.4,40.5,757.99,71,0.615,0.0,14.09
2026-09-09 13:10:00,31.41,39.84,757.61,332,0.66,0.0,14.09
2026-09-09 13:11:00,31.35,39.83,755.7,171,0.57,0.0,14.09
2026-09-09 13:12:00,31.25,40.18,754.56,164,0.69,0.0,14.09
2026-09-09 13:13:00,31.25,40.44,757.61,320,0.51,0.0,14.09
2026-09-09 13:14:00,31.27,40.59,757.23,92,0.645,0.0,14.09
2026-09-09 13:15:00,31.17,41.38,755.7,298,1.26,0.0,14.09
2026-09-09 13:16:00,31.07,40.74,753.41,109,1.17,0.0,14.09
2026-09-09 13:17:00,30.87,41.1,753.41,124,1.2,0.0,14.09
2026-09-09 13:18:00,30.76,41.76,753.8,332,0.72,0.0,14.09
2026-09-09 13:19:00,30.82,42.08,754.18,102,0.765,0.0,14.09
2026-09-09 13:20:00,30.9,41.99,753.41,76,0.825,0.0,14.09
2026-09-09 13:21:00,30.98,42.04,751.51,24,0.885,0.0,14.09
2026-09-09 13:22:00,31.04,40.59,749.22,169,0.66,0.0,14.09
2026-09-09 13:23:00,31.0,40.96,748.84,96,0.96,0.0,14.09
2026-09-09 13:24:00,30.97,40.82,746.93,47,1.065,0.0,14.09
2026-09-09 13:25:00,30.89,40.28,744.26,68,1.815,0.0,14.09
2026-09-09 13:26:00,30.72,40.83,742.73,271,1.005,0.0,14.09
2026-09-09 13:27:00,30.72,41.0,743.88,39,0.9,0.0,14.09
2026-09-09 13:28:00,30.73,40.79,745.4,359,0.6,0.0,14.09
2026-09-09 13:29:00,30.74,40.77,743.11,176,0.495,0.0,14.09
2026-09-09 13:30:00,30.77,40.69,743.88,61,0.72,0.0,14.09
2026-09-09 13:31:00,30.73,40.87,740.83,329,0.63,0.0,14.09
2026-09-09 13:32:00,30.79,40.71,742.35,16,0.6,0.0,14.09
2026-09-09 13:33:00,30.82,40.53,740.06,10,0.69,0.0,14.09
2026-09-09 13:34:00,30.8,40.42,742.35,197,0.99,0.0,14.09
2026-09-09 13:35:00,30.7,40.91,741.21,328,0.465,0.0,14.09
2026-09-09 13:36:00,30.74,40.58,743.11,7,0.81,0.0,14.09
2026-09-09 13:37:00,30.76,40.44,746.93,165,0.765,0.0,14.09
2026-09-09 13:38:00,30.79,40.62,752.27,21,0.585,0.0,14.09
2026-09-09 13:39:00,30.86,40.77,756.85,7,0.525,0.0,14.09
2026-09-09 13:40:00,30.91,40.46,759.14,209,0.84,0.0,14.09
2026-09-09 13:41:00,30.9,40.43,757.99,273,0.885,0.0,14.09
2026-09-09 13:42:00,30.91,40.47,753.41,252,0.585,0.0,14.09
2026-09-09 13:43:00,30.9,40.57,753.8,83,0.885,0.0,14.09
2026-09-09 13:44:00,30.94,40.53,754.94,315,0.81,0.0,14.09
2026-09-09 13:45:00,30.97,40.48,756.85,115,0.435,0.0,14.09
2026-09-09 13:46:00,31.04,41.32,756.85,33,0.585,0.0,14.09
2026-09-09 13:47:00,31.17,40.23,755.32,82,1.155,0.0,14.09
2026-09-09 13:48:00,30.95,40.5,751.51,71,1.365,0.0,14.09
2026-09-09 13:49:00,30.84,40.65,749.22,67,0.78,0.0,14.09
2026-09-09 13:50:00,30.74,41.19,758.75,125,0.99,0.0,14.09
2026-09-09 13:51:00,30.65,41.46,762.57,230,0.915,0.0,14.09
2026-09-09 13:52:00,30.7,41.33,770.96,340,0.87,0.0,14.09
2026-09-09 13:53:00,30.7,41.15,773.25,86,1.095,0.0,14.09
2026-09-09 13:54:00,30.77,41.27,773.63,258,0.66,0.0,14.09
2026-09-09 13:55:00,30.83,41.11,756.85,64,0.96,0.0,14.09
2026-09-09 13:56:00,30.89,40.89,750.36,35,0.81,0.0,14.09
2026-09-09 13:57:00,30.89,40.82,752.27,249,1.02,0.0,14.09
2026-09-09 13:58:00,30.86,40.66,769.82,313,0.765,0.0,14.09
2026-09-09 13:59:00,30.8,40.88,743.88,122,0.765,0.0,14.09
2026-09-09 14:00:00,30.72,40.75,786.6,28,0.78,0.0,14.09
2026-09-09 14:01:00,30.65,41.14,749.22,74,0.63,0.0,14.09
2026-09-09 14:02:00,30.72,41.25,753.8,0,0.285,0.0,14.09
2026-09-09 14:03:00,30.89,40.82,549.32,31,0.21,0.0,14.09
2026-09-09 14:04:00,31.01,40.63,506.98,341,0.975,0.0,14.09
2026-09-09 14:05:00,30.94,40.86,776.68,145,1.005,0.0,14.09
2026-09-09 14:06:00,30.89,40.81,786.22,297,0.795,0.0,14.09
2026-09-09 14:07:00,30.86,41.02,808.35,75,0.585,0.0,14.09
2026-09-09 14:08:00,30.86,41.56,806.44,130,1.14,0.0,14.09
2026-09-09 14:09:00,30.82,41.42,796.9,13,1.23,0.0,14.09
2026-09-09 14:10:00,30.86,41.35,791.18,108,0.75,0.0,14.09
2026-09-09 14:11:00,30.9,41.26,706.87,58,1.275,0.0,14.09
2026-09-09 14:12:00,30.8,41.34,317.77,114,1.035,0.0,14.09
2026-09-09 14:13:00,30.66,41.72,270.08,185,0.3,0.0,13.91
2026-09-09 14:14:00,30.62,41.75,709.93,7,0.585,0.0,14.09
2026-09-09 14:15:00,30.66,41.99,815.59,90,0.39,0.0,14.09
2026-09-09 14:16:00,30.8,41.42,793.09,62,1.065,0.0,14.09
2026-09-09 14:17:00,30.83,41.1,555.81,275,1.14,0.0,14.09
2026-09-09 14:18:00,30.76,41.31,526.44,101,0.525,0.0,14.09
2026-09-09 14:19:00,30.73,41.74,452.81,268,0.39,0.0,14.09
2026-09-09 14:20:00,30.7,41.65,835.81,73,0.675,0.0,14.09
2026-09-09 14:21:00,30.77,41.55,819.41,59,0.405,0.0,14.09
2026-09-09 14:22:00,30.89,42.05,806.82,111,0.33,0.0,14.09
2026-09-09 14:23:00,31.13,41.77,807.2,221,0.45,0.0,14.09
2026-09-09 14:24:00,31.23,41.56,817.12,69,0.81,0.0,14.09
2026-09-09 14:25:00,31.44,41.07,816.74,112,0.24,0.0,14.09
2026-09-09 14:26:00,31.52,40.66,788.51,235,0.795,0.0,14.09
2026-09-09 14:27:00,31.61,40.32,787.37,268,0.87,0.0,14.09
2026-09-09 14:28:00,31.55,40.4,770.96,218,0.975,0.0,14.09
2026-09-09 14:29:00,31.49,40.07,756.47,0,1.065,0.0,14.09
2026-09-09 14:30:00,31.32,40.4,751.51,119,1.215,0.0,14.09
2026-09-09 14:31:00,31.27,40.55,746.55,77,0.75,0.0,14.09
2026-09-09 14:32:00,31.2,40.57,742.35,279,0.705,0.0,14.09
2026-09-09 14:33:00,31.14,40.92,739.3,293,0.735,0.0,14.09
2026-09-09 14:34:00,31.11,40.84,744.26,317,0.825,0.0,14.09
2026-09-09 14:35:00,31.11,40.88,741.97,53,0.48,0.0,14.09
2026-09-09 14:36:00,31.2,40.66,724.04,296,0.81,0.0,14.09
2026-09-09 14:37:00,31.13,40.69,722.13,49,1.185,0.0,14.09
2026-09-09 14:38:00,30.95,40.95,704.97,286,0.99,0.0,14.09
2026-09-09 14:39:00,30.89,41.42,746.93,299,0.645,0.0,14.09
2026-09-09 14:40:00,30.94,41.39,700.77,316,0.72,0.0,14.09
2026-09-09 14:41:00,31.0,41.26,680.17,322,0.9,0.0,14.09
2026-09-09 14:42:00,30.94,41.16,724.8,333,0.855,0.0,14.09
2026-09-09 14:43:00,30.93,41.29,733.96,67,1.035,0.0,14.09
2026-09-09 14:44:00,30.91,41.5,748.84,176,0.855,0.0,14.09
2026-09-09 14:45:00,30.9,41.08,759.52,357,1.23,0.0,14.09
2026-09-09 14:46:00,30.84,41.2,773.63,317,0.705,0.0,14.09
2026-09-09 14:47:00,30.86,41.32,390.25,16,0.525,0.0,13.91
2026-09-09 14:48:00,30.74,41.53,355.92,39,0.75,0.0,13.91
2026-09-09 14:49:00,30.59,41.9,454.72,67,1.425,0.0,14.09
2026-09-09 14:50:00,30.47,41.93,352.48,38,0.855,0.0,13.91
2026-09-09 14:51:00,30.28,42.33,367.36,76,1.515,0.0,13.91
2026-09-09 14:52:00,30.08,43.12,635.92,21,1.14,0.0,14.09
2026-09-09 14:53:00,30.05,43.42,600.82,229,1.35,0.0,14.09
2026-09-09 14:54:00,30.05,43.33,416.95,79,0.855,0.0,14.09
2026-09-09 14:55:00,29.98,43.58,350.58,30,1.305,0.0,14.09
2026-09-09 14:56:00,29.91,43.55,349.05,325,0.75,0.0,14.09
2026-09-09 14:57:00,29.8,43.9,349.81,36,0.495,0.0,14.09
2026-09-09 14:58:00,29.81,44.14,360.11,58,0.54,0.0,14.09
2026-09-09 14:59:00,29.75,44.03,371.94,40,1.02,0.0,14.09
2026-09-09 15:00:00,29.73,43.8,450.52,223,0.6,0.0,14.09
2026-09-09 15:01:00,29.77,44.23,668.35,82,0.3,0.0,14.09
2026-09-09 15:02:00,29.91,44.42,541.7,42,0.195,0.0,14.09
2026-09-09 15:03:00,30.09,44.33,564.97,125,0.36,0.0,14.09
2026-09-09 15:04:00,30.25,44.25,422.67,73,0.6,0.0,14.09
2026-09-09 15:05:00,30.35,43.23,361.26,308,0.735,0.0,14.09
2026-09-09 15:06:00,30.21,42.69,363.16,200,0.96,0.0,14.09
2026-09-09 15:07:00,30.15,43.01,355.92,59,0.555,0.0,14.09
2026-09-09 15:08:00,30.09,43.52,455.1,357,0.765,0.0,14.09
2026-09-09 15:09:00,30.12,43.97,464.26,283,1.155,0.0,14.09
2026-09-09 15:10:00,30.08,44.5,299.08,4,1.185,0.0,14.09
2026-09-09 15:11:00,29.91,44.85,286.87,94,1.365,0.0,14.09
2026-09-09 15:12:00,29.75,45.33,413.52,90,1.215,0.0,14.09
2026-09-09 15:13:00,29.63,45.11,265.13,55,1.695,0.0,14.09
2026-09-09 15:14:00,29.44,45.47,256.73,74,1.095,0.0,14.09
2026-09-09 15:15:00,29.33,45.78,255.21,194,1.14,0.0,14.09
2026-09-09 15:16:00,29.23,46.36,259.4,114,0.915,0.0,14.09
2026-09-09 15:17:00,29.2,46.68,270.08,180,0.6,0.0,14.09
2026-09-09 15:18:00,29.22,46.29,280.77,172,0.54,0.0,14.09
2026-09-09 15:19:00,29.23,46.32,341.8,267,0.495,0.0,14.09
2026-09-09 15:20:00,29.24,46.52,550.85,105,0.69,0.0,14.09
2026-09-09 15:21:00,29.32,46.26,317.77,50,0.78,0.0,14.09
2026-09-09 15:22:00,29.33,46.34,328.45,183,0.615,0.0,14.09
2026-09-09 15:23:00,29.4,45.98,328.83,91,0.795,0.0,14.09
2026-09-09 15:24:00,29.41,46.11,524.53,279,0.78,0.0,14.09
2026-09-09 15:25:00,29.54,45.94,661.86,95,0.87,0.0,14.09
2026-09-09 15:26:00,29.74,45.1,657.28,151,0.915,0.0,14.09
2026-09-09 15:27:00,29.98,44.4,683.99,311,0.78,0.0,14.09
2026-09-09 15:28:00,29.95,43.93,572.59,296,1.215,0.0,14.09
2026-09-09 15:29:00,29.95,43.92,346.76,24,0.99,0.0,14.09
2026-09-09 15:30:00,29.75,44.32,326.16,347,1.2,0.0,14.09
2026-09-09 15:31:00,29.58,44.6,342.18,132,1.08,0.0,14.09
2026-09-09 15:32:00,29.47,45.15,290.68,96,0.75,0.0,14.09
2026-09-09 15:33:00,29.41,44.63,300.22,276,0.9,0.0,14.09
2026-09-09 15:34:00,29.34,44.69,300.6,194,0.855,0.0,14.09
2026-09-09 15:35:00,29.24,44.97,352.1,290,0.495,0.0,14.09
2026-09-09 15:36:00,29.24,45.17,615.32,359,0.93,0.0,14.09
2026-09-09 15:37:00,29.33,45.08,645.84,350,1.35,0.0,14.09
2026-09-09 15:38:00,29.44,45.0,638.59,136,1.065,0.0,14.09
2026-09-09 15:39:00,29.63,44.82,495.92,163,1.095,0.0,14.09
2026-09-09 15:40:00,29.73,44.29,573.74,169,1.23,0.0,14.09
2026-09-09 15:41:00,29.7,44.26,236.51,333,1.155,0.0,14.09
2026-09-09 15:42:00,29.5,44.36,212.86,260,1.44,0.0,14.09
2026-09-09 15:43:00,29.24,45.12,185.78,278,1.335,0.0,14.09
2026-09-09 15:44:00,29.07,45.28,168.61,328,0.705,0.0,14.09
2026-09-09 15:45:00,28.9,45.76,159.08,161,0.735,0.0,14.09
2026-09-09 15:46:00,28.79,46.08,153.73,349,0.915,0.0,14.09
2026-09-09 15:47:00,28.68,46.34,151.06,170,1.02,0.0,14.09
2026-09-09 15:48:00,28.56,46.17,149.92,0,1.245,0.0,14.09
2026-09-09 15:49:00,28.44,46.45,148.01,358,1.365,0.0,14.09
2026-09-09 15:50:00,28.28,46.88,146.87,125,1.065,0.0,14.09
2026-09-09 15:51:00,28.14,47.27,145.34,161,0.72,0.0,14.09
2026-09-09 15:52:00,28.05,47.73,144.2,98,0.57,0.0,14.09
2026-09-09 15:53:00,28.04,47.81,147.63,91,0.825,0.0,14.09
2026-09-09 15:54:00,28.03,48.13,199.13,301,0.63,0.0,14.09
2026-09-09 15:55:00,27.98,48.01,193.41,156,0.855,0.0,14.09
2026-09-09 15:56:00,27.96,48.38,175.1,0,0.6,0.0,14.09
2026-09-09 15:57:00,27.94,48.74,193.79,113,0.42,0.0,14.09
2026-09-09 15:58:00,27.97,48.58,209.43,55,0.795,0.0,14.09
2026-09-09 15:59:00,27.96,48.27,493.25,313,0.735,0.0,14.09
2026-09-09 16:00:00,28.13,48.38,498.21,268,0.33,0.0,14.09
2026-09-09 16:01:00,28.42,47.82,492.48,13,0.285,0.0,14.09
2026-09-09 16:02:00,28.68,46.64,489.05,338,1.035,0.0,14.09
2026-09-09 16:03:00,28.75,46.7,397.12,160,1.02,0.0,14.09
2026-09-09 16:04:00,28.87,46.27,273.14,230,0.54,0.0,14.09
2026-09-09 16:05:00,28.83,45.9,194.55,328,1.005,0.0,14.09
2026-09-09 16:06:00,28.69,46.14,140.38,6,0.915,0.0,14.09
2026-09-09 16:07:00,28.58,46.47,133.13,142,0.525,0.0,14.09
2026-09-09 16:08:00,28.49,46.59,134.28,308,0.495,0.0,14.09
2026-09-09 16:09:00,28.46,46.87,138.48,124,0.45,0.0,14.09
2026-09-09 16:10:00,28.34,47.49,151.06,209,1.425,0.0,14.09
2026-09-09 16:11:00,28.17,48.1,177.0,93,1.455,0.0,14.09
2026-09-09 16:12:00,28.04,48.3,262.46,2,0.78,0.0,14.09
2026-09-09 16:13:00,27.94,48.03,379.95,74,1.965,0.0,14.09
2026-09-09 16:14:00,27.88,48.1,354.39,80,1.485,0.0,14.09
2026-09-09 16:15:00,27.87,48.62,199.13,72,1.035,0.0,14.09
2026-09-09 16:16:00,27.72,48.64,181.96,10,2.325,0.0,14.09
2026-09-09 16:17:00,27.6,48.93,176.24,230,1.32,0.0,14.09
2026-09-09 16:18:00,27.52,49.35,163.27,90,1.41,0.0,14.09
2026-09-09 16:19:00,27.37,49.38,166.32,77,1.17,0.0,14.09
2026-09-09 16:20:00,27.3,49.54,188.07,65,0.96,0.0,14.09
2026-09-09 16:21:00,27.26,49.81,211.34,291,1.95,0.0,14.09
2026-09-09 16:22:00,27.25,49.81,230.79,323,0.825,0.0,14.09
2026-09-09 16:23:00,27.25,49.78,146.11,77,1.44,0.0,14.09
2026-09-09 16:24:00,27.19,49.95,146.87,286,1.08,0.0,14.09
2026-09-09 16:25:00,27.14,50.12,151.83,185,0.765,0.0,14.09
2026-09-09 16:26:00,27.12,49.5,154.12,130,1.62,0.0,14.09
2026-09-09 16:27:00,27.06,49.74,151.06,15,0.975,0.0,14.09
2026-09-09 16:28:00,26.99,49.88,146.49,165,0.945,0.0,14.09
2026-09-09 16:29:00,26.99,50.13,141.15,142,0.78,0.0,14.09
2026-09-09 16:30:00,26.99,49.88,135.04,98,0.735,0.0,14.09
2026-09-09 16:31:00,26.99,49.76,129.32,111,0.96,0.0,14.09
2026-09-09 16:32:00,26.94,49.92,126.27,159,1.02,0.0,14.09
2026-09-09 16:33:00,26.87,50.09,128.18,203,1.275,0.0,14.09
2026-09-09 16:34:00,26.84,50.32,128.94,63,0.525,0.0,14.09
2026-09-09 16:35:00,26.87,50.4,128.94,88,0.525,0.0,14.09
2026-09-09 16:36:00,26.84,50.29,126.65,49,1.74,0.0,14.09
2026-09-09 16:37:00,26.81,50.74,124.36,56,1.68,0.0,14.09
2026-09-09 16:38:00,26.77,50.97,121.69,108,0.915,0.0,14.09
2026-09-09 16:39:00,26.74,51.09,118.64,37,1.125,0.0,14.09
2026-09-09 16:40:00,26.73,50.95,116.35,307,0.54,0.0,14.09
2026-09-09 16:41:00,26.74,50.94,114.06,164,0.57,0.0,14.09
2026-09-09 16:42:00,26.75,50.78,114.44,62,0.93,0.0,14.09
2026-09-09 16:43:00,26.74,50.88,117.49,163,1.11,0.0,14.09
2026-09-09 16:44:00,26.75,50.76,121.31,52,0.39,0.0,14.09
2026-09-09 16:45:00,26.82,50.53,122.07,359,0.3,0.0,14.09
2026-09-09 16:46:00,26.84,49.85,119.78,291,0.705,0.0,14.09
2026-09-09 16:47:00,26.82,50.27,118.26,93,0.93,0.0,14.09
2026-09-09 16:48:00,26.81,50.47,119.02,351,0.495,0.0,14.09
2026-09-09 16:49:00,26.75,50.44,128.56,217,1.38,0.0,14.09
2026-09-09 16:50:00,26.74,50.66,143.82,47,0.705,0.0,14.09
2026-09-09 16:51:00,26.78,50.72,131.61,13,0.645,0.0,14.09
2026-09-09 16:52:00,26.78,50.68,127.03,316,0.465,0.0,14.09
2026-09-09 16:53:00,26.71,49.85,133.9,359,1.335,0.0,14.09
2026-09-09 16:54:00,26.67,50.41,199.89,195,1.41,0.0,14.09
2026-09-09 16:55:00,26.65,50.17,276.57,280,0.795,0.0,14.09
2026-09-09 16:56:00,26.77,50.23,236.9,184,0.465,0.0,14.09
2026-09-09 16:57:00,26.91,49.73,291.83,295,0.795,0.0,14.09
2026-09-09 16:58:00,27.01,49.15,293.74,1,0.975,0.0,14.09
2026-09-09 16:59:00,27.08,49.0,272.37,141,0.975,0.0,14.09
2026-09-09 17:00:00,27.15,48.91,266.27,132,0.78,0.0,14.09
2026-09-09 17:01:00,27.22,48.91,223.16,263,0.78,0.0,14.09
2026-09-09 17:02:00,27.25,48.99,230.41,279,0.555,0.0,14.09
2026-09-09 17:03:00,27.28,48.82,233.08,261,0.585,0.0,14.09
2026-09-09 17:04:00,27.26,48.87,241.47,294,0.84,0.0,14.09
2026-09-09 17:05:00,27.16,49.05,205.62,12,1.38,0.0,14.09
2026-09-09 17:06:00,27.01,49.04,210.96,17,1.56,0.0,14.09
2026-09-09 17:07:00,26.84,49.41,196.84,354,1.41,0.0,14.09
2026-09-09 17:08:00,26.75,49.73,162.89,348,0.855,0.0,14.09
2026-09-09 17:09:00,26.73,50.26,135.04,93,0.81,0.0,14.09
2026-09-09 17:10:00,26.71,50.58,107.19,261,0.645,0.0,14.09
2026-09-09 17:11:00,26.74,50.99,87.74,47,0.48,0.0,14.09
2026-09-09 17:12:00,26.7,50.8,73.24,314,0.33,0.0,13.79
2026-09-09 17:13:00,26.68,51.18,62.56,68,0.81,0.0,13.79
2026-09-09 17:14:00,26.64,50.83,55.31,60,0.75,0.0,13.79
2026-09-09 17:15:00,26.64,50.92,48.07,224,0.525,0.0,13.79
2026-09-09 17:16:00,26.55,50.51,44.63,346,1.05,0.0,13.64
2026-09-09 17:17:00,26.4,50.36,40.05,287,1.53,0.0,13.61
2026-09-09 17:18:00,26.26,50.77,34.33,115,1.365,0.0,13.57
2026-09-09 17:19:00,26.16,50.97,29.76,158,0.84,0.0,13.53
2026-09-09 17:20:00,26.09,51.35,25.94,321,0.675,0.0,13.46
2026-09-09 17:21:00,26.01,51.18,22.13,107,0.99,0.0,13.46
2026-09-09 17:22:00,25.93,51.18,18.31,323,1.2,0.0,13.16
2026-09-09 17:23:00,25.86,51.58,15.26,287,0.93,0.0,13.16
2026-09-09 17:24:00,25.79,51.92,13.73,268,0.795,0.0,13.16
2026-09-09 17:25:00,25.75,52.13,14.11,14,0.9,0.0,13.16
2026-09-09 17:26:00,25.7,52.1,14.5,28,0.84,0.0,13.16
2026-09-09 17:27:00,25.69,52.32,13.73,223,0.96,0.0,13.16
2026-09-09 17:28:00,25.62,52.41,12.97,5,1.275,0.0,13.16
2026-09-09 17:29:00,25.61,52.82,14.5,173,1.05,0.0,13.16
2026-09-09 17:30:00,25.56,52.69,17.55,301,0.885,0.0,13.16
2026-09-09 17:31:00,25.49,52.8,19.46,139,0.615,0.0,13.16
2026-09-09 17:32:00,25.49,53.07,20.22,147,0.24,0.0,13.16
2026-09-09 17:33:00,25.49,53.2,20.98,0,0.225,0.0,13.16
2026-09-09 17:34:00,25.5,53.21,22.13,64,0.435,0.0,13.16
2026-09-09 17:35:00,25.52,53.08,23.27,95,1.05,0.0,13.16
2026-09-09 17:36:00,25.48,53.06,24.8,127,0.81,0.0,13.16
2026-09-09 17:37:00,25.46,53.33,25.18,92,0.51,0.0,13.16
2026-09-09 17:38:00,25.46,53.21,26.32,295,0.48,0.0,13.16
2026-09-09 17:39:00,25.46,53.44,27.85,9,0.54,0.0,13.16
2026-09-09 17:40:00,25.45,53.53,29.76,116,0.885,0.0,13.16
2026-09-09 17:41:00,25.42,53.6,31.66,98,0.375,0.0,13.16
2026-09-09 17:42:00,25.42,53.68,33.57,87,0.375,0.0,13.16
2026-09-09 17:43:00,25.41,53.79,33.57,48,1.08,0.0,13.16
2026-09-09 17:44:00,25.39,54.01,34.71,71,0.615,0.0,13.16
2026-09-09 17:45:00,25.38,54.06,36.62,305,0.45,0.0,13.16
2026-09-09 17:46:00,25.37,53.95,37.77,131,0.6,0.0,13.16
2026-09-09 17:47:00,25.39,53.8,38.91,131,0.99,0.0,13.16
2026-09-09 17:48:00,25.37,53.94,37.0,28,0.855,0.0,13.16
2026-09-09 17:49:00,25.34,54.06,34.71,194,0.48,0.0,13.16
2026-09-09 17:50:00,25.32,54.09,34.71,48,0.66,0.0,13.16
2026-09-09 17:51:00,25.32,54.1,35.1,320,0.615,0.0,13.16
2026-09-09 17:52:00,25.28,54.13,34.33,328,1.455,0.0,13.16
2026-09-09 17:53:00,25.24,54.33,31.66,357,0.885,0.0,13.16
2026-09-09 17:54:00,25.19,54.5,29.37,45,0.54,0.0,13.16
2026-09-09 17:55:00,25.21,54.61,30.14,278,0.525,0.0,13.16
2026-09-09 17:56:00,25.24,54.62,29.76,0,0.585,0.0,13.16
2026-09-09 17:57:00,25.24,54.7,26.7,136,0.42,0.0,13.16
2026-09-09 17:58:00,25.24,54.58,24.41,271,1.02,0.0,13.16
2026-09-09 17:59:00,25.19,54.83,24.03,142,0.78,0.0,13.16
2026-09-09 18:00:00,25.15,54.83,24.41,97,0.855,0.0,13.12
2026-09-09 18:01:00,25.08,54.9,24.03,301,0.57,0.0,13.12
2026-09-09 18:02:00,25.13,55.09,25.18,69,0.48,0.0,13.12
2026-09-09 18:03:00,25.14,55.08,25.18,48,0.315,0.0,13.12
2026-09-09 18:04:00,25.14,55.08,24.41,35,0.735,0.0,13.12
2026-09-09 18:05:00,25.14,54.71,21.74,107,0.735,0.0,13.08
2026-09-09 18:06:00,25.11,54.92,19.46,49,0.375,0.0,13.08
2026-09-09 18:07:00,25.15,54.61,19.07,123,0.675,0.0,13.08
2026-09-09 18:08:00,25.14,54.23,19.07,118,0.78,0.0,13.08
2026-09-09 18:09:00,25.08,54.35,18.69,10,1.185,0.0,13.04
2026-09-09 18:10:00,25.05,54.45,16.78,290,0.495,0.0,13.04
2026-09-09 18:11:00,25.05,54.47,15.64,15,0.96,0.0,13.04
2026-09-09 18:12:00,24.98,54.49,14.5,60,0.75,0.0,13.04
2026-09-09 18:13:00,24.91,54.57,14.11,171,1.305,0.0,13.04
2026-09-09 18:14:00,24.87,54.49,12.97,45,1.26,0.0,13.04
2026-09-09 18:15:00,24.77,54.44,11.83,145,1.62,0.0,13.04
2026-09-09 18:16:00,24.7,54.87,11.83,156,1.215,0.0,13.04
2026-09-09 18:17:00,24.66,54.94,11.83,30,0.975,0.0,13.04
2026-09-09 18:18:00,24.63,54.99,10.68,2,1.38,0.0,13.04
2026-09-09 18:19:00,24.63,55.03,9.92,53,0.855,0.0,13.04
2026-09-09 18:20:00,24.59,55.05,9.92,38,0.96,0.0,13.04
2026-09-09 18:21:00,24.6,55.25,8.77,112,0.525,0.0,13.04
2026-09-09 18:22:00,24.64,55.27,8.39,112,0.495,0.0,13.04
2026-09-09 18:23:00,24.64,55.1,7.63,263,0.72,0.0,13.04
2026-09-09 18:24:00,24.63,55.1,8.39,328,1.29,0.0,13.04
2026-09-09 18:25:00,24.54,55.1,8.77,40,1.62,0.0,13.04
2026-09-09 18:26:00,24.46,55.38,9.92,170,1.02,0.0,13.04
2026-09-09 18:27:00,24.42,55.6,10.3,27,1.26,0.0,13.04
2026-09-09 18:28:00,24.39,55.67,10.68,308,0.825,0.0,13.04
2026-09-09 18:29:00,24.36,55.73,11.83,109,1.44,0.0,13.04
2026-09-09 18:30:00,24.35,55.87,11.06,2,1.185,0.0,13.04
2026-09-09 18:31:00,24.33,55.94,10.68,107,1.035,0.0,13.04
2026-09-09 18:32:00,24.29,55.98,9.16,14,1.275,0.0,13.04
2026-09-09 18:33:00,24.26,56.03,8.39,140,1.365,0.0,13.04
2026-09-09 18:34:00,24.26,56.19,8.01,304,0.84,0.0,13.04
2026-09-09 18:35:00,24.26,56.19,7.25,227,0.87,0.0,13.04
2026-09-09 18:36:00,24.25,56.26,6.49,42,0.465,0.0,13.04
2026-09-09 18:37:00,24.28,56.21,5.72,101,0.75,0.0,13.04
2026-09-09 18:38:00,24.3,56.22,5.72,213,0.57,0.0,13.04
2026-09-09 18:39:00,24.29,56.25,4.96,316,0.72,0.0,13.04
2026-09-09 18:40:00,24.32,56.39,4.58,83,1.005,0.0,13.04
2026-09-09 18:41:00,24.29,56.44,3.81,11,0.72,0.0,13.04
2026-09-09 18:42:00,24.28,56.43,3.43,62,0.78,0.0,13.04
2026-09-09 18:43:00,24.29,56.53,2.29,324,0.69,0.0,13.04
2026-09-09 18:44:00,24.25,56.82,2.29,40,0.66,0.0,13.04
2026-09-09 18:45:00,24.22,56.95,1.91,57,0.78,0.0,13.04
2026-09-09 18:46:00,24.22,56.94,1.53,246,0.345,0.0,13.04
2026-09-09 18:47:00,24.2,57.0,1.14,133,0.3,0.0,13.04
2026-09-09 18:48:00,24.18,57.19,1.53,115,0.54,0.0,13.04
2026-09-09 18:49:00,24.18,57.39,1.14,94,0.795,0.0,13.04
2026-09-09 18:50:00,24.12,57.44,1.14,252,0.645,0.0,13.04
2026-09-09 18:51:00,24.13,57.59,1.14,51,0.48,0.0,13.04
2026-09-09 18:52:00,24.13,57.57,1.14,197,0.405,0.0,13.04
2026-09-09 18:53:00,24.15,57.61,1.53,104,0.51,0.0,13.04
2026-09-09 18:54:00,24.13,57.67,1.14,358,0.825,0.0,13.04
2026-09-09 18:55:00,24.11,57.65,1.14,23,0.435,0.0,13.04
2026-09-09 18:56:00,24.12,57.57,1.14,96,0.675,0.0,13.04
2026-09-09 18:57:00,24.06,57.63,0.76,300,0.645,0.0,13.04
2026-09-09 18:58:00,24.06,57.57,0.76,114,0.78,0.0,13.04
2026-09-09 18:59:00,24.01,57.64,0.0,336,0.51,0.0,13.04
2026-09-09 19:00:00,23.99,57.65,0.0,268,0.405,0.0,13.04
2026-09-09 19:01:00,24.01,57.73,0.0,99,0.75,0.0,13.04
2026-09-09 19:02:00,24.01,57.83,0.0,139,0.36,0.0,13.04
2026-09-09 19:03:00,24.02,57.77,0.0,358,0.825,0.0,13.04
2026-09-09 19:04:00,24.01,57.78,0.0,318,0.465,0.0,13.04
2026-09-09 19:05:00,23.99,57.67,0.0,58,0.195,0.0,13.04
2026-09-09 19:06:00,24.01,57.43,0.0,160,0.63,0.0,13.04
2026-09-09 19:07:00,23.99,57.51,0.0,198,0.315,0.0,13.04
2026-09-09 19:08:00,23.96,57.48,0.0,303,0.615,0.0,13.04
2026-09-09 19:09:00,23.95,57.45,0.0,284,0.525,0.0,13.04
2026-09-09 19:10:00,23.95,57.62,0.0,0,0.585,0.0,13.04
2026-09-09 19:11:00,23.89,57.8,0.0,6,0.105,0.0,13.04
2026-09-09 19:12:00,23.91,57.67,0.0,300,0.225,0.0,13.04
2026-09-09 19:13:00,23.91,57.95,0.0,4,0.555,0.0,13.04
2026-09-09 19:14:00,23.84,58.02,0.0,17,0.795,0.0,13.04
2026-09-09 19:15:00,23.84,57.98,0.0,41,0.72,0.0,13.04
2026-09-09 19:16:00,23.82,57.81,0.0,314,0.36,0.0,13.04
2026-09-09 19:17:00,23.82,57.74,0.0,342,0.225,0.0,13.04
2026-09-09 19:18:00,23.77,57.8,0.0,95,0.735,0.0,13.04
2026-09-09 19:19:00,23.77,57.9,0.0,339,0.51,0.0,13.04
2026-09-09 19:20:00,23.74,57.86,0.0,283,0.75,0.0,13.04
2026-09-09 19:21:00,23.67,57.98,0.0,326,0.42,0.0,13.04
2026-09-09 19:22:00,23.65,57.82,0.0,38,0.375,0.0,13.04
2026-09-09 19:23:00,23.65,58.0,0.0,91,0.81,0.0,13.04
2026-09-09 19:24:00,23.64,58.09,0.0,139,0.45,0.0,13.04
2026-09-09 19:25:00,23.61,58.19,0.0,50,0.9,0.0,13.04
2026-09-09 19:26:00,23.55,58.23,0.0,214,1.17,0.0,13.04
2026-09-09 19:27:00,23.52,58.1,0.0,0,0.585,0.0,13.04
2026-09-09 19:28:00,23.51,58.19,0.0,67,0.87,0.0,13.04
2026-09-09 19:29:00,23.48,58.44,0.0,65,0.735,0.0,13.04
2026-09-09 19:30:00,23.44,58.41,0.0,18,0.345,0.0,13.04
2026-09-09 19:31:00,23.42,58.57,0.0,0,0.195,0.0,13.04
2026-09-09 19:32:00,23.41,58.65,0.0,317,0.57,0.0,13.04
2026-09-09 19:33:00,23.37,58.7,0.0,260,0.285,0.0,13.04
2026-09-09 19:34:00,23.37,58.86,0.0,188,0.285,0.0,13.04
2026-09-09 19:35:00,23.38,59.12,0.0,98,0.405,0.0,13.04
2026-09-09 19:36:00,23.34,58.85,0.0,256,0.405,0.0,13.04
2026-09-09 19:37:00,23.34,58.86,0.0,332,0.705,0.0,13.04
2026-09-09 19:38:00,23.34,59.04,0.0,70,0.75,0.0,13.04
2026-09-09 19:39:00,23.29,59.07,0.0,73,0.21,0.0,13.04
2026-09-09 19:40:00,23.27,58.97,0.0,14,0.525,0.0,13.04
2026-09-09 19:41:00,23.26,58.98,0.0,136,0.225,0.0,13.04
2026-09-09 19:42:00,23.26,59.09,0.0,78,0.555,0.0,13.04
2026-09-09 19:43:00,23.23,59.28,0.0,84,0.735,0.0,13.04
2026-09-09 19:44:00,23.19,58.95,0.0,69,0.39,0.0,13.04
2026-09-09 19:45:00,23.16,59.05,0.0,9,1.035,0.0,13.04
2026-09-09 19:46:00,23.11,59.24,0.0,116,0.63,0.0,13.04
2026-09-09 19:47:00,23.09,59.43,0.0,67,0.525,0.0,13.04
2026-09-09 19:48:00,23.06,59.46,0.0,86,0.405,0.0,13.04
2026-09-09 19:49:00,23.04,59.4,0.0,247,0.675,0.0,13.04
2026-09-09 19:50:00,23.0,59.56,0.0,0,0.48,0.0,13.04
2026-09-09 19:51:00,23.0,59.87,0.0,329,0.69,0.0,13.04
2026-09-09 19:52:00,22.97,59.91,0.0,72,0.75,0.0,13.04
2026-09-09 19:53:00,22.96,59.91,0.0,47,0.555,0.0,13.04
2026-09-09 19:54:00,22.93,60.1,0.0,73,0.63,0.0,13.04
2026-09-09 19:55:00,22.89,60.3,0.0,68,0.645,0.0,13.04
2026-09-09 19:56:00,22.85,60.27,0.0,41,0.3,0.0,13.04
2026-09-09 19:57:00,22.87,60.36,0.0,123,0.375,0.0,13.04
2026-09-09 19:58:00,22.83,60.28,0.0,303,0.645,0.0,13.04
2026-09-09 19:59:00,22.8,60.34,0.0,17,0.195,0.0,13.04
2026-09-09 20:00:00,22.79,60.4,0.0,318,0.18,0.0,13.04
2026-09-09 20:01:00,22.8,60.4,0.0,19,0.645,0.0,13.04
2026-09-09 20:02:00,22.78,60.45,0.0,62,0.405,0.0,13.04
2026-09-09 20:03:00,22.79,60.49,0.0,73,0.105,0.0,13.04
2026-09-09 20:04:00,22.8,60.52,0.0,199,0.675,0.0,13.04
2026-09-09 20:05:00,22.87,60.13,0.0,328,0.735,0.0,13.04
2026-09-09 20:06:00,22.83,59.95,0.0,10,0.765,0.0,13.04
2026-09-09 20:07:00,22.82,59.83,0.0,312,0.885,0.0,13.04
2026-09-09 20:08:00,22.75,59.97,0.0,35,0.9,0.0,13.04
2026-09-09 20:09:00,22.73,60.27,0.0,107,0.96,0.0,13.04
2026-09-09 20:10:00,22.7,60.29,0.0,227,0.615,0.0,13.04
2026-09-09 20:11:00,22.75,60.25,0.0,287,0.18,0.0,13.04
2026-09-09 20:12:00,22.73,60.23,0.0,161,0.18,0.0,13.04
2026-09-09 20:13:00,22.7,60.38,0.0,69,0.525,0.0,13.04
2026-09-09 20:14:00,22.72,60.13,0.0,352,0.6,0.0,13.04
2026-09-09 20:15:00,22.72,60.08,0.0,32,0.735,0.0,13.04
2026-09-09 20:16:00,22.66,60.17,0.0,285,0.555,0.0,13.04
2026-09-09 20:17:00,22.66,60.17,0.0,338,0.75,0.0,13.04
2026-09-09 20:18:00,22.62,60.29,0.0,27,0.54,0.0,13.04
2026-09-09 20:19:00,22.63,60.28,0.0,100,0.345,0.0,13.04
2026-09-09 20:20:00,22.59,60.45,0.0,115,0.495,0.0,13.04
2026-09-09 20:21:00,22.61,60.55,0.0,15,0.585,0.0,13.04
2026-09-09 20:22:00,22.59,60.45,0.0,352,0.6,0.0,13.04
2026-09-09 20:23:00,22.61,60.47,0.0,351,0.18,0.0,13.04
2026-09-09 20:24:00,22.62,60.49,0.0,25,0.255,0.0,13.04
2026-09-09 20:25:00,22.62,60.4,0.0,308,0.45,0.0,13.04
2026-09-09 20:26:00,22.59,60.46,0.0,304,0.465,0.0,13.04
2026-09-09 20:27:00,22.61,60.54,0.0,315,0.33,0.0,13.04
2026-09-09 20:28:00,22.61,60.58,0.0,328,0.285,0.0,13.04
2026-09-09 20:29:00,22.56,60.63,0.0,301,0.54,0.0,13.04
2026-09-09 20:30:00,22.59,60.45,0.0,268,0.765,0.0,13.04
2026-09-09 20:31:00,22.53,60.75,0.0,139,0.81,0.0,13.04
2026-09-09 20:32:00,22.52,60.8,0.0,17,0.225,0.0,13.04
2026-09-09 20:33:00,22.53,60.98,0.0,74,0.315,0.0,13.04
2026-09-09 20:34:00,22.52,60.97,0.0,96,0.165,0.0,13.04
2026-09-09 20:35:00,22.51,61.02,0.0,107,0.435,0.0,13.04
2026-09-09 20:36:00,22.48,61.04,0.0,344,0.525,0.0,13.04
2026-09-09 20:37:00,22.46,61.15,0.0,17,0.24,0.0,13.04
2026-09-09 20:38:00,22.43,61.14,0.0,49,0.285,0.0,13.04
2026-09-09 20:39:00,22.39,61.29,0.0,57,0.105,0.0,13.04
2026-09-09 20:40:00,22.38,61.35,0.0,80,0.495,0.0,13.04
2026-09-09 20:41:00,22.38,61.5,0.0,134,0.195,0.0,13.04
2026-09-09 20:42:00,22.35,61.52,0.0,98,0.195,0.0,13.04
2026-09-09 20:43:00,22.35,61.41,0.0,356,0.51,0.0,13.04
2026-09-09 20:44:00,22.38,61.42,0.0,23,0.48,0.0,13.04
2026-09-09 20:45:00,22.39,61.32,0.0,77,0.6,0.0,13.04
2026-09-09 20:46:00,22.38,61.37,0.0,80,0.465,0.0,13.04
2026-09-09 20:47:00,22.35,61.33,0.0,60,0.3,0.0,13.04
2026-09-09 20:48:00,22.35,61.37,0.0,76,0.27,0.0,13.04
2026-09-09 20:49:00,22.29,61.34,0.0,65,0.33,0.0,13.04
2026-09-09 20:50:00,22.28,61.29,0.0,292,1.305,0.0,13.04
2026-09-09 20:51:00,22.25,61.21,0.0,274,0.885,0.0,13.01
2026-09-09 20:52:00,22.21,61.29,0.0,87,0.585,0.0,13.04
2026-09-09 20:53:00,22.2,61.32,0.0,14,0.495,0.0,13.04
2026-09-09 20:54:00,22.18,61.42,0.0,46,0.765,0.0,13.04
2026-09-09 20:55:00,22.18,61.57,0.0,68,0.285,0.0,13.04
2026-09-09 20:56:00,22.18,61.6,0.0,168,0.495,0.0,13.04
2026-09-09 20:57:00,22.2,61.5,0.0,73,0.405,0.0,13.04
2026-09-09 20:58:00,22.17,61.57,0.0,97,0.54,0.0,13.04
2026-09-09 20:59:00,22.17,61.65,0.0,185,0.39,0.0,13.04
2026-09-09 21:00:00,22.12,61.77,0.0,282,0.63,0.0,13.04
2026-09-09 21:01:00,22.08,61.76,0.0,262,0.555,0.0,13.01
2026-09-09 21:02:00,22.02,61.96,0.0,58,1.095,0.0,13.01
2026-09-09 21:03:00,22.02,61.99,0.0,25,0.735,0.0,13.04
2026-09-09 21:04:00,22.01,62.04,0.0,290,0.525,0.0,13.04
2026-09-09 21:05:00,22.0,62.1,0.0,207,0.315,0.0,13.04
2026-09-09 21:06:00,21.97,62.03,0.0,253,0.42,0.0,13.01
2026-09-09 21:07:00,21.97,62.19,0.0,194,0.435,0.0,13.04
2026-09-09 21:08:00,22.0,61.96,0.0,359,0.315,0.0,13.01
2026-09-09 21:09:00,21.97,61.9,0.0,253,0.78,0.0,13.04
2026-09-09 21:10:00,21.98,61.94,0.0,18,0.84,0.0,13.04
2026-09-09 21:11:00,21.97,61.92,0.0,55,0.45,0.0,12.97
2026-09-09 21:12:00,21.97,61.92,0.0,193,0.525,0.0,13.01
2026-09-09 21:13:00,21.97,61.97,0.0,124,0.69,0.0,13.01
2026-09-09 21:14:00,21.98,62.05,0.0,83,0.435,0.0,13.01
2026-09-09 21:15:00,21.95,62.14,0.0,83,0.75,0.0,13.01
2026-09-09 21:16:00,21.92,62.24,0.0,253,0.825,0.0,13.01
2026-09-09 21:17:00,21.94,62.07,0.0,288,0.615,0.0,13.01
2026-09-09 21:18:00,21.91,62.04,0.0,213,0.36,0.0,13.01
2026-09-09 21:19:00,21.92,62.07,0.0,51,0.585,0.0,13.01
2026-09-09 21:20:00,21.9,62.14,0.0,24,0.6,0.0,13.04
2026-09-09 21:21:00,21.9,62.15,0.0,168,0.27,0.0,12.97
2026-09-09 21:22:00,21.9,62.31,0.0,74,0.78,0.0,12.97
2026-09-09 21:23:00,21.85,62.35,0.0,80,0.345,0.0,13.01
2026-09-09 21:24:00,21.9,62.3,0.0,40,0.42,0.0,13.01
2026-09-09 21:25:00,21.9,62.4,0.0,116,0.51,0.0,13.01
2026-09-09 21:26:00,21.87,62.29,0.0,36,0.495,0.0,13.01
2026-09-09 21:27:00,21.84,62.36,0.0,61,0.27,0.0,13.01
2026-09-09 21:28:00,21.83,62.47,0.0,1,0.39,0.0,13.01
2026-09-09 21:29:00,21.81,62.47,0.0,120,0.87,0.0,13.01
2026-09-09 21:30:00,21.81,62.68,0.0,62,0.525,0.0,13.01
2026-09-09 21:31:00,21.8,62.59,0.0,344,0.45,0.0,12.97
2026-09-09 21:32:00,21.77,62.69,0.0,335,0.48,0.0,12.97
2026-09-09 21:33:00,21.74,62.74,0.0,335,0.165,0.0,12.97
2026-09-09 21:34:00,21.73,62.78,0.0,351,0.06,0.0,13.01
2026-09-09 21:35:00,21.74,62.74,0.0,286,0.225,0.0,12.97
2026-09-09 21:36:00,21.73,62.71,0.0,246,0.42,0.0,13.01
2026-09-09 21:37:00,21.69,62.71,0.0,84,0.36,0.0,13.01
2026-09-09 21:38:00,21.7,62.84,0.0,289,0.285,0.0,12.97
2026-09-09 21:39:00,21.7,62.92,0.0,88,0.765,0.0,12.97
2026-09-09 21:40:00,21.67,62.94,0.0,88,0.285,0.0,13.01
2026-09-09 21:41:00,21.7,62.6,0.0,355,0.945,0.0,12.97
2026-09-09 21:42:00,21.64,62.63,0.0,283,0.63,0.0,12.97
2026-09-09 21:43:00,21.67,62.92,0.0,130,0.66,0.0,12.97
2026-09-09 21:44:00,21.66,62.68,0.0,76,0.84,0.0,12.97
2026-09-09 21:45:00,21.66,62.7,0.0,13,0.6,0.0,12.97
2026-09-09 21:46:00,21.67,62.81,0.0,59,0.225,0.0,12.97
2026-09-09 21:47:00,21.67,62.96,0.0,59,0.18,0.0,12.97
2026-09-09 21:48:00,21.67,63.12,0.0,64,0.345,0.0,12.97
2026-09-09 21:49:00,21.64,63.16,0.0,198,0.21,0.0,12.97
2026-09-09 21:50:00,21.64,63.01,0.0,286,0.39,0.0,12.97
2026-09-09 21:51:00,21.6,63.1,0.0,81,0.33,0.0,12.97
2026-09-09 21:52:00,21.6,63.11,0.0,81,0.18,0.0,12.97
2026-09-09 21:53:00,21.6,63.13,0.0,65,0.255,0.0,12.97
2026-09-09 21:54:00,21.57,63.12,0.0,65,0.015,0.0,12.97
2026-09-09 21:55:00,21.57,63.28,0.0,82,0.135,0.0,12.97
2026-09-09 21:56:00,21.56,63.39,0.0,83,0.3,0.0,12.97
2026-09-09 21:57:00,21.53,63.46,0.0,348,0.195,0.0,12.97
2026-09-09 21:58:00,21.49,63.36,0.0,129,0.525,0.0,12.97
2026-09-09 21:59:00,21.47,63.45,0.0,93,0.24,0.0,12.97
2026-09-09 22:00:00,21.47,63.49,0.0,79,0.225,0.0,12.97
2026-09-09 22:01:00,21.47,63.49,0.0,79,0.315,0.0,12.97
2026-09-09 22:02:00,21.49,63.53,0.0,41,0.405,0.0,12.97
2026-09-09 22:03:00,21.43,63.49,0.0,34,0.615,0.0,12.97
2026-09-09 22:04:00,21.44,63.57,0.0,106,0.42,0.0,12.97
2026-09-09 22:05:00,21.42,63.76,0.0,75,0.405,0.0,12.97
2026-09-09 22:06:00,21.42,63.84,0.0,104,0.645,0.0,12.97
2026-09-09 22:07:00,21.42,63.86,0.0,66,0.735,0.0,12.97
2026-09-09 22:08:00,21.34,63.83,0.0,43,0.675,0.0,12.97
2026-09-09 22:09:00,21.33,63.95,0.0,47,0.72,0.0,12.97
2026-09-09 22:10:00,21.27,64.11,0.0,60,0.45,0.0,12.97
2026-09-09 22:11:00,21.23,64.21,0.0,71,0.69,0.0,12.93
2026-09-09 22:12:00,21.23,64.31,0.0,52,0.225,0.0,12.97
2026-09-09 22:13:00,21.21,64.3,0.0,69,0.51,0.0,12.97
2026-09-09 22:14:00,21.21,64.39,0.0,46,0.45,0.0,12.97
2026-09-09 22:15:00,21.21,64.37,0.0,18,0.48,0.0,12.97
2026-09-09 22:16:00,21.21,64.41,0.0,18,0.075,0.0,12.97
2026-09-09 22:17:00,21.22,64.35,0.0,112,0.33,0.0,12.97
2026-09-09 22:18:00,21.19,64.26,0.0,150,0.375,0.0,12.97
2026-09-09 22:19:00,21.19,64.25,0.0,160,0.375,0.0,12.97
2026-09-09 22:20:00,21.21,64.09,0.0,169,0.345,0.0,12.97
2026-09-09 22:21:00,21.18,64.22,0.0,169,0.045,0.0,12.93
2026-09-09 22:22:00,21.21,64.32,0.0,70,0.3,0.0,12.93
2026-09-09 22:23:00,21.21,64.08,0.0,42,0.525,0.0,12.97
2026-09-09 22:24:00,21.18,64.14,0.0,95,0.21,0.0,12.93
2026-09-09 22:25:00,21.15,64.25,0.0,82,0.735,0.0,12.97
2026-09-09 22:26:00,21.13,64.35,0.0,63,0.675,0.0,12.93
2026-09-09 22:27:00,21.08,64.43,0.0,67,0.66,0.0,12.93
2026-09-09 22:28:00,21.03,64.63,0.0,40,0.42,0.0,12.93
2026-09-09 22:29:00,21.02,64.69,0.0,75,0.54,0.0,12.97
2026-09-09 22:30:00,20.98,64.86,0.0,75,0.285,0.0,12.93
2026-09-09 22:31:00,20.95,65.04,0.0,75,0.21,0.0,12.93
2026-09-09 22:32:00,20.91,65.1,0.0,75,0.51,0.0,12.93
2026-09-09 22:33:00,20.89,65.23,0.0,74,0.795,0.0,12.93
2026-09-09 22:34:00,20.83,65.33,0.0,74,0.54,0.0,12.93
2026-09-09 22:35:00,20.82,65.51,0.0,42,0.15,0.0,12.93
2026-09-09 22:36:00,20.81,65.49,0.0,75,0.675,0.0,12.93
2026-09-09 22:37:00,20.78,65.62,0.0,58,0.51,0.0,12.93
2026-09-09 22:38:00,20.76,65.7,0.0,84,0.57,0.0,12.93
2026-09-09 22:39:00,20.74,65.8,0.0,67,0.6,0.0,12.93
2026-09-09 22:40:00,20.72,65.9,0.0,67,0.345,0.0,12.93
2026-09-09 22:41:00,20.72,65.82,0.0,62,0.54,0.0,12.93
2026-09-09 22:42:00,20.72,65.72,0.0,68,0.63,0.0,12.93
2026-09-09 22:43:00,20.7,65.78,0.0,66,0.69,0.0,12.93
2026-09-09 22:44:00,20.7,65.86,0.0,74,0.735,0.0,12.93
2026-09-09 22:45:00,20.72,65.91,0.0,74,0.15,0.0,12.93
2026-09-09 22:46:00,20.71,65.86,0.0,74,0.225,0.0,12.93
2026-09-09 22:47:00,20.7,65.79,0.0,67,0.675,0.0,12.93
2026-09-09 22:48:00,20.7,65.86,0.0,67,0.36,0.0,12.93
2026-09-09 22:49:00,20.71,65.89,0.0,67,0.33,0.0,12.93
2026-09-09 22:50:00,20.7,65.83,0.0,67,0.435,0.0,12.93
2026-09-09 22:51:00,20.68,65.81,0.0,67,0.45,0.0,12.93
2026-09-09 22:52:00,20.67,65.69,0.0,67,0.615,0.0,12.93
2026-09-09 22:53:00,20.64,65.84,0.0,95,0.6,0.0,12.93
2026-09-09 22:54:00,20.62,65.83,0.0,75,0.465,0.0,12.93
2026-09-09 22:55:00,20.65,65.9,0.0,61,0.48,0.0,12.93
2026-09-09 22:56:00,20.64,65.97,0.0,61,0.075,0.0,12.93
2026-09-09 22:57:00,20.64,66.06,0.0,61,0.12,0.0,12.93
2026-09-09 22:58:00,20.62,65.97,0.0,55,0.555,0.0,12.93
2026-09-09 22:59:00,20.61,65.98,0.0,54,0.555,0.0,12.93
2026-09-09 23:00:00,20.6,65.97,0.0,54,0.39,0.0,12.93
2026-09-09 23:01:00,20.58,66.08,0.0,54,0.045,0.0,12.93
2026-09-09 23:02:00,20.55,66.11,0.0,54,0.12,0.0,12.93
2026-09-09 23:03:00,20.54,66.14,0.0,54,0.135,0.0,12.93
2026-09-09 23:04:00,20.52,66.34,0.0,77,0.39,0.0,12.93
2026-09-09 23:05:00,20.48,66.36,0.0,46,0.36,0.0,12.93
2026-09-09 23:06:00,20.47,66.45,0.0,12,0.3,0.0,12.93
2026-09-09 23:07:00,20.45,66.54,0.0,12,0.18,0.0,12.93
2026-09-09 23:08:00,20.44,66.43,0.0,91,0.33,0.0,12.93
2026-09-09 23:09:00,20.43,66.39,0.0,84,0.57,0.0,12.93
2026-09-09 23:10:00,20.4,66.63,0.0,84,0.345,0.0,12.93
2026-09-09 23:11:00,20.35,66.76,0.0,89,0.48,0.0,12.93
2026-09-09 23:12:00,20.33,66.93,0.0,89,0.42,0.0,12.93
2026-09-09 23:13:00,20.3,67.03,0.0,89,0.345,0.0,12.93
2026-09-09 23:14:00,20.34,67.17,0.0,89,0.12,0.0,12.93
2026-09-09 23:15:00,20.31,67.1,0.0,89,0.12,0.0,12.93
2026-09-09 23:16:00,20.33,67.25,0.0,89,0.345,0.0,12.93
2026-09-09 23:17:00,20.31,67.51,0.0,89,0.39,0.0,12.93
2026-09-09 23:18:00,20.27,67.56,0.0,89,0.285,0.0,12.93
2026-09-09 23:19:00,20.21,67.62,0.0,89,0.27,0.0,12.93
2026-09-09 23:20:00,20.19,67.77,0.0,89,0.165,0.0,12.93
2026-09-09 23:21:00,20.21,67.85,0.0,43,0.21,0.0,12.93
2026-09-09 23:22:00,20.2,67.99,0.0,43,0.195,0.0,12.93
2026-09-09 23:23:00,20.17,67.73,0.0,42,0.195,0.0,12.93
2026-09-09 23:24:00,20.19,67.72,0.0,42,0.045,0.0,12.93
2026-09-09 23:25:00,20.19,67.58,0.0,42,0.15,0.0,12.93
2026-09-09 23:26:00,20.19,67.63,0.0,42,0.03,0.0,12.93
2026-09-09 23:27:00,20.19,67.52,0.0,42,0.03,0.0,12.93
2026-09-09 23:28:00,20.19,67.38,0.0,42,0.12,0.0,12.93
2026-09-09 23:29:00,20.23,67.19,0.0,62,0.27,0.0,12.93
2026-09-09 23:30:00,20.17,67.14,0.0,62,0.42,0.0,12.93
2026-09-09 23:31:00,20.14,67.16,0.0,60,0.39,0.0,12.93
2026-09-09 23:32:00,20.13,67.23,0.0,60,0.495,0.0,12.93
2026-09-09 23:33:00,20.1,67.34,0.0,60,0.465,0.0,12.93
2026-09-09 23:34:00,20.07,67.4,0.0,60,0.48,0.0,12.93
2026-09-09 23:35:00,20.06,67.56,0.0,60,0.645,0.0,12.93
2026-09-09 23:36:00,20.02,67.75,0.0,60,0.375,0.0,12.93
2026-09-09 23:37:00,19.97,67.88,0.0,60,0.375,0.0,12.93
2026-09-09 23:38:00,19.99,67.95,0.0,86,0.63,0.0,12.93
2026-09-09 23:39:00,19.94,67.91,0.0,86,0.36,0.0,12.93
2026-09-09 23:40:00,19.94,67.84,0.0,86,0.495,0.0,12.93
2026-09-09 23:41:00,19.96,68.07,0.0,86,0.3,0.0,12.93
2026-09-09 23:42:00,19.97,68.26,0.0,86,0.18,0.0,12.93
2026-09-09 23:43:00,19.97,68.12,0.0,25,0.09,0.0,12.93
2026-09-09 23:44:00,19.96,68.11,0.0,65,0.045,0.0,12.93
2026-09-09 23:45:00,19.97,68.17,0.0,65,0.06,0.0,12.93
2026-09-09 23:46:00,19.97,67.99,0.0,65,0.15,0.0,12.93
2026-09-09 23:47:00,19.97,67.82,0.0,65,0.3,0.0,12.93
2026-09-09 23:48:00,19.96,67.83,0.0,65,0.42,0.0,12.93
2026-09-09 23:49:00,19.93,67.82,0.0,65,0.15,0.0,12.93
2026-09-09 23:50:00,19.92,67.81,0.0,60,0.555,0.0,12.93
2026-09-09 23:51:00,19.92,67.91,0.0,66,0.255,0.0,12.93
2026-09-09 23:52:00,19.92,67.83,0.0,71,0.675,0.0,12.93
2026-09-09 23:53:00,19.92,67.76,0.0,71,0.615,0.0,12.93
2026-09-09 23:54:00,19.9,67.73,0.0,71,0.42,0.0,12.93
2026-09-09 23:55:00,19.9,67.77,0.0,71,0.45,0.0,12.93
2026-09-09 23:56:00,19.9,67.8,0.0,71,0.195,0.0,12.93
2026-09-09 23:57:00,19.89,68.08,0.0,71,0.36,0.0,12.93
2026-09-09 23:58:00,19.87,68.46,0.0,71,0.225,0.0,12.93
2026-09-09 23:59:00,19.84,68.55,0.0,71,0.015,0.0,12.93
2026-09-10 00:00:00,19.86,68.84,0.0,71,0.03,0.0,12.93
2026-09-10 00:01:00,19.87,68.96,0.0,71,0.0,0.0,12.93
2026-09-10 00:02:00,19.86,69.26,0.0,71,0.0,0.0,12.93
2026-09-10 00:03:00,19.87,69.59,0.0,71,0.0,0.0,12.93
2026-09-10 00:04:00,19.87,69.77,0.0,71,0.06,0.0,12.93
2026-09-10 00:05:00,19.86,69.79,0.0,71,0.255,0.0,12.93
2026-09-10 00:06:00,19.86,69.9,0.0,71,0.195,0.0,12.93
2026-09-10 00:07:00,19.76,70.05,0.0,71,0.3,0.0,12.93
2026-09-10 00:08:00,19.7,70.0,0.0,71,0.105,0.0,12.93
2026-09-10 00:09:00,19.63,70.07,0.0,71,0.24,0.0,12.93
2026-09-10 00:10:00,19.59,70.1,0.0,71,0.39,0.0,12.93
2026-09-10 00:11:00,19.55,70.12,0.0,71,0.45,0.0,12.93
2026-09-10 00:12:00,19.51,70.32,0.0,71,0.51,0.0,12.93
2026-09-10 00:13:00,19.48,70.46,0.0,71,0.18,0.0,12.93
2026-09-10 00:14:00,19.44,70.68,0.0,71,0.15,0.0,12.93
2026-09-10 00:15:00,19.46,70.77,0.0,71,0.135,0.0,12.93
2026-09-10 00:16:00,19.44,70.58,0.0,71,0.15,0.0,12.93
2026-09-10 00:17:00,19.44,70.33,0.0,71,0.39,0.0,12.93
2026-09-10 00:18:00,19.45,70.32,0.0,71,0.405,0.0,12.93
2026-09-10 00:19:00,19.41,70.34,0.0,71,0.225,0.0,12.93
2026-09-10 00:20:00,19.39,70.28,0.0,71,0.165,0.0,12.93
2026-09-10 00:21:00,19.42,70.25,0.0,71,0.27,0.0,12.93
2026-09-10 00:22:00,19.42,70.0,0.0,71,0.39,0.0,12.93
2026-09-10 00:23:00,19.44,70.01,0.0,71,0.36,0.0,12.93
2026-09-10 00:24:00,19.46,70.02,0.0,71,0.18,0.0,12.93
2026-09-10 00:25:00,19.46,69.84,0.0,73,0.72,0.0,12.93
2026-09-10 00:26:00,19.46,69.69,0.0,56,0.69,0.0,12.93
2026-09-10 00:27:00,19.49,69.52,0.0,50,0.63,0.0,12.93
2026-09-10 00:28:00,19.51,69.51,0.0,50,0.21,0.0,12.93
2026-09-10 00:29:00,19.51,69.45,0.0,50,0.18,0.0,12.93
2026-09-10 00:30:00,19.52,69.36,0.0,70,0.615,0.0,12.93
2026-09-10 00:31:00,19.49,69.47,0.0,70,0.525,0.0,12.89
2026-09-10 00:32:00,19.44,69.47,0.0,70,0.3,0.0,12.89
2026-09-10 00:33:00,19.41,69.47,0.0,70,0.405,0.0,12.93
2026-09-10 00:34:00,19.37,69.61,0.0,70,0.27,0.0,12.89
2026-09-10 00:35:00,19.37,69.86,0.0,70,0.24,0.0,12.89
2026-09-10 00:36:00,19.35,69.79,0.0,71,0.27,0.0,12.89
2026-09-10 00:37:00,19.37,69.81,0.0,71,0.33,0.0,12.89
2026-09-10 00:38:00,19.34,69.8,0.0,71,0.105,0.0,12.93
2026-09-10 00:39:00,19.35,69.67,0.0,71,0.195,0.0,12.93
2026-09-10 00:40:00,19.38,69.71,0.0,71,0.045,0.0,12.89
2026-09-10 00:41:00,19.35,69.67,0.0,71,0.12,0.0,12.89
2026-09-10 00:42:00,19.34,69.67,0.0,71,0.0,0.0,12.89
2026-09-10 00:43:00,19.35,69.66,0.0,71,0.09,0.0,12.93
2026-09-10 00:44:00,19.37,69.68,0.0,71,0.12,0.0,12.89
2026-09-10 00:45:00,19.41,69.43,0.0,71,0.03,0.0,12.93
2026-09-10 00:46:00,19.41,69.5,0.0,71,0.12,0.0,12.89
2026-09-10 00:47:00,19.39,69.91,0.0,71,0.585,0.0,12.89
2026-09-10 00:48:00,19.34,70.18,0.0,71,0.225,0.0,12.89
2026-09-10 00:49:00,19.34,70.33,0.0,71,0.18,0.0,12.89
2026-09-10 00:50:00,19.31,70.33,0.0,71,0.135,0.0,12.93
2026-09-10 00:51:00,19.35,70.36,0.0,71,0.3,0.0,12.89
2026-09-10 00:52:00,19.31,70.12,0.0,71,0.3,0.0,12.89
2026-09-10 00:53:00,19.31,70.19,0.0,71,0.375,0.0,12.89
2026-09-10 00:54:00,19.26,70.28,0.0,51,0.825,0.0,12.89
2026-09-10 00:55:00,19.18,70.7,0.0,63,0.6,0.0,12.89
2026-09-10 00:56:00,19.12,71.14,0.0,64,0.6,0.0,12.89
2026-09-10 00:57:00,19.04,71.5,0.0,63,0.48,0.0,12.89
2026-09-10 00:58:00,19.0,71.85,0.0,63,0.645,0.0,12.89
2026-09-10 00:59:00,18.91,72.3,0.0,63,0.69,0.0,12.89
2026-09-10 01:00:00,18.86,72.61,0.0,63,0.315,0.0,12.89
2026-09-10 01:01:00,18.81,72.81,0.0,63,0.27,0.0,12.89
2026-09-10 01:02:00,18.8,72.8,0.0,63,0.21,0.0,12.89
2026-09-10 01:03:00,18.79,72.76,0.0,63,0.15,0.0,12.89
2026-09-10 01:04:00,18.83,72.79,0.0,63,0.105,0.0,12.89
2026-09-10 01:05:00,18.81,72.49,0.0,63,0.06,0.0,12.89
2026-09-10 01:06:00,18.83,72.4,0.0,63,0.015,0.0,12.89
2026-09-10 01:07:00,18.83,72.4,0.0,63,0.045,0.0,12.89
2026-09-10 01:08:00,18.86,72.34,0.0,63,0.0,0.0,12.89
2026-09-10 01:09:00,18.86,71.88,0.0,63,0.165,0.0,12.89
2026-09-10 01:10:00,18.87,71.32,0.0,63,0.105,0.0,12.89
2026-09-10 01:11:00,18.9,71.09,0.0,63,0.045,0.0,12.89
2026-09-10 01:12:00,18.93,70.73,0.0,63,0.39,0.0,12.89
2026-09-10 01:13:00,19.01,70.93,0.0,63,0.24,0.0,12.89
2026-09-10 01:14:00,19.0,70.55,0.0,63,0.255,0.0,12.89
2026-09-10 01:15:00,19.01,70.83,0.0,63,0.18,0.0,12.89
2026-09-10 01:16:00,19.01,70.55,0.0,63,0.075,0.0,12.89
2026-09-10 01:17:00,19.03,70.65,0.0,63,0.045,0.0,12.89
2026-09-10 01:18:00,19.05,70.44,0.0,63,0.0,0.0,12.89
2026-09-10 01:19:00,19.1,69.97,0.0,63,0.33,0.0,12.89
2026-09-10 01:20:00,19.05,69.85,0.0,63,0.24,0.0,12.89
2026-09-10 01:21:00,19.05,69.79,0.0,63,0.3,0.0,12.89
2026-09-10 01:22:00,19.04,70.04,0.0,63,0.135,0.0,12.89
2026-09-10 01:23:00,19.05,69.85,0.0,63,0.03,0.0,12.89
2026-09-10 01:24:00,19.01,69.8,0.0,63,0.375,0.0,12.89
2026-09-10 01:25:00,19.0,69.49,0.0,63,0.3,0.0,12.89
2026-09-10 01:26:00,18.9,69.65,0.0,63,0.3,0.0,12.89
2026-09-10 01:27:00,18.87,69.45,0.0,64,0.165,0.0,12.89
2026-09-10 01:28:00,18.84,69.74,0.0,64,0.675,0.0,12.89
2026-09-10 01:29:00,18.8,70.02,0.0,64,0.435,0.0,12.89
2026-09-10 01:30:00,18.76,70.25,0.0,64,0.135,0.0,12.89
2026-09-10 01:31:00,18.7,70.19,0.0,64,0.495,0.0,12.89
2026-09-10 01:32:00,18.69,70.26,0.0,59,0.54,0.0,12.89
2026-09-10 01:33:00,18.69,70.88,0.0,86,0.735,0.0,12.89
2026-09-10 01:34:00,18.64,70.92,0.0,59,0.615,0.0,12.89
2026-09-10 01:35:00,18.63,71.34,0.0,64,0.75,0.0,12.89
2026-09-10 01:36:00,18.57,71.54,0.0,68,0.87,0.0,12.89
2026-09-10 01:37:00,18.54,72.02,0.0,71,0.6,0.0,12.89
2026-09-10 01:38:00,18.49,72.45,0.0,68,0.705,0.0,12.89
2026-09-10 01:39:00,18.44,72.83,0.0,66,0.705,0.0,12.89
2026-09-10 01:40:00,18.37,72.79,0.0,66,0.645,0.0,12.89
2026-09-10 01:41:00,18.36,73.13,0.0,66,0.735,0.0,12.89
2026-09-10 01:42:00,18.31,73.42,0.0,67,0.435,0.0,12.89
2026-09-10 01:43:00,18.26,73.75,0.0,67,0.51,0.0,12.89
2026-09-10 01:44:00,18.25,74.02,0.0,67,0.585,0.0,12.89
2026-09-10 01:45:00,18.19,74.18,0.0,66,0.66,0.0,12.89
2026-09-10 01:46:00,18.18,74.54,0.0,66,0.645,0.0,12.89
2026-09-10 01:47:00,18.13,74.86,0.0,65,0.705,0.0,12.89
2026-09-10 01:48:00,18.09,75.03,0.0,65,0.45,0.0,12.89
2026-09-10 01:49:00,18.08,75.22,0.0,65,0.615,0.0,12.89
2026-09-10 01:50:00,18.02,75.31,0.0,65,0.345,0.0,12.89
2026-09-10 01:51:00,18.02,75.34,0.0,65,0.405,0.0,12.89
2026-09-10 01:52:00,18.0,75.32,0.0,65,0.63,0.0,12.89
2026-09-10 01:53:00,17.94,75.07,0.0,65,0.81,0.0,12.89
2026-09-10 01:54:00,17.88,75.38,0.0,65,0.645,0.0,12.89
2026-09-10 01:55:00,17.8,75.46,0.0,65,0.78,0.0,12.89
2026-09-10 01:56:00,17.77,75.62,0.0,65,0.57,0.0,12.89
2026-09-10 01:57:00,17.78,75.59,0.0,65,0.105,0.0,12.89
2026-09-10 01:58:00,17.77,75.46,0.0,65,0.135,0.0,12.89
2026-09-10 01:59:00,17.81,75.34,0.0,65,0.06,0.0,12.89
2026-09-10 02:00:00,17.78,75.15,0.0,65,0.0,0.0,12.89
2026-09-10 02:01:00,17.84,75.16,0.0,65,0.075,0.0,12.89
2026-09-10 02:02:00,17.92,75.13,0.0,65,0.06,0.0,12.89
2026-09-10 02:03:00,17.97,74.86,0.0,65,0.09,0.0,12.89
2026-09-10 02:04:00,18.01,74.61,0.0,65,0.135,0.0,12.89
2026-09-10 02:05:00,18.04,74.32,0.0,65,0.03,0.0,12.89
2026-09-10 02:06:00,18.09,73.88,0.0,65,0.09,0.0,12.89
2026-09-10 02:07:00,18.13,73.51,0.0,65,0.465,0.0,12.89
2026-09-10 02:08:00,18.13,72.82,0.0,59,0.54,0.0,12.89
2026-09-10 02:09:00,18.16,73.09,0.0,71,0.735,0.0,12.89
2026-09-10 02:10:00,18.15,72.58,0.0,63,0.705,0.0,12.89
2026-09-10 02:11:00,18.09,72.07,0.0,70,0.525,0.0,12.89
2026-09-10 02:12:00,18.07,72.1,0.0,83,0.765,0.0,12.89
2026-09-10 02:13:00,18.04,72.18,0.0,83,0.765,0.0,12.89
2026-09-10 02:14:00,18.02,72.44,0.0,64,0.855,0.0,12.89
2026-09-10 02:15:00,17.98,72.84,0.0,93,0.72,0.0,12.89
2026-09-10 02:16:00,17.92,73.13,0.0,67,0.615,0.0,12.89
2026-09-10 02:17:00,17.89,73.42,0.0,66,0.435,0.0,12.89
2026-09-10 02:18:00,17.88,73.8,0.0,66,0.195,0.0,12.89
2026-09-10 02:19:00,17.92,73.97,0.0,66,0.135,0.0,12.89
2026-09-10 02:20:00,17.94,74.06,0.0,66,0.075,0.0,12.89
2026-09-10 02:21:00,17.92,73.62,0.0,74,0.39,0.0,12.89
2026-09-10 02:22:00,17.91,73.42,0.0,68,0.645,0.0,12.89
2026-09-10 02:23:00,17.86,73.69,0.0,67,0.675,0.0,12.89
2026-09-10 02:24:00,17.82,74.14,0.0,62,0.705,0.0,12.89
2026-09-10 02:25:00,17.8,74.53,0.0,61,0.72,0.0,12.89
2026-09-10 02:26:00,17.74,74.83,0.0,85,0.69,0.0,12.89
2026-09-10 02:27:00,17.71,75.19,0.0,85,0.345,0.0,12.89
2026-09-10 02:28:00,17.67,75.57,0.0,85,0.24,0.0,12.89
2026-09-10 02:29:00,17.64,75.72,0.0,85,0.45,0.0,12.89
2026-09-10 02:30:00,17.58,75.86,0.0,70,0.525,0.0,12.89
2026-09-10 02:31:00,17.54,76.18,0.0,78,0.675,0.0,12.89
2026-09-10 02:32:00,17.49,76.49,0.0,78,0.495,0.0,12.89
2026-09-10 02:33:00,17.47,76.65,0.0,69,0.465,0.0,12.89
2026-09-10 02:34:00,17.47,76.91,0.0,69,0.51,0.0,12.89
2026-09-10 02:35:00,17.47,77.04,0.0,70,0.705,0.0,12.89
2026-09-10 02:36:00,17.43,77.06,0.0,69,0.885,0.0,12.89
2026-09-10 02:37:00,17.41,77.18,0.0,63,0.54,0.0,12.89
2026-09-10 02:38:00,17.37,77.26,0.0,60,0.63,0.0,12.89
2026-09-10 02:39:00,17.39,77.45,0.0,60,0.36,0.0,12.89
2026-09-10 02:40:00,17.37,77.42,0.0,60,0.54,0.0,12.89
2026-09-10 02:41:00,17.36,77.33,0.0,57,0.42,0.0,12.89
2026-09-10 02:42:00,17.33,77.45,0.0,58,0.165,0.0,12.89
2026-09-10 02:43:00,17.3,77.52,0.0,82,0.405,0.0,12.89
2026-09-10 02:44:00,17.27,77.7,0.0,82,0.27,0.0,12.89
2026-09-10 02:45:00,17.3,77.84,0.0,82,0.3,0.0,12.89
2026-09-10 02:46:00,17.27,77.88,0.0,65,0.495,0.0,12.89
2026-09-10 02:47:00,17.26,78.05,0.0,81,0.465,0.0,12.89
2026-09-10 02:48:00,17.25,78.32,0.0,81,0.135,0.0,12.89
2026-09-10 02:49:00,17.25,78.17,0.0,81,0.075,0.0,12.89
2026-09-10 02:50:00,17.2,77.99,0.0,59,0.495,0.0,12.89
2026-09-10 02:51:00,17.16,77.95,0.0,59,0.6,0.0,12.89
2026-09-10 02:52:00,17.12,77.94,0.0,53,0.315,0.0,12.89
2026-09-10 02:53:00,17.09,78.1,0.0,53,0.12,0.0,12.89
2026-09-10 02:54:00,17.09,77.89,0.0,53,0.06,0.0,12.89
2026-09-10 02:55:00,17.1,77.77,0.0,59,0.225,0.0,12.89
2026-09-10 02:56:00,17.1,77.66,0.0,61,0.3,0.0,12.89
2026-09-10 02:57:00,17.13,77.57,0.0,61,0.03,0.0,12.89
2026-09-10 02:58:00,17.1,77.39,0.0,55,0.345,0.0,12.89
2026-09-10 02:59:00,17.1,77.3,0.0,55,0.225,0.0,12.89
2026-09-10 03:00:00,17.12,77.24,0.0,55,0.015,0.0,12.89
2026-09-10 03:01:00,17.13,76.92,0.0,83,0.33,0.0,12.89
2026-09-10 03:02:00,17.14,76.73,0.0,77,0.315,0.0,12.89
2026-09-10 03:03:00,17.16,76.61,0.0,80,0.69,0.0,12.89
2026-09-10 03:04:00,17.2,76.6,0.0,59,0.405,0.0,12.89
2026-09-10 03:05:00,17.2,76.42,0.0,90,0.345,0.0,12.89
2026-09-10 03:06:00,17.2,76.03,0.0,85,0.48,0.0,12.89
2026-09-10 03:07:00,17.19,75.72,0.0,85,0.195,0.0,12.89
2026-09-10 03:08:00,17.2,75.2,0.0,85,0.15,0.0,12.89
2026-09-10 03:09:00,17.23,75.18,0.0,85,0.075,0.0,12.89
2026-09-10 03:10:00,17.23,74.94,0.0,85,0.03,0.0,12.89
2026-09-10 03:11:00,17.26,74.7,0.0,85,0.18,0.0,12.89
2026-09-10 03:12:00,17.29,74.43,0.0,85,0.03,0.0,12.89
2026-09-10 03:13:00,17.26,74.47,0.0,85,0.0,0.0,12.89
2026-09-10 03:14:00,17.25,74.61,0.0,85,0.0,0.0,12.89
2026-09-10 03:15:00,17.27,74.66,0.0,85,0.0,0.0,12.89
2026-09-10 03:16:00,17.23,74.84,0.0,85,0.0,0.0,12.89
2026-09-10 03:17:00,17.2,74.93,0.0,85,0.0,0.0,12.89
2026-09-10 03:18:00,17.16,74.44,0.0,85,0.0,0.0,12.89
2026-09-10 03:19:00,17.17,74.24,0.0,85,0.21,0.0,12.89
2026-09-10 03:20:00,17.17,74.04,0.0,85,0.39,0.0,12.89
2026-09-10 03:21:00,17.2,73.96,0.0,85,0.285,0.0,12.89
2026-09-10 03:22:00,17.19,73.98,0.0,85,0.51,0.0,12.89
2026-09-10 03:23:00,17.22,74.07,0.0,85,0.27,0.0,12.89
2026-09-10 03:24:00,17.22,74.27,0.0,85,0.51,0.0,12.89
2026-09-10 03:25:00,17.2,74.68,0.0,85,0.525,0.0,12.89
2026-09-10 03:26:00,17.13,75.03,0.0,77,0.66,0.0,12.89
2026-09-10 03:27:00,17.12,75.28,0.0,68,0.555,0.0,12.89
2026-09-10 03:28:00,17.03,75.28,0.0,52,1.005,0.0,12.89
2026-09-10 03:29:00,16.99,75.45,0.0,75,0.645,0.0,12.89
2026-09-10 03:30:00,16.96,75.43,0.0,75,0.18,0.0,12.89
2026-09-10 03:31:00,16.93,75.69,0.0,75,0.105,0.0,12.89
2026-09-10 03:32:00,16.92,75.61,0.0,75,0.15,0.0,12.89
2026-09-10 03:33:00,16.89,75.52,0.0,75,0.375,0.0,12.89
2026-09-10 03:34:00,16.86,75.49,0.0,75,0.315,0.0,12.89
2026-09-10 03:35:00,16.83,75.58,0.0,75,0.405,0.0,12.89
2026-09-10 03:36:00,16.79,75.61,0.0,70,0.3,0.0,12.89
2026-09-10 03:37:00,16.76,75.56,0.0,52,0.54,0.0,12.89
2026-09-10 03:38:00,16.74,75.59,0.0,51,0.36,0.0,12.89
2026-09-10 03:39:00,16.75,75.88,0.0,38,0.195,0.0,12.89
2026-09-10 03:40:00,16.72,75.73,0.0,38,0.27,0.0,12.89
2026-09-10 03:41:00,16.72,75.48,0.0,38,0.135,0.0,12.89
2026-09-10 03:42:00,16.74,75.12,0.0,38,0.075,0.0,12.89
2026-09-10 03:43:00,16.74,74.68,0.0,64,0.345,0.0,12.89
2026-09-10 03:44:00,16.76,74.68,0.0,96,0.255,0.0,12.89
2026-09-10 03:45:00,16.79,74.14,0.0,96,0.165,0.0,12.89
2026-09-10 03:46:00,16.82,74.21,0.0,93,0.195,0.0,12.89
2026-09-10 03:47:00,16.83,74.19,0.0,54,0.435,0.0,12.89
2026-09-10 03:48:00,16.81,74.09,0.0,54,0.435,0.0,12.89
2026-09-10 03:49:00,16.79,73.89,0.0,101,0.495,0.0,12.89
2026-09-10 03:50:00,16.82,73.94,0.0,72,0.615,0.0,12.89
2026-09-10 03:51:00,16.79,73.82,0.0,106,0.615,0.0,12.89
2026-09-10 03:52:00,16.78,73.94,0.0,77,0.48,0.0,12.89
2026-09-10 03:53:00,16.76,73.97,0.0,77,0.39,0.0,12.89
2026-09-10 03:54:00,16.74,73.96,0.0,90,0.585,0.0,12.89
2026-09-10 03:55:00,16.71,74.11,0.0,54,1.005,0.0,12.89
2026-09-10 03:56:00,16.64,74.33,0.0,77,0.96,0.0,12.89
2026-09-10 03:57:00,16.58,74.53,0.0,68,0.57,0.0,12.89
2026-09-10 03:58:00,16.55,74.79,0.0,82,0.66,0.0,12.89
2026-09-10 03:59:00,16.54,75.0,0.0,87,0.57,0.0,12.89
2026-09-10 04:00:00,16.5,74.92,0.0,77,0.855,0.0,12.89
2026-09-10 04:01:00,16.48,74.95,0.0,91,0.645,0.0,12.89
2026-09-10 04:02:00,16.42,74.96,0.0,70,0.51,0.0,12.89
2026-09-10 04:03:00,16.44,74.98,0.0,72,0.39,0.0,12.89
2026-09-10 04:04:00,16.42,75.08,0.0,49,0.645,0.0,12.89
2026-09-10 04:05:00,16.48,75.05,0.0,91,0.585,0.0,12.89
2026-09-10 04:06:00,16.47,74.78,0.0,73,0.75,0.0,12.89
2026-09-10 04:07:00,16.45,74.54,0.0,77,0.99,0.0,12.89
2026-09-10 04:08:00,16.47,74.63,0.0,88,0.36,0.0,12.89
2026-09-10 04:09:00,16.45,74.67,0.0,90,0.57,0.0,12.89
2026-09-10 04:10:00,16.48,75.2,0.0,121,0.66,0.0,12.89
2026-09-10 04:11:00,16.5,74.73,0.0,99,0.435,0.0,12.89
2026-09-10 04:12:00,16.5,74.57,0.0,57,1.065,0.0,12.89
2026-09-10 04:13:00,16.47,74.69,0.0,68,0.765,0.0,12.89
2026-09-10 04:14:00,16.41,74.71,0.0,60,1.11,0.0,12.89
2026-09-10 04:15:00,16.37,74.93,0.0,66,0.42,0.0,12.89
2026-09-10 04:16:00,16.31,75.02,0.0,66,0.09,0.0,12.89
2026-09-10 04:17:00,16.31,75.23,0.0,66,0.06,0.0,12.89
2026-09-10 04:18:00,16.3,74.98,0.0,64,0.48,0.0,12.89
2026-09-10 04:19:00,16.32,75.05,0.0,64,0.24,0.0,12.89
2026-09-10 04:20:00,16.34,74.95,0.0,72,0.315,0.0,12.89
2026-09-10 04:21:00,16.34,74.81,0.0,64,0.345,0.0,12.89
2026-09-10 04:22:00,16.37,74.8,0.0,64,0.135,0.0,12.89
2026-09-10 04:23:00,16.42,74.63,0.0,64,0.045,0.0,12.89
2026-09-10 04:24:00,16.47,74.52,0.0,64,0.06,0.0,12.89
2026-09-10 04:25:00,16.51,73.82,0.0,48,0.225,0.0,12.89
2026-09-10 04:26:00,16.58,73.48,0.0,53,0.225,0.0,12.89
2026-09-10 04:27:00,16.64,73.0,0.0,55,0.375,0.0,12.89
2026-09-10 04:28:00,16.7,72.93,0.0,55,0.24,0.0,12.89
2026-09-10 04:29:00,16.74,72.85,0.0,55,0.135,0.0,12.89
2026-09-10 04:30:00,16.72,72.85,0.0,57,0.015,0.0,12.89
2026-09-10 04:31:00,16.79,72.98,0.0,57,0.06,0.0,12.89
2026-09-10 04:32:00,16.79,72.93,0.0,57,0.135,0.0,12.89
2026-09-10 04:33:00,16.81,72.87,0.0,57,0.12,0.0,12.89
2026-09-10 04:34:00,16.86,72.66,0.0,60,0.24,0.0,12.89
2026-09-10 04:35:00,16.86,72.51,0.0,16,0.255,0.0,12.89
2026-09-10 04:36:00,16.88,72.56,0.0,60,0.315,0.0,12.89
2026-09-10 04:37:00,16.88,72.31,0.0,13,0.36,0.0,12.89
2026-09-10 04:38:00,16.92,72.49,0.0,36,0.135,0.0,12.89
2026-09-10 04:39:00,16.95,72.43,0.0,36,0.12,0.0,12.89
2026-09-10 04:40:00,16.96,72.22,0.0,46,0.27,0.0,12.89
2026-09-10 04:41:00,16.99,72.35,0.0,46,0.045,0.0,12.89
2026-09-10 04:42:00,17.01,72.63,0.0,47,0.075,0.0,12.89
2026-09-10 04:43:00,17.02,72.64,0.0,46,0.06,0.0,12.89
2026-09-10 04:44:00,17.02,72.28,0.0,46,0.165,0.0,12.89
2026-09-10 04:45:00,17.01,72.29,0.0,47,0.03,0.0,12.89
2026-09-10 04:46:00,16.98,72.12,0.0,46,0.405,0.0,12.89
2026-09-10 04:47:00,16.92,72.24,0.0,46,0.165,0.0,12.89
2026-09-10 04:48:00,16.86,72.33,0.0,46,0.105,0.0,12.89
2026-09-10 04:49:00,16.81,72.44,0.0,46,0.15,0.0,12.89
2026-09-10 04:50:00,16.76,72.65,0.0,46,0.315,0.0,12.89
2026-09-10 04:51:00,16.72,72.65,0.0,46,0.21,0.0,12.89
2026-09-10 04:52:00,16.68,72.23,0.0,46,0.3,0.0,12.89
2026-09-10 04:53:00,16.65,72.43,0.0,46,0.0,0.0,12.89
2026-09-10 04:54:00,16.67,72.4,0.0,46,0.09,0.0,12.89
2026-09-10 04:55:00,16.62,72.13,0.0,69,0.585,0.0,12.89
2026-09-10 04:56:00,16.62,72.13,0.0,58,0.66,0.0,12.89
2026-09-10 04:57:00,16.61,72.23,0.0,58,0.27,0.0,12.89
2026-09-10 04:58:00,16.62,72.18,0.0,64,0.555,0.0,12.89
2026-09-10 04:59:00,16.6,71.95,0.0,75,0.78,0.0,12.89
2026-09-10 05:00:00,16.57,71.89,0.0,75,0.675,0.0,12.89
2026-09-10 05:01:00,16.55,72.15,0.0,86,0.45,0.0,12.89
2026-09-10 05:02:00,16.51,72.1,0.0,76,0.435,0.0,12.89
2026-09-10 05:03:00,16.48,72.15,0.0,76,0.615,0.0,12.89
2026-09-10 05:04:00,16.47,72.36,0.0,70,0.48,0.0,12.89
2026-09-10 05:05:00,16.42,72.77,0.0,70,0.21,0.0,12.89
2026-09-10 05:06:00,16.44,72.71,0.0,70,0.105,0.0,12.89
2026-09-10 05:07:00,16.44,72.68,0.0,70,0.09,0.0,12.89
2026-09-10 05:08:00,16.48,72.85,0.0,70,0.075,0.0,12.89
2026-09-10 05:09:00,16.52,73.02,0.0,70,0.075,0.0,12.89
2026-09-10 05:10:00,16.57,72.87,0.0,70,0.15,0.0,12.89
2026-09-10 05:11:00,16.58,72.8,0.0,70,0.045,0.0,12.89
2026-09-10 05:12:00,16.64,72.8,0.0,70,0.03,0.0,12.89
2026-09-10 05:13:00,16.65,72.65,0.0,70,0.015,0.0,12.89
2026-09-10 05:14:00,16.67,72.33,0.0,86,0.3,0.0,12.89
2026-09-10 05:15:00,16.7,71.99,0.0,86,0.045,0.0,12.89
2026-09-10 05:16:00,16.75,71.8,0.0,86,0.18,0.0,12.89
2026-09-10 05:17:00,16.82,71.69,0.0,86,0.0,0.0,12.89
2026-09-10 05:18:00,16.86,71.8,0.0,86,0.12,0.0,12.89
2026-09-10 05:19:00,16.91,71.57,0.0,86,0.105,0.0,12.89
2026-09-10 05:20:00,16.91,71.42,0.0,86,0.48,0.0,12.89
2026-09-10 05:21:00,16.89,71.65,0.0,86,0.225,0.0,12.89
2026-09-10 05:22:00,16.86,72.12,0.0,86,0.015,0.0,12.89
2026-09-10 05:23:00,16.85,71.99,0.0,86,0.195,0.0,12.89
2026-09-10 05:24:00,16.83,72.02,0.0,86,0.09,0.0,12.89
2026-09-10 05:25:00,16.83,71.34,0.0,86,0.42,0.0,12.89
2026-09-10 05:26:00,16.83,71.14,0.0,86,0.36,0.0,12.89
2026-09-10 05:27:00,16.78,71.09,0.0,86,0.51,0.0,12.89
2026-09-10 05:28:00,16.75,71.04,0.0,73,0.525,0.0,12.89
2026-09-10 05:29:00,16.71,71.05,0.0,87,0.645,0.0,12.89
2026-09-10 05:30:00,16.67,71.18,0.0,87,0.645,0.0,12.89
2026-09-10 05:31:00,16.65,71.46,0.0,87,0.645,0.0,12.89
2026-09-10 05:32:00,16.6,71.72,0.0,87,0.57,0.0,12.89
2026-09-10 05:33:00,16.52,72.04,0.0,72,0.75,0.0,12.89
2026-09-10 05:34:00,16.5,72.33,0.0,74,0.66,0.0,12.89
2026-09-10 05:35:00,16.48,72.39,0.0,68,0.45,0.0,12.89
2026-09-10 05:36:00,16.47,72.45,0.0,69,0.585,0.0,12.89
2026-09-10 05:37:00,16.42,72.58,0.0,69,0.33,0.0,12.89
2026-09-10 05:38:00,16.4,72.96,0.0,69,0.33,0.0,12.89
2026-09-10 05:39:00,16.37,73.29,0.0,69,0.36,0.0,12.89
2026-09-10 05:40:00,16.35,73.32,0.0,69,0.255,0.0,12.89
2026-09-10 05:41:00,16.32,73.19,0.0,69,0.48,0.0,12.89
2026-09-10 05:42:00,16.3,73.3,0.0,69,0.57,0.0,12.89
2026-09-10 05:43:00,16.24,73.53,0.0,69,0.6,0.0,12.89
2026-09-10 05:44:00,16.25,73.78,0.0,69,0.375,0.0,12.89
2026-09-10 05:45:00,16.21,73.96,0.0,69,0.045,0.0,12.89
2026-09-10 05:46:00,16.23,74.04,0.0,69,0.105,0.0,12.89
2026-09-10 05:47:00,16.25,74.07,0.0,69,0.06,0.0,12.89
2026-09-10 05:48:00,16.21,73.95,0.0,69,0.135,0.0,12.89
2026-09-10 05:49:00,16.23,73.83,0.0,69,0.09,0.0,12.89
2026-09-10 05:50:00,16.25,73.85,0.0,69,0.195,0.0,12.89
2026-09-10 05:51:00,16.28,73.91,0.0,69,0.12,0.0,12.89
2026-09-10 05:52:00,16.32,73.45,0.0,69,0.315,0.0,12.89
2026-09-10 05:53:00,16.37,73.09,0.0,69,0.36,0.0,12.89
2026-09-10 05:54:00,16.41,73.1,0.0,69,0.135,0.0,12.89
2026-09-10 05:55:00,16.47,73.06,0.0,69,0.0,0.0,12.89
2026-09-10 05:56:00,16.48,72.75,0.0,69,0.075,0.0,12.89
2026-09-10 05:57:00,16.5,72.58,0.0,69,0.51,0.0,12.89
2026-09-10 05:58:00,16.48,72.64,0.76,69,0.525,0.0,12.89
2026-09-10 05:59:00,16.47,72.98,0.0,69,0.18,0.0,12.89
2026-09-10 06:00:00,16.51,73.25,0.76,69,0.0,0.0,12.89
2026-09-10 06:01:00,16.48,73.24,1.14,69,0.375,0.0,12.89
2026-09-10 06:02:00,16.48,73.21,1.14,69,0.465,0.0,12.89
2026-09-10 06:03:00,16.41,73.14,1.53,69,0.33,0.0,12.89
2026-09-10 06:04:00,16.37,73.19,1.91,69,0.105,0.0,12.89
2026-09-10 06:05:00,16.37,73.25,2.67,69,0.27,0.0,12.89
2026-09-10 06:06:00,16.37,73.42,3.05,69,0.27,0.0,12.89
2026-09-10 06:07:00,16.35,73.42,3.05,69,0.135,0.0,12.89
2026-09-10 06:08:00,16.35,73.44,3.43,69,0.0,0.0,12.89
2026-09-10 06:09:00,16.4,73.55,3.43,69,0.0,0.0,12.89
2026-09-10 06:10:00,16.42,73.61,3.43,69,0.015,0.0,12.89
2026-09-10 06:11:00,16.45,73.53,3.81,69,0.21,0.0,12.71
2026-09-10 06:12:00,16.5,73.62,4.2,69,0.015,0.0,12.89
2026-09-10 06:13:00,16.58,73.59,4.58,69,0.045,0.0,12.89
2026-09-10 06:14:00,16.61,73.46,5.34,69,0.015,0.0,12.89
2026-09-10 06:15:00,16.67,73.37,6.1,69,0.0,0.0,12.89
2026-09-10 06:16:00,16.71,73.52,6.87,69,0.0,0.0,12.89
2026-09-10 06:17:00,16.78,73.46,7.63,69,0.03,0.0,12.71
2026-09-10 06:18:00,16.82,73.17,8.01,69,0.06,0.0,12.71
2026-09-10 06:19:00,16.88,73.01,8.77,69,0.0,0.0,12.71
2026-09-10 06:20:00,16.89,72.78,9.92,69,0.03,0.0,12.89
2026-09-10 06:21:00,16.85,72.78,10.3,69,0.24,0.0,12.71
2026-09-10 06:22:00,16.82,72.97,11.06,69,0.12,0.0,12.89
2026-09-10 06:23:00,16.81,73.46,11.83,69,0.12,0.0,12.89
2026-09-10 06:24:00,16.81,73.71,12.59,69,0.075,0.0,12.89
2026-09-10 06:25:00,16.79,73.66,13.73,69,0.105,0.0,12.89
2026-09-10 06:26:00,16.78,73.4,14.88,69,0.165,0.0,12.89
2026-09-10 06:27:00,16.76,73.14,15.64,69,0.315,0.0,12.89
2026-09-10 06:28:00,16.75,73.05,16.4,70,0.435,0.0,12.89
2026-09-10 06:29:00,16.74,72.91,17.55,70,0.54,0.0,12.89
2026-09-10 06:30:00,16.7,73.01,18.69,73,0.54,0.0,12.89
2026-09-10 06:31:00,16.64,73.06,19.46,84,0.39,0.0,12.89
2026-09-10 06:32:00,16.67,73.08,20.98,70,0.42,0.0,12.89
2026-09-10 06:33:00,16.67,73.08,22.89,70,0.24,0.0,12.89
2026-09-10 06:34:00,16.71,72.95,24.03,70,0.435,0.0,12.89
2026-09-10 06:35:00,16.74,73.01,25.56,70,0.225,0.0,12.89
2026-09-10 06:36:00,16.75,72.86,25.94,80,0.45,0.0,12.89
2026-09-10 06:37:00,16.76,72.44,26.32,87,0.57,0.0,12.89
2026-09-10 06:38:00,16.76,72.48,26.7,87,0.45,0.0,12.89
2026-09-10 06:39:00,16.78,72.68,27.08,87,0.015,0.0,12.89
2026-09-10 06:40:00,16.78,72.84,27.85,87,0.165,0.0,12.89
2026-09-10 06:41:00,16.83,72.92,29.37,87,0.0,0.0,12.89
2026-09-10 06:42:00,16.86,73.04,30.14,87,0.015,0.0,12.89
2026-09-10 06:43:00,16.91,73.06,31.66,87,0.0,0.0,12.89
2026-09-10 06:44:00,16.98,73.15,32.04,87,0.03,0.0,12.89
2026-09-10 06:45:00,17.06,73.3,33.57,87,0.015,0.0,12.89
2026-09-10 06:46:00,17.1,73.22,37.77,87,0.0,0.0,12.89
2026-09-10 06:47:00,17.13,72.95,42.34,87,0.33,0.0,12.93
2026-09-10 06:48:00,17.13,72.76,44.25,87,0.24,0.0,12.93
2026-09-10 06:49:00,17.1,72.4,45.01,64,0.435,0.0,12.93
2026-09-10 06:50:00,17.09,72.42,45.01,56,0.57,0.0,12.97
2026-09-10 06:51:00,17.07,72.56,48.45,66,0.375,0.0,13.01
2026-09-10 06:52:00,17.06,72.54,49.97,48,0.555,0.0,13.04
2026-09-10 06:53:00,17.07,72.53,51.88,49,0.645,0.0,13.04
2026-09-10 06:54:00,17.05,72.65,54.17,60,0.39,0.0,13.04
2026-09-10 06:55:00,17.07,72.68,55.7,60,0.195,0.0,13.04
2026-09-10 06:56:00,17.13,72.58,55.7,60,0.045,0.0,13.08
2026-09-10 06:57:00,17.17,72.5,56.46,60,0.015,0.0,13.08
2026-09-10 06:58:00,17.23,72.27,57.6,60,0.21,0.0,13.12
2026-09-10 06:59:00,17.27,72.11,58.37,60,0.075,0.0,13.16
2026-09-10 07:00:00,17.32,72.03,57.98,60,0.015,0.0,13.16
2026-09-10 07:01:00,17.39,72.07,57.98,60,0.06,0.0,13.16
2026-09-10 07:02:00,17.41,71.91,56.84,60,0.03,0.0,13.16
2026-09-10 07:03:00,17.47,72.09,56.08,60,0.315,0.0,13.16
2026-09-10 07:04:00,17.49,71.93,54.93,60,0.12,0.0,13.16
2026-09-10 07:05:00,17.53,72.01,54.55,60,0.15,0.0,13.16
2026-09-10 07:06:00,17.58,71.66,54.55,60,0.105,0.0,13.16
2026-09-10 07:07:00,17.64,71.7,54.93,60,0.09,0.0,13.16
2026-09-10 07:08:00,17.72,71.53,56.08,60,0.06,0.0,13.16
2026-09-10 07:09:00,17.81,71.19,58.37,60,0.18,0.0,13.16
2026-09-10 07:10:00,17.84,71.04,61.42,60,0.375,0.0,13.16
2026-09-10 07:11:00,17.85,70.93,65.23,60,0.315,0.0,13.16
2026-09-10 07:12:00,17.86,70.77,70.19,60,0.345,0.0,13.16
2026-09-10 07:13:00,17.89,70.25,73.62,60,0.405,0.0,13.16
2026-09-10 07:14:00,17.91,70.01,77.06,60,0.0,0.0,13.16
2026-09-10 07:15:00,17.95,69.85,80.49,60,0.0,0.0,13.16
2026-09-10 07:16:00,18.05,69.54,84.69,60,0.0,0.0,13.16
2026-09-10 07:17:00,18.13,69.06,89.27,60,0.015,0.0,13.16
2026-09-10 07:18:00,18.23,68.6,94.99,60,0.165,0.0,13.16
2026-09-10 07:19:00,18.36,68.13,99.95,60,0.0,0.0,13.16
2026-09-10 07:20:00,18.52,67.7,104.52,60,0.015,0.0,13.16
2026-09-10 07:21:00,18.6,67.34,108.34,60,0.09,0.0,13.46
2026-09-10 07:22:00,18.76,67.46,111.39,60,0.045,0.0,13.46
2026-09-10 07:23:00,18.88,66.97,112.92,60,0.0,0.0,13.46
2026-09-10 07:24:00,19.01,66.67,115.21,60,0.0,0.0,13.46
2026-09-10 07:25:00,19.11,67.06,116.73,56,0.345,0.0,13.53
2026-09-10 07:26:00,19.17,66.5,117.88,59,0.375,0.0,13.53
2026-09-10 07:27:00,19.21,66.11,118.26,58,0.27,0.0,13.57
2026-09-10 07:28:00,19.28,65.61,118.64,58,0.105,0.0,13.57
2026-09-10 07:29:00,19.37,65.07,119.78,80,0.435,0.0,13.61
2026-09-10 07:30:00,19.42,65.04,118.64,73,0.36,0.0,13.64
2026-09-10 07:31:00,19.49,64.53,117.11,73,0.315,0.0,13.61
2026-09-10 07:32:00,19.53,63.82,114.82,73,0.27,0.0,13.64
2026-09-10 07:33:00,19.62,64.8,112.15,73,0.345,0.0,13.64
2026-09-10 07:34:00,19.66,64.69,109.86,73,0.285,0.0,13.64
2026-09-10 07:35:00,19.69,64.44,107.58,266,0.405,0.0,13.64
2026-09-10 07:36:00,19.74,64.27,105.67,28,0.315,0.0,13.64
2026-09-10 07:37:00,19.8,64.35,104.14,8,0.57,0.0,13.64
2026-09-10 07:38:00,19.82,64.56,103.38,33,0.45,0.0,13.64
2026-09-10 07:39:00,19.83,64.81,103.38,43,0.33,0.0,13.64
2026-09-10 07:40:00,19.86,64.91,103.38,127,0.405,0.0,13.64
2026-09-10 07:41:00,19.86,64.98,103.76,116,0.45,0.0,13.64
2026-09-10 07:42:00,19.87,64.69,110.63,116,0.105,0.0,13.79
2026-09-10 07:43:00,19.94,64.38,194.17,105,0.21,0.0,13.79
2026-09-10 07:44:00,20.0,64.41,275.04,102,0.42,0.0,14.21
2026-09-10 07:45:00,20.02,64.42,282.67,69,0.615,0.0,14.28
2026-09-10 07:46:00,20.03,64.2,285.73,39,0.36,0.0,14.28
2026-09-10 07:47:00,20.09,64.17,288.4,18,0.465,0.0,14.28
2026-09-10 07:48:00,20.14,63.99,287.63,29,0.57,0.0,14.28
2026-09-10 07:49:00,20.3,64.51,289.16,51,0.105,0.0,14.28
2026-09-10 07:50:00,20.48,64.0,291.45,71,0.045,0.0,14.28
2026-09-10 07:51:00,20.67,61.76,291.83,249,0.45,0.0,14.28
2026-09-10 07:52:00,20.81,60.86,293.35,27,0.63,0.0,14.28
2026-09-10 07:53:00,20.96,60.49,295.26,105,0.66,0.0,14.28
2026-09-10 07:54:00,21.06,60.38,296.03,349,0.315,0.0,14.28
2026-09-10 07:55:00,21.16,59.83,299.08,0,0.51,0.0,14.28
2026-09-10 07:56:00,21.29,59.06,300.6,316,0.645,0.0,14.28
2026-09-10 07:57:00,21.29,59.04,305.18,75,0.72,0.0,14.28
2026-09-10 07:58:00,21.36,59.16,312.43,2,0.36,0.0,14.28
2026-09-10 07:59:00,21.49,59.47,320.82,84,0.45,0.0,14.28
2026-09-10 08:00:00,21.61,59.05,330.74,79,0.375,0.0,14.28
2026-09-10 08:01:00,21.74,58.52,343.33,115,0.51,0.0,14.28
2026-09-10 08:02:00,21.81,58.17,354.01,67,0.705,0.0,14.28
2026-09-10 08:03:00,21.9,57.98,364.31,114,0.39,0.0,14.28
2026-09-10 08:04:00,22.04,57.44,375.37,40,0.24,0.0,14.28
2026-09-10 08:05:00,22.15,56.35,385.29,56,0.465,0.0,14.28
2026-09-10 08:06:00,22.22,56.27,395.59,239,0.6,0.0,14.28
2026-09-10 08:07:00,22.25,55.84,407.03,308,0.54,0.0,14.28
2026-09-10 08:08:00,22.34,55.73,399.02,114,0.345,0.0,14.28
2026-09-10 08:09:00,22.48,55.81,431.45,55,0.375,0.0,14.28
2026-09-10 08:10:00,22.66,55.9,437.17,68,0.39,0.0,14.28
2026-09-10 08:11:00,22.75,54.51,449.0,307,1.02,0.0,14.28
2026-09-10 08:12:00,22.7,54.67,450.52,333,0.675,0.0,14.28
2026-09-10 08:13:00,22.72,54.9,442.89,330,0.825,0.0,14.28
2026-09-10 08:14:00,22.76,54.82,452.43,85,0.6,0.0,14.28
2026-09-10 08:15:00,22.85,54.45,461.2,279,0.615,0.0,14.28
2026-09-10 08:16:00,22.9,54.28,439.08,228,0.6,0.0,14.28
2026-09-10 08:17:00,22.94,53.93,347.52,28,0.93,0.0,14.28
2026-09-10 08:18:00,22.86,53.91,287.25,91,0.705,0.0,14.24
2026-09-10 08:19:00,22.82,54.08,259.02,226,0.51,0.0,14.24
2026-09-10 08:20:00,22.75,54.61,294.5,54,0.525,0.0,14.24
2026-09-10 08:21:00,22.73,54.53,266.27,114,0.615,0.0,14.24
2026-09-10 08:22:00,22.76,54.69,287.25,272,0.33,0.0,14.24
2026-09-10 08:23:00,22.8,53.53,498.97,18,1.005,0.0,14.28
2026-09-10 08:24:00,22.82,53.73,506.22,284,0.81,0.0,14.28
2026-09-10 08:25:00,22.89,53.78,505.84,47,0.69,0.0,14.28
2026-09-10 08:26:00,23.01,53.57,374.61,102,0.675,0.0,14.28
2026-09-10 08:27:00,23.07,52.99,260.17,157,0.885,0.0,14.24
2026-09-10 08:28:00,22.96,52.72,312.81,41,1.32,0.0,14.24
2026-09-10 08:29:00,22.78,53.49,236.9,190,0.69,0.0,14.24
2026-09-10 08:30:00,22.68,53.79,225.83,90,0.6,0.0,14.24
2026-09-10 08:31:00,22.58,54.26,245.67,50,0.615,0.0,14.24
2026-09-10 08:32:00,22.53,54.34,265.13,168,0.525,0.0,14.24
2026-09-10 08:33:00,22.56,54.4,315.48,359,0.285,0.0,14.28
2026-09-10 08:34:00,22.62,54.07,318.91,309,0.63,0.0,14.28
2026-09-10 08:35:00,22.58,54.08,302.89,0,1.08,0.0,14.28
2026-09-10 08:36:00,22.53,54.14,286.49,92,0.735,0.0,14.28
2026-09-10 08:37:00,22.52,54.32,286.49,182,0.51,0.0,14.28
2026-09-10 08:38:00,22.55,53.98,268.56,307,0.6,0.0,14.28
2026-09-10 08:39:00,22.53,54.1,252.92,95,0.705,0.0,14.28
2026-09-10 08:40:00,22.53,54.28,243.38,342,0.555,0.0,14.28
2026-09-10 08:41:00,22.51,54.16,238.8,73,0.75,0.0,14.28
2026-09-10 08:42:00,22.42,53.91,257.5,256,1.29,0.0,14.28
2026-09-10 08:43:00,22.41,54.36,286.49,110,0.66,0.0,14.28
2026-09-10 08:44:00,22.39,54.72,293.74,144,0.465,0.0,14.28
2026-09-10 08:45:00,22.51,54.38,337.99,43,0.825,0.0,14.28
2026-09-10 08:46:00,22.56,53.63,403.22,126,1.05,0.0,14.32
2026-09-10 08:47:00,22.62,53.86,275.43,219,0.66,0.0,14.28
2026-09-10 08:48:00,22.68,54.0,284.58,163,0.69,0.0,14.28
2026-09-10 08:49:00,22.73,54.04,293.74,116,0.48,0.0,14.28
2026-09-10 08:50:00,22.79,54.1,521.48,125,0.75,0.0,14.32
2026-09-10 08:51:00,22.83,53.2,301.37,248,0.885,0.0,14.28
2026-09-10 08:52:00,22.9,53.34,568.78,348,0.69,0.0,14.32
2026-09-10 08:53:00,23.07,53.08,439.84,134,0.375,0.0,14.28
2026-09-10 08:54:00,23.27,52.96,605.02,88,0.33,0.0,14.32
2026-09-10 08:55:00,23.36,52.79,424.96,65,0.735,0.0,14.28
2026-09-10 08:56:00,23.44,53.06,418.48,83,0.63,0.0,14.28
2026-09-10 08:57:00,23.51,52.54,559.62,179,0.555,0.0,14.32
2026-09-10 08:58:00,23.68,51.68,505.84,154,0.81,0.0,14.28
2026-09-10 08:59:00,23.81,51.04,425.35,348,0.96,0.0,14.28
2026-09-10 09:00:00,23.72,51.28,383.76,159,1.065,0.0,14.28
2026-09-10 09:01:00,23.75,51.81,446.33,82,0.66,0.0,14.28
2026-09-10 09:02:00,23.78,51.89,416.95,54,0.645,0.0,14.28
2026-09-10 09:03:00,23.81,51.67,557.72,190,1.065,0.0,14.28
2026-09-10 09:04:00,23.81,51.53,412.76,359,0.42,0.0,14.28
2026-09-10 09:05:00,23.87,51.59,358.21,239,0.42,0.0,14.28
2026-09-10 09:06:00,23.92,51.49,349.43,48,0.21,0.0,14.28
2026-09-10 09:07:00,24.03,51.8,352.1,49,0.21,0.0,14.28
2026-09-10 09:08:00,24.13,51.76,373.85,312,0.3,0.0,14.28
2026-09-10 09:09:00,24.16,50.94,408.56,328,0.555,0.0,14.28
2026-09-10 09:10:00,24.18,51.43,378.04,155,0.255,0.0,14.28
2026-09-10 09:11:00,24.2,51.33,436.41,149,0.39,0.0,14.28
2026-09-10 09:12:00,24.25,51.42,485.24,105,0.42,0.0,14.28
2026-09-10 09:13:00,24.33,50.62,481.04,31,0.36,0.0,14.28
2026-09-10 09:14:00,24.39,50.66,449.0,322,0.555,0.0,14.28
2026-09-10 09:15:00,24.44,50.82,393.68,282,0.48,0.0,14.24
2026-09-10 09:16:00,24.39,50.68,361.26,131,0.6,0.0,14.28
2026-09-10 09:17:00,24.32,50.89,338.37,68,0.54,0.0,14.24
2026-09-10 09:18:00,24.19,51.44,338.75,73,0.9,0.0,14.24
2026-09-10 09:19:00,24.03,51.69,339.89,63,1.065,0.0,14.28
2026-09-10 09:20:00,23.91,52.26,338.37,6,0.945,0.0,14.24
2026-09-10 09:21:00,23.81,52.59,343.71,113,0.63,0.0,14.28
2026-09-10 09:22:00,23.7,52.82,352.1,47,1.29,0.0,14.24
2026-09-10 09:23:00,23.6,52.93,356.68,12,0.945,0.0,14.28
2026-09-10 09:24:00,23.55,53.04,369.65,34,0.255,0.0,14.28
2026-09-10 09:25:00,23.61,52.92,380.33,107,0.825,0.0,14.24
2026-09-10 09:26:00,23.6,52.61,383.76,165,0.87,0.0,14.28
2026-09-10 09:27:00,23.57,53.13,391.01,38,0.855,0.0,14.24
2026-09-10 09:28:00,23.52,53.03,411.23,93,1.2,0.0,14.28
2026-09-10 09:29:00,23.44,52.61,400.93,312,1.395,0.0,14.28
2026-09-10 09:30:00,23.44,52.7,399.79,123,0.495,0.0,14.28
2026-09-10 09:31:00,23.41,52.89,381.48,285,1.005,0.0,14.24
2026-09-10 09:32:00,23.42,53.28,384.15,57,1.335,0.0,14.24
2026-09-10 09:33:00,23.38,53.06,379.57,118,0.84,0.0,14.24
2026-09-10 09:34:00,23.38,53.01,366.22,133,0.84,0.0,14.24
2026-09-10 09:35:00,23.42,53.07,359.35,143,0.63,0.0,14.24
2026-09-10 09:36:00,23.47,52.82,353.63,261,0.51,0.0,14.24
2026-09-10 09:37:00,23.47,52.91,353.63,50,0.675,0.0,14.24
2026-09-10 09:38:00,23.51,53.08,360.49,91,0.345,0.0,14.24
2026-09-10 09:39:00,23.51,53.43,369.65,351,0.495,0.0,14.24
2026-09-10 09:40:00,23.6,53.37,371.56,236,0.615,0.0,14.24
2026-09-10 09:41:00,23.67,53.43,377.28,323,0.555,0.0,14.24
2026-09-10 09:42:00,23.77,53.35,387.96,244,0.33,0.0,14.24
2026-09-10 09:43:00,23.82,53.03,367.36,55,0.495,0.0,14.24
2026-09-10 09:44:00,23.85,53.48,369.27,30,0.9,0.0,14.24
2026-09-10 09:45:00,23.88,53.18,371.56,65,0.315,0.0,14.24
2026-09-10 09:46:00,23.93,52.72,377.28,154,0.15,0.0,14.24
2026-09-10 09:47:00,24.02,52.96,371.56,108,0.225,0.0,14.24
2026-09-10 09:48:00,24.08,52.93,363.93,107,0.555,0.0,14.24
2026-09-10 09:49:00,24.12,52.3,355.92,313,0.3,0.0,14.24
2026-09-10 09:50:00,24.15,52.04,348.67,307,0.48,0.0,14.24
2026-09-10 09:51:00,24.15,52.02,341.8,121,0.42,0.0,14.24
2026-09-10 09:52:00,24.16,52.13,334.17,318,0.435,0.0,14.24
2026-09-10 09:53:00,24.15,52.26,329.59,46,0.975,0.0,14.24
2026-09-10 09:54:00,24.05,52.28,323.11,152,0.765,0.0,14.24
2026-09-10 09:55:00,23.99,52.76,318.91,279,0.495,0.0,14.24
2026-09-10 09:56:00,23.99,53.31,315.86,59,0.36,0.0,14.24
2026-09-10 09:57:00,24.02,53.65,314.72,79,0.825,0.0,14.24
2026-09-10 09:58:00,23.95,53.83,312.05,55,1.065,0.0,14.24
2026-09-10 09:59:00,23.93,53.83,312.81,57,0.255,0.0,14.24
2026-09-10 10:00:00,23.99,53.66,316.62,113,0.18,0.0,14.24
2026-09-10 10:01:00,24.06,53.33,318.91,19,0.315,0.0,14.24
2026-09-10 10:02:00,24.08,53.26,320.82,63,0.825,0.0,14.24
2026-09-10 10:03:00,24.02,52.66,324.25,72,1.215,0.0,14.24
2026-09-10 10:04:00,23.92,52.67,327.31,155,1.17,0.0,14.24
2026-09-10 10:05:00,23.85,53.14,331.12,177,0.855,0.0,14.24
2026-09-10 10:06:00,23.78,53.68,333.03,40,0.72,0.0,14.24
2026-09-10 10:07:00,23.79,53.64,339.51,81,0.69,0.0,14.24
2026-09-10 10:08:00,23.81,53.83,345.62,10,0.42,0.0,14.24
2026-09-10 10:09:00,23.82,53.96,349.43,68,0.48,0.0,14.24
2026-09-10 10:10:00,23.89,53.69,351.72,48,0.72,0.0,14.24
2026-09-10 10:11:00,23.88,53.97,353.63,102,0.72,0.0,14.24
2026-09-10 10:12:00,23.91,53.24,356.68,264,0.675,0.0,14.24
2026-09-10 10:13:00,23.93,53.04,360.49,269,0.72,0.0,14.24
2026-09-10 10:14:00,23.98,53.73,363.16,93,0.705,0.0,14.24
2026-09-10 10:15:00,23.96,54.31,366.98,147,0.855,0.0,14.24
2026-09-10 10:16:00,23.99,54.66,376.52,82,0.345,0.0,14.24
2026-09-10 10:17:00,24.05,55.05,388.72,55,0.39,0.0,14.24
2026-09-10 10:18:00,24.13,55.02,455.1,55,0.15,0.0,14.24
2026-09-10 10:19:00,24.23,54.92,431.83,190,0.39,0.0,14.24
2026-09-10 10:20:00,24.28,54.82,434.88,179,0.36,0.0,14.24
2026-09-10 10:21:00,24.32,55.14,429.92,157,0.42,0.0,14.24
2026-09-10 10:22:00,24.29,55.09,443.66,111,1.095,0.0,14.24
2026-09-10 10:23:00,24.28,55.34,436.79,109,0.645,0.0,14.24
2026-09-10 10:24:00,24.32,55.25,429.16,223,0.39,0.0,14.24
2026-09-10 10:25:00,24.36,54.9,445.94,145,0.48,0.0,14.24
2026-09-10 10:26:00,24.39,55.02,569.54,187,0.51,0.0,14.24
2026-09-10 10:27:00,24.43,54.8,446.33,135,0.315,0.0,14.24
2026-09-10 10:28:00,24.49,54.66,445.18,156,0.225,0.0,14.24
2026-09-10 10:29:00,24.51,54.57,457.77,182,0.585,0.0,14.24
2026-09-10 10:30:00,24.59,54.61,459.3,190,0.345,0.0,14.24
2026-09-10 10:31:00,24.62,54.15,527.96,227,0.63,0.0,14.24
2026-09-10 10:32:00,24.64,53.87,530.63,152,0.885,0.0,14.24
2026-09-10 10:33:00,24.66,53.89,576.79,194,0.495,0.0,14.24
2026-09-10 10:34:00,24.67,53.91,585.56,121,0.585,0.0,14.24
2026-09-10 10:35:00,24.73,53.64,623.33,219,0.45,0.0,14.24
2026-09-10 10:36:00,24.86,53.0,686.66,130,0.345,0.0,14.24
2026-09-10 10:37:00,24.98,52.5,630.96,151,0.24,0.0,14.24
2026-09-10 10:38:00,25.13,52.49,693.9,153,0.36,0.0,14.24
2026-09-10 10:39:00,25.19,52.97,569.92,183,0.585,0.0,14.24
2026-09-10 10:40:00,25.27,52.67,406.65,115,0.495,0.0,14.24
2026-09-10 10:41:00,25.25,52.7,370.41,155,0.555,0.0,14.24
2026-09-10 10:42:00,25.22,52.19,351.72,137,0.645,0.0,14.24
2026-09-10 10:43:00,25.19,52.11,338.75,198,0.27,0.0,14.24
2026-09-10 10:44:00,25.19,52.22,330.36,214,0.465,0.0,14.24
2026-09-10 10:45:00,25.19,52.57,326.16,178,0.345,0.0,14.24
2026-09-10 10:46:00,25.11,52.89,325.78,187,0.555,0.0,14.24
2026-09-10 10:47:00,25.07,53.17,321.2,187,0.33,0.0,14.24
2026-09-10 10:48:00,25.02,53.59,321.2,187,0.225,0.0,14.24
2026-09-10 10:49:00,25.07,53.43,323.87,187,0.165,0.0,14.24
2026-09-10 10:50:00,25.1,53.36,328.07,194,0.435,0.0,14.24
2026-09-10 10:51:00,25.07,53.4,333.03,130,0.15,0.0,14.24
2026-09-10 10:52:00,25.08,53.31,337.22,186,0.645,0.0,14.24
2026-09-10 10:53:00,25.04,53.31,341.42,182,0.51,0.0,14.24
2026-09-10 10:54:00,25.0,53.27,344.09,182,0.285,0.0,14.24
2026-09-10 10:55:00,25.0,53.27,348.67,187,0.42,0.0,14.24
2026-09-10 10:56:00,24.94,53.64,356.68,172,0.42,0.0,14.24
2026-09-10 10:57:00,24.93,53.3,370.41,198,0.66,0.0,14.24
2026-09-10 10:58:00,24.91,53.41,385.67,172,0.255,0.0,14.24
2026-09-10 10:59:00,24.97,53.49,404.75,182,0.45,0.0,14.24
2026-09-10 11:00:00,24.97,53.54,425.35,212,0.45,0.0,14.24
2026-09-10 11:01:00,25.01,53.6,448.23,181,0.465,0.0,14.24
2026-09-10 11:02:00,25.0,53.5,477.99,158,0.6,0.0,14.24
2026-09-10 11:03:00,25.04,53.88,502.4,208,0.39,0.0,14.24
2026-09-10 11:04:00,25.08,53.86,569.16,193,0.405,0.0,14.24
2026-09-10 11:05:00,25.18,53.39,677.5,206,0.48,0.0,14.24
2026-09-10 11:06:00,25.22,53.64,632.1,212,0.795,0.0,14.24
2026-09-10 11:07:00,25.31,53.04,590.52,143,0.675,0.0,14.24
2026-09-10 11:08:00,25.35,53.31,644.31,177,0.375,0.0,14.24
2026-09-10 11:09:00,25.46,53.23,643.17,211,0.435,0.0,14.24
2026-09-10 11:10:00,25.61,52.54,679.79,177,0.39,0.0,14.24
2026-09-10 11:11:00,25.75,52.47,764.1,109,0.57,0.0,14.24
2026-09-10 11:12:00,25.92,51.7,1043.72,193,0.57,0.0,14.24
2026-09-10 11:13:00,26.03,51.44,746.17,136,0.525,0.0,14.24
2026-09-10 11:14:00,26.19,51.43,1056.31,200,0.375,0.0,14.24
2026-09-10 11:15:00,26.17,50.49,788.51,71,1.05,0.0,14.24
2026-09-10 11:16:00,26.16,51.26,911.73,181,0.51,0.0,14.24
2026-09-10 11:17:00,26.31,51.41,600.06,181,0.3,0.0,14.17
2026-09-10 11:18:00,26.43,50.84,532.54,84,0.555,0.0,14.17
2026-09-10 11:19:00,26.52,50.15,465.02,105,0.54,0.0,14.17
2026-09-10 11:20:00,26.55,49.9,436.41,201,0.405,0.0,14.17
2026-09-10 11:21:00,26.55,50.1,417.33,204,0.33,0.0,14.17
2026-09-10 11:22:00,26.52,49.75,408.18,161,0.525,0.0,14.17
2026-09-10 11:23:00,26.46,50.15,408.18,201,0.675,0.0,14.13
2026-09-10 11:24:00,26.37,50.77,383.38,196,0.36,0.0,14.17
2026-09-10 11:25:00,26.3,50.79,379.95,178,0.48,0.0,14.13
2026-09-10 11:26:00,26.2,51.07,384.91,183,0.495,0.0,14.17
2026-09-10 11:27:00,26.07,51.56,390.63,169,0.705,0.0,14.13
2026-09-10 11:28:00,26.03,51.65,401.31,186,0.285,0.0,14.17
2026-09-10 11:29:00,25.97,51.79,407.8,196,0.315,0.0,14.17
2026-09-10 11:30:00,25.93,52.16,418.86,200,0.285,0.0,14.17
2026-09-10 11:31:00,25.96,52.05,421.15,205,0.48,0.0,14.17
2026-09-10 11:32:00,25.92,51.56,429.92,140,0.6,0.0,14.17
2026-09-10 11:33:00,25.92,51.68,439.84,223,0.45,0.0,14.13
2026-09-10 11:34:00,25.93,51.17,451.67,40,0.495,0.0,14.17
2026-09-10 11:35:00,25.93,51.47,467.31,193,0.39,0.0,14.17
2026-09-10 11:36:00,25.96,51.54,471.89,213,0.39,0.0,14.17
2026-09-10 11:37:00,26.0,51.57,458.15,218,0.24,0.0,14.17
2026-09-10 11:38:00,25.93,51.67,455.86,148,0.615,0.0,14.17
2026-09-10 11:39:00,25.92,51.59,444.8,243,0.36,0.0,14.17
2026-09-10 11:40:00,25.9,52.03,437.55,246,0.285,0.0,14.17
2026-09-10 11:41:00,25.89,51.68,430.69,209,0.63,0.0,14.17
2026-09-10 11:42:00,25.9,51.78,428.78,255,0.525,0.0,14.13
2026-09-10 11:43:00,25.9,51.76,414.28,243,0.39,0.0,14.13
2026-09-10 11:44:00,25.88,51.56,403.22,172,0.405,0.0,14.13
2026-09-10 11:45:00,25.85,51.78,397.12,169,0.36,0.0,14.13
2026-09-10 11:46:00,25.8,52.0,389.87,215,0.345,0.0,14.13
2026-09-10 11:47:00,25.8,51.77,387.96,172,0.27,0.0,14.13
2026-09-10 11:48:00,25.85,52.16,388.72,132,0.21,0.0,14.13
2026-09-10 11:49:00,25.86,52.37,397.12,120,0.33,0.0,14.13
2026-09-10 11:50:00,25.95,51.96,412.38,194,0.285,0.0,14.17
2026-09-10 11:51:00,25.97,52.1,423.06,178,0.375,0.0,14.13
2026-09-10 11:52:00,25.95,52.19,446.33,149,0.345,0.0,14.17
2026-09-10 11:53:00,25.92,52.31,480.66,14,0.495,0.0,14.17
2026-09-10 11:54:00,25.92,52.08,489.81,148,0.6,0.0,14.17
2026-09-10 11:55:00,25.92,51.7,492.48,180,0.495,0.0,14.13
2026-09-10 11:56:00,25.89,51.94,545.89,186,0.435,0.0,14.17
2026-09-10 11:57:00,25.9,52.27,485.24,164,0.315,0.0,14.13
2026-09-10 11:58:00,25.97,52.15,482.57,190,0.195,0.0,14.13
2026-09-10 11:59:00,26.07,52.16,483.71,184,0.315,0.0,14.13
2026-09-10 12:00:00,26.12,52.04,476.84,235,0.54,0.0,14.13
2026-09-10 12:01:00,26.17,51.76,505.07,193,0.21,0.0,14.13
2026-09-10 12:02:00,26.24,51.6,529.49,213,0.465,0.0,14.13
2026-09-10 12:03:00,26.23,51.71,493.63,134,0.6,0.0,14.13
2026-09-10 12:04:00,26.21,51.07,489.05,212,0.57,0.0,14.13
2026-09-10 12:05:00,26.16,51.07,494.39,193,0.375,0.0,14.13
2026-09-10 12:06:00,26.17,51.08,508.13,220,0.585,0.0,14.13
2026-09-10 12:07:00,26.1,51.29,541.31,265,0.63,0.0,14.13
2026-09-10 12:08:00,26.12,51.05,570.31,272,0.45,0.0,14.13
2026-09-10 12:09:00,26.13,51.26,534.07,131,0.435,0.0,14.13
2026-09-10 12:10:00,26.12,51.56,549.32,190,0.66,0.0,14.13
2026-09-10 12:11:00,26.2,51.19,562.29,164,0.42,0.0,14.13
2026-09-10 12:12:00,26.31,50.8,517.66,165,0.345,0.0,14.13
2026-09-10 12:13:00,26.38,50.93,617.99,124,0.27,0.0,14.13
2026-09-10 12:14:00,26.47,51.12,503.17,171,0.225,0.0,14.13
2026-09-10 12:15:00,26.5,50.48,503.17,194,0.465,0.0,14.13
2026-09-10 12:16:00,26.55,50.02,491.72,182,0.48,0.0,14.13
2026-09-10 12:17:00,26.54,50.21,485.62,176,0.42,0.0,14.13
2026-09-10 12:18:00,26.6,50.22,491.34,176,0.285,0.0,14.13
2026-09-10 12:19:00,26.6,50.28,481.8,190,0.495,0.0,14.13
2026-09-10 12:20:00,26.57,50.73,484.86,118,0.63,0.0,14.13
2026-09-10 12:21:00,26.55,50.97,465.02,212,0.48,0.0,14.13
2026-09-10 12:22:00,26.55,51.26,468.83,206,0.165,0.0,14.13
2026-09-10 12:23:00,26.57,50.81,464.64,181,0.42,0.0,14.13
2026-09-10 12:24:00,26.57,50.48,465.4,168,0.42,0.0,14.13
2026-09-10 12:25:00,26.51,50.72,504.31,138,0.54,0.0,14.13
2026-09-10 12:26:00,26.52,51.0,510.8,308,0.465,0.0,14.13
2026-09-10 12:27:00,26.58,50.95,533.68,306,0.075,0.0,14.13
2026-09-10 12:28:00,26.68,51.15,562.68,173,0.15,0.0,14.13
2026-09-10 12:29:00,26.79,50.59,544.75,118,0.78,0.0,14.13
2026-09-10 12:30:00,26.85,50.7,572.21,215,0.39,0.0,14.13
2026-09-10 12:31:00,26.98,50.8,580.22,145,0.195,0.0,14.13
2026-09-10 12:32:00,26.99,50.02,556.57,105,0.72,0.0,14.13
2026-09-10 12:33:00,27.01,49.8,764.1,166,0.24,0.0,14.13
2026-09-10 12:34:00,27.02,49.66,578.32,323,0.855,0.0,14.13
2026-09-10 12:35:00,26.95,49.63,595.1,248,0.825,0.0,14.13
2026-09-10 12:36:00,26.98,49.82,615.32,227,0.48,0.0,14.13
2026-09-10 12:37:00,26.98,49.8,604.64,190,0.435,0.0,14.13
2026-09-10 12:38:00,26.98,49.77,528.34,298,0.54,0.0,14.13
2026-09-10 12:39:00,26.99,49.7,500.5,198,0.375,0.0,14.13
2026-09-10 12:40:00,27.01,49.57,474.17,249,0.525,0.0,14.13
2026-09-10 12:41:00,26.98,49.42,460.82,155,0.57,0.0,14.13
2026-09-10 12:42:00,26.91,49.79,477.99,155,0.405,0.0,14.13
2026-09-10 12:43:00,26.88,49.67,516.9,176,0.225,0.0,14.13
2026-09-10 12:44:00,26.88,49.41,460.82,160,0.285,0.0,14.13
2026-09-10 12:45:00,26.92,49.63,447.09,166,0.285,0.0,14.13
2026-09-10 12:46:00,26.92,49.61,449.0,220,0.465,0.0,14.13
2026-09-10 12:47:00,26.84,49.64,521.48,151,0.465,0.0,14.13
2026-09-10 12:48:00,26.79,49.92,463.87,202,0.51,0.0,14.13
2026-09-10 12:49:00,26.89,49.83,529.11,166,0.18,0.0,14.13
2026-09-10 12:50:00,26.99,49.94,429.54,166,0.435,0.0,14.13
2026-09-10 12:51:00,27.14,49.8,405.13,166,0.15,0.0,14.09
2026-09-10 12:52:00,27.18,49.27,395.97,166,0.33,0.0,14.09
2026-09-10 12:53:00,27.21,48.95,386.82,223,0.42,0.0,14.09
2026-09-10 12:54:00,27.19,49.08,384.53,145,0.51,0.0,14.13
2026-09-10 12:55:00,27.12,49.12,378.81,182,0.435,0.0,14.09
2026-09-10 12:56:00,27.02,49.01,371.94,81,0.885,0.0,14.09
2026-09-10 12:57:00,26.87,49.45,363.16,118,0.81,0.0,14.09
2026-09-10 12:58:00,26.68,49.98,352.48,191,0.405,0.0,14.13
2026-09-10 12:59:00,26.57,50.31,342.95,192,0.375,0.0,14.13
2026-09-10 13:00:00,26.54,50.38,335.7,192,0.135,0.0,14.09
2026-09-10 13:01:00,26.63,50.66,331.12,309,0.15,0.0,14.09
2026-09-10 13:02:00,26.7,50.6,329.59,309,0.06,0.0,14.09
2026-09-10 13:03:00,26.79,50.25,329.98,10,0.45,0.0,14.13
2026-09-10 13:04:00,26.75,50.48,332.65,110,0.69,0.0,14.09
2026-09-10 13:05:00,26.67,50.77,337.61,110,0.255,0.0,14.09
2026-09-10 13:06:00,26.64,51.05,344.09,153,0.255,0.0,14.09
2026-09-10 13:07:00,26.58,51.01,352.86,181,0.405,0.0,14.13
2026-09-10 13:08:00,26.6,50.65,362.4,67,0.45,0.0,14.13
2026-09-10 13:09:00,26.64,50.19,368.89,170,0.435,0.0,14.13
2026-09-10 13:10:00,26.68,50.1,374.61,195,0.255,0.0,14.09
2026-09-10 13:11:00,26.7,50.09,381.09,110,0.285,0.0,14.09
2026-09-10 13:12:00,26.7,50.1,385.29,205,0.375,0.0,14.13
2026-09-10 13:13:00,26.71,50.1,389.11,248,0.285,0.0,14.13
2026-09-10 13:14:00,26.71,50.35,397.5,91,0.87,0.0,14.13
2026-09-10 13:15:00,26.58,50.46,395.59,31,0.735,0.0,14.13
2026-09-10 13:16:00,26.52,50.52,394.83,54,0.18,0.0,14.13
2026-09-10 13:17:00,26.6,50.67,401.69,54,0.165,0.0,14.13
2026-09-10 13:18:00,26.64,50.57,405.89,54,0.165,0.0,14.09
2026-09-10 13:19:00,26.68,50.6,411.99,65,0.255,0.0,14.13
2026-09-10 13:20:00,26.78,50.78,432.97,65,0.165,0.0,14.13
2026-09-10 13:21:00,26.88,50.44,431.45,93,0.33,0.0,14.09
2026-09-10 13:22:00,26.95,50.54,429.92,110,0.345,0.0,14.09
2026-09-10 13:23:00,27.02,50.13,426.49,101,0.3,0.0,14.13
2026-09-10 13:24:00,27.08,49.94,431.45,136,0.42,0.0,14.09
2026-09-10 13:25:00,27.02,49.91,447.47,170,0.255,0.0,14.09
2026-09-10 13:26:00,27.06,49.75,456.24,324,0.27,0.0,14.13
2026-09-10 13:27:00,27.11,49.45,446.71,211,0.27,0.0,14.09
2026-09-10 13:28:00,27.15,49.25,458.15,197,0.255,0.0,14.09
2026-09-10 13:29:00,27.15,49.33,470.36,172,0.36,0.0,14.09
2026-09-10 13:30:00,27.16,49.09,489.43,172,0.195,0.0,14.09
2026-09-10 13:31:00,27.21,48.88,476.84,261,0.24,0.0,14.09
2026-09-10 13:32:00,27.26,48.32,462.73,259,0.375,0.0,14.09
2026-09-10 13:33:00,27.25,48.39,445.94,265,0.42,0.0,14.09
2026-09-10 13:34:00,27.25,48.74,431.07,131,0.09,0.0,14.09
2026-09-10 13:35:00,27.25,48.93,418.48,144,0.495,0.0,14.09
2026-09-10 13:36:00,27.29,49.06,411.99,159,0.345,0.0,14.09
2026-09-10 13:37:00,27.3,49.07,432.97,159,0.135,0.0,14.09
2026-09-10 13:38:00,27.39,48.55,416.19,159,0.12,0.0,14.09
2026-09-10 13:39:00,27.35,48.11,396.73,173,0.225,0.0,14.09
2026-09-10 13:40:00,27.36,48.51,384.53,173,0.15,0.0,14.09
2026-09-10 13:41:00,27.36,48.5,383.38,168,0.24,0.0,14.09
2026-09-10 13:42:00,27.35,48.68,394.45,168,0.06,0.0,14.09
2026-09-10 13:43:00,27.42,48.75,389.49,292,0.48,0.0,14.09
2026-09-10 13:44:00,27.33,48.71,383.38,156,0.525,0.0,14.09
2026-09-10 13:45:00,27.26,48.92,379.19,182,0.36,0.0,14.09
2026-09-10 13:46:00,27.25,49.2,378.42,139,0.39,0.0,14.09
2026-09-10 13:47:00,27.15,49.37,381.86,85,0.87,0.0,14.09
2026-09-10 13:48:00,27.08,49.39,383.0,197,0.465,0.0,14.09
2026-09-10 13:49:00,27.02,49.36,382.62,191,0.435,0.0,14.09
2026-09-10 13:50:00,27.01,49.16,384.15,195,0.3,0.0,14.09
2026-09-10 13:51:00,27.02,49.26,405.13,184,0.285,0.0,14.09
2026-09-10 13:52:00,27.08,49.33,428.78,208,0.195,0.0,14.09
2026-09-10 13:53:00,27.16,49.16,452.43,207,0.12,0.0,14.09
2026-09-10 13:54:00,27.25,48.98,428.02,206,0.195,0.0,14.09
2026-09-10 13:55:00,27.24,49.17,429.54,102,0.39,0.0,14.09
2026-09-10 13:56:00,27.26,48.84,434.12,177,0.18,0.0,14.09
2026-09-10 13:57:00,27.32,48.92,446.71,194,0.255,0.0,14.09
2026-09-10 13:58:00,27.33,49.28,473.03,187,0.285,0.0,14.09
2026-09-10 13:59:00,27.39,49.33,497.83,266,0.33,0.0,14.09
2026-09-10 14:00:00,27.53,49.23,509.65,280,0.195,0.0,14.09
2026-09-10 14:01:00,27.67,49.36,560.39,272,0.645,0.0,14.09
2026-09-10 14:02:00,27.69,48.88,637.83,139,0.51,0.0,14.09
2026-09-10 14:03:00,27.65,48.95,579.84,124,0.585,0.0,14.09
2026-09-10 14:04:00,27.69,49.34,526.44,160,0.315,0.0,14.09
2026-09-10 14:05:00,27.76,49.15,477.99,208,0.39,0.0,14.09
2026-09-10 14:06:00,27.84,49.04,465.02,198,0.24,0.0,14.09
2026-09-10 14:07:00,27.93,48.63,444.42,192,0.465,0.0,14.09
2026-09-10 14:08:00,27.9,48.19,427.25,192,0.225,0.0,14.09
2026-09-10 14:09:00,27.84,48.19,421.91,197,0.345,0.0,14.09
2026-09-10 14:10:00,27.8,48.34,424.58,162,0.36,0.0,14.09
2026-09-10 14:11:00,27.79,48.43,422.29,187,0.3,0.0,14.09
2026-09-10 14:12:00,27.77,48.85,421.91,187,0.195,0.0,14.09
2026-09-10 14:13:00,27.81,48.64,420.77,187,0.045,0.0,14.09
2026-09-10 14:14:00,27.79,48.59,424.2,160,0.3,0.0,14.09
2026-09-10 14:15:00,27.81,48.81,420.39,71,0.3,0.0,14.09
2026-09-10 14:16:00,27.79,48.88,421.53,199,0.345,0.0,14.09
2026-09-10 14:17:00,27.7,48.87,407.03,162,0.39,0.0,14.09
2026-09-10 14:18:00,27.69,49.18,397.5,151,0.42,0.0,14.09
2026-09-10 14:19:00,27.69,48.53,397.12,133,0.615,0.0,14.09
2026-09-10 14:20:00,27.7,48.44,406.27,133,0.06,0.0,14.09
2026-09-10 14:21:00,27.65,48.5,427.63,157,0.93,0.0,14.09
2026-09-10 14:22:00,27.47,48.13,434.88,70,1.485,0.0,14.09
2026-09-10 14:23:00,27.14,48.81,439.46,64,1.65,0.0,14.09
2026-09-10 14:24:00,26.88,49.5,436.41,47,1.05,0.0,14.09
2026-09-10 14:25:00,26.71,50.29,397.5,137,0.795,0.0,14.09
2026-09-10 14:26:00,26.64,50.43,375.37,59,1.395,0.0,14.09
2026-09-10 14:27:00,26.6,50.77,361.64,59,0.915,0.0,14.09
2026-09-10 14:28:00,26.57,51.26,358.21,24,0.3,0.0,14.09
2026-09-10 14:29:00,26.61,50.95,403.98,122,0.66,0.0,14.09
2026-09-10 14:30:00,26.67,50.98,395.59,310,0.33,0.0,14.09
2026-09-10 14:31:00,26.75,50.6,404.75,202,0.345,0.0,14.09
2026-09-10 14:32:00,26.84,49.95,443.27,212,0.36,0.0,14.09
2026-09-10 14:33:00,26.92,49.54,487.91,210,0.315,0.0,14.09
2026-09-10 14:34:00,27.03,49.55,468.07,177,0.24,0.0,14.09
2026-09-10 14:35:00,27.02,49.49,435.26,200,0.525,0.0,14.09
2026-09-10 14:36:00,27.05,49.81,384.53,198,0.39,0.0,14.09
2026-09-10 14:37:00,27.09,49.17,370.03,237,0.42,0.0,14.09
2026-09-10 14:38:00,27.19,49.06,399.4,198,0.255,0.0,14.09
2026-09-10 14:39:00,27.26,49.26,362.78,108,0.3,0.0,14.09
2026-09-10 14:40:00,27.29,49.46,356.3,166,0.27,0.0,14.09
2026-09-10 14:41:00,27.35,48.9,389.87,165,0.255,0.0,14.09
2026-09-10 14:42:00,27.42,48.8,440.22,165,0.18,0.0,14.09
2026-09-10 14:43:00,27.54,49.1,460.82,178,0.195,0.0,14.09
2026-09-10 14:44:00,27.65,48.9,621.04,205,0.27,0.0,14.09
2026-09-10 14:45:00,27.8,49.25,636.3,112,0.45,0.0,14.09
2026-09-10 14:46:00,27.91,49.01,487.91,207,0.33,0.0,14.09
2026-09-10 14:47:00,27.93,49.03,511.18,183,0.54,0.0,14.09
2026-09-10 14:48:00,27.91,49.4,485.24,136,0.435,0.0,14.09
2026-09-10 14:49:00,27.93,49.36,451.29,193,0.63,0.0,14.09
2026-09-10 14:50:00,27.96,48.83,450.14,143,0.345,0.0,14.09
2026-09-10 14:51:00,27.91,48.98,413.9,173,0.48,0.0,14.09
2026-09-10 14:52:00,27.9,49.11,391.39,172,0.255,0.0,14.09
2026-09-10 14:53:00,27.86,49.12,407.03,179,0.36,0.0,14.09
2026-09-10 14:54:00,27.83,49.16,341.42,79,0.375,0.0,14.09
2026-09-10 14:55:00,27.69,49.48,328.45,153,0.765,0.0,14.09
2026-09-10 14:56:00,27.56,49.92,317.77,250,0.57,0.0,14.09
2026-09-10 14:57:00,27.37,50.3,307.09,256,0.57,0.0,14.09
2026-09-10 14:58:00,27.22,50.6,297.55,215,0.645,0.0,14.09
2026-09-10 14:59:00,27.08,51.09,286.87,184,0.66,0.0,14.09
2026-09-10 15:00:00,27.01,51.47,277.33,146,0.33,0.0,14.09
2026-09-10 15:01:00,26.96,51.72,269.32,154,0.435,0.0,14.09
2026-09-10 15:02:00,26.99,51.76,262.84,136,0.3,0.0,14.09
2026-09-10 15:03:00,26.91,51.74,258.26,138,0.495,0.0,14.09
2026-09-10 15:04:00,26.87,51.62,254.06,187,0.39,0.0,14.09
2026-09-10 15:05:00,26.85,51.81,252.54,187,0.225,0.0,14.09
2026-09-10 15:06:00,26.84,52.13,250.25,155,0.315,0.0,14.09
2026-09-10 15:07:00,26.61,52.22,249.1,143,0.84,0.0,14.09
2026-09-10 15:08:00,26.46,52.56,244.53,144,0.54,0.0,14.09
2026-09-10 15:09:00,26.33,52.9,239.57,190,0.675,0.0,14.09
2026-09-10 15:10:00,26.24,53.19,234.23,194,0.495,0.0,14.09
2026-09-10 15:11:00,26.21,53.65,226.98,186,0.45,0.0,14.09
2026-09-10 15:12:00,26.21,53.89,218.2,180,0.51,0.0,14.09
2026-09-10 15:13:00,26.1,53.97,208.67,203,0.96,0.0,14.09
2026-09-10 15:14:00,25.96,54.14,201.04,192,0.765,0.0,14.09
2026-09-10 15:15:00,25.86,54.56,194.55,151,0.675,0.0,14.09
2026-09-10 15:16:00,25.78,54.99,189.59,205,0.6,0.0,14.09
2026-09-10 15:17:00,25.69,55.3,186.16,174,0.465,0.0,14.09
2026-09-10 15:18:00,25.65,55.45,183.49,209,0.585,0.0,14.09
2026-09-10 15:19:00,25.58,55.76,181.58,175,0.675,0.0,14.09
2026-09-10 15:20:00,25.52,55.89,180.44,140,0.405,0.0,14.09
2026-09-10 15:21:00,25.46,55.72,180.44,174,0.81,0.0,14.09
2026-09-10 15:22:00,25.42,55.82,180.82,183,0.645,0.0,14.09
2026-09-10 15:23:00,25.45,55.97,180.06,181,0.33,0.0,14.09
2026-09-10 15:24:00,25.38,56.12,180.06,217,0.75,0.0,14.09
2026-09-10 15:25:00,25.38,56.34,180.44,193,0.375,0.0,14.09
2026-09-10 15:26:00,25.37,56.5,181.96,191,0.465,0.0,14.09
2026-09-10 15:27:00,25.37,56.68,182.35,175,0.18,0.0,14.09
2026-09-10 15:28:00,25.38,56.96,182.35,176,0.36,0.0,14.09
2026-09-10 15:29:00,25.34,56.77,181.96,173,0.54,0.0,14.09
2026-09-10 15:30:00,25.27,56.96,180.82,161,0.495,0.0,14.09
2026-09-10 15:31:00,25.25,57.13,179.29,150,0.48,0.0,14.09
2026-09-10 15:32:00,25.27,57.01,178.15,178,0.42,0.0,14.09
2026-09-10 15:33:00,25.22,57.2,177.39,177,0.405,0.0,14.09
2026-09-10 15:34:00,25.19,57.35,175.48,192,0.42,0.0,14.09
2026-09-10 15:35:00,25.19,57.58,173.95,192,0.045,0.0,14.09
2026-09-10 15:36:00,25.21,57.67,174.72,191,0.255,0.0,14.09
2026-09-10 15:37:00,25.22,57.63,176.24,191,0.24,0.0,14.09
2026-09-10 15:38:00,25.19,57.77,177.39,178,0.225,0.0,14.13
2026-09-10 15:39:00,25.21,57.77,179.67,178,0.225,0.0,14.13
2026-09-10 15:40:00,25.25,57.38,184.25,124,0.375,0.0,14.13
2026-09-10 15:41:00,25.22,57.34,191.12,207,0.57,0.0,14.13
2026-09-10 15:42:00,25.21,57.15,199.51,154,0.465,0.0,14.13
2026-09-10 15:43:00,25.17,56.99,210.96,163,0.315,0.0,14.13
2026-09-10 15:44:00,25.18,56.75,221.64,105,0.195,0.0,14.13
2026-09-10 15:45:00,25.21,56.46,229.65,223,0.375,0.0,14.13
2026-09-10 15:46:00,25.22,56.03,227.74,150,0.555,0.0,14.13
2026-09-10 15:47:00,25.25,55.63,219.73,198,0.45,0.0,14.13
2026-09-10 15:48:00,25.31,55.5,215.15,344,0.375,0.0,14.13
2026-09-10 15:49:00,25.38,55.66,213.63,89,0.42,0.0,14.13
2026-09-10 15:50:00,25.42,55.71,212.86,135,0.315,0.0,14.13
2026-09-10 15:51:00,25.38,55.75,212.1,159,0.63,0.0,14.13
2026-09-10 15:52:00,25.34,55.31,211.34,56,0.57,0.0,14.13
2026-09-10 15:53:00,25.24,55.74,209.43,99,1.035,0.0,14.13
2026-09-10 15:54:00,25.27,56.24,206.76,104,0.15,0.0,14.13
2026-09-10 15:55:00,25.25,56.01,203.71,202,0.42,0.0,14.13
2026-09-10 15:56:00,25.25,56.12,197.6,170,0.375,0.0,14.13
2026-09-10 15:57:00,25.27,56.21,190.36,38,0.3,0.0,14.13
2026-09-10 15:58:00,25.24,55.44,186.92,164,0.9,0.0,14.13
2026-09-10 15:59:00,25.22,55.94,189.21,188,0.345,0.0,14.13
2026-09-10 16:00:00,25.27,56.09,194.55,187,0.255,0.0,14.13
2026-09-10 16:01:00,25.31,56.1,198.37,133,0.42,0.0,14.13
2026-09-10 16:02:00,25.27,56.07,199.51,219,0.555,0.0,14.13
2026-09-10 16:03:00,25.25,56.12,197.22,191,0.15,0.0,14.13
2026-09-10 16:04:00,25.27,56.03,193.79,188,0.51,0.0,14.13
2026-09-10 16:05:00,25.22,56.06,188.83,209,0.405,0.0,14.13
2026-09-10 16:06:00,25.21,56.16,182.35,168,0.39,0.0,14.13
2026-09-10 16:07:00,25.19,56.12,173.95,197,0.42,0.0,14.13
2026-09-10 16:08:00,25.19,56.2,163.65,228,0.39,0.0,14.13
2026-09-10 16:09:00,25.14,56.31,154.5,199,0.42,0.0,14.13
2026-09-10 16:10:00,25.13,55.95,148.01,180,0.33,0.0,14.13
2026-09-10 16:11:00,25.1,56.3,144.2,159,0.24,0.0,14.13
2026-09-10 16:12:00,25.1,56.25,142.67,159,0.165,0.0,14.13
2026-09-10 16:13:00,25.02,56.29,143.43,185,0.57,0.0,14.13
2026-09-10 16:14:00,25.0,56.37,144.58,171,0.33,0.0,14.13
2026-09-10 16:15:00,24.98,56.35,146.11,213,0.345,0.0,14.13
2026-09-10 16:16:00,24.97,56.4,145.34,206,0.465,0.0,14.13
2026-09-10 16:17:00,24.94,56.72,141.53,160,0.18,0.0,14.13
2026-09-10 16:18:00,24.88,56.93,135.04,336,0.39,0.0,14.13
2026-09-10 16:19:00,24.88,57.08,127.41,28,0.435,0.0,14.13
2026-09-10 16:20:00,24.87,57.15,119.02,110,0.465,0.0,14.13
2026-09-10 16:21:00,24.83,57.31,111.39,125,0.42,0.0,14.13
2026-09-10 16:22:00,24.8,57.53,104.14,136,0.15,0.0,14.09
2026-09-10 16:23:00,24.81,57.54,96.89,135,0.36,0.0,14.09
2026-09-10 16:24:00,24.81,57.4,91.55,283,0.45,0.0,14.09
2026-09-10 16:25:00,24.77,57.21,85.83,271,0.45,0.0,14.09
2026-09-10 16:26:00,24.71,57.45,79.73,249,0.255,0.0,13.91
2026-09-10 16:27:00,24.69,57.32,74.77,209,0.6,0.0,13.83
2026-09-10 16:28:00,24.63,57.42,70.57,212,0.39,0.0,13.83
2026-09-10 16:29:00,24.56,57.64,67.52,193,0.585,0.0,13.79
2026-09-10 16:30:00,24.47,57.75,65.61,202,0.915,0.0,13.79
2026-09-10 16:31:00,24.39,58.01,64.47,208,0.375,0.0,13.79
2026-09-10 16:32:00,24.36,58.29,63.71,159,0.3,0.0,13.79
2026-09-10 16:33:00,24.39,58.36,64.47,164,0.255,0.0,13.79
2026-09-10 16:34:00,24.38,58.25,65.23,164,0.09,0.0,13.79
2026-09-10 16:35:00,24.4,58.1,66.38,164,0.165,0.0,13.79
2026-09-10 16:36:00,24.36,58.34,66.0,159,0.42,0.0,13.79
2026-09-10 16:37:00,24.3,58.53,64.47,188,0.435,0.0,13.79
2026-09-10 16:38:00,24.22,58.7,62.18,166,0.69,0.0,13.79
2026-09-10 16:39:00,24.18,58.5,59.89,225,0.63,0.0,13.79
2026-09-10 16:40:00,24.09,58.88,57.6,171,0.405,0.0,13.79
2026-09-10 16:41:00,24.05,59.17,56.08,183,0.51,0.0,13.79
2026-09-10 16:42:00,24.06,59.13,55.31,167,0.255,0.0,13.79
2026-09-10 16:43:00,23.99,59.32,54.55,251,0.42,0.0,13.79
2026-09-10 16:44:00,23.98,59.59,54.93,276,0.435,0.0,13.64
2026-09-10 16:45:00,23.99,59.65,55.31,138,0.24,0.0,13.64
2026-09-10 16:46:00,23.98,59.55,56.46,138,0.075,0.0,13.64
2026-09-10 16:47:00,24.01,59.61,57.98,138,0.12,0.0,13.64
2026-09-10 16:48:00,24.03,59.67,60.65,138,0.12,0.0,13.64
2026-09-10 16:49:00,24.06,59.65,62.94,184,0.18,0.0,13.79
2026-09-10 16:50:00,24.06,59.41,64.47,185,0.345,0.0,13.79
2026-09-10 16:51:00,24.08,59.64,65.61,185,0.315,0.0,13.79
2026-09-10 16:52:00,24.03,59.82,66.0,185,0.12,0.0,13.79
2026-09-10 16:53:00,24.03,59.71,66.0,197,0.315,0.0,13.79
2026-09-10 16:54:00,23.99,59.88,65.61,180,0.36,0.0,13.79
2026-09-10 16:55:00,23.96,59.95,63.71,168,0.3,0.0,13.79
2026-09-10 16:56:00,23.95,59.96,61.42,89,0.33,0.0,13.79
2026-09-10 16:57:00,23.91,60.07,57.6,89,0.21,0.0,13.79
2026-09-10 16:58:00,23.92,59.99,54.55,155,0.225,0.0,13.64
2026-09-10 16:59:00,23.89,60.04,52.26,180,0.315,0.0,13.64
2026-09-10 17:00:00,23.88,59.86,49.97,165,0.285,0.0,13.64
2026-09-10 17:01:00,23.87,59.9,48.45,201,0.495,0.0,13.61
2026-09-10 17:02:00,23.89,60.03,47.3,158,0.36,0.0,13.61
2026-09-10 17:03:00,23.84,60.05,45.78,184,0.3,0.0,13.57
2026-09-10 17:04:00,23.85,60.21,44.63,156,0.36,0.0,13.53
2026-09-10 17:05:00,23.82,60.41,43.49,183,0.285,0.0,13.53
2026-09-10 17:06:00,23.84,60.52,42.73,183,0.165,0.0,13.53
2026-09-10 17:07:00,23.84,60.7,41.2,182,0.315,0.0,13.53
2026-09-10 17:08:00,23.82,60.69,40.44,228,0.36,0.0,13.46
2026-09-10 17:09:00,23.78,60.79,40.05,229,0.255,0.0,13.46
2026-09-10 17:10:00,23.77,60.78,39.29,153,0.165,0.0,13.46
2026-09-10 17:11:00,23.75,60.86,38.91,153,0.06,0.0,13.46
2026-09-10 17:12:00,23.74,60.98,39.29,141,0.15,0.0,13.46
2026-09-10 17:13:00,23.72,60.99,39.67,141,0.12,0.0,13.46
2026-09-10 17:14:00,23.74,60.99,40.82,120,0.195,0.0,13.46
2026-09-10 17:15:00,23.68,60.99,41.58,90,0.825,0.0,13.16
2026-09-10 17:16:00,23.64,61.03,42.34,156,0.36,0.0,13.46
2026-09-10 17:17:00,23.61,61.12,43.87,156,0.12,0.0,13.16
2026-09-10 17:18:00,23.57,61.26,44.63,182,0.435,0.0,13.16
2026-09-10 17:19:00,23.58,61.47,45.4,179,0.135,0.0,13.16
2026-09-10 17:20:00,23.62,61.4,45.78,179,0.225,0.0,13.16
2026-09-10 17:21:00,23.61,61.25,46.54,179,0.165,0.0,13.16
2026-09-10 17:22:00,23.61,61.34,46.16,179,0.135,0.0,13.16
2026-09-10 17:23:00,23.57,61.47,45.78,179,0.195,0.0,13.16
2026-09-10 17:24:00,23.58,61.55,44.63,179,0.12,0.0,13.16
2026-09-10 17:25:00,23.55,61.51,43.11,193,0.54,0.0,13.16
2026-09-10 17:26:00,23.52,61.59,41.58,193,0.345,0.0,13.16
2026-09-10 17:27:00,23.51,61.69,39.67,193,0.39,0.0,13.16
2026-09-10 17:28:00,23.5,61.85,38.53,188,0.09,0.0,13.16
2026-09-10 17:29:00,23.47,61.91,37.77,174,0.39,0.0,13.16
2026-09-10 17:30:00,23.45,61.97,37.77,227,0.315,0.0,13.16
2026-09-10 17:31:00,23.44,62.03,37.38,187,0.375,0.0,13.16
2026-09-10 17:32:00,23.44,62.14,36.24,212,0.225,0.0,13.16
2026-09-10 17:33:00,23.42,62.15,34.71,212,0.045,0.0,13.16
2026-09-10 17:34:00,23.41,62.22,32.81,212,0.24,0.0,13.16
2026-09-10 17:35:00,23.38,62.21,31.28,170,0.495,0.0,13.16
2026-09-10 17:36:00,23.37,62.33,30.52,181,0.57,0.0,13.16
2026-09-10 17:37:00,23.31,62.33,30.14,181,0.255,0.0,13.16
2026-09-10 17:38:00,23.29,62.45,28.99,202,0.27,0.0,13.16
2026-09-10 17:39:00,23.31,62.56,27.47,166,0.255,0.0,13.16
2026-09-10 17:40:00,23.27,62.6,26.32,164,0.255,0.0,13.16
2026-09-10 17:41:00,23.24,62.66,25.18,144,0.345,0.0,13.16
2026-09-10 17:42:00,23.23,62.8,23.65,149,0.285,0.0,13.16
2026-09-10 17:43:00,23.19,62.85,22.51,215,0.75,0.0,13.16
2026-09-10 17:44:00,23.19,62.88,21.74,190,0.315,0.0,13.16
2026-09-10 17:45:00,23.13,62.97,20.6,114,0.285,0.0,13.16
2026-09-10 17:46:00,23.14,63.07,20.98,114,0.075,0.0,13.16
2026-09-10 17:47:00,23.11,63.2,20.6,158,0.285,0.0,13.16
2026-09-10 17:48:00,23.1,63.26,20.6,157,0.195,0.0,13.16
2026-09-10 17:49:00,23.1,63.22,20.6,217,0.3,0.0,13.16
2026-09-10 17:50:00,23.09,63.25,20.22,199,0.255,0.0,13.16
2026-09-10 17:51:00,23.07,63.34,19.84,201,0.255,0.0,13.16
2026-09-10 17:52:00,23.07,63.35,19.84,280,0.27,0.0,13.16
2026-09-10 17:53:00,23.06,63.46,19.07,206,0.3,0.0,13.16
2026-09-10 17:54:00,23.06,63.4,17.93,313,0.27,0.0,13.16
2026-09-10 17:55:00,23.07,63.41,16.78,172,0.3,0.0,13.16
2026-09-10 17:56:00,23.03,63.32,16.4,207,0.495,0.0,13.16
2026-09-10 17:57:00,23.0,63.51,15.64,200,0.375,0.0,13.16
2026-09-10 17:58:00,23.01,63.51,15.26,185,0.18,0.0,13.16
2026-09-10 17:59:00,23.01,63.6,14.88,161,0.18,0.0,13.12
2026-09-10 18:00:00,23.03,63.54,14.5,251,0.285,0.0,13.12
2026-09-10 18:01:00,22.99,63.47,14.5,173,0.36,0.0,13.12
2026-09-10 18:02:00,22.97,63.56,14.5,173,0.225,0.0,13.08
2026-09-10 18:03:00,22.94,63.59,14.5,173,0.165,0.0,13.08
2026-09-10 18:04:00,22.9,63.75,14.88,197,0.33,0.0,13.08
2026-09-10 18:05:00,22.93,63.79,14.5,201,0.225,0.0,13.04
2026-09-10 18:06:00,22.92,63.79,14.11,200,0.36,0.0,13.04
2026-09-10 18:07:00,22.89,63.88,13.73,200,0.33,0.0,13.04
2026-09-10 18:08:00,22.9,64.02,13.73,200,0.045,0.0,13.04
2026-09-10 18:09:00,22.87,64.02,12.59,200,0.165,0.0,13.04
2026-09-10 18:10:00,22.89,64.13,11.44,186,0.435,0.0,13.04
2026-09-10 18:11:00,22.85,64.2,9.92,168,0.69,0.0,13.04
2026-09-10 18:12:00,22.83,64.2,8.77,200,0.3,0.0,13.04
2026-09-10 18:13:00,22.8,64.26,8.01,180,0.21,0.0,13.04
2026-09-10 18:14:00,22.8,64.34,7.63,242,0.585,0.0,13.04
2026-09-10 18:15:00,22.79,64.35,7.25,238,0.285,0.0,13.04
2026-09-10 18:16:00,22.8,64.45,7.63,243,0.18,0.0,13.04
2026-09-10 18:17:00,22.78,64.55,7.63,191,0.285,0.0,13.04
2026-09-10 18:18:00,22.73,64.6,8.01,187,0.195,0.0,13.04
2026-09-10 18:19:00,22.72,64.76,8.77,96,0.36,0.0,13.04
2026-09-10 18:20:00,22.7,64.79,9.16,131,0.48,0.0,13.04
2026-09-10 18:21:00,22.7,64.85,9.16,131,0.195,0.0,13.01
2026-09-10 18:22:00,22.69,64.92,9.16,131,0.39,0.0,13.04
2026-09-10 18:23:00,22.68,64.96,9.54,131,0.18,0.0,13.04
2026-09-10 18:24:00,22.65,65.08,9.92,117,0.27,0.0,13.04
2026-09-10 18:25:00,22.59,65.22,9.92,121,0.525,0.0,13.04
2026-09-10 18:26:00,22.61,65.37,9.54,121,0.165,0.0,13.04
2026-09-10 18:27:00,22.58,65.43,9.54,121,0.03,0.0,13.04
2026-09-10 18:28:00,22.58,65.4,9.16,129,0.135,0.0,13.04
2026-09-10 18:29:00,22.55,65.49,8.39,271,0.33,0.0,13.04
2026-09-10 18:30:00,22.53,65.6,7.63,261,0.09,0.0,13.04
2026-09-10 18:31:00,22.53,65.59,6.87,304,0.285,0.0,13.04
2026-09-10 18:32:00,22.55,65.62,6.1,237,0.3,0.0,13.04
2026-09-10 18:33:00,22.52,65.6,5.34,227,0.525,0.0,13.04
2026-09-10 18:34:00,22.53,65.73,4.96,227,0.06,0.0,13.04
2026-09-10 18:35:00,22.53,65.73,4.58,131,0.165,0.0,13.04
2026-09-10 18:36:00,22.55,65.71,3.81,299,0.195,0.0,13.04
2026-09-10 18:37:00,22.52,65.67,3.05,86,0.03,0.0,13.04
2026-09-10 18:38:00,22.51,65.74,3.05,86,0.135,0.0,13.04
2026-09-10 18:39:00,22.51,65.85,2.67,86,0.0,0.0,13.04
2026-09-10 18:40:00,22.48,65.88,2.29,86,0.0,0.0,13.04
2026-09-10 18:41:00,22.49,65.89,2.29,86,0.0,0.0,13.04
2026-09-10 18:42:00,22.48,66.01,1.91,86,0.09,0.0,13.04
2026-09-10 18:43:00,22.45,66.09,1.14,86,0.0,0.0,13.04
2026-09-10 18:44:00,22.42,66.2,1.14,131,0.18,0.0,13.04
2026-09-10 18:45:00,22.42,66.31,0.76,131,0.195,0.0,13.04
2026-09-10 18:46:00,22.41,66.29,0.76,174,0.255,0.0,13.04
2026-09-10 18:47:00,22.39,66.36,0.76,174,0.315,0.0,13.04
2026-09-10 18:48:00,22.38,66.45,0.0,163,0.225,0.0,13.04
2026-09-10 18:49:00,22.39,66.46,0.0,163,0.105,0.0,13.04
2026-09-10 18:50:00,22.38,66.55,0.0,163,0.09,0.0,13.04
2026-09-10 18:51:00,22.39,66.64,0.0,163,0.075,0.0,13.04
2026-09-10 18:52:00,22.36,66.76,0.0,160,0.195,0.0,13.04
2026-09-10 18:53:00,22.35,66.8,0.0,160,0.255,0.0,13.04
2026-09-10 18:54:00,22.34,66.94,0.0,160,0.255,0.0,13.04
2026-09-10 18:55:00,22.31,67.09,0.0,160,0.0,0.0,13.04
2026-09-10 18:56:00,22.27,67.15,0.0,160,0.105,0.0,13.04
2026-09-10 18:57:00,22.28,67.29,0.0,160,0.105,0.0,13.04
2026-09-10 18:58:00,22.22,67.44,0.0,254,0.105,0.0,13.04
2026-09-10 18:59:00,22.22,67.42,0.0,254,0.06,0.0,13.04
2026-09-10 19:00:00,22.24,67.47,0.0,254,0.03,0.0,13.04
2026-09-10 19:01:00,22.22,67.6,0.0,146,0.33,0.0,13.04
2026-09-10 19:02:00,22.21,67.6,0.0,146,0.09,0.0,13.04
2026-09-10 19:03:00,22.2,67.66,0.0,146,0.285,0.0,13.04
2026-09-10 19:04:00,22.17,67.72,0.0,146,0.045,0.0,13.04
2026-09-10 19:05:00,22.14,67.8,0.0,64,0.33,0.0,13.04
2026-09-10 19:06:00,22.12,67.92,0.0,65,0.18,0.0,13.04
2026-09-10 19:07:00,22.11,68.1,0.0,65,0.015,0.0,13.04
2026-09-10 19:08:00,22.14,68.06,0.0,65,0.03,0.0,13.04
2026-09-10 19:09:00,22.1,68.09,0.0,65,0.045,0.0,13.04
2026-09-10 19:10:00,22.11,68.07,0.0,64,0.0,0.0,13.04
2026-09-10 19:11:00,22.08,68.23,0.0,64,0.27,0.0,13.04
2026-09-10 19:12:00,22.1,68.31,0.0,64,0.255,0.0,13.04
2026-09-10 19:13:00,22.08,68.34,0.0,65,0.255,0.0,13.04
2026-09-10 19:14:00,22.05,68.32,0.0,65,0.015,0.0,13.04
2026-09-10 19:15:00,22.02,68.31,0.0,64,0.045,0.0,13.04
2026-09-10 19:16:00,22.01,68.39,0.0,64,0.03,0.0,13.04
2026-09-10 19:17:00,22.0,68.48,0.0,64,0.015,0.0,13.04
2026-09-10 19:18:00,22.0,68.55,0.0,64,0.12,0.0,13.04
2026-09-10 19:19:00,22.01,68.56,0.0,65,0.06,0.0,13.04
2026-09-10 19:20:00,21.98,68.6,0.0,64,0.075,0.0,13.04
2026-09-10 19:21:00,22.01,68.65,0.0,64,0.015,0.0,13.04
2026-09-10 19:22:00,22.0,68.67,0.0,64,0.075,0.0,13.04
2026-09-10 19:23:00,22.04,68.66,0.0,64,0.06,0.0,13.04
2026-09-10 19:24:00,22.04,68.63,0.0,64,0.03,0.0,13.04
2026-09-10 19:25:00,22.04,68.65,0.0,64,0.24,0.0,13.04
2026-09-10 19:26:00,22.02,68.65,0.0,65,0.285,0.0,13.04
2026-09-10 19:27:00,22.0,68.84,0.0,65,0.465,0.0,13.04
2026-09-10 19:28:00,21.94,69.07,0.0,65,0.15,0.0,13.04
2026-09-10 19:29:00,21.92,69.18,0.0,65,0.135,0.0,13.04
2026-09-10 19:30:00,21.9,69.35,0.0,65,0.195,0.0,13.04
2026-09-10 19:31:00,21.87,69.41,0.0,65,0.075,0.0,13.04
2026-09-10 19:32:00,21.84,69.45,0.0,65,0.075,0.0,13.04
2026-09-10 19:33:00,21.83,69.53,0.0,65,0.3,0.0,13.04
2026-09-10 19:34:00,21.78,69.67,0.0,65,0.21,0.0,13.04
2026-09-10 19:35:00,21.78,69.7,0.0,65,0.06,0.0,13.04
2026-09-10 19:36:00,21.76,69.7,0.0,65,0.21,0.0,13.04
2026-09-10 19:37:00,21.76,69.8,0.0,64,0.195,0.0,13.04
2026-09-10 19:38:00,21.73,69.75,0.0,65,0.21,0.0,13.04
2026-09-10 19:39:00,21.73,69.77,0.0,65,0.195,0.0,13.04
2026-09-10 19:40:00,21.66,69.85,0.0,64,0.3,0.0,13.04
2026-09-10 19:41:00,21.69,69.97,0.0,64,0.3,0.0,13.04
2026-09-10 19:42:00,21.66,70.06,0.0,64,0.21,0.0,13.04
2026-09-10 19:43:00,21.61,70.16,0.0,64,0.225,0.0,13.04
2026-09-10 19:44:00,21.61,70.28,0.0,64,0.375,0.0,13.04
2026-09-10 19:45:00,21.59,70.41,0.0,64,0.375,0.0,13.04
2026-09-10 19:46:00,21.52,70.58,0.0,64,0.45,0.0,13.04
2026-09-10 19:47:00,21.5,70.7,0.0,64,0.195,0.0,13.04
2026-09-10 19:48:00,21.49,70.85,0.0,64,0.06,0.0,13.04
2026-09-10 19:49:00,21.5,70.97,0.0,64,0.015,0.0,13.04
2026-09-10 19:50:00,21.52,71.02,0.0,64,0.015,0.0,13.04
2026-09-10 19:51:00,21.49,71.07,0.0,64,0.15,0.0,13.04
2026-09-10 19:52:00,21.5,71.12,0.0,64,0.135,0.0,13.04
2026-09-10 19:53:00,21.5,71.14,0.0,64,0.03,0.0,13.04
2026-09-10 19:54:00,21.53,71.13,0.0,64,0.015,0.0,13.04
2026-09-10 19:55:00,21.53,71.07,0.0,64,0.06,0.0,13.04
2026-09-10 19:56:00,21.53,71.04,0.0,64,0.015,0.0,13.04
2026-09-10 19:57:00,21.56,71.0,0.0,64,0.015,0.0,13.04
2026-09-10 19:58:00,21.59,71.1,0.0,64,0.165,0.0,13.04
2026-09-10 19:59:00,21.54,70.93,0.0,64,0.06,0.0,13.04
2026-09-10 20:00:00,21.57,70.87,0.0,64,0.0,0.0,13.04
2026-09-10 20:01:00,21.57,70.9,0.0,64,0.015,0.0,13.04
2026-09-10 20:02:00,21.61,71.0,0.0,64,0.0,0.0,13.04
2026-09-10 20:03:00,21.63,71.02,0.0,64,0.0,0.0,13.04
2026-09-10 20:04:00,21.64,71.12,0.0,64,0.0,0.0,13.04
2026-09-10 20:05:00,21.69,71.08,0.0,64,0.015,0.0,13.04
2026-09-10 20:06:00,21.7,71.02,0.0,64,0.0,0.0,13.04
2026-09-10 20:07:00,21.74,70.99,0.0,64,0.03,0.0,13.04
2026-09-10 20:08:00,21.77,71.0,0.0,64,0.03,0.0,13.04
2026-09-10 20:09:00,21.81,70.88,0.0,64,0.03,0.0,13.04
2026-09-10 20:10:00,21.88,70.69,0.0,64,0.18,0.0,13.04
2026-09-10 20:11:00,21.92,70.62,0.0,64,0.045,0.0,13.04
2026-09-10 20:12:00,21.94,70.51,0.0,64,0.06,0.0,13.04
2026-09-10 20:13:00,21.95,70.48,0.0,64,0.0,0.0,13.04
2026-09-10 20:14:00,21.95,70.3,0.0,64,0.045,0.0,13.04
2026-09-10 20:15:00,21.94,70.32,0.0,64,0.0,0.0,13.04
2026-09-10 20:16:00,21.94,70.44,0.0,64,0.015,0.0,13.04
2026-09-10 20:17:00,21.91,70.53,0.0,64,0.09,0.0,13.04
2026-09-10 20:18:00,21.9,70.7,0.0,64,0.0,0.0,13.04
2026-09-10 20:19:00,21.88,70.83,0.0,64,0.0,0.0,13.04
2026-09-10 20:20:00,21.84,71.02,0.0,64,0.045,0.0,13.04
2026-09-10 20:21:00,21.83,71.11,0.0,64,0.03,0.0,13.04
2026-09-10 20:22:00,21.84,71.19,0.0,64,0.0,0.0,13.04
2026-09-10 20:23:00,21.84,71.22,0.0,64,0.03,0.0,13.04
2026-09-10 20:24:00,21.84,71.14,0.0,64,0.075,0.0,13.04
2026-09-10 20:25:00,21.81,71.06,0.0,64,0.195,0.0,13.04
2026-09-10 20:26:00,21.78,71.01,0.0,64,0.09,0.0,13.04
2026-09-10 20:27:00,21.78,71.05,0.0,64,0.045,0.0,13.04
2026-09-10 20:28:00,21.76,71.09,0.0,64,0.06,0.0,13.04
2026-09-10 20:29:00,21.76,71.12,0.0,64,0.0,0.0,13.04
2026-09-10 20:30:00,21.77,71.1,0.0,64,0.0,0.0,13.04
2026-09-10 20:31:00,21.74,71.09,0.0,64,0.0,0.0,13.04
2026-09-10 20:32:00,21.76,71.15,0.0,64,0.0,0.0,13.04
2026-09-10 20:33:00,21.76,71.2,0.0,64,0.135,0.0,13.04
2026-09-10 20:34:00,21.71,71.21,0.0,64,0.06,0.0,13.04
2026-09-10 20:35:00,21.74,71.19,0.0,64,0.015,0.0,13.04
2026-09-10 20:36:00,21.73,71.11,0.0,64,0.06,0.0,13.04
2026-09-10 20:37:00,21.7,71.17,0.0,64,0.06,0.0,13.04
2026-09-10 20:38:00,21.71,71.2,0.0,64,0.03,0.0,13.04
2026-09-10 20:39:00,21.69,71.21,0.0,64,0.09,0.0,13.04
2026-09-10 20:40:00,21.7,71.18,0.0,64,0.075,0.0,13.04
2026-09-10 20:41:00,21.69,71.22,0.0,64,0.06,0.0,13.04
2026-09-10 20:42:00,21.69,71.23,0.0,64,0.0,0.0,13.04
2026-09-10 20:43:00,21.7,71.14,0.0,64,0.135,0.0,13.04
2026-09-10 20:44:00,21.67,71.09,0.0,64,0.0,0.0,13.04
2026-09-10 20:45:00,21.66,71.09,0.0,64,0.0,0.0,13.04
2026-09-10 20:46:00,21.66,71.09,0.0,64,0.03,0.0,13.04
2026-09-10 20:47:00,21.67,71.08,0.0,64,0.015,0.0,13.04
2026-09-10 20:48:00,21.66,71.15,0.0,64,0.0,0.0,13.04
2026-09-10 20:49:00,21.67,71.13,0.0,64,0.06,0.0,13.04
2026-09-10 20:50:00,21.66,71.29,0.0,64,0.315,0.0,13.04
2026-09-10 20:51:00,21.66,71.34,0.0,64,0.255,0.0,13.04
2026-09-10 20:52:00,21.63,71.42,0.0,64,0.015,0.0,13.04
2026-09-10 20:53:00,21.63,71.35,0.0,64,0.255,0.0,13.04
2026-09-10 20:54:00,21.59,71.41,0.0,64,0.465,0.0,13.04
2026-09-10 20:55:00,21.56,71.46,0.0,82,0.495,0.0,13.04
2026-09-10 20:56:00,21.53,71.66,0.0,83,0.75,0.0,13.04
2026-09-10 20:57:00,21.49,71.77,0.0,52,0.36,0.0,13.04
2026-09-10 20:58:00,21.46,71.95,0.0,90,0.135,0.0,13.04
2026-09-10 20:59:00,21.42,71.8,0.0,73,0.105,0.0,13.04
2026-09-10 21:00:00,21.4,71.72,0.0,77,0.06,0.0,13.04
2026-09-10 21:01:00,21.36,71.65,0.0,95,0.405,0.0,13.04
2026-09-10 21:02:00,21.32,71.62,0.0,62,0.63,0.0,13.04
2026-09-10 21:03:00,21.27,71.8,0.0,62,0.045,0.0,13.04
2026-09-10 21:04:00,21.26,71.79,0.0,62,0.12,0.0,13.04
2026-09-10 21:05:00,21.25,71.82,0.0,132,0.225,0.0,13.04
2026-09-10 21:06:00,21.23,72.0,0.0,132,0.21,0.0,13.04
2026-09-10 21:07:00,21.19,71.97,0.0,119,0.33,0.0,13.04
2026-09-10 21:08:00,21.21,72.02,0.0,119,0.18,0.0,13.04
2026-09-10 21:09:00,21.19,72.06,0.0,119,0.015,0.0,13.04
2026-09-10 21:10:00,21.21,72.13,0.0,119,0.0,0.0,13.04
2026-09-10 21:11:00,21.21,72.17,0.0,119,0.015,0.0,13.04
2026-09-10 21:12:00,21.21,72.2,0.0,119,0.06,0.0,13.04
2026-09-10 21:13:00,21.22,72.17,0.0,119,0.075,0.0,13.04
2026-09-10 21:14:00,21.22,72.17,0.0,119,0.03,0.0,13.04
2026-09-10 21:15:00,21.23,72.21,0.0,119,0.0,0.0,13.04
2026-09-10 21:16:00,21.23,72.23,0.0,119,0.015,0.0,13.04
2026-09-10 21:17:00,21.25,72.23,0.0,119,0.0,0.0,13.04
2026-09-10 21:18:00,21.26,72.24,0.0,119,0.09,0.0,13.04
2026-09-10 21:19:00,21.23,72.2,0.0,119,0.12,0.0,13.04
2026-09-10 21:20:00,21.23,72.27,0.0,119,0.06,0.0,13.04
2026-09-10 21:21:00,21.26,72.08,0.0,121,0.225,0.0,13.01
2026-09-10 21:22:00,21.23,72.12,0.0,121,0.045,0.0,13.04
2026-09-10 21:23:00,21.26,71.98,0.0,121,0.09,0.0,13.04
2026-09-10 21:24:00,21.25,71.93,0.0,121,0.075,0.0,13.04
2026-09-10 21:25:00,21.27,72.01,0.0,121,0.0,0.0,13.04
2026-09-10 21:26:00,21.27,71.83,0.0,121,0.21,0.0,13.04
2026-09-10 21:27:00,21.29,71.76,0.0,121,0.03,0.0,13.04
2026-09-10 21:28:00,21.32,71.72,0.0,122,0.015,0.0,13.04
2026-09-10 21:29:00,21.34,71.7,0.0,122,0.12,0.0,13.04
2026-09-10 21:30:00,21.33,71.62,0.0,122,0.015,0.0,13.04
2026-09-10 21:31:00,21.34,71.6,0.0,121,0.105,0.0,13.01
2026-09-10 21:32:00,21.37,71.4,0.0,122,0.03,0.0,13.04
2026-09-10 21:33:00,21.37,71.39,0.0,122,0.18,0.0,13.04
2026-09-10 21:34:00,21.34,71.44,0.0,122,0.06,0.0,13.04
2026-09-10 21:35:00,21.32,71.54,0.0,121,0.105,0.0,13.01
2026-09-10 21:36:00,21.34,71.69,0.0,121,0.015,0.0,13.04
2026-09-10 21:37:00,21.33,71.61,0.0,121,0.045,0.0,13.04
2026-09-10 21:38:00,21.3,71.78,0.0,122,0.075,0.0,13.04
2026-09-10 21:39:00,21.32,72.04,0.0,122,0.09,0.0,13.04
2026-09-10 21:40:00,21.34,71.88,0.0,122,0.09,0.0,13.01
2026-09-10 21:41:00,21.34,72.12,0.0,121,0.015,0.0,13.01
2026-09-10 21:42:00,21.34,71.87,0.0,121,0.09,0.0,13.01
2026-09-10 21:43:00,21.34,72.07,0.0,121,0.075,0.0,13.04
2026-09-10 21:44:00,21.33,72.11,0.0,122,0.015,0.0,13.01
2026-09-10 21:45:00,21.33,72.44,0.0,121,0.015,0.0,13.04
2026-09-10 21:46:00,21.33,72.38,0.0,122,0.03,0.0,13.01
2026-09-10 21:47:00,21.3,72.3,0.0,122,0.015,0.0,13.04
2026-09-10 21:48:00,21.29,72.29,0.0,121,0.0,0.0,13.01
2026-09-10 21:49:00,21.26,72.26,0.0,121,0.39,0.0,13.01
2026-09-10 21:50:00,21.23,72.39,0.0,132,0.195,0.0,13.04
2026-09-10 21:51:00,21.22,72.46,0.0,132,0.225,0.0,13.01
2026-09-10 21:52:00,21.21,72.31,0.0,132,0.045,0.0,13.01
2026-09-10 21:53:00,21.19,72.65,0.0,132,0.105,0.0,12.97
2026-09-10 21:54:00,21.18,72.87,0.0,132,0.015,0.0,13.01
2026-09-10 21:55:00,21.18,72.87,0.0,132,0.045,0.0,13.01
2026-09-10 21:56:00,21.15,73.03,0.0,132,0.015,0.0,13.01
2026-09-10 21:57:00,21.16,73.35,0.0,132,0.03,0.0,13.01
2026-09-10 21:58:00,21.15,73.48,0.0,132,0.03,0.0,13.01
2026-09-10 21:59:00,21.12,73.36,0.0,132,0.015,0.0,13.01
2026-09-10 22:00:00,21.09,73.46,0.0,132,0.03,0.0,13.01
2026-09-10 22:01:00,21.06,73.54,0.0,132,0.09,0.0,12.97
2026-09-10 22:02:00,21.01,73.32,0.0,132,0.225,0.0,13.01
2026-09-10 22:03:00,20.98,73.76,0.0,132,0.0,0.0,12.97
2026-09-10 22:04:00,20.93,73.82,0.0,132,0.15,0.0,12.97
2026-09-10 22:05:00,20.89,73.7,0.0,132,0.345,0.0,12.97
2026-09-10 22:06:00,20.85,73.83,0.0,132,0.24,0.0,12.97
2026-09-10 22:07:00,20.81,74.06,0.0,132,0.12,0.0,12.97
2026-09-10 22:08:00,20.79,74.09,0.0,132,0.06,0.0,13.01
2026-09-10 22:09:00,20.75,74.22,0.0,132,0.225,0.0,13.01
2026-09-10 22:10:00,20.76,74.33,0.0,132,0.045,0.0,13.01
2026-09-10 22:11:00,20.75,74.43,0.0,132,0.15,0.0,12.97
2026-09-10 22:12:00,20.76,74.57,0.0,132,0.135,0.0,12.97
2026-09-10 22:13:00,20.74,74.65,0.0,132,0.045,0.0,12.97
2026-09-10 22:14:00,20.75,74.65,0.0,132,0.36,0.0,12.97
2026-09-10 22:15:00,20.78,74.79,0.0,132,0.315,0.0,12.97
2026-09-10 22:16:00,20.76,74.91,0.0,132,0.015,0.0,13.01
2026-09-10 22:17:00,20.78,74.94,0.0,132,0.09,0.0,12.97
2026-09-10 22:18:00,20.79,74.91,0.0,132,0.0,0.0,12.97
2026-09-10 22:19:00,20.78,74.83,0.0,132,0.0,0.0,12.97
2026-09-10 22:20:00,20.75,74.88,0.0,132,0.0,0.0,12.97
2026-09-10 22:21:00,20.74,74.77,0.0,132,0.0,0.0,12.97
2026-09-10 22:22:00,20.71,74.74,0.0,132,0.0,0.0,12.97
2026-09-10 22:23:00,20.72,74.88,0.0,132,0.0,0.0,12.97
2026-09-10 22:24:00,20.71,74.9,0.0,132,0.0,0.0,12.97
2026-09-10 22:25:00,20.7,74.9,0.0,132,0.0,0.0,12.97
2026-09-10 22:26:00,20.7,74.85,0.0,132,0.0,0.0,12.97
2026-09-10 22:27:00,20.72,74.85,0.0,132,0.0,0.0,12.97
2026-09-10 22:28:00,20.75,74.86,0.0,132,0.0,0.0,12.97
2026-09-10 22:29:00,20.76,74.85,0.0,132,0.0,0.0,12.97
2026-09-10 22:30:00,20.76,74.92,0.0,132,0.0,0.0,12.97
2026-09-10 22:31:00,20.81,74.98,0.0,132,0.0,0.0,12.97
2026-09-10 22:32:00,20.83,75.03,0.0,132,0.0,0.0,12.97
2026-09-10 22:33:00,20.85,75.0,0.0,132,0.0,0.0,12.97
2026-09-10 22:34:00,20.92,75.04,0.0,132,0.0,0.0,12.97
2026-09-10 22:35:00,20.92,74.95,0.0,132,0.0,0.0,12.97
2026-09-10 22:36:00,20.99,74.88,0.0,132,0.0,0.0,12.97
2026-09-10 22:37:00,21.01,74.76,0.0,132,0.0,0.0,12.97
2026-09-10 22:38:00,21.05,74.76,0.0,132,0.0,0.0,12.97
2026-09-10 22:39:00,21.05,74.78,0.0,132,0.0,0.0,12.97
2026-09-10 22:40:00,21.06,74.78,0.0,132,0.0,0.0,12.97
2026-09-10 22:41:00,21.08,74.83,0.0,132,0.0,0.0,12.97
2026-09-10 22:42:00,21.08,74.84,0.0,132,0.0,0.0,12.97
2026-09-10 22:43:00,21.12,74.94,0.0,132,0.0,0.0,12.97
2026-09-10 22:44:00,21.12,74.99,0.0,132,0.0,0.0,12.97
2026-09-10 22:45:00,21.16,75.14,0.0,132,0.0,0.0,12.97
2026-09-10 22:46:00,21.18,75.16,0.0,152,0.045,0.0,12.97
2026-09-10 22:47:00,21.22,75.16,0.0,65,0.405,0.0,12.97
2026-09-10 22:48:00,21.23,75.2,0.0,81,0.03,0.0,12.97
2026-09-10 22:49:00,21.25,75.22,0.0,47,0.285,0.0,12.97
2026-09-10 22:50:00,21.26,75.22,0.0,47,0.195,0.0,12.97
2026-09-10 22:51:00,21.27,75.24,0.0,78,0.075,0.0,12.93
2026-09-10 22:52:00,21.27,75.21,0.0,78,0.075,0.0,12.97
2026-09-10 22:53:00,21.29,75.16,0.0,42,0.24,0.0,12.97
2026-09-10 22:54:00,21.3,75.18,0.0,42,0.105,0.0,12.97
2026-09-10 22:55:00,21.34,75.15,0.0,42,0.045,0.0,12.93
2026-09-10 22:56:00,21.33,75.1,0.0,42,0.015,0.0,12.97
2026-09-10 22:57:00,21.37,74.98,0.0,42,0.0,0.0,12.97
2026-09-10 22:58:00,21.36,74.86,0.0,232,0.285,0.0,12.97
2026-09-10 22:59:00,21.34,74.49,0.0,154,0.165,0.0,12.97
2026-09-10 23:00:00,21.37,74.35,0.0,37,0.135,0.0,12.93
2026-09-10 23:01:00,21.37,74.06,0.0,105,0.255,0.0,12.93
2026-09-10 23:02:00,21.39,73.97,0.0,105,0.015,0.0,12.93
2026-09-10 23:03:00,21.4,74.01,0.0,105,0.06,0.0,12.97
2026-09-10 23:04:00,21.4,73.88,0.0,105,0.045,0.0,12.97
2026-09-10 23:05:00,21.43,73.85,0.0,105,0.15,0.0,12.93
2026-09-10 23:06:00,21.46,73.98,0.0,105,0.0,0.0,12.93
2026-09-10 23:07:00,21.47,74.08,0.0,105,0.0,0.0,12.97
2026-09-10 23:08:00,21.49,74.02,0.0,105,0.0,0.0,12.93
2026-09-10 23:09:00,21.49,74.01,0.0,105,0.0,0.0,12.93
2026-09-10 23:10:00,21.47,74.07,0.0,105,0.0,0.0,12.93
2026-09-10 23:11:00,21.5,74.05,0.0,105,0.0,0.0,12.93
2026-09-10 23:12:00,21.5,73.82,0.0,105,0.0,0.0,12.93
2026-09-10 23:13:00,21.49,73.92,0.0,105,0.0,0.0,12.93
2026-09-10 23:14:00,21.47,73.89,0.0,105,0.015,0.0,12.93
2026-09-10 23:15:00,21.46,74.06,0.0,105,0.135,0.0,12.93
2026-09-10 23:16:00,21.43,73.99,0.0,105,0.0,0.0,12.93
2026-09-10 23:17:00,21.44,73.67,0.0,105,0.0,0.0,12.93
2026-09-10 23:18:00,21.44,73.66,0.0,105,0.0,0.0,12.93
2026-09-10 23:19:00,21.42,73.54,0.0,105,0.045,0.0,12.93
2026-09-10 23:20:00,21.44,73.47,0.0,105,0.0,0.0,12.97
2026-09-10 23:21:00,21.47,73.82,0.0,105,0.03,0.0,12.93
2026-09-10 23:22:00,21.47,74.02,0.0,105,0.06,0.0,12.97
2026-09-10 23:23:00,21.49,74.05,0.0,105,0.03,0.0,12.93
2026-09-10 23:24:00,21.49,73.8,0.0,105,0.045,0.0,12.97
2026-09-10 23:25:00,21.5,73.72,0.0,105,0.06,0.0,12.93
2026-09-10 23:26:00,21.46,73.37,0.0,105,0.015,0.0,12.93
2026-09-10 23:27:00,21.49,73.38,0.0,105,0.045,0.0,12.93
2026-09-10 23:28:00,21.47,73.48,0.0,105,0.0,0.0,12.97
2026-09-10 23:29:00,21.52,73.41,0.0,105,0.045,0.0,12.93
2026-09-10 23:30:00,21.5,73.36,0.0,105,0.06,0.0,12.93
2026-09-10 23:31:00,21.5,73.56,0.0,105,0.075,0.0,12.93
2026-09-10 23:32:00,21.52,73.3,0.0,105,0.285,0.0,12.93
2026-09-10 23:33:00,21.5,73.28,0.0,105,0.03,0.0,12.93
2026-09-10 23:34:00,21.5,73.27,0.0,105,0.015,0.0,12.93
2026-09-10 23:35:00,21.52,73.13,0.0,105,0.135,0.0,12.93
2026-09-10 23:36:00,21.49,73.19,0.0,105,0.0,0.0,12.93
2026-09-10 23:37:00,21.52,73.2,0.0,105,0.09,0.0,12.93
2026-09-10 23:38:00,21.5,73.22,0.0,105,0.15,0.0,12.93
2026-09-10 23:39:00,21.52,73.33,0.0,105,0.0,0.0,12.93
2026-09-10 23:40:00,21.52,73.51,0.0,105,0.0,0.0,12.93
2026-09-10 23:41:00,21.52,73.75,0.0,105,0.0,0.0,12.93
2026-09-10 23:42:00,21.54,73.85,0.0,105,0.0,0.0,12.93
2026-09-10 23:43:00,21.5,74.18,0.0,105,0.015,0.0,12.93
2026-09-10 23:44:00,21.5,74.5,0.0,105,0.015,0.0,12.93
2026-09-10 23:45:00,21.49,74.72,0.0,105,0.03,0.0,12.93
2026-09-10 23:46:00,21.44,74.97,0.0,105,0.0,0.0,12.93
2026-09-10 23:47:00,21.42,75.18,0.0,105,0.06,0.0,12.93
2026-09-10 23:48:00,21.4,75.3,0.0,105,0.06,0.0,12.93
2026-09-10 23:49:00,21.39,75.48,0.0,105,0.045,0.0,12.93
2026-09-10 23:50:00,21.36,75.59,0.0,105,0.09,0.0,12.93
2026-09-10 23:51:00,21.33,75.73,0.0,105,0.015,0.0,12.93
2026-09-10 23:52:00,21.34,75.89,0.0,105,0.03,0.0,12.93
2026-09-10 23:53:00,21.34,75.88,0.0,105,0.0,0.0,12.93
2026-09-10 23:54:00,21.32,75.74,0.0,105,0.105,0.0,12.93
2026-09-10 23:55:00,21.3,75.73,0.0,105,0.015,0.0,12.93
2026-09-10 23:56:00,21.26,75.66,0.0,105,0.0,0.0,12.93
2026-09-10 23:57:00,21.27,75.59,0.0,105,0.045,0.0,12.93
2026-09-10 23:58:00,21.27,75.52,0.0,105,0.015,0.0,12.93
2026-09-10 23:59:00,21.26,75.52,0.0,105,0.015,0.0,12.93
2026-09-11 00:00:00,21.26,75.39,0.0,105,0.18,0.0,12.93
2026-09-11 00:01:00,21.23,75.45,0.0,105,0.09,0.0,12.93
2026-09-11 00:02:00,21.22,75.5,0.0,105,0.105,0.0,12.93
2026-09-11 00:03:00,21.22,75.47,0.0,105,0.18,0.0,12.93
2026-09-11 00:04:00,21.18,75.48,0.0,105,0.045,0.0,12.93
2026-09-11 00:05:00,21.18,75.49,0.0,105,0.0,0.0,12.93
2026-09-11 00:06:00,21.16,75.28,0.0,105,0.27,0.0,12.93
2026-09-11 00:07:00,21.09,75.25,0.0,79,0.54,0.0,12.93
2026-09-11 00:08:00,21.05,75.44,0.0,79,0.42,0.0,12.93
2026-09-11 00:09:00,21.01,75.66,0.0,79,0.075,0.0,12.93
2026-09-11 00:10:00,20.98,75.69,0.0,79,0.285,0.0,12.93
2026-09-11 00:11:00,20.93,75.76,0.0,79,0.315,0.0,12.93
2026-09-11 00:12:00,20.89,76.01,0.0,79,0.27,0.0,12.93
2026-09-11 00:13:00,20.89,76.18,0.0,79,0.42,0.0,12.93
2026-09-11 00:14:00,20.85,76.36,0.0,79,0.39,0.0,12.93
2026-09-11 00:15:00,20.82,76.59,0.0,79,0.51,0.0,12.93
2026-09-11 00:16:00,20.74,76.76,0.0,79,0.51,0.0,12.93
2026-09-11 00:17:00,20.7,76.98,0.0,79,0.42,0.0,12.93
2026-09-11 00:18:00,20.62,77.22,0.0,79,0.27,0.0,12.93
2026-09-11 00:19:00,20.61,77.38,0.0,79,0.375,0.0,12.93
2026-09-11 00:20:00,20.62,77.51,0.0,69,0.225,0.0,12.93
2026-09-11 00:21:00,20.56,77.58,0.0,35,0.135,0.0,12.93
2026-09-11 00:22:00,20.56,77.65,0.0,35,0.045,0.0,12.93
2026-09-11 00:23:00,20.6,77.69,0.0,59,0.18,0.0,12.93
2026-09-11 00:24:00,20.56,77.58,0.0,50,0.45,0.0,12.93
2026-09-11 00:25:00,20.58,77.53,0.0,50,0.195,0.0,12.93
2026-09-11 00:26:00,20.58,77.41,0.0,34,0.36,0.0,12.93
2026-09-11 00:27:00,20.58,77.31,0.0,41,0.39,0.0,12.93
2026-09-11 00:28:00,20.62,77.25,0.0,41,0.0,0.0,12.93
2026-09-11 00:29:00,20.65,77.05,0.0,41,0.015,0.0,12.93
2026-09-11 00:30:00,20.65,76.91,0.0,49,0.09,0.0,12.93
2026-09-11 00:31:00,20.65,76.89,0.0,53,0.465,0.0,12.93
2026-09-11 00:32:00,20.64,76.95,0.0,59,0.585,0.0,12.93
2026-09-11 00:33:00,20.64,77.17,0.0,58,0.765,0.0,12.93
2026-09-11 00:34:00,20.61,77.3,0.0,61,0.735,0.0,12.93
2026-09-11 00:35:00,20.58,77.5,0.0,76,0.27,0.0,12.93
2026-09-11 00:36:00,20.58,77.59,0.0,70,0.6,0.0,12.93
2026-09-11 00:37:00,20.52,77.64,0.0,65,0.525,0.0,12.93
2026-09-11 00:38:00,20.54,77.71,0.0,70,0.405,0.0,12.93
2026-09-11 00:39:00,20.52,77.75,0.0,70,0.255,0.0,12.93
2026-09-11 00:40:00,20.5,77.8,0.0,74,0.315,0.0,12.93
2026-09-11 00:41:00,20.52,77.82,0.0,80,0.345,0.0,12.93
2026-09-11 00:42:00,20.5,77.85,0.0,70,0.45,0.0,12.93
2026-09-11 00:43:00,20.48,77.96,0.0,70,0.225,0.0,12.93
2026-09-11 00:44:00,20.48,78.01,0.0,70,0.18,0.0,12.93
2026-09-11 00:45:00,20.48,78.1,0.0,70,0.18,0.0,12.93
2026-09-11 00:46:00,20.5,78.16,0.0,70,0.21,0.0,12.93
2026-09-11 00:47:00,20.48,78.19,0.0,70,0.135,0.0,12.93
2026-09-11 00:48:00,20.51,78.21,0.0,70,0.15,0.0,12.93
2026-09-11 00:49:00,20.5,78.22,0.0,70,0.015,0.0,12.93
2026-09-11 00:50:00,20.52,78.3,0.0,70,0.015,0.0,12.93
2026-09-11 00:51:00,20.52,78.26,0.0,70,0.0,0.0,12.93
2026-09-11 00:52:00,20.55,78.26,0.0,70,0.03,0.0,12.93
2026-09-11 00:53:00,20.56,78.21,0.0,70,0.03,0.0,12.93
2026-09-11 00:54:00,20.58,78.22,0.0,70,0.15,0.0,12.93
2026-09-11 00:55:00,20.61,78.22,0.0,70,0.06,0.0,12.93
2026-09-11 00:56:00,20.62,78.16,0.0,70,0.0,0.0,12.93
2026-09-11 00:57:00,20.62,78.19,0.0,70,0.0,0.0,12.93
2026-09-11 00:58:00,20.67,78.14,0.0,70,0.0,0.0,12.93
2026-09-11 00:59:00,20.68,78.21,0.0,70,0.0,0.0,12.93
2026-09-11 01:00:00,20.71,78.21,0.0,70,0.0,0.0,12.93
2026-09-11 01:01:00,20.68,78.19,0.0,70,0.0,0.0,12.93
2026-09-11 01:02:00,20.67,78.2,0.0,70,0.0,0.0,12.93
2026-09-11 01:03:00,20.68,78.21,0.0,70,0.0,0.0,12.93
2026-09-11 01:04:00,20.7,78.3,0.0,70,0.0,0.0,12.93
2026-09-11 01:05:00,20.68,78.45,0.0,70,0.0,0.0,12.93
2026-09-11 01:06:00,20.61,78.62,0.0,70,0.0,0.0,12.93
2026-09-11 01:07:00,20.6,78.73,0.0,70,0.0,0.0,12.93
2026-09-11 01:08:00,20.6,78.76,0.0,70,0.0,0.0,12.93
2026-09-11 01:09:00,20.58,78.72,0.0,70,0.0,0.0,12.93
2026-09-11 01:10:00,20.55,78.68,0.0,70,0.0,0.0,12.93
2026-09-11 01:11:00,20.54,78.67,0.0,70,0.0,0.0,12.93
2026-09-11 01:12:00,20.55,78.71,0.0,70,0.0,0.0,12.93
2026-09-11 01:13:00,20.56,78.71,0.0,70,0.0,0.0,12.93
2026-09-11 01:14:00,20.6,78.71,0.0,70,0.0,0.0,12.93
2026-09-11 01:15:00,20.6,78.7,0.0,70,0.0,0.0,12.93
2026-09-11 01:16:00,20.6,78.7,0.0,70,0.0,0.0,12.93
2026-09-11 01:17:00,20.6,78.68,0.0,70,0.0,0.0,12.93
2026-09-11 01:18:00,20.61,78.64,0.0,70,0.0,0.0,12.93
2026-09-11 01:19:00,20.61,78.56,0.0,70,0.0,0.0,12.93
2026-09-11 01:20:00,20.65,78.34,0.0,70,0.0,0.0,12.93
2026-09-11 01:21:00,20.61,78.3,0.0,70,0.0,0.0,12.93
2026-09-11 01:22:00,20.61,78.22,0.0,70,0.0,0.0,12.93
2026-09-11 01:23:00,20.6,78.23,0.0,70,0.0,0.0,12.93
2026-09-11 01:24:00,20.56,78.26,0.0,70,0.0,0.0,12.93
2026-09-11 01:25:00,20.55,78.36,0.0,70,0.0,0.0,12.93
2026-09-11 01:26:00,20.54,78.45,0.0,70,0.0,0.0,12.93
2026-09-11 01:27:00,20.52,78.52,0.0,70,0.0,0.0,12.93
2026-09-11 01:28:00,20.55,78.68,0.0,70,0.0,0.0,12.93
2026-09-11 01:29:00,20.51,78.77,0.0,70,0.0,0.0,12.93
2026-09-11 01:30:00,20.47,78.71,0.0,70,0.0,0.0,12.93
2026-09-11 01:31:00,20.48,78.74,0.0,70,0.0,0.0,12.89
2026-09-11 01:32:00,20.45,78.67,0.0,70,0.0,0.0,12.93
2026-09-11 01:33:00,20.47,78.72,0.0,70,0.0,0.0,12.93
2026-09-11 01:34:00,20.47,78.76,0.0,70,0.0,0.0,12.93
2026-09-11 01:35:00,20.47,78.74,0.0,70,0.0,0.0,12.93
2026-09-11 01:36:00,20.5,78.71,0.0,70,0.0,0.0,12.93
2026-09-11 01:37:00,20.51,78.7,0.0,70,0.0,0.0,12.89
2026-09-11 01:38:00,20.54,78.72,0.0,70,0.0,0.0,12.93
2026-09-11 01:39:00,20.52,78.66,0.0,70,0.0,0.0,12.93
2026-09-11 01:40:00,20.58,78.62,0.0,70,0.0,0.0,12.93
2026-09-11 01:41:00,20.61,78.65,0.0,70,0.0,0.0,12.89
2026-09-11 01:42:00,20.61,78.62,0.0,70,0.0,0.0,12.93
2026-09-11 01:43:00,20.64,78.57,0.0,70,0.0,0.0,12.93
2026-09-11 01:44:00,20.64,78.47,0.0,70,0.0,0.0,12.89
2026-09-11 01:45:00,20.68,78.48,0.0,70,0.0,0.0,12.89
2026-09-11 01:46:00,20.67,78.47,0.0,70,0.0,0.0,12.93
2026-09-11 01:47:00,20.68,78.37,0.0,70,0.0,0.0,12.93
2026-09-11 01:48:00,20.7,78.44,0.0,70,0.0,0.0,12.89
2026-09-11 01:49:00,20.68,78.45,0.0,70,0.0,0.0,12.89
2026-09-11 01:50:00,20.68,78.6,0.0,70,0.0,0.0,12.93
2026-09-11 01:51:00,20.7,78.66,0.0,70,0.0,0.0,12.89
2026-09-11 01:52:00,20.67,78.7,0.0,70,0.0,0.0,12.89
2026-09-11 01:53:00,20.65,78.74,0.0,70,0.0,0.0,12.89
2026-09-11 01:54:00,20.64,78.81,0.0,70,0.0,0.0,12.89
2026-09-11 01:55:00,20.61,78.77,0.0,70,0.0,0.0,12.89
2026-09-11 01:56:00,20.56,78.87,0.0,70,0.0,0.0,12.89
2026-09-11 01:57:00,20.6,78.97,0.0,70,0.0,0.0,12.93
2026-09-11 01:58:00,20.56,78.96,0.0,70,0.0,0.0,12.89
2026-09-11 01:59:00,20.54,79.02,0.0,70,0.0,0.0,12.89
2026-09-11 02:00:00,20.51,79.06,0.0,70,0.0,0.0,12.89
2026-09-11 02:01:00,20.45,79.26,0.0,70,0.0,0.0,12.89
2026-09-11 02:02:00,20.45,79.46,0.0,70,0.0,0.0,12.89
2026-09-11 02:03:00,20.43,79.62,0.0,70,0.0,0.0,12.89
2026-09-11 02:04:00,20.4,79.67,0.0,70,0.24,0.0,12.89
2026-09-11 02:05:00,20.37,79.76,0.0,70,0.09,0.0,12.89
2026-09-11 02:06:00,20.33,79.87,0.0,70,0.285,0.0,12.89
2026-09-11 02:07:00,20.3,80.04,0.0,70,0.18,0.0,12.89
2026-09-11 02:08:00,20.31,80.16,0.0,70,0.435,0.0,12.89
2026-09-11 02:09:00,20.25,80.17,0.0,70,0.285,0.0,12.89
2026-09-11 02:10:00,20.25,80.16,0.0,76,0.33,0.0,12.89
2026-09-11 02:11:00,20.21,80.19,0.0,67,0.57,0.0,12.89
2026-09-11 02:12:00,20.19,80.34,0.0,67,0.345,0.0,12.89
2026-09-11 02:13:00,20.2,80.39,0.0,67,0.3,0.0,12.89
2026-09-11 02:14:00,20.16,80.54,0.0,67,0.135,0.0,12.89
2026-09-11 02:15:00,20.16,80.72,0.0,67,0.345,0.0,12.89
2026-09-11 02:16:00,20.1,80.86,0.0,67,0.045,0.0,12.89
2026-09-11 02:17:00,20.1,80.9,0.0,67,0.015,0.0,12.89
2026-09-11 02:18:00,20.09,80.86,0.0,67,0.06,0.0,12.89
2026-09-11 02:19:00,20.07,80.84,0.0,67,0.165,0.0,12.89
2026-09-11 02:20:00,20.04,80.65,0.0,67,0.015,0.0,12.89
2026-09-11 02:21:00,20.06,80.55,0.0,67,0.03,0.0,12.89
2026-09-11 02:22:00,20.06,80.48,0.0,67,0.0,0.0,12.89
2026-09-11 02:23:00,20.06,80.35,0.0,67,0.165,0.0,12.89
2026-09-11 02:24:00,20.07,80.05,0.0,67,0.0,0.0,12.89
2026-09-11 02:25:00,20.09,79.87,0.0,67,0.03,0.0,12.89
2026-09-11 02:26:00,20.09,79.6,0.0,67,0.165,0.0,12.89
2026-09-11 02:27:00,20.1,79.49,0.0,67,0.03,0.0,12.89
2026-09-11 02:28:00,20.1,79.26,0.0,67,0.0,0.0,12.89
2026-09-11 02:29:00,20.12,79.2,0.0,67,0.0,0.0,12.89
2026-09-11 02:30:00,20.14,79.03,0.0,67,0.285,0.0,12.89
2026-09-11 02:31:00,20.14,79.02,0.0,67,0.045,0.0,12.89
2026-09-11 02:32:00,20.14,78.92,0.0,67,0.09,0.0,12.89
2026-09-11 02:33:00,20.14,78.77,0.0,67,0.09,0.0,12.89
2026-09-11 02:34:00,20.19,78.78,0.0,67,0.0,0.0,12.89
2026-09-11 02:35:00,20.17,78.59,0.0,67,0.0,0.0,12.89
2026-09-11 02:36:00,20.2,78.55,0.0,67,0.015,0.0,12.89
2026-09-11 02:37:00,20.2,78.79,0.0,67,0.03,0.0,12.89
2026-09-11 02:38:00,20.2,78.93,0.0,67,0.03,0.0,12.89
2026-09-11 02:39:00,20.23,79.03,0.0,67,0.03,0.0,12.89
2026-09-11 02:40:00,20.21,79.03,0.0,67,0.0,0.0,12.89
2026-09-11 02:41:00,20.23,79.04,0.0,67,0.0,0.0,12.89
2026-09-11 02:42:00,20.21,79.06,0.0,67,0.0,0.0,12.89
2026-09-11 02:43:00,20.21,79.04,0.0,67,0.0,0.0,12.89
2026-09-11 02:44:00,20.21,79.06,0.0,67,0.015,0.0,12.89
2026-09-11 02:45:00,20.2,79.05,0.0,67,0.0,0.0,12.89
2026-09-11 02:46:00,20.21,79.01,0.0,67,0.0,0.0,12.89
2026-09-11 02:47:00,20.23,79.0,0.0,67,0.0,0.0,12.89
2026-09-11 02:48:00,20.2,78.95,0.0,67,0.015,0.0,12.89
2026-09-11 02:49:00,20.2,78.6,0.0,67,0.015,0.0,12.89
2026-09-11 02:50:00,20.17,78.29,0.0,67,0.015,0.0,12.89
2026-09-11 02:51:00,20.17,78.1,0.0,67,0.03,0.0,12.89
2026-09-11 02:52:00,20.2,77.86,0.0,67,0.0,0.0,12.89
2026-09-11 02:53:00,20.21,77.67,0.0,67,0.0,0.0,12.89
2026-09-11 02:54:00,20.23,77.55,0.0,67,0.015,0.0,12.89
2026-09-11 02:55:00,20.24,77.46,0.0,67,0.015,0.0,12.89
2026-09-11 02:56:00,20.24,77.36,0.0,67,0.0,0.0,12.89
2026-09-11 02:57:00,20.23,77.26,0.0,67,0.03,0.0,12.89
2026-09-11 02:58:00,20.2,77.02,0.0,67,0.0,0.0,12.89
2026-09-11 02:59:00,20.21,76.85,0.0,67,0.0,0.0,12.89
2026-09-11 03:00:00,20.19,76.61,0.0,67,0.0,0.0,12.89
2026-09-11 03:01:00,20.2,76.6,0.0,67,0.06,0.0,12.89
2026-09-11 03:02:00,20.17,76.57,0.0,67,0.03,0.0,12.89
2026-09-11 03:03:00,20.16,76.57,0.0,67,0.06,0.0,12.89
2026-09-11 03:04:00,20.13,76.64,0.0,67,0.0,0.0,12.89
2026-09-11 03:05:00,20.16,76.68,0.0,67,0.015,0.0,12.89
2026-09-11 03:06:00,20.13,76.74,0.0,67,0.03,0.0,12.89
2026-09-11 03:07:00,20.12,76.77,0.0,67,0.03,0.0,12.89
2026-09-11 03:08:00,20.06,76.88,0.0,67,0.0,0.0,12.89
2026-09-11 03:09:00,20.04,76.92,0.0,67,0.0,0.0,12.89
2026-09-11 03:10:00,20.06,76.99,0.0,67,0.015,0.0,12.89
2026-09-11 03:11:00,20.04,77.1,0.0,67,0.0,0.0,12.89
2026-09-11 03:12:00,20.0,77.27,0.0,67,0.075,0.0,12.89
2026-09-11 03:13:00,19.99,77.44,0.0,67,0.015,0.0,12.89
2026-09-11 03:14:00,19.97,77.5,0.0,67,0.015,0.0,12.89
2026-09-11 03:15:00,19.94,77.55,0.0,67,0.0,0.0,12.89
2026-09-11 03:16:00,19.93,77.62,0.0,67,0.075,0.0,12.89
2026-09-11 03:17:00,19.86,77.74,0.0,67,0.0,0.0,12.89
2026-09-11 03:18:00,19.86,77.76,0.0,67,0.045,0.0,12.89
2026-09-11 03:19:00,19.82,77.74,0.0,67,0.015,0.0,12.89
2026-09-11 03:20:00,19.77,77.73,0.0,67,0.0,0.0,12.89
2026-09-11 03:21:00,19.74,77.61,0.0,67,0.03,0.0,12.89
2026-09-11 03:22:00,19.7,77.6,0.0,67,0.0,0.0,12.89
2026-09-11 03:23:00,19.69,77.59,0.0,67,0.015,0.0,12.89
2026-09-11 03:24:00,19.65,77.85,0.0,67,0.0,0.0,12.89
2026-09-11 03:25:00,19.63,77.88,0.0,67,0.015,0.0,12.89
2026-09-11 03:26:00,19.62,77.85,0.0,67,0.03,0.0,12.89
2026-09-11 03:27:00,19.59,77.93,0.0,67,0.015,0.0,12.89
2026-09-11 03:28:00,19.61,78.01,0.0,67,0.0,0.0,12.89
2026-09-11 03:29:00,19.59,78.11,0.0,67,0.09,0.0,12.89
2026-09-11 03:30:00,19.56,77.9,0.0,67,0.3,0.0,12.89
2026-09-11 03:31:00,19.55,77.58,0.0,67,0.15,0.0,12.89
2026-09-11 03:32:00,19.55,77.52,0.0,67,0.09,0.0,12.89
2026-09-11 03:33:00,19.53,77.38,0.0,67,0.03,0.0,12.89
2026-09-11 03:34:00,19.53,77.12,0.0,67,0.075,0.0,12.89
2026-09-11 03:35:00,19.51,77.04,0.0,67,0.06,0.0,12.89
2026-09-11 03:36:00,19.51,76.91,0.0,67,0.33,0.0,12.89
2026-09-11 03:37:00,19.49,76.88,0.0,67,0.495,0.0,12.89
2026-09-11 03:38:00,19.45,76.94,0.0,67,0.24,0.0,12.89
2026-09-11 03:39:00,19.44,76.98,0.0,67,0.075,0.0,12.89
2026-09-11 03:40:00,19.45,77.11,0.0,67,0.0,0.0,12.89
2026-09-11 03:41:00,19.45,77.15,0.0,67,0.12,0.0,12.89
2026-09-11 03:42:00,19.44,77.14,0.0,67,0.165,0.0,12.89
2026-09-11 03:43:00,19.41,77.03,0.0,67,0.21,0.0,12.89
2026-09-11 03:44:00,19.38,77.06,0.0,67,0.075,0.0,12.89
2026-09-11 03:45:00,19.35,77.22,0.0,67,0.06,0.0,12.89
2026-09-11 03:46:00,19.34,77.41,0.0,67,0.18,0.0,12.89
2026-09-11 03:47:00,19.32,77.52,0.0,67,0.03,0.0,12.89
2026-09-11 03:48:00,19.32,77.57,0.0,67,0.0,0.0,12.89
2026-09-11 03:49:00,19.3,77.76,0.0,67,0.0,0.0,12.89
2026-09-11 03:50:00,19.32,77.95,0.0,67,0.0,0.0,12.89
2026-09-11 03:51:00,19.31,78.15,0.0,67,0.0,0.0,12.89
2026-09-11 03:52:00,19.3,78.3,0.0,67,0.045,0.0,12.89
2026-09-11 03:53:00,19.28,78.4,0.0,67,0.015,0.0,12.89
2026-09-11 03:54:00,19.3,78.46,0.0,67,0.015,0.0,12.89
2026-09-11 03:55:00,19.26,78.4,0.0,67,0.0,0.0,12.89
2026-09-11 03:56:00,19.28,78.46,0.0,67,0.0,0.0,12.89
2026-09-11 03:57:00,19.28,78.55,0.0,67,0.0,0.0,12.89
2026-09-11 03:58:00,19.25,78.31,0.0,67,0.0,0.0,12.89
2026-09-11 03:59:00,19.25,78.24,0.0,67,0.12,0.0,12.89
2026-09-11 04:00:00,19.24,78.42,0.0,67,0.0,0.0,12.89
2026-09-11 04:01:00,19.22,78.44,0.0,67,0.0,0.0,12.89
2026-09-11 04:02:00,19.21,78.47,0.0,67,0.0,0.0,12.89
2026-09-11 04:03:00,19.21,78.68,0.0,67,0.0,0.0,12.89
2026-09-11 04:04:00,19.19,78.96,0.0,67,0.0,0.0,12.89
2026-09-11 04:05:00,19.21,79.25,0.0,67,0.0,0.0,12.89
2026-09-11 04:06:00,19.18,79.12,0.0,67,0.0,0.0,12.89
2026-09-11 04:07:00,19.15,79.14,0.0,67,0.0,0.0,12.89
2026-09-11 04:08:00,19.18,79.36,0.0,67,0.0,0.0,12.89
2026-09-11 04:09:00,19.18,79.57,0.0,67,0.0,0.0,12.89
2026-09-11 04:10:00,19.18,79.76,0.0,67,0.0,0.0,12.89
2026-09-11 04:11:00,19.17,79.9,0.0,67,0.0,0.0,12.89
2026-09-11 04:12:00,19.14,79.85,0.0,67,0.0,0.0,12.89
2026-09-11 04:13:00,19.12,79.9,0.0,67,0.0,0.0,12.89
2026-09-11 04:14:00,19.14,80.01,0.0,67,0.0,0.0,12.89
2026-09-11 04:15:00,19.12,80.09,0.0,67,0.0,0.0,12.89
2026-09-11 04:16:00,19.12,80.09,0.0,67,0.0,0.0,12.89
2026-09-11 04:17:00,19.1,80.15,0.0,67,0.0,0.0,12.89
2026-09-11 04:18:00,19.07,80.13,0.0,67,0.0,0.0,12.89
2026-09-11 04:19:00,19.05,80.23,0.0,67,0.0,0.0,12.89
2026-09-11 04:20:00,19.04,80.3,0.0,67,0.0,0.0,12.89
2026-09-11 04:21:00,19.03,80.43,0.0,67,0.18,0.0,12.89
2026-09-11 04:22:00,19.03,80.51,0.0,67,0.18,0.0,12.89
2026-09-11 04:23:00,19.04,80.64,0.0,67,0.135,0.0,12.89
2026-09-11 04:24:00,19.07,80.73,0.0,67,0.15,0.0,12.89
2026-09-11 04:25:00,19.08,80.79,0.0,67,0.135,0.0,12.89
2026-09-11 04:26:00,19.07,80.84,0.0,67,0.315,0.0,12.89
2026-09-11 04:27:00,19.04,80.86,0.0,67,0.195,0.0,12.89
2026-09-11 04:28:00,19.03,80.95,0.0,67,0.0,0.0,12.89
2026-09-11 04:29:00,19.01,81.01,0.0,67,0.015,0.0,12.89
2026-09-11 04:30:00,19.0,81.08,0.0,67,0.03,0.0,12.89
2026-09-11 04:31:00,18.95,81.18,0.0,67,0.105,0.0,12.89
2026-09-11 04:32:00,18.94,81.22,0.0,67,0.03,0.0,12.89
2026-09-11 04:33:00,18.95,81.3,0.0,67,0.03,0.0,12.89
2026-09-11 04:34:00,18.91,81.39,0.0,67,0.015,0.0,12.89
2026-09-11 04:35:00,18.91,81.46,0.0,67,0.09,0.0,12.89
2026-09-11 04:36:00,18.87,81.51,0.0,67,0.135,0.0,12.89
2026-09-11 04:37:00,18.86,81.66,0.0,67,0.0,0.0,12.89
2026-09-11 04:38:00,18.81,81.63,0.0,67,0.015,0.0,12.89
2026-09-11 04:39:00,18.77,81.64,0.0,67,0.015,0.0,12.89
2026-09-11 04:40:00,18.76,81.66,0.0,67,0.03,0.0,12.89
2026-09-11 04:41:00,18.74,81.68,0.0,67,0.015,0.0,12.89
2026-09-11 04:42:00,18.73,81.63,0.0,67,0.0,0.0,12.89
2026-09-11 04:43:00,18.7,81.61,0.0,67,0.0,0.0,12.89
2026-09-11 04:44:00,18.72,81.58,0.0,67,0.015,0.0,12.89
2026-09-11 04:45:00,18.7,81.46,0.0,67,0.255,0.0,12.89
2026-09-11 04:46:00,18.67,81.54,0.0,67,0.075,0.0,12.89
2026-09-11 04:47:00,18.67,81.5,0.0,67,0.0,0.0,12.89
2026-09-11 04:48:00,18.66,81.43,0.0,67,0.075,0.0,12.89
2026-09-11 04:49:00,18.64,81.47,0.0,67,0.03,0.0,12.89
2026-09-11 04:50:00,18.64,81.45,0.0,67,0.0,0.0,12.89
2026-09-11 04:51:00,18.6,81.39,0.0,67,0.0,0.0,12.89
2026-09-11 04:52:00,18.62,81.42,0.0,67,0.0,0.0,12.89
2026-09-11 04:53:00,18.57,81.4,0.0,67,0.0,0.0,12.89
2026-09-11 04:54:00,18.59,81.47,0.0,67,0.0,0.0,12.89
2026-09-11 04:55:00,18.59,81.43,0.0,67,0.0,0.0,12.89
2026-09-11 04:56:00,18.59,81.41,0.0,67,0.0,0.0,12.89
2026-09-11 04:57:00,18.57,81.45,0.0,67,0.0,0.0,12.89
2026-09-11 04:58:00,18.59,81.49,0.0,67,0.0,0.0,12.89
2026-09-11 04:59:00,18.6,81.46,0.0,67,0.0,0.0,12.89
2026-09-11 05:00:00,18.59,81.46,0.0,67,0.0,0.0,12.89
2026-09-11 05:01:00,18.56,81.41,0.0,67,0.0,0.0,12.89
2026-09-11 05:02:00,18.53,81.56,0.0,67,0.0,0.0,12.89
2026-09-11 05:03:00,18.52,81.61,0.0,67,0.0,0.0,12.89
2026-09-11 05:04:00,18.53,81.69,0.0,67,0.0,0.0,12.89
2026-09-11 05:05:00,18.47,81.76,0.0,67,0.0,0.0,12.89
2026-09-11 05:06:00,18.49,81.86,0.0,67,0.0,0.0,12.89
2026-09-11 05:07:00,18.49,81.9,0.0,67,0.0,0.0,12.89
2026-09-11 05:08:00,18.44,81.92,0.0,67,0.0,0.0,12.89
2026-09-11 05:09:00,18.39,81.92,0.0,67,0.0,0.0,12.89
2026-09-11 05:10:00,18.39,81.9,0.0,67,0.0,0.0,12.89
2026-09-11 05:11:00,18.37,81.99,0.0,67,0.0,0.0,12.89
2026-09-11 05:12:00,18.35,82.02,0.0,67,0.0,0.0,12.89
2026-09-11 05:13:00,18.31,81.93,0.0,67,0.0,0.0,12.89
2026-09-11 05:14:00,18.23,81.86,0.0,67,0.0,0.0,12.89
2026-09-11 05:15:00,18.16,82.04,0.0,67,0.0,0.0,12.89
2026-09-11 05:16:00,18.08,82.24,0.0,67,0.0,0.0,12.89
2026-09-11 05:17:00,18.07,82.42,0.0,67,0.0,0.0,12.89
2026-09-11 05:18:00,18.02,82.57,0.0,67,0.0,0.0,12.89
2026-09-11 05:19:00,18.0,82.73,0.0,67,0.0,0.0,12.89
2026-09-11 05:20:00,17.97,82.84,0.0,67,0.0,0.0,12.89
2026-09-11 05:21:00,17.92,82.85,0.0,67,0.0,0.0,12.89
2026-09-11 05:22:00,17.89,82.94,0.0,67,0.0,0.0,12.89
2026-09-11 05:23:00,17.84,83.04,0.0,67,0.0,0.0,12.89
2026-09-11 05:24:00,17.82,83.16,0.0,67,0.0,0.0,12.89
2026-09-11 05:25:00,17.84,83.23,0.0,67,0.0,0.0,12.89
2026-09-11 05:26:00,17.8,83.33,0.0,67,0.0,0.0,12.89
2026-09-11 05:27:00,17.81,83.4,0.0,67,0.0,0.0,12.89
2026-09-11 05:28:00,17.81,83.45,0.0,67,0.0,0.0,12.89
2026-09-11 05:29:00,17.8,83.46,0.0,67,0.0,0.0,12.89
2026-09-11 05:30:00,17.8,83.51,0.0,67,0.0,0.0,12.89
2026-09-11 05:31:00,17.78,83.48,0.0,67,0.0,0.0,12.89
2026-09-11 05:32:00,17.78,83.49,0.0,67,0.0,0.0,12.89
2026-09-11 05:33:00,17.77,83.63,0.0,67,0.0,0.0,12.89
2026-09-11 05:34:00,17.81,83.7,0.0,67,0.0,0.0,12.89
2026-09-11 05:35:00,17.84,83.74,0.0,67,0.0,0.0,12.89
2026-09-11 05:36:00,17.85,83.66,0.0,67,0.0,0.0,12.89
2026-09-11 05:37:00,17.85,83.65,0.0,67,0.0,0.0,12.89
2026-09-11 05:38:00,17.85,83.66,0.0,67,0.0,0.0,12.89
2026-09-11 05:39:00,17.88,83.63,0.0,67,0.0,0.0,12.89
2026-09-11 05:40:00,17.89,83.5,0.0,67,0.0,0.0,12.89
2026-09-11 05:41:00,17.88,83.46,0.0,67,0.0,0.0,12.89
2026-09-11 05:42:00,17.92,83.46,0.0,67,0.0,0.0,12.89
2026-09-11 05:43:00,17.88,83.38,0.0,67,0.0,0.0,12.89
2026-09-11 05:44:00,17.91,83.3,0.0,67,0.0,0.0,12.89
2026-09-11 05:45:00,17.92,83.34,0.0,67,0.0,0.0,12.89
2026-09-11 05:46:00,17.91,83.34,0.0,67,0.0,0.0,12.89
2026-09-11 05:47:00,17.88,83.28,0.0,67,0.0,0.0,12.89
2026-09-11 05:48:00,17.88,83.37,0.0,67,0.0,0.0,12.89
2026-09-11 05:49:00,17.88,83.37,0.0,67,0.0,0.0,12.89
2026-09-11 05:50:00,17.84,83.44,0.0,67,0.0,0.0,12.89
2026-09-11 05:51:00,17.84,83.45,0.0,67,0.0,0.0,12.89
2026-09-11 05:52:00,17.84,83.59,0.0,67,0.0,0.0,12.89
2026-09-11 05:53:00,17.81,83.77,0.0,67,0.0,0.0,12.89
2026-09-11 05:54:00,17.84,83.99,0.0,67,0.0,0.0,12.89
2026-09-11 05:55:00,17.84,84.2,0.0,67,0.09,0.0,12.89
2026-09-11 05:56:00,17.8,84.4,0.0,67,0.27,0.0,12.89
2026-09-11 05:57:00,17.78,84.47,0.0,67,0.255,0.0,12.89
2026-09-11 05:58:00,17.71,84.6,0.0,67,0.36,0.0,12.89
2026-09-11 05:59:00,17.67,84.71,0.0,67,0.375,0.0,12.89
2026-09-11 06:00:00,17.61,84.83,0.0,67,0.3,0.0,12.89
2026-09-11 06:01:00,17.58,85.08,0.0,67,0.15,0.0,12.89
2026-09-11 06:02:00,17.54,85.33,1.14,67,0.18,0.0,12.89
2026-09-11 06:03:00,17.51,85.54,1.14,67,0.165,0.0,12.89
2026-09-11 06:04:00,17.5,85.68,1.14,67,0.045,0.0,12.89
2026-09-11 06:05:00,17.47,85.8,1.14,67,0.045,0.0,12.89
2026-09-11 06:06:00,17.47,85.96,1.91,67,0.015,0.0,12.89
2026-09-11 06:07:00,17.5,86.05,1.91,67,0.015,0.0,12.89
2026-09-11 06:08:00,17.49,86.0,1.91,67,0.045,0.0,12.89
2026-09-11 06:09:00,17.5,86.02,2.67,67,0.0,0.0,12.89
2026-09-11 06:10:00,17.5,85.98,2.67,67,0.0,0.0,12.89
2026-09-11 06:11:00,17.49,85.96,3.05,67,0.0,0.0,12.89
2026-09-11 06:12:00,17.49,85.96,3.43,67,0.0,0.0,12.89
2026-09-11 06:13:00,17.5,85.98,3.43,67,0.0,0.0,12.89
2026-09-11 06:14:00,17.51,86.0,3.81,67,0.0,0.0,12.89
2026-09-11 06:15:00,17.53,85.96,4.2,67,0.285,0.0,12.89
2026-09-11 06:16:00,17.49,85.91,4.58,67,0.18,0.0,12.89
2026-09-11 06:17:00,17.46,85.88,4.96,67,0.27,0.0,12.89
2026-09-11 06:18:00,17.4,85.94,5.72,67,0.21,0.0,12.89
2026-09-11 06:19:00,17.39,85.94,6.49,67,0.15,0.0,12.89
2026-09-11 06:20:00,17.37,86.06,7.25,67,0.03,0.0,12.89
2026-09-11 06:21:00,17.33,86.17,8.01,67,0.015,0.0,12.89
2026-09-11 06:22:00,17.33,86.23,8.39,67,0.075,0.0,12.89
2026-09-11 06:23:00,17.33,86.28,8.77,67,0.015,0.0,12.89
2026-09-11 06:24:00,17.3,86.28,9.16,67,0.21,0.0,12.89
2026-09-11 06:25:00,17.29,86.35,10.3,67,0.15,0.0,12.89
2026-09-11 06:26:00,17.25,86.33,10.68,67,0.3,0.0,12.89
2026-09-11 06:27:00,17.23,86.43,11.44,67,0.105,0.0,12.89
2026-09-11 06:28:00,17.19,86.52,11.83,67,0.195,0.0,12.89
2026-09-11 06:29:00,17.19,86.6,12.59,67,0.105,0.0,12.89
2026-09-11 06:30:00,17.17,86.67,12.97,67,0.285,0.0,12.89
2026-09-11 06:31:00,17.16,86.75,13.35,67,0.285,0.0,12.89
2026-09-11 06:32:00,17.17,86.88,14.11,67,0.06,0.0,12.89
2026-09-11 06:33:00,17.19,86.95,14.5,67,0.0,0.0,12.89
2026-09-11 06:34:00,17.22,86.96,14.88,67,0.03,0.0,12.89
2026-09-11 06:35:00,17.19,86.99,15.26,67,0.225,0.0,12.89
2026-09-11 06:36:00,17.22,87.06,16.02,67,0.03,0.0,12.89
2026-09-11 06:37:00,17.25,86.98,16.4,67,0.285,0.0,12.89
2026-09-11 06:38:00,17.22,86.93,17.17,67,0.0,0.0,12.89
2026-09-11 06:39:00,17.22,86.94,17.55,67,0.0,0.0,12.89
2026-09-11 06:40:00,17.26,87.02,17.93,67,0.0,0.0,12.89
2026-09-11 06:41:00,17.25,87.0,18.69,67,0.015,0.0,12.89
2026-09-11 06:42:00,17.27,86.98,19.84,67,0.0,0.0,12.89
2026-09-11 06:43:00,17.27,86.88,21.36,67,0.0,0.0,12.89
2026-09-11 06:44:00,17.32,86.82,22.89,67,0.015,0.0,12.89
2026-09-11 06:45:00,17.3,86.75,24.03,67,0.0,0.0,12.89
2026-09-11 06:46:00,17.3,86.74,25.18,67,0.0,0.0,12.89
2026-09-11 06:47:00,17.33,86.67,25.56,67,0.03,0.0,12.89
2026-09-11 06:48:00,17.33,86.65,26.32,67,0.0,0.0,12.89
2026-09-11 06:49:00,17.34,86.57,26.7,67,0.12,0.0,12.89
2026-09-11 06:50:00,17.33,86.49,27.47,67,0.21,0.0,12.89
2026-09-11 06:51:00,17.36,86.58,28.23,67,0.03,0.0,12.89
2026-09-11 06:52:00,17.34,86.51,28.99,67,0.225,0.0,12.89
2026-09-11 06:53:00,17.37,86.52,29.37,67,0.0,0.0,12.89
2026-09-11 06:54:00,17.43,86.51,30.14,67,0.075,0.0,12.89
2026-09-11 06:55:00,17.46,86.45,30.9,67,0.0,0.0,12.89
2026-09-11 06:56:00,17.5,86.39,31.66,67,0.0,0.0,12.93
2026-09-11 06:57:00,17.54,86.32,32.43,67,0.045,0.0,12.93
2026-09-11 06:58:00,17.58,86.19,32.81,67,0.045,0.0,12.93
2026-09-11 06:59:00,17.63,86.1,33.57,67,0.045,0.0,12.93
2026-09-11 07:00:00,17.64,85.85,33.95,67,0.27,0.0,12.93
2026-09-11 07:01:00,17.65,85.86,34.71,67,0.0,0.0,12.97
2026-09-11 07:02:00,17.67,85.79,35.48,67,0.0,0.0,12.97
2026-09-11 07:03:00,17.71,85.69,35.86,67,0.0,0.0,13.04
2026-09-11 07:04:00,17.74,85.57,36.24,67,0.015,0.0,13.04
2026-09-11 07:05:00,17.77,85.51,36.62,67,0.0,0.0,13.04
2026-09-11 07:06:00,17.81,85.43,37.0,67,0.0,0.0,13.04
2026-09-11 07:07:00,17.86,85.28,37.0,67,0.0,0.0,13.04
2026-09-11 07:08:00,17.89,85.13,37.77,67,0.075,0.0,13.04
2026-09-11 07:09:00,17.92,84.83,38.15,67,0.36,0.0,13.04
2026-09-11 07:10:00,17.89,84.68,38.53,67,0.54,0.0,13.08
2026-09-11 07:11:00,17.86,84.76,38.91,67,0.045,0.0,13.08
2026-09-11 07:12:00,17.85,84.79,39.67,67,0.105,0.0,13.08
2026-09-11 07:13:00,17.88,84.81,40.05,67,0.0,0.0,13.08
2026-09-11 07:14:00,17.92,84.82,40.44,67,0.075,0.0,13.12
2026-09-11 07:15:00,17.91,84.78,40.82,67,0.12,0.0,13.12
2026-09-11 07:16:00,17.92,84.71,41.2,67,0.105,0.0,13.12
2026-09-11 07:17:00,17.98,84.64,41.58,67,0.21,0.0,13.16
2026-09-11 07:18:00,17.97,84.59,41.58,67,0.3,0.0,13.16
2026-09-11 07:19:00,18.01,84.6,42.34,67,0.015,0.0,13.16
2026-09-11 07:20:00,18.07,84.59,42.73,67,0.0,0.0,13.16
2026-09-11 07:21:00,18.08,84.48,42.34,67,0.195,0.0,13.16
2026-09-11 07:22:00,18.07,84.23,43.11,67,0.585,0.0,13.16
2026-09-11 07:23:00,18.11,84.29,43.49,67,0.09,0.0,13.16
2026-09-11 07:24:00,18.12,84.35,43.87,67,0.03,0.0,13.16
2026-09-11 07:25:00,18.18,84.29,43.87,67,0.0,0.0,13.16
2026-09-11 07:26:00,18.21,84.16,43.87,67,0.09,0.0,13.16
2026-09-11 07:27:00,18.22,84.1,44.25,67,0.18,0.0,13.16
2026-09-11 07:28:00,18.26,83.97,44.63,67,0.075,0.0,13.16
2026-09-11 07:29:00,18.29,83.86,45.01,67,0.075,0.0,13.16
2026-09-11 07:30:00,18.32,83.74,45.01,67,0.3,0.0,13.16
2026-09-11 07:31:00,18.33,83.72,45.4,67,0.165,0.0,13.16
2026-09-11 07:32:00,18.36,83.67,45.4,67,0.18,0.0,13.16
2026-09-11 07:33:00,18.42,83.69,45.78,67,0.045,0.0,13.16
2026-09-11 07:34:00,18.43,83.52,46.54,67,0.315,0.0,13.16
2026-09-11 07:35:00,18.49,83.5,46.54,67,0.09,0.0,13.16
2026-09-11 07:36:00,18.54,83.4,46.92,67,0.045,0.0,13.16
2026-09-11 07:37:00,18.56,83.1,47.3,109,0.33,0.0,13.16
2026-09-11 07:38:00,18.59,83.0,48.07,109,0.06,0.0,13.16
2026-09-11 07:39:00,18.64,82.87,48.45,109,0.03,0.0,13.16
2026-09-11 07:40:00,18.66,82.75,49.21,109,0.075,0.0,13.16
2026-09-11 07:41:00,18.77,82.62,49.59,109,0.0,0.0,13.16
2026-09-11 07:42:00,18.81,82.39,50.35,109,0.0,0.0,13.16
2026-09-11 07:43:00,18.87,82.2,90.79,109,0.09,0.0,13.16
2026-09-11 07:44:00,18.95,82.06,183.49,109,0.0,0.0,13.61
2026-09-11 07:45:00,19.01,81.71,223.93,109,0.15,0.0,14.09
2026-09-11 07:46:00,19.07,81.39,228.5,109,0.105,0.0,14.28
2026-09-11 07:47:00,19.1,81.34,232.32,109,0.03,0.0,14.28
2026-09-11 07:48:00,19.22,81.3,235.75,109,0.0,0.0,14.28
2026-09-11 07:49:00,19.32,81.07,239.95,109,0.195,0.0,14.28
2026-09-11 07:50:00,19.45,80.34,242.24,94,0.585,0.0,14.28
2026-09-11 07:51:00,19.56,80.06,245.29,94,0.24,0.0,14.28
2026-09-11 07:52:00,19.73,79.62,247.96,94,0.315,0.0,14.24
2026-09-11 07:53:00,19.87,79.23,251.01,94,0.255,0.0,14.24
2026-09-11 07:54:00,20.06,78.81,254.44,94,0.03,0.0,14.24
2026-09-11 07:55:00,20.24,78.12,257.88,94,0.33,0.0,14.24
2026-09-11 07:56:00,20.41,77.52,261.69,94,0.315,0.0,14.24
2026-09-11 07:57:00,20.52,77.03,265.51,94,0.405,0.0,14.24
2026-09-11 07:58:00,20.64,76.57,268.56,72,0.435,0.0,14.24
2026-09-11 07:59:00,20.74,76.29,271.61,72,0.12,0.0,14.24
2026-09-11 08:00:00,20.82,75.99,275.04,72,0.165,0.0,14.24
2026-09-11 08:01:00,20.96,75.6,277.71,72,0.21,0.0,14.24
2026-09-11 08:02:00,21.05,75.15,281.53,72,0.345,0.0,14.24
2026-09-11 08:03:00,21.13,75.11,283.82,72,0.15,0.0,14.24
2026-09-11 08:04:00,21.26,74.98,288.4,51,0.09,0.0,14.28
2026-09-11 08:05:00,21.34,74.16,291.07,60,0.54,0.0,14.24
2026-09-11 08:06:00,21.32,74.16,294.12,60,0.405,0.0,14.24
2026-09-11 08:07:00,21.4,74.35,296.79,60,0.105,0.0,14.24
2026-09-11 08:08:00,21.54,74.19,300.98,60,0.045,0.0,14.24
2026-09-11 08:09:00,21.7,73.66,304.42,60,0.075,0.0,14.24
2026-09-11 08:10:00,21.85,73.08,306.71,50,0.105,0.0,14.24
2026-09-11 08:11:00,21.97,72.7,310.14,54,0.165,0.0,14.24
2026-09-11 08:12:00,22.08,72.33,313.19,61,0.15,0.0,14.24
2026-09-11 08:13:00,22.2,72.04,315.86,61,0.135,0.0,14.24
2026-09-11 08:14:00,22.29,71.68,319.3,61,0.195,0.0,14.24
2026-09-11 08:15:00,22.35,71.2,321.97,61,0.315,0.0,14.24
2026-09-11 08:16:00,22.42,70.94,325.4,61,0.405,0.0,14.24
2026-09-11 08:17:00,22.43,71.03,329.21,61,0.21,0.0,14.24
2026-09-11 08:18:00,22.46,70.69,331.12,61,0.105,0.0,14.24
2026-09-11 08:19:00,22.58,70.83,334.17,61,0.015,0.0,14.24
2026-09-11 08:20:00,22.72,70.4,337.22,61,0.015,0.0,14.24
2026-09-11 08:21:00,22.87,70.04,341.42,61,0.045,0.0,14.24
2026-09-11 08:22:00,22.99,69.31,341.8,61,0.12,0.0,14.24
2026-09-11 08:23:00,23.13,68.87,346.0,61,0.105,0.0,14.24
2026-09-11 08:24:00,23.13,68.33,348.29,56,0.6,0.0,14.24
2026-09-11 08:25:00,23.06,68.28,352.1,56,0.66,0.0,14.24
2026-09-11 08:26:00,23.04,69.06,355.15,56,0.15,0.0,14.24
2026-09-11 08:27:00,23.16,68.84,358.59,56,0.105,0.0,14.24
2026-09-11 08:28:00,23.21,68.66,361.64,56,0.27,0.0,14.24
2026-09-11 08:29:00,23.26,68.37,364.31,93,0.45,0.0,14.24
2026-09-11 08:30:00,23.3,68.16,367.74,93,0.135,0.0,14.24
2026-09-11 08:31:00,23.36,67.6,370.79,93,0.135,0.0,14.24
2026-09-11 08:32:00,23.4,67.85,373.85,93,0.03,0.0,14.24
2026-09-11 08:33:00,23.47,67.49,375.37,93,0.03,0.0,14.24
2026-09-11 08:34:00,23.52,67.25,379.19,93,0.195,0.0,14.24
2026-09-11 08:35:00,23.6,67.31,381.48,93,0.12,0.0,14.24
2026-09-11 08:36:00,23.67,66.92,384.91,93,0.0,0.0,14.24
2026-09-11 08:37:00,23.67,66.62,387.96,93,0.09,0.0,14.24
2026-09-11 08:38:00,23.67,66.9,390.25,93,0.03,0.0,14.24
2026-09-11 08:39:00,23.79,67.09,393.68,93,0.0,0.0,14.24
2026-09-11 08:40:00,24.03,66.5,397.12,93,0.0,0.0,14.24
2026-09-11 08:41:00,24.13,65.57,399.4,93,0.105,0.0,14.24
2026-09-11 08:42:00,24.2,65.25,402.84,93,0.075,0.0,14.24
2026-09-11 08:43:00,24.16,65.33,406.27,93,0.18,0.0,14.24
2026-09-11 08:44:00,24.09,65.5,408.18,194,0.345,0.0,14.24
2026-09-11 08:45:00,24.12,65.83,411.23,194,0.09,0.0,14.24
2026-09-11 08:46:00,24.19,65.34,414.28,194,0.06,0.0,14.24
2026-09-11 08:47:00,24.26,65.32,416.57,194,0.075,0.0,14.24
2026-09-11 08:48:00,24.35,64.69,420.0,194,0.12,0.0,14.24
2026-09-11 08:49:00,24.35,64.63,422.67,194,0.12,0.0,14.24
2026-09-11 08:50:00,24.44,64.33,425.73,194,0.015,0.0,14.24
2026-09-11 08:51:00,24.49,64.08,429.16,194,0.03,0.0,14.24
2026-09-11 08:52:00,24.57,63.82,431.45,194,0.12,0.0,14.24
2026-09-11 08:53:00,24.57,63.55,434.12,194,0.15,0.0,14.24
2026-09-11 08:54:00,24.62,63.82,437.55,194,0.09,0.0,14.24
2026-09-11 08:55:00,24.7,63.6,440.22,194,0.075,0.0,14.24
2026-09-11 08:56:00,24.83,63.39,442.89,194,0.21,0.0,14.24
2026-09-11 08:57:00,24.94,63.23,446.33,194,0.09,0.0,14.24
2026-09-11 08:58:00,25.1,62.42,450.52,194,0.165,0.0,14.24
2026-09-11 08:59:00,25.04,62.18,451.67,194,0.135,0.0,14.24
2026-09-11 09:00:00,25.01,62.7,455.1,194,0.075,0.0,14.24
2026-09-11 09:01:00,25.01,62.62,458.15,108,0.24,0.0,14.24
2026-09-11 09:02:00,25.05,62.79,460.06,108,0.18,0.0,14.24
2026-09-11 09:03:00,25.21,62.25,461.97,108,0.075,0.0,14.24
2026-09-11 09:04:00,25.18,61.54,464.64,79,0.57,0.0,14.24
2026-09-11 09:05:00,25.07,62.38,469.21,79,0.285,0.0,14.24
2026-09-11 09:06:00,25.11,61.88,470.36,97,0.36,0.0,14.24
2026-09-11 09:07:00,25.0,61.81,474.94,64,0.6,0.0,14.24
2026-09-11 09:08:00,24.95,62.28,477.61,52,0.225,0.0,14.24
2026-09-11 09:09:00,25.01,62.43,480.28,102,0.18,0.0,14.24
2026-09-11 09:10:00,25.11,62.38,482.95,102,0.135,0.0,14.24
2026-09-11 09:11:00,25.19,61.89,485.24,71,0.39,0.0,14.24
2026-09-11 09:12:00,25.24,61.59,487.91,61,0.63,0.0,14.24
2026-09-11 09:13:00,25.24,61.84,489.43,61,0.165,0.0,14.24
2026-09-11 09:14:00,25.28,61.78,490.96,61,0.21,0.0,14.24
2026-09-11 09:15:00,25.37,61.8,494.77,61,0.15,0.0,14.24
2026-09-11 09:16:00,25.44,61.65,497.83,61,0.255,0.0,14.24
2026-09-11 09:17:00,25.58,61.08,499.35,61,0.105,0.0,14.24
2026-09-11 09:18:00,25.69,60.72,501.64,61,0.135,0.0,14.24
2026-09-11 09:19:00,25.78,60.27,503.17,61,0.18,0.0,14.24
2026-09-11 09:20:00,25.83,60.06,507.36,61,0.06,0.0,14.24
2026-09-11 09:21:00,25.76,60.02,512.7,150,0.42,0.0,14.24
2026-09-11 09:22:00,25.68,60.76,516.14,186,0.225,0.0,14.24
2026-09-11 09:23:00,25.72,60.57,519.19,186,0.285,0.0,14.24
2026-09-11 09:24:00,25.68,60.76,521.1,144,0.24,0.0,14.24
2026-09-11 09:25:00,25.68,60.71,523.38,96,0.225,0.0,14.24
2026-09-11 09:26:00,25.62,61.12,524.91,26,0.345,0.0,14.24
2026-09-11 09:27:00,25.61,60.84,527.96,26,0.3,0.0,14.24
2026-09-11 09:28:00,25.65,60.82,529.87,218,0.21,0.0,14.24
2026-09-11 09:29:00,25.73,60.89,534.07,130,0.105,0.0,14.24
2026-09-11 09:30:00,25.82,60.49,537.12,130,0.27,0.0,14.24
2026-09-11 09:31:00,25.92,60.22,537.5,207,0.285,0.0,14.24
2026-09-11 09:32:00,25.92,60.21,540.93,206,0.135,0.0,14.24
2026-09-11 09:33:00,25.9,60.29,543.22,133,0.345,0.0,14.24
2026-09-11 09:34:00,25.88,60.28,544.75,134,0.33,0.0,14.21
2026-09-11 09:35:00,25.83,60.11,546.65,144,0.255,0.0,14.17
2026-09-11 09:36:00,25.88,59.94,548.56,144,0.06,0.0,14.17
2026-09-11 09:37:00,25.89,59.66,552.0,78,0.615,0.0,14.17
2026-09-11 09:38:00,25.75,59.68,555.43,79,0.87,0.0,14.17
2026-09-11 09:39:00,25.64,60.35,558.1,79,0.225,0.0,14.17
2026-09-11 09:40:00,25.68,60.08,559.62,78,0.18,0.0,14.17
2026-09-11 09:41:00,25.82,59.9,561.53,78,0.105,0.0,14.17
2026-09-11 09:42:00,25.92,59.57,563.06,65,0.27,0.0,14.13
2026-09-11 09:43:00,25.9,59.4,564.97,95,0.495,0.0,14.17
2026-09-11 09:44:00,25.97,59.39,568.4,95,0.21,0.0,14.13
2026-09-11 09:45:00,26.01,59.0,572.21,238,0.345,0.0,14.13
2026-09-11 09:46:00,26.01,58.14,575.27,178,0.315,0.0,14.13
2026-09-11 09:47:00,26.06,58.32,577.55,177,0.18,0.0,14.13
2026-09-11 09:48:00,26.13,57.87,580.61,291,0.405,0.0,14.13
2026-09-11 09:49:00,26.12,57.81,584.04,104,0.645,0.0,14.13
2026-09-11 09:50:00,26.09,57.91,588.24,98,0.51,0.0,14.13
2026-09-11 09:51:00,26.03,58.38,591.29,98,0.405,0.0,14.13
2026-09-11 09:52:00,25.97,58.51,594.72,110,0.54,0.0,14.13
2026-09-11 09:53:00,25.99,58.11,598.54,72,0.39,0.0,14.13
2026-09-11 09:54:00,25.99,57.69,600.82,110,0.48,0.0,14.13
2026-09-11 09:55:00,25.96,57.95,603.49,183,0.51,0.0,14.13
2026-09-11 09:56:00,25.99,57.87,605.4,109,0.375,0.0,14.13
2026-09-11 09:57:00,25.97,57.6,608.07,167,0.48,0.0,14.13
2026-09-11 09:58:00,26.0,57.28,611.89,156,0.315,0.0,14.13
2026-09-11 09:59:00,26.03,57.66,616.08,219,0.225,0.0,14.13
2026-09-11 10:00:00,26.17,57.05,621.42,179,0.285,0.0,14.13
2026-09-11 10:01:00,26.16,56.77,625.24,182,0.285,0.0,14.13
2026-09-11 10:02:00,26.16,56.5,631.72,182,0.165,0.0,14.13
2026-09-11 10:03:00,26.23,55.85,634.78,176,0.165,0.0,14.13
2026-09-11 10:04:00,26.24,55.96,634.78,251,0.24,0.0,14.13
2026-09-11 10:05:00,26.27,56.13,579.46,162,0.39,0.0,14.13
2026-09-11 10:06:00,26.23,56.43,635.16,87,0.69,0.0,14.13
2026-09-11 10:07:00,26.15,57.15,621.04,87,0.24,0.0,14.13
2026-09-11 10:08:00,26.19,56.16,640.12,201,0.165,0.0,14.13
2026-09-11 10:09:00,26.23,56.1,645.46,172,0.255,0.0,14.13
2026-09-11 10:10:00,26.31,55.93,650.03,172,0.06,0.0,14.13
2026-09-11 10:11:00,26.37,55.84,654.61,172,0.06,0.0,14.13
2026-09-11 10:12:00,26.48,55.4,659.57,223,0.345,0.0,14.09
2026-09-11 10:13:00,26.46,55.24,666.06,180,0.345,0.0,14.13
2026-09-11 10:14:00,26.38,55.26,669.87,195,0.39,0.0,14.13
2026-09-11 10:15:00,26.37,55.27,676.74,162,0.42,0.0,14.13
2026-09-11 10:16:00,26.41,55.04,681.32,152,0.195,0.0,14.09
2026-09-11 10:17:00,26.41,55.38,685.89,219,0.345,0.0,14.13
2026-09-11 10:18:00,26.47,55.49,690.09,137,0.27,0.0,14.09
2026-09-11 10:19:00,26.5,55.45,692.76,137,0.195,0.0,14.09
2026-09-11 10:20:00,26.51,55.45,695.81,179,0.345,0.0,14.09
2026-09-11 10:21:00,26.55,55.18,701.53,91,0.375,0.0,14.09
2026-09-11 10:22:00,26.5,54.89,705.73,63,0.93,0.0,14.09
2026-09-11 10:23:00,26.55,55.17,673.3,267,0.255,0.0,14.09
2026-09-11 10:24:00,26.67,54.51,681.7,105,0.705,0.0,14.09
2026-09-11 10:25:00,26.67,54.1,716.41,80,0.495,0.0,14.09
2026-09-11 10:26:00,26.68,54.36,716.41,80,0.255,0.0,14.09
2026-09-11 10:27:00,26.63,54.12,717.56,106,0.33,0.0,14.09
2026-09-11 10:28:00,26.64,54.32,723.28,236,0.36,0.0,14.09
2026-09-11 10:29:00,26.65,54.08,731.67,279,0.975,0.0,14.09
2026-09-11 10:30:00,26.58,54.01,733.96,84,0.75,0.0,14.09
2026-09-11 10:31:00,26.57,54.1,733.96,79,0.615,0.0,14.09
2026-09-11 10:32:00,26.64,53.57,577.17,84,0.405,0.0,14.09
2026-09-11 10:33:00,26.75,53.78,730.14,77,0.15,0.0,14.09
2026-09-11 10:34:00,26.81,53.59,761.04,80,0.3,0.0,14.09
2026-09-11 10:35:00,26.87,53.44,696.19,80,0.24,0.0,14.09
2026-09-11 10:36:00,26.91,53.03,546.27,80,0.255,0.0,14.09
2026-09-11 10:37:00,26.84,52.69,725.57,259,0.39,0.0,14.09
2026-09-11 10:38:00,26.82,53.17,667.2,145,0.435,0.0,14.09
2026-09-11 10:39:00,26.87,53.37,395.97,104,0.36,0.0,14.09
2026-09-11 10:40:00,26.77,53.71,676.74,104,0.285,0.0,14.09
2026-09-11 10:41:00,26.74,53.28,620.66,119,0.18,0.0,14.09
2026-09-11 10:42:00,26.79,53.29,686.66,119,0.225,0.0,14.09
2026-09-11 10:43:00,26.81,53.32,651.94,126,0.24,0.0,14.09
2026-09-11 10:44:00,26.87,53.34,727.86,126,0.165,0.0,14.09
2026-09-11 10:45:00,26.84,53.1,718.7,126,0.24,0.0,14.09
2026-09-11 10:46:00,26.89,53.21,728.24,224,0.21,0.0,14.09
2026-09-11 10:47:00,26.92,53.33,607.31,264,0.285,0.0,14.09
2026-09-11 10:48:00,27.06,53.11,705.73,183,0.15,0.0,14.09
2026-09-11 10:49:00,27.15,53.02,735.1,68,0.435,0.0,14.09
2026-09-11 10:50:00,27.24,52.46,745.02,56,0.33,0.0,14.09
2026-09-11 10:51:00,27.32,52.19,749.6,23,0.315,0.0,14.09
2026-09-11 10:52:00,27.35,52.16,759.9,80,0.615,0.0,14.09
2026-09-11 10:53:00,27.29,51.92,753.03,200,0.54,0.0,14.09
2026-09-11 10:54:00,27.22,51.72,693.9,201,0.315,0.0,14.09
2026-09-11 10:55:00,27.28,52.09,353.63,22,0.36,0.0,14.09
2026-09-11 10:56:00,27.25,52.36,714.12,146,0.225,0.0,14.09
2026-09-11 10:57:00,27.19,52.82,468.83,212,0.345,0.0,14.09
2026-09-11 10:58:00,27.15,53.27,622.57,212,0.09,0.0,14.09
2026-09-11 10:59:00,27.15,53.32,612.27,212,0.06,0.0,14.09
2026-09-11 11:00:00,27.09,53.57,558.48,344,0.225,0.0,14.09
2026-09-11 11:01:00,26.98,53.89,547.42,159,0.33,0.0,14.09
2026-09-11 11:02:00,26.79,54.39,495.54,171,0.405,0.0,14.09
2026-09-11 11:03:00,26.65,54.84,485.62,154,0.66,0.0,14.09
2026-09-11 11:04:00,26.55,55.14,617.23,195,0.405,0.0,14.09
2026-09-11 11:05:00,26.6,55.19,711.83,69,0.435,0.0,14.09
2026-09-11 11:06:00,26.58,55.14,751.51,163,0.465,0.0,14.09
2026-09-11 11:07:00,26.55,54.55,756.08,81,1.29,0.0,14.09
2026-09-11 11:08:00,26.38,54.92,755.7,71,1.41,0.0,14.09
2026-09-11 11:09:00,26.33,55.85,757.23,82,0.51,0.0,14.09
2026-09-11 11:10:00,26.4,55.38,763.33,275,0.315,0.0,14.09
2026-09-11 11:11:00,26.46,55.28,767.53,257,0.3,0.0,14.09
2026-09-11 11:12:00,26.48,55.14,769.05,149,0.225,0.0,14.09
2026-09-11 11:13:00,26.52,55.46,760.28,119,0.225,0.0,14.09
2026-09-11 11:14:00,26.57,55.46,765.62,84,0.78,0.0,14.09
2026-09-11 11:15:00,26.63,55.35,759.52,201,0.54,0.0,14.09
2026-09-11 11:16:00,26.67,55.2,767.53,201,0.18,0.0,14.09
2026-09-11 11:17:00,26.79,54.81,738.16,229,0.39,0.0,14.09
2026-09-11 11:18:00,26.89,54.54,789.27,161,0.315,0.0,14.09
2026-09-11 11:19:00,26.91,54.49,757.99,141,0.33,0.0,14.09
2026-09-11 11:20:00,26.89,54.54,788.51,197,0.465,0.0,14.09
2026-09-11 11:21:00,26.98,54.11,779.74,81,0.57,0.0,14.09
2026-09-11 11:22:00,27.02,54.26,795.38,132,0.96,0.0,14.09
2026-09-11 11:23:00,27.06,53.95,801.86,197,0.36,0.0,14.09
2026-09-11 11:24:00,27.11,53.49,809.49,194,0.315,0.0,14.09
2026-09-11 11:25:00,27.19,53.17,759.14,194,0.225,0.0,14.09
2026-09-11 11:26:00,27.28,52.46,744.64,283,0.3,0.0,14.09
2026-09-11 11:27:00,27.28,52.28,614.56,149,0.33,0.0,14.09
2026-09-11 11:28:00,27.3,52.43,701.53,149,0.045,0.0,14.09
2026-09-11 11:29:00,27.43,52.3,716.03,96,0.135,0.0,14.09
2026-09-11 11:30:00,27.47,51.83,822.08,52,0.555,0.0,14.09
2026-09-11 11:31:00,27.4,52.01,813.31,100,0.3,0.0,14.09
2026-09-11 11:32:00,27.43,52.16,819.79,157,0.24,0.0,14.09
2026-09-11 11:33:00,27.46,52.03,818.27,195,0.6,0.0,14.09
2026-09-11 11:34:00,27.49,51.79,819.41,222,0.285,0.0,14.09
2026-09-11 11:35:00,27.52,51.29,809.87,156,0.33,0.0,14.09
2026-09-11 11:36:00,27.53,51.02,810.25,150,0.495,0.0,14.09
2026-09-11 11:37:00,27.49,50.78,825.13,190,0.465,0.0,14.09
2026-09-11 11:38:00,27.53,50.86,816.36,174,0.33,0.0,14.09
2026-09-11 11:39:00,27.66,51.07,819.79,181,0.315,0.0,14.09
2026-09-11 11:40:00,27.7,50.5,813.31,192,0.705,0.0,14.13
2026-09-11 11:41:00,27.72,50.37,785.46,202,0.57,0.0,14.09
2026-09-11 11:42:00,27.65,50.63,727.47,176,0.615,0.0,14.09
2026-09-11 11:43:00,27.63,50.3,706.49,150,0.54,0.0,14.09
2026-09-11 11:44:00,27.63,50.29,627.53,217,0.36,0.0,14.09
2026-09-11 11:45:00,27.63,49.93,699.63,160,0.375,0.0,14.09
2026-09-11 11:46:00,27.63,49.48,602.35,170,0.24,0.0,14.09
2026-09-11 11:47:00,27.69,47.9,735.1,181,0.18,0.0,14.13
2026-09-11 11:48:00,27.66,47.75,603.88,170,0.27,0.0,14.09
2026-09-11 11:49:00,27.63,47.3,738.92,170,0.105,0.0,14.13
2026-09-11 11:50:00,27.62,47.52,558.86,170,0.165,0.0,14.09
2026-09-11 11:51:00,27.7,47.9,645.46,170,0.105,0.0,14.13
2026-09-11 11:52:00,27.74,48.31,788.51,170,0.255,0.0,14.13
2026-09-11 11:53:00,27.84,48.56,799.19,194,0.405,0.0,14.13
2026-09-11 11:54:00,27.88,48.38,761.81,179,0.285,0.0,14.09
2026-09-11 11:55:00,27.91,47.27,807.58,145,0.33,0.0,14.13
2026-09-11 11:56:00,27.94,47.44,766.77,173,0.225,0.0,14.09
2026-09-11 11:57:00,27.91,47.23,723.28,178,0.345,0.0,14.09
2026-09-11 11:58:00,27.91,46.52,787.75,207,0.39,0.0,14.09
2026-09-11 11:59:00,27.94,46.06,810.25,15,0.525,0.0,14.13
2026-09-11 12:00:00,28.03,45.37,596.63,158,0.63,0.0,14.09
2026-09-11 12:01:00,28.14,44.62,707.26,158,0.18,0.0,14.13
2026-09-11 12:02:00,28.2,44.42,828.56,151,0.21,0.0,14.13
2026-09-11 12:03:00,28.3,43.33,628.29,190,0.255,0.0,14.09
2026-09-11 12:04:00,28.35,43.17,705.35,190,0.33,0.0,14.13
2026-09-11 12:05:00,28.34,44.14,757.61,274,0.495,0.0,14.13
2026-09-11 12:06:00,28.45,44.32,800.34,145,0.375,0.0,14.13
2026-09-11 12:07:00,28.54,44.55,626.0,335,0.51,0.0,14.09
2026-09-11 12:08:00,28.59,44.7,813.31,195,0.51,0.0,14.09
2026-09-11 12:09:00,28.64,45.11,836.19,184,0.225,0.0,14.09
2026-09-11 12:10:00,28.61,45.66,782.02,206,0.48,0.0,14.09
2026-09-11 12:11:00,28.49,45.27,629.43,140,0.585,0.0,14.09
2026-09-11 12:12:00,28.38,44.67,751.51,162,0.315,0.0,14.09
2026-09-11 12:13:00,28.28,44.17,781.64,198,0.375,0.0,14.09
2026-09-11 12:14:00,28.34,44.37,828.56,187,0.255,0.0,14.09
2026-09-11 12:15:00,28.52,43.49,871.29,165,0.315,0.0,14.09
2026-09-11 12:16:00,28.62,43.24,871.67,127,0.36,0.0,14.09
2026-09-11 12:17:00,28.76,43.18,819.03,214,0.27,0.0,14.09
2026-09-11 12:18:00,28.85,43.36,825.51,214,0.48,0.0,14.09
2026-09-11 12:19:00,28.87,42.77,862.52,338,0.495,0.0,14.09
2026-09-11 12:20:00,28.93,42.58,751.89,169,0.315,0.0,14.09
2026-09-11 12:21:00,29.0,42.24,869.38,151,0.21,0.0,14.09
2026-09-11 12:22:00,29.1,41.57,788.13,148,0.285,0.0,14.09
2026-09-11 12:23:00,29.17,41.62,435.26,173,0.405,0.0,14.09
2026-09-11 12:24:00,29.19,42.35,840.39,71,0.36,0.0,14.09
2026-09-11 12:25:00,29.27,42.5,570.69,182,0.435,0.0,14.09
2026-09-11 12:26:00,29.22,42.8,667.96,133,0.405,0.0,14.09
2026-09-11 12:27:00,29.24,43.56,646.98,312,0.675,0.0,14.09
2026-09-11 12:28:00,29.09,44.03,924.7,184,1.02,0.0,14.09
2026-09-11 12:29:00,29.02,44.46,933.85,100,0.435,0.0,14.09
2026-09-11 12:30:00,29.03,44.89,934.23,267,0.375,0.0,14.09
2026-09-11 12:31:00,29.14,44.21,931.56,256,0.33,0.0,14.09
2026-09-11 12:32:00,29.3,44.46,939.19,256,0.12,0.0,14.09
2026-09-11 12:33:00,29.5,44.16,896.47,256,0.09,0.0,14.09
2026-09-11 12:34:00,29.65,43.87,942.24,256,0.105,0.0,14.09
2026-09-11 12:35:00,29.81,43.56,935.0,256,0.12,0.0,14.09
2026-09-11 12:36:00,30.04,41.22,937.29,89,0.33,0.0,14.09
2026-09-11 12:37:00,30.05,39.06,925.46,192,0.66,0.0,14.09
2026-09-11 12:38:00,30.04,39.36,902.57,172,0.195,0.0,14.09
2026-09-11 12:39:00,30.12,39.34,889.6,147,0.27,0.0,14.09
2026-09-11 12:40:00,30.16,39.16,877.39,140,0.48,0.0,14.09
2026-09-11 12:41:00,30.19,39.01,861.37,210,0.45,0.0,14.09
2026-09-11 12:42:00,30.21,39.29,855.65,193,0.405,0.0,14.09
2026-09-11 12:43:00,30.11,40.62,846.11,177,0.465,0.0,14.09
2026-09-11 12:44:00,29.95,42.28,842.68,224,0.705,0.0,14.09
2026-09-11 12:45:00,29.95,43.0,838.86,152,0.36,0.0,14.09
2026-09-11 12:46:00,29.99,42.69,836.96,183,0.495,0.0,14.09
2026-09-11 12:47:00,29.95,43.07,837.34,185,0.39,0.0,14.09
2026-09-11 12:48:00,29.96,42.79,836.58,196,0.495,0.0,14.09
2026-09-11 12:49:00,29.99,41.81,808.73,205,0.765,0.0,14.09
2026-09-11 12:50:00,29.96,42.07,807.97,214,0.405,0.0,14.09
2026-09-11 12:51:00,29.95,42.21,839.25,314,0.6,0.0,14.09
2026-09-11 12:52:00,29.84,42.97,739.3,236,1.2,0.0,14.09
2026-09-11 12:53:00,29.77,43.53,840.77,172,0.765,0.0,14.09
2026-09-11 12:54:00,29.63,43.89,865.57,125,0.57,0.0,14.09
2026-09-11 12:55:00,29.6,44.28,667.96,63,0.63,0.0,14.09
2026-09-11 12:56:00,29.6,44.08,753.41,153,1.2,0.0,14.09
2026-09-11 12:57:00,29.51,44.33,656.52,25,1.08,0.0,14.09
2026-09-11 12:58:00,29.5,44.86,852.22,117,0.81,0.0,14.09
2026-09-11 12:59:00,29.65,44.69,804.91,127,0.315,0.0,14.09
2026-09-11 13:00:00,29.8,44.46,818.65,154,0.21,0.0,14.09
2026-09-11 13:01:00,29.92,43.44,854.12,211,0.66,0.0,14.09
2026-09-11 13:02:00,29.88,43.48,793.85,193,0.435,0.0,14.09
2026-09-11 13:03:00,29.81,43.88,646.22,168,0.57,0.0,14.09
2026-09-11 13:04:00,29.77,44.08,828.56,60,0.42,0.0,14.09
2026-09-11 13:05:00,29.94,43.83,902.57,154,0.3,0.0,14.09
2026-09-11 13:06:00,30.08,43.21,898.76,153,0.63,0.0,14.09
2026-09-11 13:07:00,30.16,42.21,898.37,174,0.525,0.0,14.09
2026-09-11 13:08:00,30.16,41.42,909.44,154,0.735,0.0,14.09
2026-09-11 13:09:00,30.18,42.04,877.01,227,0.585,0.0,14.09
2026-09-11 13:10:00,30.29,42.63,873.2,237,0.69,0.0,14.09
2026-09-11 13:11:00,30.16,42.79,881.21,217,0.885,0.0,14.09
2026-09-11 13:12:00,30.11,43.15,915.16,211,0.87,0.0,14.09
2026-09-11 13:13:00,30.01,43.15,839.63,137,0.9,0.0,14.09
2026-09-11 13:14:00,29.89,43.31,798.81,38,0.615,0.0,14.09
2026-09-11 13:15:00,29.95,43.79,759.9,165,0.45,0.0,14.09
2026-09-11 13:16:00,30.07,44.16,702.3,251,0.435,0.0,14.09
2026-09-11 13:17:00,30.21,43.83,775.92,122,0.405,0.0,14.09
2026-09-11 13:18:00,30.29,43.03,827.8,216,0.495,0.0,14.09
2026-09-11 13:19:00,30.26,42.6,553.9,38,0.795,0.0,14.09
2026-09-11 13:20:00,30.02,42.86,389.87,241,1.335,0.0,14.09
2026-09-11 13:21:00,29.85,43.43,524.53,206,0.555,0.0,14.09
2026-09-11 13:22:00,29.7,43.93,483.33,343,0.345,0.0,14.09
2026-09-11 13:23:00,29.61,43.31,485.24,139,0.6,0.0,14.09
2026-09-11 13:24:00,29.54,43.66,641.64,181,0.555,0.0,14.09
2026-09-11 13:25:00,29.54,43.79,592.43,161,0.27,0.0,14.09
2026-09-11 13:26:00,29.58,43.25,514.61,189,0.435,0.0,14.09
2026-09-11 13:27:00,29.58,43.44,756.85,184,0.225,0.0,14.09
2026-09-11 13:28:00,29.61,43.38,598.15,216,0.39,0.0,14.09
2026-09-11 13:29:00,29.68,43.34,770.2,175,0.27,0.0,14.09
2026-09-11 13:30:00,29.74,43.32,845.73,221,0.585,0.0,14.09
2026-09-11 13:31:00,29.78,43.35,850.69,224,0.45,0.0,14.09
2026-09-11 13:32:00,29.68,43.22,875.87,217,0.99,0.0,14.09
2026-09-11 13:33:00,29.71,43.41,852.22,230,0.285,0.0,14.09
2026-09-11 13:34:00,29.74,43.4,833.14,198,0.84,0.0,14.09
2026-09-11 13:35:00,29.81,43.68,801.48,168,0.42,0.0,14.09
2026-09-11 13:36:00,29.83,43.85,741.21,155,0.6,0.0,14.09
2026-09-11 13:37:00,29.89,43.86,850.31,189,0.495,0.0,14.09
2026-09-11 13:38:00,29.99,42.66,851.45,197,0.765,0.0,14.09
2026-09-11 13:39:00,29.96,42.54,851.83,194,0.66,0.0,14.09
2026-09-11 13:40:00,29.94,42.5,847.26,159,0.48,0.0,14.09
2026-09-11 13:41:00,29.94,42.13,767.91,188,0.465,0.0,14.09
2026-09-11 13:42:00,29.96,42.32,854.12,224,0.51,0.0,14.09
2026-09-11 13:43:00,29.95,42.46,813.31,218,0.885,0.0,14.09
2026-09-11 13:44:00,29.99,42.36,720.23,183,0.48,0.0,14.09
2026-09-11 13:45:00,30.02,42.52,706.11,231,0.54,0.0,14.09
2026-09-11 13:46:00,30.05,42.64,897.99,185,0.795,0.0,14.09
2026-09-11 13:47:00,30.08,42.59,904.48,189,0.51,0.0,14.09
2026-09-11 13:48:00,30.14,42.58,912.11,186,0.765,0.0,14.09
2026-09-11 13:49:00,30.31,42.1,625.24,167,0.375,0.0,14.09
2026-09-11 13:50:00,30.38,41.78,903.72,156,0.555,0.0,14.09
2026-09-11 13:51:00,30.42,41.71,537.88,181,0.675,0.0,14.09
2026-09-11 13:52:00,30.35,41.67,558.1,236,0.39,0.0,14.09
2026-09-11 13:53:00,30.08,41.96,506.6,228,0.6,0.0,14.09
2026-09-11 13:54:00,29.92,42.57,593.96,191,0.705,0.0,14.09
2026-09-11 13:55:00,29.92,42.31,566.87,186,0.39,0.0,14.09
2026-09-11 13:56:00,29.87,42.0,543.98,299,0.975,0.0,14.09
2026-09-11 13:57:00,29.68,42.42,385.29,157,0.48,0.0,14.09
2026-09-11 13:58:00,29.5,42.88,444.04,274,0.3,0.0,14.09
2026-09-11 13:59:00,29.45,43.24,402.84,171,0.285,0.0,14.09
2026-09-11 14:00:00,29.44,43.32,395.97,158,0.435,0.0,14.09
2026-09-11 14:01:00,29.34,43.73,362.4,283,0.57,0.0,14.09
2026-09-11 14:02:00,29.29,43.83,358.21,224,0.48,0.0,14.09
2026-09-11 14:03:00,29.2,44.14,354.39,186,0.57,0.0,14.09
2026-09-11 14:04:00,29.14,44.39,376.52,179,0.3,0.0,14.09
2026-09-11 14:05:00,29.06,44.98,376.13,182,0.54,0.0,14.09
2026-09-11 14:06:00,29.06,45.33,362.02,143,0.33,0.0,14.09
2026-09-11 14:07:00,29.07,45.14,358.59,224,0.45,0.0,14.09
2026-09-11 14:08:00,29.05,45.29,373.46,257,0.645,0.0,14.09
2026-09-11 14:09:00,29.03,45.14,359.73,345,0.375,0.0,14.09
2026-09-11 14:10:00,28.93,45.29,350.58,198,0.435,0.0,14.09
2026-09-11 14:11:00,28.87,44.87,357.82,168,0.375,0.0,14.09
2026-09-11 14:12:00,28.79,45.15,346.38,187,0.36,0.0,14.09
2026-09-11 14:13:00,28.78,45.26,345.24,51,0.27,0.0,14.09
2026-09-11 14:14:00,28.75,45.05,373.46,239,0.36,0.0,14.09
2026-09-11 14:15:00,28.68,45.11,342.57,202,0.345,0.0,14.09
2026-09-11 14:16:00,28.62,45.29,333.41,198,0.45,0.0,14.09
2026-09-11 14:17:00,28.58,45.52,324.25,196,0.27,0.0,14.09
2026-09-11 14:18:00,28.54,45.6,336.08,196,0.33,0.0,14.09
2026-09-11 14:19:00,28.54,45.82,349.81,196,0.195,0.0,14.09
2026-09-11 14:20:00,28.56,45.63,376.9,179,0.18,0.0,14.09
2026-09-11 14:21:00,28.51,45.84,360.49,166,0.54,0.0,14.09
2026-09-11 14:22:00,28.38,46.1,398.64,48,0.525,0.0,14.09
2026-09-11 14:23:00,28.41,46.33,388.34,79,0.18,0.0,14.09
2026-09-11 14:24:00,28.45,46.49,379.57,79,0.165,0.0,14.09
2026-09-11 14:25:00,28.49,46.1,379.57,217,0.33,0.0,14.09
2026-09-11 14:26:00,28.56,45.97,405.89,185,0.315,0.0,14.09
2026-09-11 14:27:00,28.58,45.87,464.26,214,0.345,0.0,14.09
2026-09-11 14:28:00,28.65,46.11,453.57,236,0.195,0.0,14.09
2026-09-11 14:29:00,28.76,46.01,699.24,198,0.24,0.0,14.09
2026-09-11 14:30:00,28.87,45.87,365.07,193,0.495,0.0,14.09
2026-09-11 14:31:00,28.92,46.09,495.92,148,0.36,0.0,14.09
2026-09-11 14:32:00,28.92,45.31,323.49,177,0.42,0.0,14.09
2026-09-11 14:33:00,28.87,45.78,420.39,125,0.3,0.0,14.09
2026-09-11 14:34:00,28.82,45.96,489.05,206,0.525,0.0,14.09
2026-09-11 14:35:00,28.85,46.07,340.28,180,0.39,0.0,14.09
2026-09-11 14:36:00,28.86,45.92,324.64,117,0.585,0.0,14.09
2026-09-11 14:37:00,28.76,45.71,454.34,165,0.75,0.0,14.09
2026-09-11 14:38:00,28.68,45.87,305.56,215,0.585,0.0,14.09
2026-09-11 14:39:00,28.59,45.94,307.85,166,0.57,0.0,14.09
2026-09-11 14:40:00,28.36,46.23,348.29,159,0.735,0.0,14.09
2026-09-11 14:41:00,28.28,46.51,365.07,150,0.495,0.0,14.09
2026-09-11 14:42:00,28.24,46.6,441.75,202,0.525,0.0,14.09
2026-09-11 14:43:00,28.2,46.63,383.76,214,0.63,0.0,14.09
2026-09-11 14:44:00,28.2,46.52,432.21,139,0.42,0.0,14.09
2026-09-11 14:45:00,28.21,46.52,474.17,224,0.57,0.0,14.09
2026-09-11 14:46:00,28.25,46.43,404.36,182,0.495,0.0,14.09
2026-09-11 14:47:00,28.3,46.1,471.5,177,0.375,0.0,14.09
2026-09-11 14:48:00,28.34,45.91,505.46,173,0.36,0.0,14.09
2026-09-11 14:49:00,28.42,46.14,494.01,160,0.345,0.0,14.09
2026-09-11 14:50:00,28.48,46.35,506.6,160,0.405,0.0,14.09
2026-09-11 14:51:00,28.55,46.38,418.48,211,0.75,0.0,14.09
2026-09-11 14:52:00,28.68,46.09,414.28,180,0.405,0.0,14.09
2026-09-11 14:53:00,28.71,46.2,402.84,180,0.285,0.0,14.09
2026-09-11 14:54:00,28.69,46.11,403.6,180,0.435,0.0,14.09
2026-09-11 14:55:00,28.66,46.36,529.49,84,0.705,0.0,14.09
2026-09-11 14:56:00,28.72,46.29,521.86,173,0.33,0.0,14.09
2026-09-11 14:57:00,28.79,46.45,676.36,175,0.525,0.0,14.09
2026-09-11 14:58:00,28.89,45.92,730.53,186,0.69,0.0,14.09
2026-09-11 14:59:00,28.97,45.85,692.76,218,0.405,0.0,14.09
2026-09-11 15:00:00,29.16,45.89,673.69,245,0.345,0.0,14.09
2026-09-11 15:01:00,29.29,44.92,569.16,190,0.645,0.0,14.09
2026-09-11 15:02:00,29.34,44.93,785.46,92,0.54,0.0,14.09
2026-09-11 15:03:00,29.51,44.23,705.35,207,0.36,0.0,14.09
2026-09-11 15:04:00,29.6,44.56,804.53,209,0.495,0.0,14.09
2026-09-11 15:05:00,29.7,43.88,773.25,171,0.72,0.0,14.09
2026-09-11 15:06:00,29.65,43.82,742.73,208,0.99,0.0,14.09
2026-09-11 15:07:00,29.61,43.93,215.53,146,0.69,0.0,14.09
2026-09-11 15:08:00,29.38,44.21,302.51,199,0.69,0.0,14.09
2026-09-11 15:09:00,29.27,44.69,247.2,264,0.315,0.0,14.09
2026-09-11 15:10:00,29.16,45.15,508.89,253,0.465,0.0,14.09
2026-09-11 15:11:00,29.12,45.08,280.38,153,0.69,0.0,14.09
2026-09-11 15:12:00,28.97,45.16,300.22,208,0.645,0.0,14.09
2026-09-11 15:13:00,28.85,45.56,317.01,265,0.675,0.0,14.09
2026-09-11 15:14:00,28.69,45.43,629.82,169,0.525,0.0,14.09
2026-09-11 15:15:00,28.69,45.11,740.44,232,0.42,0.0,14.09
2026-09-11 15:16:00,28.85,44.9,640.88,151,0.495,0.0,14.09
2026-09-11 15:17:00,28.99,45.02,571.07,174,0.6,0.0,14.09
2026-09-11 15:18:00,29.09,44.39,701.15,180,0.6,0.0,14.09
2026-09-11 15:19:00,29.12,44.04,674.07,206,0.765,0.0,14.09
2026-09-11 15:20:00,29.17,44.23,653.85,226,0.735,0.0,14.09
2026-09-11 15:21:00,29.2,44.03,628.67,71,0.6,0.0,14.09
2026-09-11 15:22:00,29.34,43.88,618.75,180,0.645,0.0,14.09
2026-09-11 15:23:00,29.48,43.51,645.84,240,0.48,0.0,14.09
2026-09-11 15:24:00,29.55,43.22,347.14,98,0.72,0.0,14.09
2026-09-11 15:25:00,29.57,42.86,288.78,179,0.315,0.0,14.09
2026-09-11 15:26:00,29.48,43.05,288.4,158,0.465,0.0,14.09
2026-09-11 15:27:00,29.38,43.28,350.19,209,0.45,0.0,14.09
2026-09-11 15:28:00,29.33,43.5,329.21,209,0.36,0.0,14.09
2026-09-11 15:29:00,29.23,44.09,354.01,159,0.48,0.0,14.09
2026-09-11 15:30:00,29.2,44.38,359.35,221,0.405,0.0,14.09
2026-09-11 15:31:00,29.16,44.17,282.67,181,0.3,0.0,14.09
2026-09-11 15:32:00,29.1,44.34,271.23,282,0.435,0.0,14.09
2026-09-11 15:33:00,29.06,44.47,279.24,272,0.36,0.0,14.09
2026-09-11 15:34:00,28.96,44.82,293.74,150,0.435,0.0,14.09
2026-09-11 15:35:00,28.89,44.45,330.74,300,0.585,0.0,14.09
2026-09-11 15:36:00,28.81,44.62,495.92,151,0.375,0.0,14.09
2026-09-11 15:37:00,28.87,44.74,560.01,169,0.285,0.0,14.09
2026-09-11 15:38:00,28.87,44.97,554.67,278,0.825,0.0,14.09
2026-09-11 15:39:00,28.89,45.03,742.35,236,0.645,0.0,14.09
2026-09-11 15:40:00,29.05,44.73,717.94,184,0.645,0.0,14.09
2026-09-11 15:41:00,29.22,44.66,701.53,182,0.33,0.0,14.09
2026-09-11 15:42:00,29.4,44.28,617.99,197,0.585,0.0,14.09
2026-09-11 15:43:00,29.54,43.82,606.55,203,0.6,0.0,14.09
2026-09-11 15:44:00,29.61,43.3,648.51,222,0.555,0.0,14.09
2026-09-11 15:45:00,29.64,43.21,559.24,159,0.36,0.0,14.09
2026-09-11 15:46:00,29.73,43.14,548.18,134,0.66,0.0,14.09
2026-09-11 15:47:00,29.87,43.02,271.61,226,0.48,0.0,14.09
2026-09-11 15:48:00,29.92,43.11,207.52,195,0.57,0.0,14.09
2026-09-11 15:49:00,29.73,42.89,159.08,214,0.72,0.0,14.09
2026-09-11 15:50:00,29.37,43.47,154.12,180,0.795,0.0,14.09
2026-09-11 15:51:00,29.13,43.76,166.32,166,0.615,0.0,14.09
2026-09-11 15:52:00,28.79,44.56,175.86,180,0.81,0.0,14.09
2026-09-11 15:53:00,28.56,45.12,209.81,99,0.765,0.0,14.09
2026-09-11 15:54:00,28.46,45.63,498.97,141,0.525,0.0,14.09
2026-09-11 15:55:00,28.42,45.68,392.92,199,0.465,0.0,14.09
2026-09-11 15:56:00,28.45,45.82,624.48,96,0.54,0.0,14.09
2026-09-11 15:57:00,28.59,45.62,642.02,179,0.54,0.0,14.09
2026-09-11 15:58:00,28.75,45.51,466.54,168,0.375,0.0,14.09
2026-09-11 15:59:00,28.89,45.15,497.44,96,0.465,0.0,14.09
2026-09-11 16:00:00,29.02,44.67,409.7,197,0.405,0.0,14.09
2026-09-11 16:01:00,29.14,44.59,463.49,202,0.45,0.0,14.09
2026-09-11 16:02:00,29.27,44.4,456.24,186,0.405,0.0,14.09
2026-09-11 16:03:00,29.36,43.78,343.33,179,0.495,0.0,14.09
2026-09-11 16:04:00,29.38,43.98,536.74,123,0.3,0.0,14.09
2026-09-11 16:05:00,29.5,42.87,556.57,141,0.405,0.0,14.09
2026-09-11 16:06:00,29.51,43.03,527.58,159,0.69,0.0,14.09
2026-09-11 16:07:00,29.45,42.96,507.36,147,0.375,0.0,14.09
2026-09-11 16:08:00,29.41,42.8,364.31,96,0.555,0.0,14.09
2026-09-11 16:09:00,29.51,42.66,481.42,96,0.195,0.0,14.09
2026-09-11 16:10:00,29.55,42.7,322.73,281,0.51,0.0,14.09
2026-09-11 16:11:00,29.48,42.64,258.64,172,0.51,0.0,14.09
2026-09-11 16:12:00,29.47,42.68,224.69,179,0.255,0.0,14.09
2026-09-11 16:13:00,29.44,42.87,304.42,189,0.42,0.0,14.09
2026-09-11 16:14:00,29.43,42.36,299.84,186,0.465,0.0,14.09
2026-09-11 16:15:00,29.38,42.49,527.96,103,1.125,0.0,14.09
2026-09-11 16:16:00,29.36,42.5,512.7,162,0.69,0.0,14.09
2026-09-11 16:17:00,29.34,42.42,487.91,89,0.9,0.0,14.09
2026-09-11 16:18:00,29.29,42.49,435.26,60,1.2,0.0,14.09
2026-09-11 16:19:00,29.3,42.52,416.95,157,0.345,0.0,14.09
2026-09-11 16:20:00,29.26,42.21,392.16,201,0.705,0.0,14.09
2026-09-11 16:21:00,29.2,42.35,246.43,115,0.69,0.0,14.09
2026-09-11 16:22:00,29.05,42.12,340.66,65,1.335,0.0,14.09
2026-09-11 16:23:00,28.85,42.89,372.32,0,1.32,0.0,14.09
2026-09-11 16:24:00,28.69,43.45,449.0,113,0.78,0.0,14.09
2026-09-11 16:25:00,28.71,43.62,457.39,127,0.435,0.0,14.09
2026-09-11 16:26:00,28.78,43.67,472.65,191,0.405,0.0,14.09
2026-09-11 16:27:00,28.9,43.68,401.69,168,0.195,0.0,14.09
2026-09-11 16:28:00,29.07,42.94,344.09,211,0.24,0.0,14.09
2026-09-11 16:29:00,29.1,42.36,286.49,234,0.225,0.0,14.09
2026-09-11 16:30:00,29.12,42.43,215.53,210,0.33,0.0,14.09
2026-09-11 16:31:00,29.06,42.52,144.2,210,0.24,0.0,14.09
2026-09-11 16:32:00,28.97,42.73,132.75,178,0.3,0.0,14.09
2026-09-11 16:33:00,28.81,42.49,135.04,211,0.36,0.0,14.09
2026-09-11 16:34:00,28.68,42.83,147.25,196,0.465,0.0,14.09
2026-09-11 16:35:00,28.52,42.77,140.0,158,0.315,0.0,14.09
2026-09-11 16:36:00,28.49,42.76,156.02,120,0.105,0.0,14.09
2026-09-11 16:37:00,28.41,42.85,165.56,119,0.81,0.0,14.09
2026-09-11 16:38:00,28.27,43.36,173.57,96,0.375,0.0,14.09
2026-09-11 16:39:00,28.18,43.9,292.97,161,0.36,0.0,14.09
2026-09-11 16:40:00,28.2,44.14,440.99,161,0.18,0.0,14.09
2026-09-11 16:41:00,28.32,43.7,410.85,142,0.21,0.0,14.09
2026-09-11 16:42:00,28.48,43.2,357.82,161,0.18,0.0,14.09
2026-09-11 16:43:00,28.64,42.41,367.36,95,0.345,0.0,14.09
2026-09-11 16:44:00,28.68,42.34,316.62,110,0.525,0.0,14.09
2026-09-11 16:45:00,28.75,42.58,317.77,109,0.345,0.0,14.09
2026-09-11 16:46:00,28.81,42.04,364.31,166,0.33,0.0,14.09
2026-09-11 16:47:00,28.86,41.94,386.43,185,0.345,0.0,14.09
2026-09-11 16:48:00,28.97,42.06,360.49,109,0.3,0.0,14.09
2026-09-11 16:49:00,29.05,41.57,214.01,229,0.39,0.0,14.09
2026-09-11 16:50:00,29.02,41.5,228.5,86,0.615,0.0,14.09
2026-09-11 16:51:00,28.99,41.59,133.9,86,0.24,0.0,14.09
2026-09-11 16:52:00,28.87,41.75,192.26,333,0.315,0.0,14.09
2026-09-11 16:53:00,28.75,41.17,228.5,120,0.84,0.0,14.09
2026-09-11 16:54:00,28.65,41.59,250.25,102,0.405,0.0,14.09
2026-09-11 16:55:00,28.59,41.31,278.1,201,0.48,0.0,14.09
2026-09-11 16:56:00,28.55,41.17,219.35,156,0.45,0.0,14.09
2026-09-11 16:57:00,28.45,41.43,270.85,162,0.63,0.0,14.09
2026-09-11 16:58:00,28.39,41.57,180.06,217,0.735,0.0,14.09
2026-09-11 16:59:00,28.23,41.52,117.88,328,1.185,0.0,14.09
2026-09-11 17:00:00,28.11,42.11,109.86,41,0.36,0.0,13.91
2026-09-11 17:01:00,27.96,41.85,126.65,131,0.705,0.0,13.91
2026-09-11 17:02:00,27.81,41.78,175.48,224,1.035,0.0,14.09
2026-09-11 17:03:00,27.65,40.93,143.82,193,0.795,0.0,14.09
2026-09-11 17:04:00,27.49,41.17,139.62,193,0.33,0.0,14.09
2026-09-11 17:05:00,27.45,39.91,134.28,193,0.435,0.0,14.09
2026-09-11 17:06:00,27.36,39.64,142.67,184,0.54,0.0,14.09
2026-09-11 17:07:00,27.3,39.19,136.57,206,0.645,0.0,14.09
2026-09-11 17:08:00,27.26,39.01,128.56,205,0.54,0.0,14.09
2026-09-11 17:09:00,27.24,39.26,122.84,95,0.54,0.0,14.09
2026-09-11 17:10:00,27.15,39.3,117.49,95,0.225,0.0,14.09
2026-09-11 17:11:00,27.16,39.78,112.15,94,0.465,0.0,14.09
2026-09-11 17:12:00,27.14,39.86,107.58,94,0.33,0.0,13.91
2026-09-11 17:13:00,27.09,39.68,106.81,36,0.855,0.0,13.91
2026-09-11 17:14:00,27.02,39.6,106.81,174,0.75,0.0,13.83
2026-09-11 17:15:00,26.95,40.04,108.72,182,0.465,0.0,13.83
2026-09-11 17:16:00,26.95,40.23,112.15,356,0.36,0.0,13.83
2026-09-11 17:17:00,26.94,40.2,114.44,211,0.39,0.0,13.79
2026-09-11 17:18:00,26.96,40.48,114.44,180,0.255,0.0,13.83
2026-09-11 17:19:00,26.92,40.09,113.68,315,0.6,0.0,13.91
2026-09-11 17:20:00,26.88,40.31,112.54,185,0.585,0.0,14.09
2026-09-11 17:21:00,26.82,40.05,111.01,214,0.465,0.0,14.09
2026-09-11 17:22:00,26.79,40.06,103.38,154,0.375,0.0,14.09
2026-09-11 17:23:00,26.75,40.25,101.47,123,0.315,0.0,14.09
2026-09-11 17:24:00,26.75,40.32,97.66,123,0.24,0.0,14.09
2026-09-11 17:25:00,26.73,40.6,94.61,201,0.33,0.0,14.09
2026-09-11 17:26:00,26.71,40.42,96.89,190,0.405,0.0,14.09
2026-09-11 17:27:00,26.71,40.54,94.22,31,0.21,0.0,14.09
2026-09-11 17:28:00,26.71,40.45,98.8,195,0.225,0.0,14.09
2026-09-11 17:29:00,26.71,40.35,108.72,184,0.36,0.0,14.09
2026-09-11 17:30:00,26.74,40.34,117.11,137,0.51,0.0,14.09
2026-09-11 17:31:00,26.77,40.4,117.88,218,0.33,0.0,14.09
2026-09-11 17:32:00,26.77,40.48,115.97,217,0.315,0.0,14.09
2026-09-11 17:33:00,26.77,40.65,116.35,189,0.285,0.0,14.09
2026-09-11 17:34:00,26.78,40.52,115.21,216,0.42,0.0,14.09
2026-09-11 17:35:00,26.74,40.42,114.82,137,0.525,0.0,14.09
2026-09-11 17:36:00,26.74,40.38,106.81,137,0.555,0.0,14.09
2026-09-11 17:37:00,26.73,40.33,100.71,121,0.87,0.0,14.09
2026-09-11 17:38:00,26.73,40.59,95.37,184,0.225,0.0,14.09
2026-09-11 17:39:00,26.68,40.7,90.41,236,0.345,0.0,14.09
2026-09-11 17:40:00,26.7,40.93,86.98,80,0.24,0.0,13.91
2026-09-11 17:41:00,26.73,40.85,85.83,113,0.33,0.0,13.83
2026-09-11 17:42:00,26.71,41.27,84.31,182,0.495,0.0,13.83
2026-09-11 17:43:00,26.7,41.21,83.16,146,0.18,0.0,13.79
2026-09-11 17:44:00,26.65,41.28,81.64,157,0.375,0.0,13.79
2026-09-11 17:45:00,26.63,41.27,79.73,256,0.48,0.0,13.79
2026-09-11 17:46:00,26.6,41.32,76.68,115,0.405,0.0,13.79
2026-09-11 17:47:00,26.51,40.96,74.39,160,0.6,0.0,13.79
2026-09-11 17:48:00,26.47,41.15,72.1,155,0.42,0.0,13.79
2026-09-11 17:49:00,26.48,41.17,70.57,155,0.21,0.0,13.79
2026-09-11 17:50:00,26.44,41.18,69.43,157,0.285,0.0,13.79
2026-09-11 17:51:00,26.4,41.4,68.67,147,0.315,0.0,13.64
2026-09-11 17:52:00,26.36,41.44,67.14,186,0.39,0.0,13.64
2026-09-11 17:53:00,26.33,41.5,65.23,186,0.42,0.0,13.64
2026-09-11 17:54:00,26.33,41.6,62.94,177,0.165,0.0,13.61
2026-09-11 17:55:00,26.28,41.84,61.42,187,0.375,0.0,13.61
2026-09-11 17:56:00,26.28,41.9,59.51,187,0.195,0.0,13.61
2026-09-11 17:57:00,26.3,42.07,57.98,183,0.195,0.0,13.57
2026-09-11 17:58:00,26.3,42.15,56.08,193,0.165,0.0,13.53
2026-09-11 17:59:00,26.27,41.95,53.79,212,0.315,0.0,13.53
2026-09-11 18:00:00,26.2,42.07,50.74,193,0.18,0.0,13.53
2026-09-11 18:01:00,26.19,42.03,47.68,213,0.24,0.0,13.46
2026-09-11 18:02:00,26.15,41.86,44.63,147,0.33,0.0,13.46
2026-09-11 18:03:00,26.13,41.97,42.34,182,0.27,0.0,13.46
2026-09-11 18:04:00,26.03,41.82,40.44,182,0.255,0.0,13.46
2026-09-11 18:05:00,26.03,42.1,38.15,230,0.315,0.0,13.46
2026-09-11 18:06:00,26.01,42.02,36.24,285,0.225,0.0,13.16
2026-09-11 18:07:00,25.96,42.07,33.19,66,0.465,0.0,13.16
2026-09-11 18:08:00,25.92,42.09,30.14,76,0.21,0.0,13.16
2026-09-11 18:09:00,25.92,42.22,27.08,76,0.135,0.0,13.16
2026-09-11 18:10:00,25.86,42.37,24.8,118,0.12,0.0,13.16
2026-09-11 18:11:00,25.82,42.63,22.51,143,0.15,0.0,13.16
2026-09-11 18:12:00,25.78,42.69,20.6,189,0.165,0.0,13.16
2026-09-11 18:13:00,25.73,42.94,18.69,189,0.045,0.0,13.16
2026-09-11 18:14:00,25.68,43.23,16.78,158,0.18,0.0,13.16
2026-09-11 18:15:00,25.66,43.39,14.88,158,0.135,0.0,13.16
2026-09-11 18:16:00,25.65,43.63,13.73,158,0.03,0.0,13.16
2026-09-11 18:17:00,25.61,43.78,12.59,167,0.195,0.0,13.16
2026-09-11 18:18:00,25.58,44.01,11.44,167,0.12,0.0,13.16
2026-09-11 18:19:00,25.53,44.19,11.44,167,0.075,0.0,13.16
2026-09-11 18:20:00,25.5,44.43,11.44,167,0.015,0.0,13.16
2026-09-11 18:21:00,25.49,44.86,11.44,157,0.165,0.0,13.16
2026-09-11 18:22:00,25.45,45.12,11.44,157,0.15,0.0,13.16
2026-09-11 18:23:00,25.42,45.62,11.06,174,0.195,0.0,13.16
2026-09-11 18:24:00,25.38,45.85,10.3,174,0.195,0.0,13.16
2026-09-11 18:25:00,25.31,46.13,9.54,174,0.12,0.0,13.12
2026-09-11 18:26:00,25.29,46.15,8.39,174,0.12,0.0,13.12
2026-09-11 18:27:00,25.25,46.35,8.01,174,0.075,0.0,13.12
2026-09-11 18:28:00,25.24,46.79,7.63,174,0.225,0.0,13.08
2026-09-11 18:29:00,25.21,46.85,6.87,174,0.045,0.0,13.08
2026-09-11 18:30:00,25.17,47.22,6.1,174,0.105,0.0,13.08
2026-09-11 18:31:00,25.14,47.63,5.72,194,0.405,0.0,13.04
2026-09-11 18:32:00,25.05,47.96,4.96,216,0.555,0.0,13.04
2026-09-11 18:33:00,25.0,48.18,4.58,171,0.27,0.0,13.04
2026-09-11 18:34:00,24.91,48.52,4.2,171,0.345,0.0,13.04
2026-09-11 18:35:00,24.88,48.76,3.81,171,0.135,0.0,13.04
2026-09-11 18:36:00,24.84,49.02,3.81,171,0.105,0.0,13.04
2026-09-11 18:37:00,24.83,48.94,3.43,157,0.225,0.0,13.04
2026-09-11 18:38:00,24.8,49.02,2.67,183,0.3,0.0,13.04
2026-09-11 18:39:00,24.77,48.99,2.67,143,0.345,0.0,13.04
2026-09-11 18:40:00,24.73,48.88,2.29,143,0.075,0.0,13.04
2026-09-11 18:41:00,24.7,49.15,2.29,143,0.015,0.0,13.04
2026-09-11 18:42:00,24.69,49.25,1.53,143,0.015,0.0,13.04
2026-09-11 18:43:00,24.7,49.46,1.91,143,0.0,0.0,13.04
2026-09-11 18:44:00,24.69,49.46,1.53,143,0.135,0.0,13.04
2026-09-11 18:45:00,24.67,49.67,1.14,143,0.045,0.0,13.04
2026-09-11 18:46:00,24.66,49.74,0.76,143,0.03,0.0,13.04
2026-09-11 18:47:00,24.63,49.86,0.76,143,0.03,0.0,13.04
2026-09-11 18:48:00,24.59,50.0,0.76,143,0.0,0.0,13.04
2026-09-11 18:49:00,24.6,50.18,0.76,143,0.075,0.0,13.04
2026-09-11 18:50:00,24.59,50.06,0.76,143,0.15,0.0,13.04
2026-09-11 18:51:00,24.51,49.72,0.0,143,0.135,0.0,13.04
2026-09-11 18:52:00,24.47,49.75,0.0,143,0.15,0.0,13.04
2026-09-11 18:53:00,24.46,49.88,0.0,143,0.075,0.0,13.04
2026-09-11 18:54:00,24.44,49.89,0.0,143,0.105,0.0,13.04
2026-09-11 18:55:00,24.42,49.93,0.0,143,0.105,0.0,13.04
2026-09-11 18:56:00,24.39,49.91,0.0,143,0.24,0.0,13.04
2026-09-11 18:57:00,24.38,50.08,0.0,143,0.075,0.0,13.04
2026-09-11 18:58:00,24.38,50.27,0.0,149,0.195,0.0,13.04
2026-09-11 18:59:00,24.38,50.13,0.0,149,0.15,0.0,13.04
2026-09-11 19:00:00,24.33,50.28,0.0,149,0.135,0.0,13.04
2026-09-11 19:01:00,24.35,50.41,0.0,149,0.015,0.0,13.04
2026-09-11 19:02:00,24.35,50.6,0.0,149,0.135,0.0,13.04
2026-09-11 19:03:00,24.33,50.59,0.0,149,0.105,0.0,13.04
2026-09-11 19:04:00,24.33,50.72,0.0,149,0.18,0.0,13.04
2026-09-11 19:05:00,24.29,50.95,0.0,149,0.06,0.0,13.04
2026-09-11 19:06:00,24.3,50.98,0.0,149,0.225,0.0,13.04
2026-09-11 19:07:00,24.28,50.94,0.0,179,0.195,0.0,13.04
2026-09-11 19:08:00,24.23,51.04,0.0,179,0.075,0.0,13.04
2026-09-11 19:09:00,24.23,51.01,0.0,179,0.075,0.0,13.04
2026-09-11 19:10:00,24.22,51.19,0.0,179,0.045,0.0,13.04
2026-09-11 19:11:00,24.23,51.06,0.0,179,0.165,0.0,13.04
2026-09-11 19:12:00,24.25,51.23,0.0,179,0.135,0.0,13.04
2026-09-11 19:13:00,24.19,51.25,0.0,179,0.0,0.0,13.04
2026-09-11 19:14:00,24.18,51.32,0.0,80,0.27,0.0,13.04
2026-09-11 19:15:00,24.16,51.56,0.0,95,0.72,0.0,13.04
2026-09-11 19:16:00,24.13,51.7,0.0,103,0.195,0.0,13.04
2026-09-11 19:17:00,24.11,51.61,0.0,203,0.315,0.0,13.04
2026-09-11 19:18:00,24.09,51.56,0.0,203,0.045,0.0,13.04
2026-09-11 19:19:00,24.08,51.63,0.0,203,0.06,0.0,13.04
2026-09-11 19:20:00,24.08,51.78,0.0,200,0.105,0.0,13.04
2026-09-11 19:21:00,24.03,51.91,0.0,200,0.105,0.0,13.04
2026-09-11 19:22:00,24.03,52.1,0.0,200,0.27,0.0,13.04
2026-09-11 19:23:00,24.01,52.29,0.0,198,0.18,0.0,13.04
2026-09-11 19:24:00,23.98,52.36,0.0,210,0.15,0.0,13.04
2026-09-11 19:25:00,23.95,52.5,0.0,191,0.21,0.0,13.04
2026-09-11 19:26:00,23.95,52.6,0.0,182,0.3,0.0,13.04
2026-09-11 19:27:00,23.95,52.75,0.0,182,0.21,0.0,13.04
2026-09-11 19:28:00,23.89,52.84,0.0,118,0.15,0.0,13.04
2026-09-11 19:29:00,23.88,52.92,0.0,180,0.465,0.0,13.04
2026-09-11 19:30:00,23.87,52.92,0.0,183,0.24,0.0,13.04
2026-09-11 19:31:00,23.84,52.86,0.0,183,0.03,0.0,13.04
2026-09-11 19:32:00,23.81,52.85,0.0,177,0.21,0.0,13.04
2026-09-11 19:33:00,23.79,52.78,0.0,177,0.075,0.0,13.04
2026-09-11 19:34:00,23.81,52.84,0.0,202,0.24,0.0,13.04
2026-09-11 19:35:00,23.79,52.85,0.0,218,0.255,0.0,13.04
2026-09-11 19:36:00,23.78,52.92,0.0,213,0.12,0.0,13.04
2026-09-11 19:37:00,23.74,52.98,0.0,199,0.3,0.0,13.04
2026-09-11 19:38:00,23.75,53.02,0.0,226,0.315,0.0,13.04
2026-09-11 19:39:00,23.74,52.99,0.0,226,0.09,0.0,13.04
2026-09-11 19:40:00,23.71,53.02,0.0,226,0.15,0.0,13.04
2026-09-11 19:41:00,23.68,53.25,0.0,224,0.12,0.0,13.04
2026-09-11 19:42:00,23.68,53.36,0.0,171,0.24,0.0,13.04
2026-09-11 19:43:00,23.68,53.36,0.0,171,0.075,0.0,13.04
2026-09-11 19:44:00,23.64,53.41,0.0,187,0.315,0.0,13.04
2026-09-11 19:45:00,23.67,53.46,0.0,174,0.075,0.0,13.04
2026-09-11 19:46:00,23.64,53.57,0.0,170,0.225,0.0,13.04
2026-09-11 19:47:00,23.65,53.54,0.0,176,0.27,0.0,13.04
2026-09-11 19:48:00,23.64,53.56,0.0,126,0.3,0.0,13.04
2026-09-11 19:49:00,23.64,53.7,0.0,139,0.285,0.0,13.04
2026-09-11 19:50:00,23.64,53.68,0.0,186,0.345,0.0,13.04
2026-09-11 19:51:00,23.62,53.77,0.0,173,0.09,0.0,13.04
2026-09-11 19:52:00,23.58,53.76,0.0,228,0.255,0.0,13.04
2026-09-11 19:53:00,23.6,53.89,0.0,113,0.66,0.0,13.04
2026-09-11 19:54:00,23.55,53.97,0.0,142,0.525,0.0,13.04
2026-09-11 19:55:00,23.51,53.95,0.0,169,0.24,0.0,13.04
2026-09-11 19:56:00,23.5,53.97,0.0,73,0.18,0.0,13.04
2026-09-11 19:57:00,23.48,54.14,0.0,73,0.135,0.0,13.04
2026-09-11 19:58:00,23.45,54.27,0.0,73,0.195,0.0,13.04
2026-09-11 19:59:00,23.45,54.38,0.0,73,0.165,0.0,13.04
2026-09-11 20:00:00,23.44,54.52,0.0,184,0.24,0.0,13.04
2026-09-11 20:01:00,23.42,54.6,0.0,216,0.225,0.0,13.04
2026-09-11 20:02:00,23.38,54.59,0.0,209,0.21,0.0,13.04
2026-09-11 20:03:00,23.36,54.58,0.0,64,0.24,0.0,13.04
2026-09-11 20:04:00,23.36,54.58,0.0,80,0.6,0.0,13.04
2026-09-11 20:05:00,23.33,54.64,0.0,224,0.24,0.0,13.04
2026-09-11 20:06:00,23.31,54.75,0.0,159,0.165,0.0,13.04
2026-09-11 20:07:00,23.26,54.83,0.0,180,0.21,0.0,13.04
2026-09-11 20:08:00,23.3,54.98,0.0,140,0.105,0.0,13.04
2026-09-11 20:09:00,23.27,55.04,0.0,91,0.165,0.0,13.04
2026-09-11 20:10:00,23.29,55.09,0.0,103,0.27,0.0,13.04
2026-09-11 20:11:00,23.24,55.21,0.0,93,0.165,0.0,13.04
2026-09-11 20:12:00,23.27,54.94,0.0,146,0.225,0.0,13.04
2026-09-11 20:13:00,23.26,55.0,0.0,127,0.105,0.0,13.04
2026-09-11 20:14:00,23.26,55.03,0.0,127,0.09,0.0,13.04
2026-09-11 20:15:00,23.26,55.04,0.0,116,0.27,0.0,13.04
2026-09-11 20:16:00,23.21,55.1,0.0,116,0.12,0.0,13.04
2026-09-11 20:17:00,23.24,55.12,0.0,116,0.075,0.0,13.04
2026-09-11 20:18:00,23.17,55.29,0.0,61,0.24,0.0,13.04
2026-09-11 20:19:00,23.17,55.41,0.0,119,0.3,0.0,13.04
2026-09-11 20:20:00,23.19,55.43,0.0,84,0.36,0.0,13.04
2026-09-11 20:21:00,23.14,55.45,0.0,68,0.39,0.0,13.04
2026-09-11 20:22:00,23.11,55.5,0.0,98,0.285,0.0,13.04
2026-09-11 20:23:00,23.1,55.42,0.0,140,0.195,0.0,13.04
2026-09-11 20:24:00,23.1,55.48,0.0,140,0.015,0.0,13.04
2026-09-11 20:25:00,23.1,55.52,0.0,140,0.03,0.0,13.04
2026-09-11 20:26:00,23.1,55.68,0.0,83,0.33,0.0,13.04
2026-09-11 20:27:00,23.07,55.86,0.0,83,0.105,0.0,13.04
2026-09-11 20:28:00,23.04,55.88,0.0,90,0.405,0.0,13.04
2026-09-11 20:29:00,23.04,55.84,0.0,106,0.48,0.0,13.04
2026-09-11 20:30:00,23.04,55.83,0.0,106,0.105,0.0,13.04
2026-09-11 20:31:00,23.03,56.0,0.0,106,0.03,0.0,13.04
2026-09-11 20:32:00,23.04,56.11,0.0,74,0.36,0.0,13.04
2026-09-11 20:33:00,23.03,56.24,0.0,74,0.255,0.0,13.04
2026-09-11 20:34:00,22.97,56.29,0.0,152,0.225,0.0,13.04
2026-09-11 20:35:00,22.99,56.31,0.0,152,0.045,0.0,13.04
2026-09-11 20:36:00,22.94,56.4,0.0,109,0.12,0.0,13.04
2026-09-11 20:37:00,22.93,56.38,0.0,109,0.195,0.0,13.04
2026-09-11 20:38:00,22.9,56.45,0.0,109,0.075,0.0,13.04
2026-09-11 20:39:00,22.92,56.53,0.0,109,0.045,0.0,13.04
2026-09-11 20:40:00,22.92,56.62,0.0,109,0.0,0.0,13.04
2026-09-11 20:41:00,22.93,56.59,0.0,80,0.06,0.0,13.04
2026-09-11 20:42:00,22.89,56.69,0.0,10,0.255,0.0,13.04
2026-09-11 20:43:00,22.93,56.6,0.0,103,0.135,0.0,13.04
2026-09-11 20:44:00,22.9,56.6,0.0,103,0.075,0.0,13.04
2026-09-11 20:45:00,22.92,56.77,0.0,103,0.015,0.0,13.04
2026-09-11 20:46:00,22.9,56.84,0.0,103,0.0,0.0,13.04
2026-09-11 20:47:00,22.9,56.88,0.0,103,0.0,0.0,13.04
2026-09-11 20:48:00,22.9,56.86,0.0,103,0.0,0.0,13.04
2026-09-11 20:49:00,22.87,56.97,0.0,103,0.0,0.0,13.04
2026-09-11 20:50:00,22.89,57.03,0.0,103,0.075,0.0,13.04
2026-09-11 20:51:00,22.86,57.11,0.0,103,0.195,0.0,13.04
2026-09-11 20:52:00,22.85,57.18,0.0,103,0.045,0.0,13.04
2026-09-11 20:53:00,22.83,57.22,0.0,103,0.03,0.0,13.04
2026-09-11 20:54:00,22.82,57.22,0.0,103,0.03,0.0,13.04
2026-09-11 20:55:00,22.83,57.39,0.0,103,0.3,0.0,13.04
2026-09-11 20:56:00,22.82,57.3,0.0,103,0.0,0.0,13.04
2026-09-11 20:57:00,22.83,57.37,0.0,103,0.045,0.0,13.04
2026-09-11 20:58:00,22.83,57.29,0.0,103,0.09,0.0,13.04
2026-09-11 20:59:00,22.82,57.46,0.0,103,0.03,0.0,13.04
2026-09-11 21:00:00,22.8,57.53,0.0,103,0.015,0.0,13.04
2026-09-11 21:01:00,22.79,57.65,0.0,103,0.435,0.0,13.04
2026-09-11 21:02:00,22.78,57.82,0.0,103,0.285,0.0,13.04
2026-09-11 21:03:00,22.72,57.88,0.0,104,0.105,0.0,13.04
2026-09-11 21:04:00,22.7,57.91,0.0,75,0.495,0.0,13.04
2026-09-11 21:05:00,22.66,57.97,0.0,75,0.045,0.0,13.04
2026-09-11 21:06:00,22.63,58.12,0.0,75,0.03,0.0,13.04
2026-09-11 21:07:00,22.61,58.17,0.0,75,0.015,0.0,13.04
2026-09-11 21:08:00,22.61,58.27,0.0,75,0.015,0.0,13.04
2026-09-11 21:09:00,22.62,58.35,0.0,83,0.09,0.0,13.04
2026-09-11 21:10:00,22.61,58.34,0.0,52,0.495,0.0,13.04
2026-09-11 21:11:00,22.58,58.45,0.0,69,0.21,0.0,13.04
2026-09-11 21:12:00,22.55,58.7,0.0,54,0.375,0.0,13.04
2026-09-11 21:13:00,22.51,58.7,0.0,95,0.165,0.0,13.04
2026-09-11 21:14:00,22.51,58.9,0.0,42,0.225,0.0,13.04
2026-09-11 21:15:00,22.49,58.91,0.0,57,0.42,0.0,13.04
2026-09-11 21:16:00,22.42,59.05,0.0,57,0.15,0.0,13.04
2026-09-11 21:17:00,22.41,59.06,0.0,56,0.075,0.0,13.04
2026-09-11 21:18:00,22.39,59.03,0.0,56,0.045,0.0,13.04
2026-09-11 21:19:00,22.38,59.26,0.0,56,0.015,0.0,13.04
2026-09-11 21:20:00,22.38,59.33,0.0,74,0.255,0.0,13.04
2026-09-11 21:21:00,22.35,59.53,0.0,105,0.615,0.0,13.04
2026-09-11 21:22:00,22.32,59.6,0.0,65,0.33,0.0,13.04
2026-09-11 21:23:00,22.29,59.73,0.0,92,0.06,0.0,13.04
2026-09-11 21:24:00,22.29,59.8,0.0,92,0.075,0.0,13.04
2026-09-11 21:25:00,22.25,59.78,0.0,92,0.06,0.0,13.04
2026-09-11 21:26:00,22.22,60.03,0.0,92,0.375,0.0,13.04
2026-09-11 21:27:00,22.24,60.1,0.0,92,0.015,0.0,13.04
2026-09-11 21:28:00,22.24,60.17,0.0,92,0.225,0.0,13.04
2026-09-11 21:29:00,22.21,60.15,0.0,92,0.045,0.0,13.04
2026-09-11 21:30:00,22.2,60.06,0.0,92,0.015,0.0,13.04
2026-09-11 21:31:00,22.2,60.19,0.0,92,0.045,0.0,13.04
2026-09-11 21:32:00,22.18,60.23,0.0,92,0.06,0.0,13.04
2026-09-11 21:33:00,22.17,60.32,0.0,92,0.225,0.0,13.04
2026-09-11 21:34:00,22.15,60.34,0.0,92,0.105,0.0,13.04
2026-09-11 21:35:00,22.12,60.47,0.0,60,0.45,0.0,13.04
2026-09-11 21:36:00,22.1,60.6,0.0,60,0.0,0.0,13.04
2026-09-11 21:37:00,22.08,60.6,0.0,60,0.12,0.0,13.01
2026-09-11 21:38:00,22.1,60.64,0.0,60,0.09,0.0,13.04
2026-09-11 21:39:00,22.08,60.66,0.0,60,0.045,0.0,13.04
2026-09-11 21:40:00,22.05,60.66,0.0,60,0.03,0.0,13.01
2026-09-11 21:41:00,22.0,60.78,0.0,60,0.105,0.0,13.01
2026-09-11 21:42:00,22.01,60.9,0.0,78,0.225,0.0,13.01
2026-09-11 21:43:00,21.97,60.91,0.0,78,0.045,0.0,13.01
2026-09-11 21:44:00,21.95,60.95,0.0,63,0.255,0.0,13.04
2026-09-11 21:45:00,21.94,60.96,0.0,63,0.0,0.0,13.04
2026-09-11 21:46:00,21.94,61.05,0.0,63,0.0,0.0,13.01
2026-09-11 21:47:00,21.97,61.05,0.0,107,0.105,0.0,13.04
2026-09-11 21:48:00,21.94,61.08,0.0,107,0.0,0.0,13.01
2026-09-11 21:49:00,21.97,61.24,0.0,107,0.045,0.0,13.01
2026-09-11 21:50:00,21.94,61.26,0.0,107,0.045,0.0,12.97
2026-09-11 21:51:00,21.92,61.27,0.0,107,0.03,0.0,12.97
2026-09-11 21:52:00,21.92,61.39,0.0,66,0.24,0.0,13.01
2026-09-11 21:53:00,21.9,61.52,0.0,68,0.15,0.0,13.01
2026-09-11 21:54:00,21.9,61.61,0.0,68,0.105,0.0,13.01
2026-09-11 21:55:00,21.9,61.69,0.0,68,0.225,0.0,13.01
2026-09-11 21:56:00,21.84,61.87,0.0,68,0.375,0.0,13.01
2026-09-11 21:57:00,21.85,62.11,0.0,67,0.27,0.0,13.01
2026-09-11 21:58:00,21.76,62.41,0.0,83,0.735,0.0,13.01
2026-09-11 21:59:00,21.73,62.67,0.0,68,0.42,0.0,13.01
2026-09-11 22:00:00,21.67,62.93,0.0,99,0.27,0.0,13.01
2026-09-11 22:01:00,21.63,63.1,0.0,99,0.135,0.0,13.01
2026-09-11 22:02:00,21.6,63.22,0.0,99,0.045,0.0,12.97
2026-09-11 22:03:00,21.61,63.34,0.0,99,0.03,0.0,12.97
2026-09-11 22:04:00,21.6,63.45,0.0,99,0.0,0.0,13.01
2026-09-11 22:05:00,21.63,63.51,0.0,99,0.015,0.0,12.97
2026-09-11 22:06:00,21.61,63.7,0.0,99,0.18,0.0,12.97
2026-09-11 22:07:00,21.61,63.8,0.0,99,0.03,0.0,12.97
2026-09-11 22:08:00,21.64,64.02,0.0,99,0.09,0.0,13.01
2026-09-11 22:09:00,21.63,64.13,0.0,67,0.18,0.0,12.97
2026-09-11 22:10:00,21.64,64.28,0.0,67,0.15,0.0,12.97
2026-09-11 22:11:00,21.67,64.38,0.0,67,0.06,0.0,12.97
2026-09-11 22:12:00,21.67,64.63,0.0,67,0.135,0.0,12.97
2026-09-11 22:13:00,21.67,64.68,0.0,67,0.03,0.0,12.97
2026-09-11 22:14:00,21.67,64.82,0.0,67,0.135,0.0,12.97
2026-09-11 22:15:00,21.64,65.08,0.0,67,0.03,0.0,12.97
2026-09-11 22:16:00,21.61,65.3,0.0,67,0.15,0.0,12.97
2026-09-11 22:17:00,21.54,65.49,0.0,67,0.045,0.0,12.97
2026-09-11 22:18:00,21.56,65.51,0.0,67,0.015,0.0,12.97
2026-09-11 22:19:00,21.56,65.6,0.0,67,0.0,0.0,12.97
2026-09-11 22:20:00,21.54,65.79,0.0,67,0.015,0.0,12.97
2026-09-11 22:21:00,21.53,65.92,0.0,67,0.12,0.0,12.97
2026-09-11 22:22:00,21.53,66.03,0.0,67,0.21,0.0,12.97
2026-09-11 22:23:00,21.53,66.23,0.0,67,0.15,0.0,12.97
2026-09-11 22:24:00,21.52,66.28,0.0,67,0.03,0.0,12.97
2026-09-11 22:25:00,21.53,66.31,0.0,67,0.015,0.0,12.97
2026-09-11 22:26:00,21.47,66.38,0.0,67,0.195,0.0,12.97
2026-09-11 22:27:00,21.49,66.53,0.0,67,0.33,0.0,12.97
2026-09-11 22:28:00,21.44,66.41,0.0,67,0.015,0.0,12.97
2026-09-11 22:29:00,21.43,66.47,0.0,67,0.0,0.0,12.97
2026-09-11 22:30:00,21.39,66.54,0.0,67,0.0,0.0,12.97
2026-09-11 22:31:00,21.37,66.55,0.0,67,0.0,0.0,12.97
2026-09-11 22:32:00,21.34,66.63,0.0,67,0.0,0.0,12.97
2026-09-11 22:33:00,21.34,66.86,0.0,67,0.075,0.0,12.97
2026-09-11 22:34:00,21.32,66.95,0.0,67,0.015,0.0,12.97
2026-09-11 22:35:00,21.32,66.96,0.0,67,0.0,0.0,12.97
2026-09-11 22:36:00,21.27,66.92,0.0,67,0.0,0.0,12.97
2026-09-11 22:37:00,21.26,67.14,0.0,67,0.03,0.0,12.97
2026-09-11 22:38:00,21.25,67.1,0.0,67,0.15,0.0,12.97
2026-09-11 22:39:00,21.26,67.33,0.0,67,0.24,0.0,12.97
2026-09-11 22:40:00,21.23,67.43,0.0,67,0.18,0.0,12.93
2026-09-11 22:41:00,21.22,67.78,0.0,67,0.09,0.0,12.97
2026-09-11 22:42:00,21.23,67.56,0.0,67,0.015,0.0,12.93
2026-09-11 22:43:00,21.21,67.47,0.0,67,0.0,0.0,12.97
2026-09-11 22:44:00,21.22,67.21,0.0,67,0.09,0.0,12.97
2026-09-11 22:45:00,21.19,67.12,0.0,67,0.045,0.0,12.97
2026-09-11 22:46:00,21.18,67.26,0.0,67,0.045,0.0,12.97
2026-09-11 22:47:00,21.18,67.44,0.0,67,0.06,0.0,12.97
2026-09-11 22:48:00,21.18,67.34,0.0,67,0.0,0.0,12.93
2026-09-11 22:49:00,21.16,67.27,0.0,67,0.0,0.0,12.97
2026-09-11 22:50:00,21.13,67.29,0.0,67,0.0,0.0,12.97
2026-09-11 22:51:00,21.11,67.37,0.0,67,0.03,0.0,12.93
2026-09-11 22:52:00,21.06,67.51,0.0,67,0.015,0.0,12.93
2026-09-11 22:53:00,21.08,67.66,0.0,67,0.0,0.0,12.93
2026-09-11 22:54:00,21.06,67.71,0.0,67,0.0,0.0,12.93
2026-09-11 22:55:00,21.06,67.86,0.0,67,0.0,0.0,12.97
2026-09-11 22:56:00,21.09,68.07,0.0,67,0.225,0.0,12.93
2026-09-11 22:57:00,21.02,67.95,0.0,67,0.225,0.0,12.93
2026-09-11 22:58:00,21.02,67.96,0.0,67,0.06,0.0,12.93
2026-09-11 22:59:00,20.99,68.11,0.0,67,0.045,0.0,12.93
2026-09-11 23:00:00,21.02,68.27,0.0,67,0.06,0.0,12.93
2026-09-11 23:01:00,21.05,68.48,0.0,67,0.165,0.0,12.93
2026-09-11 23:02:00,21.06,68.48,0.0,67,0.225,0.0,12.93
2026-09-11 23:03:00,21.06,68.38,0.0,67,0.0,0.0,12.93
2026-09-11 23:04:00,21.06,68.45,0.0,67,0.0,0.0,12.93
2026-09-11 23:05:00,21.08,68.35,0.0,67,0.09,0.0,12.93
2026-09-11 23:06:00,21.11,68.54,0.0,67,0.345,0.0,12.93
2026-09-11 23:07:00,21.09,68.39,0.0,67,0.015,0.0,12.93
2026-09-11 23:08:00,21.08,68.3,0.0,67,0.0,0.0,12.93
2026-09-11 23:09:00,21.11,68.18,0.0,67,0.015,0.0,12.93
2026-09-11 23:10:00,21.11,67.95,0.0,67,0.03,0.0,12.93
2026-09-11 23:11:00,21.11,67.99,0.0,67,0.03,0.0,12.93
2026-09-11 23:12:00,21.15,68.08,0.0,67,0.045,0.0,12.93
2026-09-11 23:13:00,21.12,68.11,0.0,67,0.27,0.0,12.93
2026-09-11 23:14:00,21.12,68.18,0.0,67,0.09,0.0,12.93
2026-09-11 23:15:00,21.08,68.42,0.0,67,0.15,0.0,12.93
2026-09-11 23:16:00,21.08,68.58,0.0,67,0.06,0.0,12.93
2026-09-11 23:17:00,21.05,68.79,0.0,67,0.0,0.0,12.93
2026-09-11 23:18:00,21.01,68.9,0.0,67,0.015,0.0,12.93
2026-09-11 23:19:00,20.99,69.05,0.0,67,0.015,0.0,12.93
2026-09-11 23:20:00,20.95,69.17,0.0,67,0.045,0.0,12.93
2026-09-11 23:21:00,20.98,69.32,0.0,67,0.195,0.0,12.93
2026-09-11 23:22:00,20.96,69.42,0.0,67,0.06,0.0,12.93
2026-09-11 23:23:00,20.96,69.53,0.0,67,0.015,0.0,12.93
2026-09-11 23:24:00,20.92,69.47,0.0,67,0.075,0.0,12.93
2026-09-11 23:25:00,20.95,69.63,0.0,67,0.27,0.0,12.93
2026-09-11 23:26:00,20.86,69.73,0.0,67,0.255,0.0,12.93
2026-09-11 23:27:00,20.89,69.83,0.0,67,0.045,0.0,12.93
2026-09-11 23:28:00,20.86,69.77,0.0,67,0.015,0.0,12.93
2026-09-11 23:29:00,20.83,69.85,0.0,67,0.09,0.0,12.93
2026-09-11 23:30:00,20.82,69.94,0.0,67,0.015,0.0,12.93
2026-09-11 23:31:00,20.82,70.03,0.0,67,0.0,0.0,12.93
2026-09-11 23:32:00,20.82,70.05,0.0,67,0.0,0.0,12.93
2026-09-11 23:33:00,20.83,70.06,0.0,67,0.0,0.0,12.93
2026-09-11 23:34:00,20.82,70.22,0.0,67,0.0,0.0,12.93
2026-09-11 23:35:00,20.85,70.37,0.0,67,0.015,0.0,12.93
2026-09-11 23:36:00,20.85,70.47,0.0,67,0.03,0.0,12.93
2026-09-11 23:37:00,20.85,70.61,0.0,67,0.27,0.0,12.93
2026-09-11 23:38:00,20.85,70.63,0.0,67,0.105,0.0,12.93
2026-09-11 23:39:00,20.83,70.6,0.0,67,0.06,0.0,12.93
2026-09-11 23:40:00,20.81,70.55,0.0,67,0.0,0.0,12.93
2026-09-11 23:41:00,20.81,70.67,0.0,67,0.165,0.0,12.93
2026-09-11 23:42:00,20.75,70.89,0.0,67,0.21,0.0,12.93
2026-09-11 23:43:00,20.75,71.07,0.0,77,0.315,0.0,12.93
2026-09-11 23:44:00,20.76,71.28,0.0,72,0.27,0.0,12.93
2026-09-11 23:45:00,20.74,71.21,0.0,57,0.555,0.0,12.93
2026-09-11 23:46:00,20.7,71.42,0.0,74,0.48,0.0,12.93
2026-09-11 23:47:00,20.65,71.44,0.0,74,0.39,0.0,12.93
2026-09-11 23:48:00,20.61,71.66,0.0,74,0.15,0.0,12.93
2026-09-11 23:49:00,20.62,71.74,0.0,74,0.03,0.0,12.93
2026-09-11 23:50:00,20.61,71.64,0.0,96,0.105,0.0,12.93
2026-09-11 23:51:00,20.62,71.72,0.0,95,0.39,0.0,12.93
2026-09-11 23:52:00,20.58,71.56,0.0,68,0.315,0.0,12.93
2026-09-11 23:53:00,20.58,71.71,0.0,91,0.165,0.0,12.93
2026-09-11 23:54:00,20.55,71.65,0.0,91,0.15,0.0,12.93
2026-09-11 23:55:00,20.51,71.57,0.0,91,0.06,0.0,12.93
2026-09-11 23:56:00,20.55,71.34,0.0,91,0.015,0.0,12.93
2026-09-11 23:57:00,20.55,71.19,0.0,91,0.015,0.0,12.93
2026-09-11 23:58:00,20.58,71.01,0.0,91,0.015,0.0,12.93
2026-09-11 23:59:00,20.6,70.85,0.0,91,0.03,0.0,12.93
2026-09-12 00:00:00,20.62,70.75,0.0,91,0.03,0.0,12.93
2026-09-12 00:01:00,20.62,70.8,0.0,91,0.0,0.0,12.93
2026-09-12 00:02:00,20.64,70.88,0.0,91,0.075,0.0,12.93
2026-09-12 00:03:00,20.65,70.96,0.0,66,0.36,0.0,12.93
2026-09-12 00:04:00,20.64,71.14,0.0,66,0.285,0.0,12.93
2026-09-12 00:05:00,20.62,71.05,0.0,73,0.465,0.0,12.93
2026-09-12 00:06:00,20.62,70.89,0.0,73,0.24,0.0,12.93
2026-09-12 00:07:00,20.64,70.79,0.0,73,0.045,0.0,12.93
2026-09-12 00:08:00,20.64,70.76,0.0,73,0.03,0.0,12.93
2026-09-12 00:09:00,20.64,70.77,0.0,73,0.015,0.0,12.93
2026-09-12 00:10:00,20.68,70.73,0.0,73,0.0,0.0,12.93
2026-09-12 00:11:00,20.68,70.72,0.0,73,0.0,0.0,12.93
2026-09-12 00:12:00,20.71,70.71,0.0,73,0.0,0.0,12.93
2026-09-12 00:13:00,20.76,70.79,0.0,73,0.045,0.0,12.93
2026-09-12 00:14:00,20.75,70.76,0.0,73,0.015,0.0,12.93
2026-09-12 00:15:00,20.79,70.81,0.0,73,0.015,0.0,12.93
2026-09-12 00:16:00,20.82,70.81,0.0,73,0.015,0.0,12.93
2026-09-12 00:17:00,20.88,70.65,0.0,73,0.0,0.0,12.93
2026-09-12 00:18:00,20.85,70.57,0.0,73,0.03,0.0,12.93
2026-09-12 00:19:00,20.86,70.58,0.0,73,0.0,0.0,12.93
2026-09-12 00:20:00,20.86,70.59,0.0,73,0.075,0.0,12.93
2026-09-12 00:21:00,20.85,70.64,0.0,73,0.09,0.0,12.93
2026-09-12 00:22:00,20.85,70.69,0.0,73,0.09,0.0,12.93
2026-09-12 00:23:00,20.81,70.88,0.0,73,0.045,0.0,12.93
2026-09-12 00:24:00,20.79,71.06,0.0,73,0.0,0.0,12.93
2026-09-12 00:25:00,20.79,71.2,0.0,73,0.03,0.0,12.93
2026-09-12 00:26:00,20.78,71.21,0.0,73,0.03,0.0,12.93
2026-09-12 00:27:00,20.76,71.27,0.0,73,0.0,0.0,12.93
2026-09-12 00:28:00,20.74,71.15,0.0,73,0.18,0.0,12.93
2026-09-12 00:29:00,20.71,70.83,0.0,73,0.435,0.0,12.93
2026-09-12 00:30:00,20.65,70.91,0.0,73,0.345,0.0,12.93
2026-09-12 00:31:00,20.61,71.25,0.0,73,0.21,0.0,12.93
2026-09-12 00:32:00,20.58,71.45,0.0,64,0.255,0.0,12.93
2026-09-12 00:33:00,20.58,71.52,0.0,64,0.12,0.0,12.93
2026-09-12 00:34:00,20.55,71.6,0.0,64,0.045,0.0,12.93
2026-09-12 00:35:00,20.54,71.84,0.0,66,0.525,0.0,12.93
2026-09-12 00:36:00,20.52,72.01,0.0,82,0.555,0.0,12.93
2026-09-12 00:37:00,20.48,71.9,0.0,82,0.24,0.0,12.93
2026-09-12 00:38:00,20.47,71.91,0.0,82,0.225,0.0,12.93
2026-09-12 00:39:00,20.45,71.81,0.0,82,0.045,0.0,12.93
2026-09-12 00:40:00,20.45,71.8,0.0,82,0.015,0.0,12.93
2026-09-12 00:41:00,20.44,71.78,0.0,82,0.0,0.0,12.93
2026-09-12 00:42:00,20.44,71.77,0.0,82,0.0,0.0,12.93
2026-09-12 00:43:00,20.45,71.75,0.0,82,0.0,0.0,12.93
2026-09-12 00:44:00,20.45,71.68,0.0,82,0.0,0.0,12.93
2026-09-12 00:45:00,20.48,71.64,0.0,82,0.0,0.0,12.93
2026-09-12 00:46:00,20.5,71.88,0.0,82,0.075,0.0,12.93
2026-09-12 00:47:00,20.48,71.68,0.0,82,0.0,0.0,12.93
2026-09-12 00:48:00,20.5,71.64,0.0,82,0.015,0.0,12.93
2026-09-12 00:49:00,20.5,71.66,0.0,82,0.0,0.0,12.93
2026-09-12 00:50:00,20.54,71.5,0.0,82,0.0,0.0,12.93
2026-09-12 00:51:00,20.54,71.5,0.0,82,0.0,0.0,12.93
2026-09-12 00:52:00,20.52,71.34,0.0,82,0.0,0.0,12.93
2026-09-12 00:53:00,20.58,71.28,0.0,82,0.0,0.0,12.93
2026-09-12 00:54:00,20.56,71.07,0.0,82,0.03,0.0,12.93
2026-09-12 00:55:00,20.6,71.02,0.0,82,0.03,0.0,12.93
2026-09-12 00:56:00,20.62,71.02,0.0,82,0.015,0.0,12.93
2026-09-12 00:57:00,20.67,71.0,0.0,82,0.0,0.0,12.93
2026-09-12 00:58:00,20.67,70.32,0.0,82,0.09,0.0,12.93
2026-09-12 00:59:00,20.71,70.26,0.0,82,0.135,0.0,12.93
2026-09-12 01:00:00,20.74,70.61,0.0,82,0.0,0.0,12.93
2026-09-12 01:01:00,20.74,70.21,0.0,82,0.0,0.0,12.93
2026-09-12 01:02:00,20.76,70.33,0.0,82,0.0,0.0,12.93
2026-09-12 01:03:00,20.76,70.59,0.0,82,0.0,0.0,12.93
2026-09-12 01:04:00,20.78,70.48,0.0,82,0.0,0.0,12.93
2026-09-12 01:05:00,20.81,70.49,0.0,82,0.0,0.0,12.93
2026-09-12 01:06:00,20.81,69.37,0.0,82,0.015,0.0,12.93
2026-09-12 01:07:00,20.79,68.97,0.0,82,0.0,0.0,12.93
2026-09-12 01:08:00,20.81,69.0,0.0,82,0.0,0.0,12.93
2026-09-12 01:09:00,20.82,69.33,0.0,82,0.0,0.0,12.93
2026-09-12 01:10:00,20.82,69.66,0.0,82,0.015,0.0,12.93
2026-09-12 01:11:00,20.83,69.59,0.0,82,0.0,0.0,12.89
2026-09-12 01:12:00,20.83,69.78,0.0,82,0.0,0.0,12.93
2026-09-12 01:13:00,20.83,69.63,0.0,82,0.0,0.0,12.93
2026-09-12 01:14:00,20.83,69.53,0.0,82,0.0,0.0,12.93
2026-09-12 01:15:00,20.83,69.74,0.0,82,0.0,0.0,12.93
2026-09-12 01:16:00,20.82,69.83,0.0,82,0.0,0.0,12.93
2026-09-12 01:17:00,20.82,69.56,0.0,82,0.0,0.0,12.93
2026-09-12 01:18:00,20.82,69.86,0.0,82,0.0,0.0,12.93
2026-09-12 01:19:00,20.76,69.24,0.0,82,0.0,0.0,12.93
2026-09-12 01:20:00,20.78,69.71,0.0,82,0.0,0.0,12.93
2026-09-12 01:21:00,20.76,69.73,0.0,82,0.0,0.0,12.89
2026-09-12 01:22:00,20.74,69.94,0.0,82,0.0,0.0,12.93
2026-09-12 01:23:00,20.71,69.75,0.0,82,0.225,0.0,12.93
2026-09-12 01:24:00,20.64,70.03,0.0,82,0.195,0.0,12.93
2026-09-12 01:25:00,20.65,70.2,0.0,82,0.0,0.0,12.93
2026-09-12 01:26:00,20.61,70.17,0.0,82,0.105,0.0,12.93
2026-09-12 01:27:00,20.6,70.32,0.0,82,0.15,0.0,12.93
2026-09-12 01:28:00,20.6,70.5,0.0,82,0.195,0.0,12.93
2026-09-12 01:29:00,20.56,70.28,0.0,82,0.0,0.0,12.93
2026-09-12 01:30:00,20.58,70.3,0.0,82,0.06,0.0,12.93
2026-09-12 01:31:00,20.55,70.23,0.0,82,0.195,0.0,12.89
2026-09-12 01:32:00,20.5,70.34,0.0,82,0.18,0.0,12.93
2026-09-12 01:33:00,20.48,70.64,0.0,82,0.135,0.0,12.89
2026-09-12 01:34:00,20.45,70.79,0.0,82,0.06,0.0,12.89
2026-09-12 01:35:00,20.41,70.92,0.0,82,0.3,0.0,12.89
2026-09-12 01:36:00,20.4,71.05,0.0,82,0.105,0.0,12.89
2026-09-12 01:37:00,20.37,71.2,0.0,82,0.195,0.0,12.89
2026-09-12 01:38:00,20.35,71.59,0.0,82,0.24,0.0,12.89
2026-09-12 01:39:00,20.34,71.58,0.0,82,0.12,0.0,12.93
2026-09-12 01:40:00,20.33,71.7,0.0,82,0.0,0.0,12.89
2026-09-12 01:41:00,20.31,71.76,0.0,82,0.03,0.0,12.89
2026-09-12 01:42:00,20.3,71.86,0.0,82,0.015,0.0,12.89
2026-09-12 01:43:00,20.3,72.0,0.0,82,0.0,0.0,12.89
2026-09-12 01:44:00,20.28,71.98,0.0,82,0.015,0.0,12.89
2026-09-12 01:45:00,20.28,72.12,0.0,82,0.015,0.0,12.93
2026-09-12 01:46:00,20.27,72.21,0.0,82,0.015,0.0,12.89
2026-09-12 01:47:00,20.25,72.23,0.0,82,0.09,0.0,12.89
2026-09-12 01:48:00,20.27,72.42,0.0,82,0.0,0.0,12.89
2026-09-12 01:49:00,20.24,72.48,0.0,82,0.06,0.0,12.89
2026-09-12 01:50:00,20.23,72.63,0.0,73,0.285,0.0,12.89
2026-09-12 01:51:00,20.21,72.59,0.0,65,0.21,0.0,12.89
2026-09-12 01:52:00,20.2,72.65,0.0,65,0.0,0.0,12.89
2026-09-12 01:53:00,20.16,72.54,0.0,65,0.0,0.0,12.89
2026-09-12 01:54:00,20.12,72.5,0.0,65,0.0,0.0,12.89
2026-09-12 01:55:00,20.12,72.67,0.0,65,0.0,0.0,12.89
2026-09-12 01:56:00,20.1,72.73,0.0,65,0.0,0.0,12.89
2026-09-12 01:57:00,20.09,72.84,0.0,65,0.045,0.0,12.89
2026-09-12 01:58:00,20.09,72.81,0.0,65,0.03,0.0,12.89
2026-09-12 01:59:00,20.1,72.79,0.0,65,0.135,0.0,12.89
2026-09-12 02:00:00,20.1,72.75,0.0,65,0.18,0.0,12.89
2026-09-12 02:01:00,20.1,72.77,0.0,65,0.195,0.0,12.89
2026-09-12 02:02:00,20.12,72.85,0.0,65,0.06,0.0,12.89
2026-09-12 02:03:00,20.12,72.63,0.0,122,0.27,0.0,12.89
2026-09-12 02:04:00,20.12,72.97,0.0,122,0.375,0.0,12.89
2026-09-12 02:05:00,20.12,72.8,0.0,83,0.675,0.0,12.89
2026-09-12 02:06:00,20.07,73.04,0.0,76,0.51,0.0,12.89
2026-09-12 02:07:00,20.06,72.91,0.0,65,0.3,0.0,12.89
2026-09-12 02:08:00,20.02,72.94,0.0,65,0.03,0.0,12.89
2026-09-12 02:09:00,20.0,72.98,0.0,65,0.06,0.0,12.89
2026-09-12 02:10:00,19.99,72.99,0.0,97,0.39,0.0,12.89
2026-09-12 02:11:00,19.94,73.2,0.0,91,0.69,0.0,12.89
2026-09-12 02:12:00,19.89,73.38,0.0,91,0.405,0.0,12.89
2026-09-12 02:13:00,19.89,73.68,0.0,91,0.45,0.0,12.89
2026-09-12 02:14:00,19.86,73.96,0.0,79,0.48,0.0,12.89
2026-09-12 02:15:00,19.83,74.0,0.0,62,0.39,0.0,12.89
2026-09-12 02:16:00,19.8,74.18,0.0,62,0.27,0.0,12.89
2026-09-12 02:17:00,19.79,73.98,0.0,62,0.09,0.0,12.89
2026-09-12 02:18:00,19.79,73.97,0.0,62,0.0,0.0,12.89
2026-09-12 02:19:00,19.79,73.91,0.0,62,0.03,0.0,12.89
2026-09-12 02:20:00,19.8,73.81,0.0,62,0.09,0.0,12.89
2026-09-12 02:21:00,19.82,73.8,0.0,62,0.03,0.0,12.89
2026-09-12 02:22:00,19.82,73.87,0.0,83,0.36,0.0,12.89
2026-09-12 02:23:00,19.84,73.9,0.0,8,0.48,0.0,12.89
2026-09-12 02:24:00,19.86,73.94,0.0,8,0.15,0.0,12.89
2026-09-12 02:25:00,19.89,73.88,0.0,8,0.06,0.0,12.89
2026-09-12 02:26:00,19.92,73.72,0.0,18,0.18,0.0,12.89
2026-09-12 02:27:00,19.93,73.73,0.0,18,0.09,0.0,12.89
2026-09-12 02:28:00,19.94,73.68,0.0,12,0.195,0.0,12.89
2026-09-12 02:29:00,19.94,73.64,0.0,12,0.0,0.0,12.89
2026-09-12 02:30:00,20.0,73.61,0.0,12,0.03,0.0,12.89
2026-09-12 02:31:00,20.02,73.56,0.0,12,0.0,0.0,12.89
2026-09-12 02:32:00,20.02,73.51,0.0,12,0.015,0.0,12.89
2026-09-12 02:33:00,20.02,73.5,0.0,12,0.045,0.0,12.89
2026-09-12 02:34:00,20.06,73.47,0.0,12,0.045,0.0,12.89
2026-09-12 02:35:00,20.06,73.6,0.0,91,0.225,0.0,12.89
2026-09-12 02:36:00,20.04,73.56,0.0,76,0.27,0.0,12.89
2026-09-12 02:37:00,20.06,73.73,0.0,76,0.3,0.0,12.89
2026-09-12 02:38:00,20.04,73.55,0.0,76,0.06,0.0,12.89
2026-09-12 02:39:00,20.03,73.47,0.0,76,0.0,0.0,12.89
2026-09-12 02:40:00,20.0,73.43,0.0,76,0.09,0.0,12.89
2026-09-12 02:41:00,20.0,73.41,0.0,76,0.03,0.0,12.89
2026-09-12 02:42:00,19.96,73.42,0.0,76,0.03,0.0,12.89
2026-09-12 02:43:00,19.92,73.49,0.0,76,0.06,0.0,12.89
2026-09-12 02:44:00,19.89,73.63,0.0,76,0.0,0.0,12.89
2026-09-12 02:45:00,19.86,73.7,0.0,76,0.015,0.0,12.89
2026-09-12 02:46:00,19.83,73.91,0.0,76,0.03,0.0,12.89
2026-09-12 02:47:00,19.82,73.92,0.0,76,0.075,0.0,12.89
2026-09-12 02:48:00,19.74,73.91,0.0,76,0.015,0.0,12.89
2026-09-12 02:49:00,19.74,74.06,0.0,76,0.0,0.0,12.89
2026-09-12 02:50:00,19.72,74.21,0.0,76,0.015,0.0,12.89
2026-09-12 02:51:00,19.68,74.26,0.0,76,0.045,0.0,12.89
2026-09-12 02:52:00,19.68,74.33,0.0,76,0.0,0.0,12.89
2026-09-12 02:53:00,19.65,74.33,0.0,76,0.0,0.0,12.89
2026-09-12 02:54:00,19.65,74.45,0.0,76,0.09,0.0,12.89
2026-09-12 02:55:00,19.65,74.53,0.0,76,0.0,0.0,12.89
2026-09-12 02:56:00,19.65,74.69,0.0,76,0.015,0.0,12.89
2026-09-12 02:57:00,19.63,74.76,0.0,76,0.0,0.0,12.89
2026-09-12 02:58:00,19.59,74.77,0.0,76,0.0,0.0,12.89
2026-09-12 02:59:00,19.56,74.87,0.0,76,0.0,0.0,12.89
2026-09-12 03:00:00,19.58,74.88,0.0,76,0.0,0.0,12.89
2026-09-12 03:01:00,19.56,74.89,0.0,76,0.015,0.0,12.89
2026-09-12 03:02:00,19.58,74.89,0.0,76,0.105,0.0,12.89
2026-09-12 03:03:00,19.56,74.84,0.0,76,0.0,0.0,12.89
2026-09-12 03:04:00,19.58,74.88,0.0,76,0.0,0.0,12.89
2026-09-12 03:05:00,19.65,74.87,0.0,76,0.0,0.0,12.89
2026-09-12 03:06:00,19.63,74.51,0.0,76,0.105,0.0,12.89
2026-09-12 03:07:00,19.65,74.65,0.0,76,0.0,0.0,12.89
2026-09-12 03:08:00,19.66,74.66,0.0,76,0.0,0.0,12.89
2026-09-12 03:09:00,19.66,74.64,0.0,76,0.0,0.0,12.89
2026-09-12 03:10:00,19.66,74.73,0.0,76,0.0,0.0,12.89
2026-09-12 03:11:00,19.66,74.83,0.0,76,0.06,0.0,12.89
2026-09-12 03:12:00,19.65,75.05,0.0,76,0.225,0.0,12.89
2026-09-12 03:13:00,19.62,75.2,0.0,76,0.09,0.0,12.89
2026-09-12 03:14:00,19.58,75.3,0.0,76,0.03,0.0,12.89
2026-09-12 03:15:00,19.56,75.3,0.0,76,0.03,0.0,12.89
2026-09-12 03:16:00,19.53,75.19,0.0,76,0.09,0.0,12.89
2026-09-12 03:17:00,19.51,75.33,0.0,76,0.045,0.0,12.89
2026-09-12 03:18:00,19.49,75.32,0.0,76,0.0,0.0,12.89
2026-09-12 03:19:00,19.49,75.34,0.0,76,0.0,0.0,12.89
2026-09-12 03:20:00,19.48,75.36,0.0,76,0.0,0.0,12.89
2026-09-12 03:21:00,19.48,75.24,0.0,76,0.0,0.0,12.89
2026-09-12 03:22:00,19.49,75.39,0.0,76,0.0,0.0,12.89
2026-09-12 03:23:00,19.49,75.14,0.0,76,0.06,0.0,12.89
2026-09-12 03:24:00,19.48,75.02,0.0,76,0.0,0.0,12.89
2026-09-12 03:25:00,19.53,75.28,0.0,76,0.0,0.0,12.89
2026-09-12 03:26:00,19.52,75.25,0.0,76,0.0,0.0,12.89
2026-09-12 03:27:00,19.53,75.23,0.0,76,0.0,0.0,12.89
2026-09-12 03:28:00,19.55,75.22,0.0,76,0.0,0.0,12.89
2026-09-12 03:29:00,19.52,75.11,0.0,76,0.0,0.0,12.89
2026-09-12 03:30:00,19.51,75.07,0.0,76,0.0,0.0,12.89
2026-09-12 03:31:00,19.52,74.9,0.0,76,0.0,0.0,12.89
2026-09-12 03:32:00,19.49,74.81,0.0,76,0.0,0.0,12.89
2026-09-12 03:33:00,19.51,74.62,0.0,76,0.0,0.0,12.89
2026-09-12 03:34:00,19.49,74.45,0.0,76,0.0,0.0,12.89
2026-09-12 03:35:00,19.52,74.54,0.0,76,0.0,0.0,12.89
2026-09-12 03:36:00,19.51,74.67,0.0,76,0.015,0.0,12.89
2026-09-12 03:37:00,19.51,74.94,0.0,76,0.0,0.0,12.89
2026-09-12 03:38:00,19.52,74.99,0.0,76,0.0,0.0,12.89
2026-09-12 03:39:00,19.52,74.99,0.0,76,0.0,0.0,12.89
2026-09-12 03:40:00,19.51,75.01,0.0,76,0.0,0.0,12.89
2026-09-12 03:41:00,19.53,74.98,0.0,76,0.045,0.0,12.89
2026-09-12 03:42:00,19.53,74.8,0.0,76,0.015,0.0,12.89
2026-09-12 03:43:00,19.55,74.59,0.0,76,0.0,0.0,12.89
2026-09-12 03:44:00,19.52,74.54,0.0,76,0.0,0.0,12.89
2026-09-12 03:45:00,19.53,74.56,0.0,76,0.0,0.0,12.89
2026-09-12 03:46:00,19.49,74.73,0.0,67,0.075,0.0,12.89
2026-09-12 03:47:00,19.49,75.0,0.0,66,0.195,0.0,12.89
2026-09-12 03:48:00,19.45,75.0,0.0,57,0.075,0.0,12.89
2026-09-12 03:49:00,19.45,75.16,0.0,57,0.0,0.0,12.89
2026-09-12 03:50:00,19.44,75.12,0.0,57,0.0,0.0,12.89
2026-09-12 03:51:00,19.42,75.16,0.0,57,0.015,0.0,12.89
2026-09-12 03:52:00,19.42,75.17,0.0,57,0.045,0.0,12.89
2026-09-12 03:53:00,19.41,75.34,0.0,57,0.075,0.0,12.89
2026-09-12 03:54:00,19.38,75.47,0.0,57,0.015,0.0,12.89
2026-09-12 03:55:00,19.37,75.45,0.0,57,0.0,0.0,12.89
2026-09-12 03:56:00,19.38,75.45,0.0,57,0.0,0.0,12.89
2026-09-12 03:57:00,19.38,75.56,0.0,57,0.0,0.0,12.89
2026-09-12 03:58:00,19.41,75.56,0.0,57,0.0,0.0,12.89
2026-09-12 03:59:00,19.39,75.47,0.0,57,0.0,0.0,12.89
2026-09-12 04:00:00,19.39,75.5,0.0,57,0.03,0.0,12.89
2026-09-12 04:01:00,19.39,75.51,0.0,81,0.135,0.0,12.89
2026-09-12 04:02:00,19.38,75.64,0.0,81,0.03,0.0,12.89
2026-09-12 04:03:00,19.34,75.69,0.0,81,0.195,0.0,12.89
2026-09-12 04:04:00,19.34,75.79,0.0,81,0.03,0.0,12.89
2026-09-12 04:05:00,19.31,75.83,0.0,81,0.0,0.0,12.89
2026-09-12 04:06:00,19.32,75.87,0.0,81,0.0,0.0,12.89
2026-09-12 04:07:00,19.32,75.87,0.0,81,0.0,0.0,12.89
2026-09-12 04:08:00,19.32,75.88,0.0,81,0.0,0.0,12.89
2026-09-12 04:09:00,19.32,76.01,0.0,81,0.015,0.0,12.89
2026-09-12 04:10:00,19.32,76.03,0.0,81,0.0,0.0,12.89
2026-09-12 04:11:00,19.34,76.07,0.0,81,0.0,0.0,12.89
2026-09-12 04:12:00,19.34,76.12,0.0,81,0.075,0.0,12.89
2026-09-12 04:13:00,19.31,76.2,0.0,81,0.195,0.0,12.89
2026-09-12 04:14:00,19.32,76.37,0.0,81,0.255,0.0,12.89
2026-09-12 04:15:00,19.28,76.57,0.0,81,0.33,0.0,12.89
2026-09-12 04:16:00,19.24,76.6,0.0,81,0.3,0.0,12.89
2026-09-12 04:17:00,19.22,76.54,0.0,81,0.225,0.0,12.89
2026-09-12 04:18:00,19.14,76.58,0.0,81,0.12,0.0,12.89
2026-09-12 04:19:00,19.17,76.72,0.0,81,0.075,0.0,12.89
2026-09-12 04:20:00,19.14,76.68,0.0,81,0.0,0.0,12.89
2026-09-12 04:21:00,19.12,76.71,0.0,81,0.12,0.0,12.89
2026-09-12 04:22:00,19.1,76.87,0.0,81,0.015,0.0,12.89
2026-09-12 04:23:00,19.1,76.88,0.0,81,0.0,0.0,12.89
2026-09-12 04:24:00,19.1,77.0,0.0,81,0.0,0.0,12.89
2026-09-12 04:25:00,19.11,76.83,0.0,81,0.0,0.0,12.89
2026-09-12 04:26:00,19.12,76.88,0.0,81,0.0,0.0,12.89
2026-09-12 04:27:00,19.14,76.83,0.0,81,0.0,0.0,12.89
2026-09-12 04:28:00,19.14,76.77,0.0,81,0.0,0.0,12.89
2026-09-12 04:29:00,19.14,76.72,0.0,81,0.0,0.0,12.89
2026-09-12 04:30:00,19.17,76.22,0.0,81,0.03,0.0,12.89
2026-09-12 04:31:00,19.19,76.11,0.0,81,0.0,0.0,12.89
2026-09-12 04:32:00,19.21,75.72,0.0,81,0.015,0.0,12.89
2026-09-12 04:33:00,19.19,74.99,0.0,81,0.105,0.0,12.89
2026-09-12 04:34:00,19.24,74.55,0.0,81,0.135,0.0,12.89
2026-09-12 04:35:00,19.25,74.17,0.0,81,0.045,0.0,12.89
2026-09-12 04:36:00,19.31,74.48,0.0,81,0.0,0.0,12.89
2026-09-12 04:37:00,19.37,74.87,0.0,81,0.0,0.0,12.89
2026-09-12 04:38:00,19.37,74.92,0.0,81,0.0,0.0,12.89
2026-09-12 04:39:00,19.35,74.97,0.0,81,0.0,0.0,12.89
2026-09-12 04:40:00,19.38,74.73,0.0,81,0.0,0.0,12.89
2026-09-12 04:41:00,19.37,74.06,0.0,81,0.0,0.0,12.89
2026-09-12 04:42:00,19.38,74.18,0.0,81,0.0,0.0,12.89
2026-09-12 04:43:00,19.42,73.99,0.0,81,0.045,0.0,12.89
2026-09-12 04:44:00,19.42,73.95,0.0,81,0.015,0.0,12.89
2026-09-12 04:45:00,19.42,72.92,0.0,81,0.21,0.0,12.89
2026-09-12 04:46:00,19.45,72.83,0.0,81,0.015,0.0,12.89
2026-09-12 04:47:00,19.49,72.75,0.0,81,0.015,0.0,12.89
2026-09-12 04:48:00,19.51,72.72,0.0,81,0.015,0.0,12.89
2026-09-12 04:49:00,19.55,72.79,0.0,81,0.0,0.0,12.89
2026-09-12 04:50:00,19.56,73.02,0.0,81,0.0,0.0,12.89
2026-09-12 04:51:00,19.58,72.95,0.0,81,0.0,0.0,12.89
2026-09-12 04:52:00,19.58,72.9,0.0,81,0.0,0.0,12.89
2026-09-12 04:53:00,19.62,73.36,0.0,81,0.045,0.0,12.89
2026-09-12 04:54:00,19.65,73.59,0.0,81,0.0,0.0,12.89
2026-09-12 04:55:00,19.65,73.7,0.0,81,0.0,0.0,12.89
2026-09-12 04:56:00,19.65,73.75,0.0,81,0.0,0.0,12.89
2026-09-12 04:57:00,19.62,73.83,0.0,81,0.0,0.0,12.89
2026-09-12 04:58:00,19.61,74.11,0.0,81,0.0,0.0,12.89
2026-09-12 04:59:00,19.59,74.16,0.0,81,0.0,0.0,12.89
2026-09-12 05:00:00,19.52,73.97,0.0,81,0.0,0.0,12.89
2026-09-12 05:01:00,19.49,74.08,0.0,81,0.0,0.0,12.89
2026-09-12 05:02:00,19.45,74.36,0.0,81,0.045,0.0,12.89
2026-09-12 05:03:00,19.39,74.81,0.0,81,0.0,0.0,12.89
2026-09-12 05:04:00,19.37,75.21,0.0,81,0.045,0.0,12.89
2026-09-12 05:05:00,19.31,75.59,0.0,81,0.03,0.0,12.89
2026-09-12 05:06:00,19.24,75.7,0.0,81,0.0,0.0,12.89
2026-09-12 05:07:00,19.21,75.82,0.0,81,0.0,0.0,12.89
2026-09-12 05:08:00,19.15,75.82,0.0,81,0.03,0.0,12.89
2026-09-12 05:09:00,19.11,75.98,0.0,79,0.03,0.0,12.89
2026-09-12 05:10:00,19.08,76.16,0.0,55,0.09,0.0,12.89
2026-09-12 05:11:00,19.03,76.7,0.0,52,0.255,0.0,12.89
2026-09-12 05:12:00,19.01,77.07,0.0,78,0.555,0.0,12.89
2026-09-12 05:13:00,18.98,77.25,0.0,81,0.315,0.0,12.89
2026-09-12 05:14:00,18.94,77.16,0.0,81,0.165,0.0,12.89
2026-09-12 05:15:00,18.88,77.2,0.0,81,0.105,0.0,12.89
2026-09-12 05:16:00,18.84,77.27,0.0,86,0.06,0.0,12.89
2026-09-12 05:17:00,18.81,77.38,0.0,88,0.3,0.0,12.89
2026-09-12 05:18:00,18.77,77.46,0.0,88,0.015,0.0,12.89
2026-09-12 05:19:00,18.72,77.56,0.0,88,0.015,0.0,12.89
2026-09-12 05:20:00,18.7,77.62,0.0,88,0.0,0.0,12.89
2026-09-12 05:21:00,18.69,77.63,0.0,88,0.06,0.0,12.89
2026-09-12 05:22:00,18.64,77.76,0.0,88,0.03,0.0,12.89
2026-09-12 05:23:00,18.7,77.76,0.0,88,0.0,0.0,12.89
2026-09-12 05:24:00,18.64,77.85,0.0,88,0.0,0.0,12.89
2026-09-12 05:25:00,18.63,77.97,0.0,88,0.075,0.0,12.89
2026-09-12 05:26:00,18.67,78.13,0.0,88,0.195,0.0,12.89
2026-09-12 05:27:00,18.66,78.12,0.0,88,0.015,0.0,12.89
2026-09-12 05:28:00,18.63,78.15,0.0,88,0.0,0.0,12.89
2026-09-12 05:29:00,18.63,78.14,0.0,88,0.135,0.0,12.89
2026-09-12 05:30:00,18.62,78.16,0.0,88,0.0,0.0,12.89
2026-09-12 05:31:00,18.56,78.26,0.0,88,0.165,0.0,12.89
2026-09-12 05:32:00,18.54,78.4,0.0,88,0.225,0.0,12.89
2026-09-12 05:33:00,18.53,78.59,0.0,88,0.18,0.0,12.89
2026-09-12 05:34:00,18.53,78.59,0.0,88,0.12,0.0,12.89
2026-09-12 05:35:00,18.52,78.61,0.0,88,0.0,0.0,12.89
2026-09-12 05:36:00,18.49,78.5,0.0,88,0.0,0.0,12.89
2026-09-12 05:37:00,18.49,78.5,0.0,88,0.0,0.0,12.89
2026-09-12 05:38:00,18.46,78.46,0.0,88,0.03,0.0,12.89
2026-09-12 05:39:00,18.46,78.48,0.0,88,0.0,0.0,12.89
2026-09-12 05:40:00,18.46,78.59,0.0,88,0.03,0.0,12.89
2026-09-12 05:41:00,18.44,78.82,0.0,88,0.24,0.0,12.89
2026-09-12 05:42:00,18.44,78.84,0.0,88,0.09,0.0,12.89
2026-09-12 05:43:00,18.42,78.86,0.0,88,0.105,0.0,12.89
2026-09-12 05:44:00,18.39,78.87,0.0,88,0.165,0.0,12.89
2026-09-12 05:45:00,18.39,78.96,0.0,88,0.03,0.0,12.89
2026-09-12 05:46:00,18.35,78.91,0.0,88,0.015,0.0,12.89
2026-09-12 05:47:00,18.33,78.91,0.0,88,0.015,0.0,12.89
2026-09-12 05:48:00,18.32,78.98,0.0,88,0.0,0.0,12.89
2026-09-12 05:49:00,18.32,79.01,0.0,88,0.06,0.0,12.89
2026-09-12 05:50:00,18.28,79.09,0.0,88,0.03,0.0,12.89
2026-09-12 05:51:00,18.29,79.21,0.0,88,0.0,0.0,12.89
2026-09-12 05:52:00,18.28,79.24,0.0,88,0.105,0.0,12.89
2026-09-12 05:53:00,18.26,79.23,0.0,88,0.0,0.0,12.89
2026-09-12 05:54:00,18.26,79.31,0.0,88,0.045,0.0,12.89
2026-09-12 05:55:00,18.25,79.4,0.0,49,0.15,0.0,12.89
2026-09-12 05:56:00,18.29,79.58,0.0,49,0.135,0.0,12.89
2026-09-12 05:57:00,18.32,79.52,0.0,49,0.105,0.0,12.89
2026-09-12 05:58:00,18.35,79.49,0.0,49,0.24,0.0,12.89
2026-09-12 05:59:00,18.43,79.51,0.0,49,0.195,0.0,12.89
2026-09-12 06:00:00,18.44,79.56,0.0,49,0.075,0.0,12.89
2026-09-12 06:01:00,18.49,79.35,0.76,42,0.255,0.0,12.89
2026-09-12 06:02:00,18.52,79.19,1.14,42,0.03,0.0,12.89
2026-09-12 06:03:00,18.52,78.96,1.53,42,0.0,0.0,12.89
2026-09-12 06:04:00,18.54,78.85,1.91,42,0.0,0.0,12.89
2026-09-12 06:05:00,18.56,78.91,2.67,42,0.0,0.0,12.89
2026-09-12 06:06:00,18.53,78.73,2.67,42,0.0,0.0,12.89
2026-09-12 06:07:00,18.54,78.7,3.05,42,0.0,0.0,12.89
2026-09-12 06:08:00,18.53,78.68,3.43,42,0.0,0.0,12.89
2026-09-12 06:09:00,18.52,78.71,3.43,42,0.0,0.0,12.89
2026-09-12 06:10:00,18.53,78.81,3.43,42,0.015,0.0,12.89
2026-09-12 06:11:00,18.52,78.64,3.43,42,0.045,0.0,12.89
2026-09-12 06:12:00,18.47,78.65,3.81,42,0.0,0.0,12.89
2026-09-12 06:13:00,18.44,78.76,3.81,42,0.0,0.0,12.89
2026-09-12 06:14:00,18.44,78.89,3.81,42,0.015,0.0,12.89
2026-09-12 06:15:00,18.42,78.77,4.58,42,0.015,0.0,12.89
2026-09-12 06:16:00,18.42,78.77,4.58,42,0.0,0.0,12.89
2026-09-12 06:17:00,18.33,78.53,4.96,42,0.3,0.0,12.89
2026-09-12 06:18:00,18.25,78.7,4.96,42,0.12,0.0,12.89
2026-09-12 06:19:00,18.23,78.74,5.72,42,0.015,0.0,12.89
2026-09-12 06:20:00,18.22,78.78,5.72,42,0.0,0.0,12.89
2026-09-12 06:21:00,18.19,78.72,6.49,42,0.0,0.0,12.89
2026-09-12 06:22:00,18.16,78.73,6.49,42,0.0,0.0,12.89
2026-09-12 06:23:00,18.16,78.83,6.49,42,0.0,0.0,12.89
2026-09-12 06:24:00,18.16,78.76,7.63,42,0.0,0.0,12.89
2026-09-12 06:25:00,18.16,78.68,8.39,42,0.015,0.0,12.89
2026-09-12 06:26:00,18.16,78.68,8.39,42,0.015,0.0,12.89
2026-09-12 06:27:00,18.16,78.79,8.77,42,0.06,0.0,12.89
2026-09-12 06:28:00,18.16,78.74,9.16,42,0.0,0.0,12.89
2026-09-12 06:29:00,18.18,78.74,9.16,42,0.0,0.0,12.89
2026-09-12 06:30:00,18.19,78.68,9.92,42,0.0,0.0,12.89
2026-09-12 06:31:00,18.18,78.66,10.68,42,0.03,0.0,12.89
2026-09-12 06:32:00,18.21,78.6,11.44,42,0.0,0.0,12.89
2026-09-12 06:33:00,18.19,78.55,12.59,42,0.0,0.0,12.89
2026-09-12 06:34:00,18.15,78.43,13.35,42,0.0,0.0,12.89
2026-09-12 06:35:00,18.12,78.29,14.88,42,0.06,0.0,12.89
2026-09-12 06:36:00,18.11,78.33,17.17,42,0.03,0.0,12.89
2026-09-12 06:37:00,18.07,78.48,19.07,42,0.0,0.0,12.89
2026-09-12 06:38:00,18.08,78.61,21.36,42,0.0,0.0,12.89
2026-09-12 06:39:00,18.09,78.72,24.41,42,0.0,0.0,12.89
2026-09-12 06:40:00,18.08,78.6,27.47,42,0.015,0.0,12.89
2026-09-12 06:41:00,18.05,78.57,31.66,42,0.03,0.0,12.89
2026-09-12 06:42:00,18.12,78.56,35.86,73,0.3,0.0,12.89
2026-09-12 06:43:00,18.16,78.81,39.29,73,0.27,0.0,12.89
2026-09-12 06:44:00,18.19,78.47,43.11,73,0.09,0.0,12.89
2026-09-12 06:45:00,18.22,78.27,46.16,73,0.06,0.0,12.89
2026-09-12 06:46:00,18.26,78.37,47.68,91,0.435,0.0,12.93
2026-09-12 06:47:00,18.29,78.56,49.59,91,0.18,0.0,12.93
2026-09-12 06:48:00,18.33,78.48,50.74,91,0.315,0.0,12.97
2026-09-12 06:49:00,18.37,78.26,52.26,91,0.24,0.0,13.04
2026-09-12 06:50:00,18.39,78.15,51.88,93,0.375,0.0,13.04
2026-09-12 06:51:00,18.47,78.11,56.08,93,0.285,0.0,13.04
2026-09-12 06:52:00,18.49,77.94,59.51,93,0.0,0.0,13.04
2026-09-12 06:53:00,18.54,77.81,61.8,93,0.0,0.0,13.08
2026-09-12 06:54:00,18.6,77.6,62.94,93,0.0,0.0,13.12
2026-09-12 06:55:00,18.66,77.26,63.71,93,0.03,0.0,13.12
2026-09-12 06:56:00,18.72,77.11,63.71,93,0.015,0.0,13.16
2026-09-12 06:57:00,18.76,76.96,63.32,93,0.015,0.0,13.16
2026-09-12 06:58:00,18.86,76.63,62.94,83,0.045,0.0,13.16
2026-09-12 06:59:00,18.93,76.46,63.71,83,0.045,0.0,13.16
2026-09-12 07:00:00,19.01,76.26,63.71,72,0.105,0.0,13.16
2026-09-12 07:01:00,19.11,76.22,63.71,18,0.3,0.0,13.16
2026-09-12 07:02:00,19.22,75.74,63.71,21,0.435,0.0,13.16
2026-09-12 07:03:00,19.3,75.57,63.32,21,0.15,0.0,13.16
2026-09-12 07:04:00,19.41,75.26,54.17,21,0.0,0.0,13.16
2026-09-12 07:05:00,19.48,75.08,51.88,21,0.0,0.0,13.16
2026-09-12 07:06:00,19.53,74.84,52.26,21,0.015,0.0,13.16
2026-09-12 07:07:00,19.58,74.6,53.41,21,0.0,0.0,13.16
2026-09-12 07:08:00,19.58,74.35,54.17,21,0.0,0.0,13.16
2026-09-12 07:09:00,19.59,74.17,55.7,15,0.045,0.0,13.16
2026-09-12 07:10:00,19.62,74.13,56.08,15,0.0,0.0,13.16
2026-09-12 07:11:00,19.65,74.1,57.22,15,0.09,0.0,13.16
2026-09-12 07:12:00,19.66,73.88,58.37,15,0.015,0.0,13.16
2026-09-12 07:13:00,19.7,73.75,60.27,15,0.0,0.0,13.16
2026-09-12 07:14:00,19.73,73.76,61.8,15,0.015,0.0,13.16
2026-09-12 07:15:00,19.73,73.97,64.09,15,0.06,0.0,13.16
2026-09-12 07:16:00,19.74,74.51,66.76,15,0.15,0.0,13.16
2026-09-12 07:17:00,19.73,74.78,71.34,15,0.06,0.0,13.16
2026-09-12 07:18:00,19.7,75.07,78.97,15,0.195,0.0,13.16
2026-09-12 07:19:00,19.66,74.87,87.36,77,0.105,0.0,13.16
2026-09-12 07:20:00,19.61,75.07,85.07,80,0.015,0.0,13.16
2026-09-12 07:21:00,19.61,75.21,86.98,80,0.045,0.0,13.16
2026-09-12 07:22:00,19.56,75.07,91.94,80,0.195,0.0,13.16
2026-09-12 07:23:00,19.52,75.02,101.47,100,0.66,0.0,13.46
2026-09-12 07:24:00,19.51,75.23,104.14,71,0.42,0.0,13.46
2026-09-12 07:25:00,19.55,75.26,101.85,60,0.495,0.0,13.46
2026-09-12 07:26:00,19.59,75.01,100.71,67,0.27,0.0,13.53
2026-09-12 07:27:00,19.63,74.76,99.18,61,0.33,0.0,13.53
2026-09-12 07:28:00,19.68,74.31,97.28,57,0.09,0.0,13.53
2026-09-12 07:29:00,19.73,74.04,95.37,57,0.015,0.0,13.53
2026-09-12 07:30:00,19.79,73.9,93.08,65,0.36,0.0,13.53
2026-09-12 07:31:00,19.83,73.95,94.22,65,0.12,0.0,13.53
2026-09-12 07:32:00,19.9,73.74,92.32,65,0.015,0.0,13.57
2026-09-12 07:33:00,19.93,73.44,89.27,65,0.09,0.0,13.53
2026-09-12 07:34:00,20.0,73.38,85.45,65,0.0,0.0,13.53
2026-09-12 07:35:00,20.09,73.42,81.64,65,0.045,0.0,13.53
2026-09-12 07:36:00,20.12,73.23,73.62,65,0.0,0.0,13.53
2026-09-12 07:37:00,20.2,72.99,60.65,65,0.0,0.0,13.53
2026-09-12 07:38:00,20.21,72.73,57.98,65,0.015,0.0,13.46
2026-09-12 07:39:00,20.23,72.66,57.6,65,0.03,0.0,13.46
2026-09-12 07:40:00,20.25,72.63,54.93,65,0.0,0.0,13.46
2026-09-12 07:41:00,20.28,72.4,53.79,65,0.0,0.0,13.46
2026-09-12 07:42:00,20.31,72.13,51.12,65,0.0,0.0,13.46
2026-09-12 07:43:00,20.37,72.21,54.17,65,0.015,0.0,13.46
2026-09-12 07:44:00,20.41,72.34,153.35,65,0.015,0.0,13.53
2026-09-12 07:45:00,20.44,72.28,238.04,65,0.09,0.0,13.91
2026-09-12 07:46:00,20.43,72.08,242.62,65,0.18,0.0,14.28
2026-09-12 07:47:00,20.47,71.9,246.43,65,0.06,0.0,14.24
2026-09-12 07:48:00,20.48,71.87,249.87,65,0.06,0.0,14.24
2026-09-12 07:49:00,20.58,71.53,251.77,44,0.375,0.0,14.24
2026-09-12 07:50:00,20.71,71.53,254.44,61,0.12,0.0,14.24
2026-09-12 07:51:00,20.86,71.05,257.88,61,0.18,0.0,14.24
2026-09-12 07:52:00,21.05,70.93,260.55,61,0.3,0.0,14.24
2026-09-12 07:53:00,21.27,70.46,262.46,61,0.03,0.0,14.24
2026-09-12 07:54:00,21.44,70.03,265.51,61,0.06,0.0,14.24
2026-09-12 07:55:00,21.6,69.55,267.03,61,0.39,0.0,14.24
2026-09-12 07:56:00,21.73,68.84,271.99,63,0.39,0.0,14.24
2026-09-12 07:57:00,21.84,68.27,274.28,63,0.12,0.0,14.24
2026-09-12 07:58:00,21.98,67.65,278.1,63,0.06,0.0,14.24
2026-09-12 07:59:00,22.07,67.07,281.53,63,0.0,0.0,14.24
2026-09-12 08:00:00,22.14,66.77,284.2,63,0.075,0.0,14.24
2026-09-12 08:01:00,22.29,66.29,287.25,118,0.285,0.0,14.24
2026-09-12 08:02:00,22.36,66.05,290.68,118,0.015,0.0,14.24
2026-09-12 08:03:00,22.49,65.94,293.35,118,0.03,0.0,14.24
2026-09-12 08:04:00,22.63,65.5,296.03,118,0.03,0.0,14.24
2026-09-12 08:05:00,22.8,65.76,297.55,118,0.0,0.0,14.24
2026-09-12 08:06:00,23.01,64.99,300.6,118,0.015,0.0,14.24
2026-09-12 08:07:00,23.17,64.42,304.42,118,0.015,0.0,14.24
2026-09-12 08:08:00,23.31,63.6,306.71,118,0.09,0.0,14.24
2026-09-12 08:09:00,23.42,62.9,309.76,118,0.165,0.0,14.24
2026-09-12 08:10:00,23.41,62.67,311.67,118,0.12,0.0,14.24
2026-09-12 08:11:00,23.51,62.88,315.1,118,0.015,0.0,14.24
2026-09-12 08:12:00,23.65,61.9,317.77,56,0.21,0.0,14.24
2026-09-12 08:13:00,23.7,61.71,320.82,72,0.405,0.0,14.24
2026-09-12 08:14:00,23.74,60.77,323.87,87,0.315,0.0,14.24
2026-09-12 08:15:00,23.71,60.36,327.69,29,0.465,0.0,14.24
2026-09-12 08:16:00,23.74,60.15,330.36,29,0.255,0.0,14.24
2026-09-12 08:17:00,23.78,59.58,333.41,59,0.24,0.0,14.24
2026-09-12 08:18:00,23.75,59.52,335.7,80,0.45,0.0,14.24
2026-09-12 08:19:00,23.71,59.98,339.51,80,0.12,0.0,14.24
2026-09-12 08:20:00,23.79,59.48,341.8,80,0.075,0.0,14.24
2026-09-12 08:21:00,23.89,59.37,344.85,80,0.06,0.0,14.24
2026-09-12 08:22:00,24.02,59.14,348.29,80,0.0,0.0,14.24
2026-09-12 08:23:00,24.11,58.8,350.96,80,0.03,0.0,14.24
2026-09-12 08:24:00,24.2,58.36,354.39,80,0.15,0.0,14.24
2026-09-12 08:25:00,24.23,58.02,357.82,80,0.255,0.0,14.24
2026-09-12 08:26:00,24.2,57.6,360.11,80,0.375,0.0,14.24
2026-09-12 08:27:00,24.19,57.97,363.55,80,0.03,0.0,14.24
2026-09-12 08:28:00,24.32,57.4,366.22,80,0.0,0.0,14.24
2026-09-12 08:29:00,24.43,57.18,369.27,80,0.0,0.0,14.24
2026-09-12 08:30:00,24.54,56.37,371.94,80,0.135,0.0,14.24
2026-09-12 08:31:00,24.56,56.27,375.75,80,0.12,0.0,14.24
2026-09-12 08:32:00,24.6,55.9,378.81,80,0.075,0.0,14.24
2026-09-12 08:33:00,24.62,56.28,382.24,80,0.015,0.0,14.24
2026-09-12 08:34:00,24.71,56.04,384.53,68,0.3,0.0,14.24
2026-09-12 08:35:00,24.77,55.9,387.2,68,0.15,0.0,14.24
2026-09-12 08:36:00,24.86,55.92,389.87,64,0.45,0.0,14.24
2026-09-12 08:37:00,24.84,56.21,393.3,64,0.15,0.0,14.24
2026-09-12 08:38:00,24.93,55.51,395.59,65,0.27,0.0,14.24
2026-09-12 08:39:00,25.0,55.45,399.02,65,0.135,0.0,14.24
2026-09-12 08:40:00,25.11,54.98,401.69,65,0.09,0.0,14.24
2026-09-12 08:41:00,25.14,54.72,405.13,85,0.27,0.0,14.24
2026-09-12 08:42:00,25.15,54.88,407.42,53,0.18,0.0,14.24
2026-09-12 08:43:00,25.22,54.8,410.85,94,0.045,0.0,14.24
2026-09-12 08:44:00,25.25,54.5,412.76,102,0.42,0.0,14.24
2026-09-12 08:45:00,25.34,54.4,416.57,102,0.045,0.0,14.24
2026-09-12 08:46:00,25.39,54.0,419.24,102,0.09,0.0,14.24
2026-09-12 08:47:00,25.38,54.15,421.91,102,0.135,0.0,14.24
2026-09-12 08:48:00,25.44,54.29,424.58,102,0.165,0.0,14.24
2026-09-12 08:49:00,25.41,54.42,427.63,102,0.15,0.0,14.24
2026-09-12 08:50:00,25.46,54.3,431.07,61,0.3,0.0,14.24
2026-09-12 08:51:00,25.58,53.71,432.59,46,0.15,0.0,14.24
2026-09-12 08:52:00,25.66,53.36,436.41,75,0.255,0.0,14.24
2026-09-12 08:53:00,25.72,53.37,438.7,153,0.09,0.0,14.24
2026-09-12 08:54:00,25.83,52.98,442.13,77,0.225,0.0,14.24
2026-09-12 08:55:00,25.83,52.72,444.42,328,0.345,0.0,14.24
2026-09-12 08:56:00,25.86,52.99,447.85,101,0.3,0.0,14.24
2026-09-12 08:57:00,25.88,52.97,450.52,101,0.315,0.0,14.24
2026-09-12 08:58:00,25.88,52.67,452.81,101,0.15,0.0,14.24
2026-09-12 08:59:00,25.97,52.35,456.24,101,0.09,0.0,14.24
2026-09-12 09:00:00,26.04,51.56,458.92,101,0.345,0.0,14.24
2026-09-12 09:01:00,25.99,51.64,461.97,94,0.36,0.0,14.24
2026-09-12 09:02:00,25.95,52.05,465.02,89,0.27,0.0,14.24
2026-09-12 09:03:00,25.89,52.25,467.31,51,0.555,0.0,14.24
2026-09-12 09:04:00,25.83,52.57,470.36,56,0.27,0.0,14.24
2026-09-12 09:05:00,25.96,51.96,473.41,56,0.045,0.0,14.24
2026-09-12 09:06:00,26.06,51.53,476.08,62,0.225,0.0,14.24
2026-09-12 09:07:00,26.12,51.26,479.13,62,0.15,0.0,14.24
2026-09-12 09:08:00,26.28,51.58,482.19,62,0.045,0.0,14.24
2026-09-12 09:09:00,26.37,50.88,484.09,137,0.165,0.0,14.24
2026-09-12 09:10:00,26.43,50.42,487.14,49,0.45,0.0,14.24
2026-09-12 09:11:00,26.43,50.12,489.05,65,0.315,0.0,14.24
2026-09-12 09:12:00,26.38,49.84,493.25,46,0.39,0.0,14.24
2026-09-12 09:13:00,26.33,50.39,496.3,46,0.24,0.0,14.24
2026-09-12 09:14:00,26.36,50.32,498.97,46,0.165,0.0,14.24
2026-09-12 09:15:00,26.34,49.92,501.26,46,0.12,0.0,14.24
2026-09-12 09:16:00,26.36,49.66,503.17,46,0.18,0.0,14.24
2026-09-12 09:17:00,26.4,50.01,505.46,75,0.315,0.0,14.24
2026-09-12 09:18:00,26.44,50.33,509.27,80,0.225,0.0,14.24
2026-09-12 09:19:00,26.54,50.09,510.8,80,0.135,0.0,14.24
2026-09-12 09:20:00,26.64,49.7,513.47,80,0.18,0.0,14.24
2026-09-12 09:21:00,26.71,49.32,516.14,80,0.135,0.0,14.21
2026-09-12 09:22:00,26.75,49.44,518.04,80,0.03,0.0,14.17
2026-09-12 09:23:00,26.81,49.27,521.1,80,0.09,0.0,14.17
2026-09-12 09:24:00,26.87,48.93,524.15,80,0.21,0.0,14.17
2026-09-12 09:25:00,26.84,49.12,527.96,80,0.225,0.0,14.17
2026-09-12 09:26:00,26.84,49.53,528.73,117,0.285,0.0,14.17
2026-09-12 09:27:00,26.88,49.36,531.01,117,0.225,0.0,14.17
2026-09-12 09:28:00,26.91,49.45,535.21,117,0.09,0.0,14.17
2026-09-12 09:29:00,26.99,49.04,536.74,254,0.285,0.0,14.13
2026-09-12 09:30:00,27.01,48.98,539.41,259,0.255,0.0,14.13
2026-09-12 09:31:00,27.08,49.11,542.08,259,0.06,0.0,14.13
2026-09-12 09:32:00,27.14,48.89,543.22,259,0.075,0.0,14.13
2026-09-12 09:33:00,27.21,48.91,545.13,259,0.075,0.0,14.13
2026-09-12 09:34:00,27.32,48.38,548.94,251,0.24,0.0,14.13
2026-09-12 09:35:00,27.3,48.44,549.32,103,0.435,0.0,14.13
2026-09-12 09:36:00,27.32,48.58,552.76,176,0.24,0.0,14.13
2026-09-12 09:37:00,27.43,48.69,555.81,151,0.12,0.0,14.13
2026-09-12 09:38:00,27.54,48.33,559.62,151,0.015,0.0,14.13
2026-09-12 09:39:00,27.62,48.42,560.01,57,0.345,0.0,14.13
2026-09-12 09:40:00,27.67,48.28,564.58,82,0.27,0.0,14.13
2026-09-12 09:41:00,27.72,48.1,567.25,75,0.495,0.0,14.13
2026-09-12 09:42:00,27.67,47.9,569.92,75,0.33,0.0,14.13
2026-09-12 09:43:00,27.56,48.64,572.59,75,0.18,0.0,14.13
2026-09-12 09:44:00,27.62,48.48,576.41,75,0.06,0.0,14.13
2026-09-12 09:45:00,27.72,48.68,577.17,100,0.09,0.0,14.13
2026-09-12 09:46:00,27.86,48.28,580.99,337,0.12,0.0,14.09
2026-09-12 09:47:00,27.94,47.27,582.89,298,0.225,0.0,14.13
2026-09-12 09:48:00,27.97,47.2,584.42,69,0.285,0.0,14.09
2026-09-12 09:49:00,28.05,46.6,587.09,40,0.375,0.0,14.09
2026-09-12 09:50:00,28.0,46.63,588.24,61,0.465,0.0,14.09
2026-09-12 09:51:00,28.01,46.99,590.91,84,0.285,0.0,14.09
2026-09-12 09:52:00,27.98,47.07,593.19,194,0.315,0.0,14.09
2026-09-12 09:53:00,28.01,47.35,595.1,194,0.27,0.0,14.09
2026-09-12 09:54:00,28.08,47.11,598.92,107,0.06,0.0,14.09
2026-09-12 09:55:00,28.23,46.3,601.21,50,0.12,0.0,14.09
2026-09-12 09:56:00,28.32,45.96,604.64,51,0.225,0.0,14.09
2026-09-12 09:57:00,28.35,45.52,608.07,67,0.27,0.0,14.09
2026-09-12 09:58:00,28.38,45.44,615.7,41,0.315,0.0,14.09
2026-09-12 09:59:00,28.24,45.49,622.19,197,0.48,0.0,14.09
2026-09-12 10:00:00,28.17,46.11,630.96,228,0.09,0.0,14.09
2026-09-12 10:01:00,28.21,46.01,642.4,227,0.285,0.0,14.09
2026-09-12 10:02:00,28.31,46.05,657.28,227,0.075,0.0,14.09
2026-09-12 10:03:00,28.46,45.73,676.74,227,0.06,0.0,14.09
2026-09-12 10:04:00,28.48,45.8,559.62,157,0.18,0.0,14.09
2026-09-12 10:05:00,28.49,46.18,565.35,157,0.12,0.0,14.09
2026-09-12 10:06:00,28.54,45.83,564.2,131,0.27,0.0,14.09
2026-09-12 10:07:00,28.48,45.7,557.72,131,0.12,0.0,14.09
2026-09-12 10:08:00,28.44,45.84,735.87,214,0.285,0.0,14.09
2026-09-12 10:09:00,28.38,46.15,510.41,198,0.21,0.0,14.09
2026-09-12 10:10:00,28.42,46.16,476.46,115,0.105,0.0,14.09
2026-09-12 10:11:00,28.31,45.97,472.65,115,0.225,0.0,14.09
2026-09-12 10:12:00,28.2,46.35,600.06,115,0.105,0.0,14.09
2026-09-12 10:13:00,28.18,46.41,672.54,195,0.18,0.0,14.09
2026-09-12 10:14:00,28.17,46.38,611.12,184,0.24,0.0,14.09
2026-09-12 10:15:00,28.27,45.78,800.34,202,0.12,0.0,14.09
2026-09-12 10:16:00,28.25,46.11,542.46,209,0.105,0.0,14.09
2026-09-12 10:17:00,28.3,45.92,674.83,168,0.195,0.0,14.09
2026-09-12 10:18:00,28.35,45.78,492.48,167,0.12,0.0,14.09
2026-09-12 10:19:00,28.36,45.59,518.81,167,0.225,0.0,14.09
2026-09-12 10:20:00,28.34,45.79,578.7,167,0.045,0.0,14.09
2026-09-12 10:21:00,28.24,46.06,367.36,154,0.195,0.0,14.09
2026-09-12 10:22:00,28.13,46.08,285.73,135,0.375,0.0,14.09
2026-09-12 10:23:00,27.97,46.38,304.8,193,0.27,0.0,14.09
2026-09-12 10:24:00,27.84,46.67,475.32,104,0.27,0.0,14.09
2026-09-12 10:25:00,27.66,47.05,487.53,72,0.45,0.0,14.09
2026-09-12 10:26:00,27.59,47.25,469.6,98,0.315,0.0,14.09
2026-09-12 10:27:00,27.53,47.13,362.4,54,0.36,0.0,14.09
2026-09-12 10:28:00,27.52,47.52,504.69,54,0.24,0.0,14.09
2026-09-12 10:29:00,27.49,47.73,389.87,116,0.165,0.0,14.09
2026-09-12 10:30:00,27.46,47.5,637.06,78,0.345,0.0,14.09
2026-09-12 10:31:00,27.43,48.01,400.17,78,0.045,0.0,14.09
2026-09-12 10:32:00,27.4,47.79,737.01,78,0.195,0.0,14.09
2026-09-12 10:33:00,27.4,48.27,839.63,78,0.255,0.0,14.09
2026-09-12 10:34:00,27.5,47.87,833.52,89,0.48,0.0,14.09
2026-09-12 10:35:00,27.57,47.88,838.1,50,0.21,0.0,14.09
2026-09-12 10:36:00,27.73,47.58,622.19,35,0.24,0.0,14.09
2026-09-12 10:37:00,27.93,47.41,388.72,85,0.195,0.0,14.09
2026-09-12 10:38:00,27.98,46.55,772.49,12,0.6,0.0,14.09
2026-09-12 10:39:00,28.05,46.58,564.97,25,0.405,0.0,14.09
2026-09-12 10:40:00,28.11,46.52,712.6,39,0.21,0.0,14.09
2026-09-12 10:41:00,28.17,46.43,738.54,330,0.195,0.0,14.09
2026-09-12 10:42:00,28.13,46.49,571.07,213,0.45,0.0,14.09
2026-09-12 10:43:00,28.07,46.42,753.8,178,0.36,0.0,14.09
2026-09-12 10:44:00,28.01,46.53,526.05,108,0.285,0.0,14.09
2026-09-12 10:45:00,27.98,46.57,745.78,136,0.48,0.0,14.09
2026-09-12 10:46:00,27.98,46.84,724.42,153,0.21,0.0,14.09
2026-09-12 10:47:00,28.04,46.9,298.7,153,0.015,0.0,14.09
2026-09-12 10:48:00,28.14,47.03,634.01,252,0.255,0.0,14.09
2026-09-12 10:49:00,28.23,46.91,731.29,252,0.15,0.0,14.09
2026-09-12 10:50:00,28.34,46.29,575.65,292,0.375,0.0,14.09
2026-09-12 10:51:00,28.35,46.35,533.68,292,0.27,0.0,14.09
2026-09-12 10:52:00,28.32,46.21,556.19,292,0.195,0.0,14.09
2026-09-12 10:53:00,28.41,46.08,532.54,6,0.03,0.0,14.09
2026-09-12 10:54:00,28.49,46.05,448.23,45,0.255,0.0,14.09
2026-09-12 10:55:00,28.41,46.19,690.85,90,0.525,0.0,14.09
2026-09-12 10:56:00,28.41,46.39,698.86,90,0.225,0.0,14.09
2026-09-12 10:57:00,28.48,46.11,793.47,188,0.315,0.0,14.09
2026-09-12 10:58:00,28.45,46.04,581.37,189,0.3,0.0,14.09
2026-09-12 10:59:00,28.39,45.88,774.4,187,0.27,0.0,14.09
2026-09-12 11:00:00,28.38,45.45,380.33,166,0.39,0.0,14.09
2026-09-12 11:01:00,28.28,45.62,505.07,167,0.225,0.0,14.09
2026-09-12 11:02:00,28.24,45.84,826.28,161,0.18,0.0,14.09
2026-09-12 11:03:00,28.27,45.52,605.78,154,0.3,0.0,14.09
2026-09-12 11:04:00,28.23,45.72,733.2,154,0.105,0.0,14.09
2026-09-12 11:05:00,28.32,45.85,685.51,187,0.105,0.0,14.09
2026-09-12 11:06:00,28.36,45.44,772.49,212,0.42,0.0,14.09
2026-09-12 11:07:00,28.36,45.38,724.8,212,0.195,0.0,14.09
2026-09-12 11:08:00,28.31,45.57,629.43,212,0.045,0.0,14.09
2026-09-12 11:09:00,28.27,45.87,792.32,207,0.21,0.0,14.09
2026-09-12 11:10:00,28.36,45.7,812.16,185,0.18,0.0,14.09
2026-09-12 11:11:00,28.41,45.5,421.15,186,0.165,0.0,14.09
2026-09-12 11:12:00,28.45,45.65,619.9,186,0.165,0.0,14.09
2026-09-12 11:13:00,28.51,45.68,845.73,186,0.165,0.0,14.09
2026-09-12 11:14:00,28.51,45.72,791.18,186,0.105,0.0,14.09
2026-09-12 11:15:00,28.52,45.79,646.22,244,0.36,0.0,14.09
2026-09-12 11:16:00,28.58,45.64,838.48,185,0.285,0.0,14.09
2026-09-12 11:17:00,28.64,45.13,738.16,248,0.285,0.0,14.09
2026-09-12 11:18:00,28.61,45.01,807.97,212,0.21,0.0,14.09
2026-09-12 11:19:00,28.65,45.41,812.16,333,0.345,0.0,14.09
2026-09-12 11:20:00,28.66,45.16,774.4,309,0.45,0.0,14.09
2026-09-12 11:21:00,28.62,45.53,780.88,148,0.105,0.0,14.09
2026-09-12 11:22:00,28.72,45.42,766.77,148,0.045,0.0,14.09
2026-09-12 11:23:00,28.74,45.48,756.85,145,0.435,0.0,14.09
2026-09-12 11:24:00,28.78,45.27,755.32,146,0.255,0.0,14.09
2026-09-12 11:25:00,28.74,45.22,741.97,177,0.27,0.0,14.09
2026-09-12 11:26:00,28.78,45.36,749.98,208,0.285,0.0,14.09
2026-09-12 11:27:00,28.81,45.42,758.37,183,0.315,0.0,14.09
2026-09-12 11:28:00,28.74,45.16,745.78,274,0.63,0.0,14.09
2026-09-12 11:29:00,28.69,45.13,751.51,207,0.765,0.0,14.09
2026-09-12 11:30:00,28.68,45.2,750.74,168,0.48,0.0,14.09
2026-09-12 11:31:00,28.71,45.07,751.13,130,0.21,0.0,14.09
2026-09-12 11:32:00,28.76,45.06,750.36,137,0.195,0.0,14.09
2026-09-12 11:33:00,28.72,45.06,750.36,137,0.255,0.0,14.09
2026-09-12 11:34:00,28.72,45.56,751.13,137,0.09,0.0,14.09
2026-09-12 11:35:00,28.81,45.43,752.65,137,0.24,0.0,14.09
2026-09-12 11:36:00,28.9,45.19,753.41,131,0.36,0.0,14.09
2026-09-12 11:37:00,28.93,45.03,753.41,155,0.33,0.0,14.09
2026-09-12 11:38:00,28.86,44.93,754.56,193,0.585,0.0,14.09
2026-09-12 11:39:00,28.83,45.14,755.7,83,0.36,0.0,14.09
2026-09-12 11:40:00,28.87,44.93,756.08,163,0.255,0.0,14.09
2026-09-12 11:41:00,28.97,44.88,758.37,163,0.105,0.0,14.09
2026-09-12 11:42:00,29.07,44.8,760.28,163,0.03,0.0,14.09
2026-09-12 11:43:00,29.14,44.58,760.66,180,0.15,0.0,14.09
2026-09-12 11:44:00,29.12,44.88,762.19,202,0.375,0.0,14.09
2026-09-12 11:45:00,29.12,44.66,757.99,192,0.375,0.0,14.09
2026-09-12 11:46:00,29.07,44.57,760.66,190,0.495,0.0,14.09
2026-09-12 11:47:00,29.07,44.87,763.33,169,0.33,0.0,14.09
2026-09-12 11:48:00,29.1,44.7,762.57,152,0.63,0.0,14.09
2026-09-12 11:49:00,29.09,44.44,762.95,198,0.375,0.0,14.09
2026-09-12 11:50:00,29.12,44.27,757.99,190,0.36,0.0,14.09
2026-09-12 11:51:00,29.1,44.36,757.61,205,0.48,0.0,14.09
2026-09-12 11:52:00,29.24,44.37,761.43,253,0.225,0.0,14.09
2026-09-12 11:53:00,29.34,43.82,763.71,225,0.33,0.0,14.09
2026-09-12 11:54:00,29.4,43.46,763.33,184,0.165,0.0,14.09
2026-09-12 11:55:00,29.43,43.65,764.1,274,0.3,0.0,14.09
2026-09-12 11:56:00,29.51,43.49,764.48,175,0.27,0.0,14.09
2026-09-12 11:57:00,29.47,43.8,764.48,321,0.465,0.0,14.09
2026-09-12 11:58:00,29.43,43.95,765.24,154,0.435,0.0,14.09
2026-09-12 11:59:00,29.43,44.25,769.82,263,0.525,0.0,14.09
2026-09-12 12:00:00,29.47,44.25,764.86,183,0.24,0.0,14.09
2026-09-12 12:01:00,29.41,44.24,768.67,183,0.33,0.0,14.09
2026-09-12 12:02:00,29.41,44.16,769.82,139,0.21,0.0,14.09
2026-09-12 12:03:00,29.45,43.94,767.15,181,0.435,0.0,14.09
2026-09-12 12:04:00,29.47,43.73,768.29,154,0.375,0.0,14.09
2026-09-12 12:05:00,29.5,43.76,770.58,31,0.48,0.0,14.09
2026-09-12 12:06:00,29.55,43.56,770.58,346,0.285,0.0,14.09
2026-09-12 12:07:00,29.61,43.18,769.82,206,0.39,0.0,14.09
2026-09-12 12:08:00,29.61,43.39,767.91,130,0.27,0.0,14.09
2026-09-12 12:09:00,29.71,43.1,769.05,26,0.27,0.0,14.09
2026-09-12 12:10:00,29.81,42.97,769.05,146,0.285,0.0,14.09
2026-09-12 12:11:00,29.77,43.02,768.29,113,0.525,0.0,14.09
2026-09-12 12:12:00,29.77,43.05,771.34,313,0.3,0.0,14.09
2026-09-12 12:13:00,29.83,42.72,773.25,259,0.51,0.0,14.09
2026-09-12 12:14:00,29.81,42.89,774.01,10,0.63,0.0,14.09
2026-09-12 12:15:00,29.75,42.98,771.34,265,0.555,0.0,14.09
2026-09-12 12:16:00,29.75,43.38,768.67,182,0.555,0.0,14.09
2026-09-12 12:17:00,29.74,43.03,767.53,94,0.525,0.0,14.09
2026-09-12 12:18:00,29.64,43.24,769.44,100,0.6,0.0,14.09
2026-09-12 12:19:00,29.64,43.33,767.91,100,0.225,0.0,14.09
2026-09-12 12:20:00,29.58,43.34,764.86,109,0.345,0.0,14.09
2026-09-12 12:21:00,29.63,43.55,766.0,187,0.42,0.0,14.09
2026-09-12 12:22:00,29.7,43.81,765.62,53,0.435,0.0,14.09
2026-09-12 12:23:00,29.75,43.53,763.71,226,0.51,0.0,14.09
2026-09-12 12:24:00,29.77,43.6,767.53,215,0.555,0.0,14.09
2026-09-12 12:25:00,29.77,43.54,765.24,225,0.465,0.0,14.09
2026-09-12 12:26:00,29.81,43.35,769.05,275,0.6,0.0,14.09
2026-09-12 12:27:00,29.87,43.11,770.2,232,0.54,0.0,14.09
2026-09-12 12:28:00,29.84,43.01,772.87,181,0.57,0.0,14.09
2026-09-12 12:29:00,29.92,43.09,774.78,338,0.255,0.0,14.09
2026-09-12 12:30:00,29.99,42.94,778.21,110,0.555,0.0,14.09
2026-09-12 12:31:00,30.07,42.96,777.45,110,0.27,0.0,14.09
2026-09-12 12:32:00,30.11,42.95,773.63,180,0.33,0.0,14.09
2026-09-12 12:33:00,30.23,42.95,775.16,206,0.15,0.0,14.09
2026-09-12 12:34:00,30.42,42.57,773.63,211,0.33,0.0,14.09
2026-09-12 12:35:00,30.46,42.73,772.49,211,1.005,0.0,14.09
2026-09-12 12:36:00,30.45,42.57,774.4,247,0.75,0.0,14.09
2026-09-12 12:37:00,30.4,42.55,778.59,169,0.555,0.0,14.09
2026-09-12 12:38:00,30.4,42.51,776.68,303,0.36,0.0,14.09
2026-09-12 12:39:00,30.35,42.27,769.05,240,1.41,0.0,14.09
2026-09-12 12:40:00,30.23,42.47,771.73,184,0.945,0.0,14.09
2026-09-12 12:41:00,30.12,42.9,759.14,242,0.675,0.0,14.09
2026-09-12 12:42:00,30.15,43.01,761.04,164,0.3,0.0,14.09
2026-09-12 12:43:00,30.15,43.09,767.53,178,0.42,0.0,14.09
2026-09-12 12:44:00,30.23,42.64,767.15,287,0.645,0.0,14.09
2026-09-12 12:45:00,30.22,42.49,770.58,156,0.54,0.0,14.09
2026-09-12 12:46:00,30.26,42.78,773.63,159,0.345,0.0,14.09
2026-09-12 12:47:00,30.35,42.58,772.49,282,0.24,0.0,14.09
2026-09-12 12:48:00,30.49,42.31,774.4,260,0.375,0.0,14.09
2026-09-12 12:49:00,30.49,41.81,775.92,133,0.915,0.0,14.09
2026-09-12 12:50:00,30.4,42.19,773.63,175,0.45,0.0,14.09
2026-09-12 12:51:00,30.56,41.87,775.16,222,0.69,0.0,14.09
2026-09-12 12:52:00,30.61,41.88,779.74,247,0.75,0.0,14.09
2026-09-12 12:53:00,30.66,41.84,778.21,149,0.525,0.0,14.09
2026-09-12 12:54:00,30.76,41.38,777.83,94,0.48,0.0,14.09
2026-09-12 12:55:00,30.7,41.17,776.68,156,0.9,0.0,14.09
2026-09-12 12:56:00,30.69,41.2,778.21,196,0.75,0.0,14.09
2026-09-12 12:57:00,30.7,41.41,780.5,121,0.54,0.0,14.09
2026-09-12 12:58:00,30.82,41.23,772.87,143,0.285,0.0,14.09
2026-09-12 12:59:00,30.87,40.69,771.34,204,0.48,0.0,14.09
2026-09-12 13:00:00,30.89,40.77,770.96,175,0.42,0.0,14.09
2026-09-12 13:01:00,30.93,40.85,771.73,161,0.24,0.0,14.09
2026-09-12 13:02:00,31.04,40.8,774.78,281,0.33,0.0,14.09
2026-09-12 13:03:00,31.2,40.54,773.63,176,0.24,0.0,14.09
2026-09-12 13:04:00,31.38,40.24,772.11,212,0.255,0.0,14.09
2026-09-12 13:05:00,31.49,39.89,772.49,328,0.555,0.0,14.09
2026-09-12 13:06:00,31.49,39.7,769.82,147,0.63,0.0,14.09
2026-09-12 13:07:00,31.35,39.77,769.44,164,0.42,0.0,14.09
2026-09-12 13:08:00,31.24,40.1,767.53,135,0.48,0.0,14.09
2026-09-12 13:09:00,31.2,40.24,764.1,180,0.39,0.0,14.09
2026-09-12 13:10:00,31.27,40.26,766.38,236,0.33,0.0,14.09
2026-09-12 13:11:00,31.35,39.99,767.91,246,0.45,0.0,14.09
2026-09-12 13:12:00,31.44,39.83,769.05,136,0.27,0.0,14.09
2026-09-12 13:13:00,31.61,39.68,767.53,183,0.165,0.0,14.09
2026-09-12 13:14:00,31.69,39.41,761.81,204,0.285,0.0,14.09
2026-09-12 13:15:00,31.81,39.02,760.66,171,0.12,0.0,14.09
2026-09-12 13:16:00,31.85,38.77,764.86,188,0.33,0.0,14.09
2026-09-12 13:17:00,31.78,38.98,766.77,144,0.42,0.0,14.09
2026-09-12 13:18:00,31.67,39.12,756.85,146,0.405,0.0,14.09
2026-09-12 13:19:00,31.58,39.91,762.19,162,0.39,0.0,14.09
2026-09-12 13:20:00,31.64,39.9,762.95,162,0.345,0.0,14.09
2026-09-12 13:21:00,31.78,39.48,762.19,311,0.345,0.0,14.09
2026-09-12 13:22:00,31.79,39.03,757.99,196,0.525,0.0,14.09
2026-09-12 13:23:00,31.73,39.16,759.14,196,0.435,0.0,14.09
2026-09-12 13:24:00,31.73,39.04,757.23,196,0.315,0.0,14.09
2026-09-12 13:25:00,31.72,39.36,758.75,196,0.24,0.0,14.09
2026-09-12 13:26:00,31.78,39.14,754.56,118,0.36,0.0,14.09
2026-09-12 13:27:00,31.76,38.95,754.18,71,0.78,0.0,14.09
2026-09-12 13:28:00,31.72,39.36,751.89,98,0.3,0.0,14.09
2026-09-12 13:29:00,31.73,39.07,752.65,244,0.69,0.0,14.09
2026-09-12 13:30:00,31.68,39.15,749.6,195,0.57,0.0,14.09
2026-09-12 13:31:00,31.67,39.3,746.55,186,0.315,0.0,14.09
2026-09-12 13:32:00,31.73,38.96,746.93,186,0.39,0.0,14.09
2026-09-12 13:33:00,31.88,39.22,748.07,154,0.255,0.0,14.09
2026-09-12 13:34:00,32.01,38.62,748.46,164,0.45,0.0,14.09
2026-09-12 13:35:00,31.93,38.9,746.17,146,0.495,0.0,14.09
2026-09-12 13:36:00,31.92,39.02,746.55,164,0.285,0.0,14.09
2026-09-12 13:37:00,31.99,38.56,743.5,240,0.3,0.0,14.09
2026-09-12 13:38:00,31.98,38.69,742.73,178,0.36,0.0,14.09
2026-09-12 13:39:00,32.02,38.7,745.02,134,0.285,0.0,14.09
2026-09-12 13:40:00,32.09,38.55,745.02,160,0.645,0.0,14.09
2026-09-12 13:41:00,32.06,38.48,740.83,108,0.9,0.0,14.09
2026-09-12 13:42:00,32.03,38.49,738.54,179,0.585,0.0,14.09
2026-09-12 13:43:00,31.92,38.79,738.16,199,0.39,0.0,14.09
2026-09-12 13:44:00,31.89,38.86,737.39,120,0.495,0.0,14.09
2026-09-12 13:45:00,31.88,38.85,737.39,235,0.465,0.0,14.09
2026-09-12 13:46:00,31.89,38.9,736.63,168,0.465,0.0,14.09
2026-09-12 13:47:00,31.79,38.66,733.2,183,0.615,0.0,14.09
2026-09-12 13:48:00,31.67,39.22,732.81,137,0.585,0.0,14.09
2026-09-12 13:49:00,31.62,39.5,729.0,166,0.93,0.0,14.09
2026-09-12 13:50:00,31.67,39.55,730.91,201,0.435,0.0,14.09
2026-09-12 13:51:00,31.71,39.43,733.58,46,0.45,0.0,14.09
2026-09-12 13:52:00,31.71,39.13,734.34,210,0.54,0.0,14.09
2026-09-12 13:53:00,31.78,38.63,738.16,231,0.465,0.0,14.09
2026-09-12 13:54:00,31.64,38.65,737.01,166,0.525,0.0,14.09
2026-09-12 13:55:00,31.58,39.06,733.96,189,0.345,0.0,14.09
2026-09-12 13:56:00,31.61,39.07,735.1,186,0.225,0.0,14.09
2026-09-12 13:57:00,31.67,38.98,730.53,187,0.345,0.0,14.09
2026-09-12 13:58:00,31.62,39.08,726.71,162,0.375,0.0,14.09
2026-09-12 13:59:00,31.68,39.06,725.57,177,0.195,0.0,14.09
2026-09-12 14:00:00,31.92,38.45,720.23,177,0.105,0.0,14.09
2026-09-12 14:01:00,32.1,38.34,714.89,202,0.375,0.0,14.09
2026-09-12 14:02:00,32.18,38.13,710.69,141,0.63,0.0,14.09
2026-09-12 14:03:00,32.25,38.22,711.07,148,0.33,0.0,14.09
2026-09-12 14:04:00,32.29,37.95,707.26,270,0.615,0.0,14.09
2026-09-12 14:05:00,32.23,38.1,708.02,209,0.66,0.0,14.09
2026-09-12 14:06:00,32.19,37.71,704.2,144,0.75,0.0,14.09
2026-09-12 14:07:00,32.1,37.8,706.49,159,0.585,0.0,14.09
2026-09-12 14:08:00,32.06,38.05,706.49,193,0.225,0.0,14.09
2026-09-12 14:09:00,32.03,38.29,704.59,122,0.435,0.0,14.09
2026-09-12 14:10:00,32.03,38.12,701.15,196,0.66,0.0,14.09
2026-09-12 14:11:00,31.98,38.15,702.3,259,0.72,0.0,14.09
2026-09-12 14:12:00,32.01,37.84,700.77,206,0.27,0.0,14.09
2026-09-12 14:13:00,32.05,37.91,697.34,125,0.585,0.0,14.09
2026-09-12 14:14:00,32.02,37.44,696.96,272,0.675,0.0,14.09
2026-09-12 14:15:00,31.92,37.52,695.81,177,0.96,0.0,14.09
2026-09-12 14:16:00,31.86,38.05,694.67,40,0.3,0.0,14.09
2026-09-12 14:17:00,31.89,38.03,694.67,196,0.42,0.0,14.09
2026-09-12 14:18:00,31.91,37.87,697.34,269,0.435,0.0,14.09
2026-09-12 14:19:00,31.92,38.08,697.72,180,0.345,0.0,14.09
2026-09-12 14:20:00,32.03,37.93,688.56,172,0.36,0.0,14.09
2026-09-12 14:21:00,32.03,37.22,690.09,199,0.45,0.0,14.09
2026-09-12 14:22:00,32.05,37.31,690.47,258,0.51,0.0,14.09
2026-09-12 14:23:00,32.13,36.99,682.08,158,0.405,0.0,14.09
2026-09-12 14:24:00,32.19,36.92,675.59,186,0.345,0.0,14.09
2026-09-12 14:25:00,32.23,37.13,674.83,225,0.405,0.0,14.09
2026-09-12 14:26:00,32.28,37.16,676.36,218,0.54,0.0,14.09
2026-09-12 14:27:00,32.4,36.91,675.59,188,0.27,0.0,14.09
2026-09-12 14:28:00,32.39,36.21,673.69,142,0.345,0.0,14.09
2026-09-12 14:29:00,32.39,36.39,675.21,243,0.48,0.0,14.09
2026-09-12 14:30:00,32.38,36.15,677.5,210,0.465,0.0,14.09
2026-09-12 14:31:00,32.38,36.43,673.69,165,0.345,0.0,14.09
2026-09-12 14:32:00,32.49,36.11,672.16,188,0.225,0.0,14.09
2026-09-12 14:33:00,32.6,36.32,667.96,188,0.24,0.0,14.09
2026-09-12 14:34:00,32.76,36.1,663.77,194,0.21,0.0,14.09
2026-09-12 14:35:00,32.86,35.91,664.53,204,0.345,0.0,14.09
2026-09-12 14:36:00,32.84,35.51,661.48,131,0.54,0.0,14.09
2026-09-12 14:37:00,32.74,35.31,660.33,17,0.525,0.0,14.09
2026-09-12 14:38:00,32.6,35.71,661.48,211,0.6,0.0,14.09
2026-09-12 14:39:00,32.44,35.55,660.33,163,0.465,0.0,14.09
2026-09-12 14:40:00,32.46,35.71,663.39,235,0.39,0.0,14.09
2026-09-12 14:41:00,32.53,35.66,661.86,192,0.3,0.0,14.09
2026-09-12 14:42:00,32.51,35.74,661.48,246,0.525,0.0,14.09
2026-09-12 14:43:00,32.5,35.7,654.61,232,0.54,0.0,14.09
2026-09-12 14:44:00,32.63,35.41,650.03,233,0.225,0.0,14.09
2026-09-12 14:45:00,32.76,35.25,646.6,233,0.195,0.0,14.09
2026-09-12 14:46:00,32.81,35.27,644.31,233,0.375,0.0,14.09
2026-09-12 14:47:00,32.84,35.31,639.35,203,0.405,0.0,14.09
2026-09-12 14:48:00,32.84,35.01,639.35,187,0.48,0.0,14.09
2026-09-12 14:49:00,32.83,34.89,635.92,148,0.345,0.0,14.09
2026-09-12 14:50:00,32.93,34.17,635.92,178,0.315,0.0,14.09
2026-09-12 14:51:00,32.93,34.46,632.49,249,0.315,0.0,14.09
2026-09-12 14:52:00,33.08,34.31,630.2,102,0.105,0.0,14.09
2026-09-12 14:53:00,33.04,34.21,627.53,186,0.735,0.0,14.09
2026-09-12 14:54:00,32.84,34.58,626.76,117,0.72,0.0,14.09
2026-09-12 14:55:00,32.56,34.7,626.38,169,0.645,0.0,14.09
2026-09-12 14:56:00,32.4,35.22,621.04,182,0.51,0.0,14.09
2026-09-12 14:57:00,32.33,35.33,617.23,264,0.525,0.0,14.09
2026-09-12 14:58:00,32.33,35.66,612.65,262,0.27,0.0,14.09
2026-09-12 14:59:00,32.35,35.53,608.45,194,0.495,0.0,14.09
2026-09-12 15:00:00,32.35,35.28,607.31,210,0.345,0.0,14.09
2026-09-12 15:01:00,32.36,35.27,606.55,214,0.525,0.0,14.09
2026-09-12 15:02:00,32.4,34.9,603.11,123,0.54,0.0,14.09
2026-09-12 15:03:00,32.49,34.71,601.97,20,0.42,0.0,13.91
2026-09-12 15:04:00,32.44,34.68,600.06,122,1.065,0.0,14.09
2026-09-12 15:05:00,32.51,34.9,596.63,190,0.225,0.0,14.09
2026-09-12 15:06:00,32.5,34.62,592.81,328,0.84,0.0,14.09
2026-09-12 15:07:00,32.46,34.81,590.14,149,0.69,0.0,14.09
2026-09-12 15:08:00,32.36,34.96,589.0,252,0.51,0.0,14.09
2026-09-12 15:09:00,32.3,35.13,588.24,192,0.435,0.0,14.09
2026-09-12 15:10:00,32.3,34.77,584.8,172,0.42,0.0,14.09
2026-09-12 15:11:00,32.2,34.96,581.37,164,0.495,0.0,14.09
2026-09-12 15:12:00,32.25,34.66,577.17,192,0.45,0.0,14.09
2026-09-12 15:13:00,32.26,34.86,576.79,99,0.555,0.0,14.09
2026-09-12 15:14:00,32.25,34.96,574.12,139,0.6,0.0,13.91
2026-09-12 15:15:00,32.28,35.18,569.16,270,0.315,0.0,14.09
2026-09-12 15:16:00,32.38,35.27,566.49,211,0.63,0.0,14.09
2026-09-12 15:17:00,32.33,34.55,566.11,210,0.525,0.0,14.09
2026-09-12 15:18:00,32.25,34.81,562.68,171,0.42,0.0,13.91
2026-09-12 15:19:00,32.26,34.79,561.91,197,0.285,0.0,14.09
2026-09-12 15:20:00,32.35,34.73,559.24,150,0.135,0.0,13.91
2026-09-12 15:21:00,32.49,34.59,555.81,179,0.285,0.0,13.91
2026-09-12 15:22:00,32.5,34.54,553.14,194,0.42,0.0,14.09
2026-09-12 15:23:00,32.53,34.55,552.0,113,0.33,0.0,14.09
2026-09-12 15:24:00,32.53,34.57,550.09,144,0.375,0.0,14.09
2026-09-12 15:25:00,32.5,34.13,547.42,166,0.51,0.0,13.91
2026-09-12 15:26:00,32.44,34.2,544.37,187,0.495,0.0,13.91
2026-09-12 15:27:00,32.5,34.19,539.02,209,0.345,0.0,13.91
2026-09-12 15:28:00,32.53,33.97,537.88,287,0.495,0.0,13.91
2026-09-12 15:29:00,32.66,33.6,533.68,192,0.21,0.0,13.91
2026-09-12 15:30:00,32.7,33.58,532.16,249,0.285,0.0,13.91
2026-09-12 15:31:00,32.8,33.71,527.96,248,0.27,0.0,13.91
2026-09-12 15:32:00,32.86,33.39,526.05,195,0.465,0.0,13.91
2026-09-12 15:33:00,32.84,33.14,525.29,148,0.36,0.0,13.91
2026-09-12 15:34:00,32.77,32.85,521.86,168,0.405,0.0,13.91
2026-09-12 15:35:00,32.67,33.3,519.57,192,0.495,0.0,13.91
2026-09-12 15:36:00,32.66,33.59,516.9,200,0.24,0.0,13.91
2026-09-12 15:37:00,32.67,33.24,511.56,199,0.735,0.0,13.91
2026-09-12 15:38:00,32.6,33.21,508.89,261,0.885,0.0,13.91
2026-09-12 15:39:00,32.5,33.72,506.22,158,0.66,0.0,13.91
2026-09-12 15:40:00,32.35,33.93,502.4,193,0.51,0.0,13.91
2026-09-12 15:41:00,32.22,34.1,501.26,162,0.51,0.0,13.91
2026-09-12 15:42:00,32.13,34.18,497.44,204,0.435,0.0,13.91
2026-09-12 15:43:00,32.2,34.31,495.92,201,0.255,0.0,13.91
2026-09-12 15:44:00,32.2,34.33,494.01,172,0.39,0.0,13.91
2026-09-12 15:45:00,32.32,33.82,491.34,86,0.345,0.0,13.91
2026-09-12 15:46:00,32.43,33.72,489.43,274,0.315,0.0,13.91
2026-09-12 15:47:00,32.35,33.91,487.14,179,0.405,0.0,13.91
2026-09-12 15:48:00,32.2,34.03,484.86,204,0.45,0.0,13.91
2026-09-12 15:49:00,32.16,34.2,481.04,163,0.33,0.0,13.91
2026-09-12 15:50:00,32.08,34.63,479.51,191,0.42,0.0,13.91
2026-09-12 15:51:00,32.06,34.93,474.94,166,0.48,0.0,13.91
2026-09-12 15:52:00,32.06,35.08,472.65,212,0.96,0.0,13.91
2026-09-12 15:53:00,31.99,35.35,469.98,303,0.915,0.0,13.91
2026-09-12 15:54:00,31.99,35.38,466.93,30,0.855,0.0,13.91
2026-09-12 15:55:00,31.93,35.52,467.31,198,0.42,0.0,14.09
2026-09-12 15:56:00,31.91,35.61,463.11,152,0.585,0.0,14.09
2026-09-12 15:57:00,31.88,35.83,460.06,125,0.39,0.0,13.91
2026-09-12 15:58:00,31.96,35.77,458.15,304,0.285,0.0,13.91
2026-09-12 15:59:00,31.92,35.54,455.1,181,0.555,0.0,13.91
2026-09-12 16:00:00,31.88,35.57,451.67,181,0.375,0.0,13.91
2026-09-12 16:01:00,31.93,35.91,448.62,81,0.435,0.0,13.91
2026-09-12 16:02:00,32.01,36.01,445.94,281,0.495,0.0,14.09
2026-09-12 16:03:00,32.01,36.08,442.51,182,0.195,0.0,13.91
2026-09-12 16:04:00,32.02,36.33,439.84,191,0.435,0.0,14.09
2026-09-12 16:05:00,32.09,36.31,436.41,191,0.345,0.0,14.09
2026-09-12 16:06:00,32.1,36.13,435.26,332,0.33,0.0,13.91
2026-09-12 16:07:00,32.19,36.03,431.45,218,0.195,0.0,13.91
2026-09-12 16:08:00,32.18,36.16,428.02,178,0.36,0.0,13.91
2026-09-12 16:09:00,32.16,36.28,424.58,181,0.21,0.0,13.91
2026-09-12 16:10:00,32.23,36.14,421.91,181,0.21,0.0,13.91
2026-09-12 16:11:00,32.19,35.96,418.1,146,0.315,0.0,13.91
2026-09-12 16:12:00,32.15,35.97,415.43,146,0.27,0.0,13.91
2026-09-12 16:13:00,32.12,36.17,412.76,146,0.225,0.0,13.91
2026-09-12 16:14:00,32.08,36.26,410.09,195,0.375,0.0,13.91
2026-09-12 16:15:00,32.05,36.4,406.65,195,0.225,0.0,13.91
2026-09-12 16:16:00,32.08,36.53,402.84,195,0.33,0.0,13.91
2026-09-12 16:17:00,32.09,36.3,398.26,142,0.3,0.0,13.91
2026-09-12 16:18:00,32.08,36.43,394.45,270,0.42,0.0,13.91
2026-09-12 16:19:00,32.03,36.55,391.39,259,0.375,0.0,13.91
2026-09-12 16:20:00,32.13,36.5,390.25,220,0.255,0.0,13.91
2026-09-12 16:21:00,32.06,36.65,387.2,230,0.495,0.0,13.91
2026-09-12 16:22:00,31.95,36.79,384.53,155,0.465,0.0,13.91
2026-09-12 16:23:00,31.88,36.58,381.86,188,0.405,0.0,13.91
2026-09-12 16:24:00,31.81,36.64,377.66,198,0.21,0.0,13.91
2026-09-12 16:25:00,31.81,36.79,376.13,162,0.375,0.0,13.91
2026-09-12 16:26:00,31.73,37.32,370.41,294,0.45,0.0,13.91
2026-09-12 16:27:00,31.71,37.69,368.51,236,0.435,0.0,13.91
2026-09-12 16:28:00,31.73,37.8,366.6,49,0.495,0.0,13.91
2026-09-12 16:29:00,31.78,37.87,363.93,274,0.705,0.0,13.91
2026-09-12 16:30:00,31.67,38.11,361.26,194,0.51,0.0,13.91
2026-09-12 16:31:00,31.61,38.26,358.21,172,0.36,0.0,13.91
2026-09-12 16:32:00,31.6,38.45,355.15,175,0.21,0.0,13.91
2026-09-12 16:33:00,31.54,38.6,353.25,197,0.405,0.0,13.91
2026-09-12 16:34:00,31.44,38.63,350.96,178,0.375,0.0,13.91
2026-09-12 16:35:00,31.34,38.72,347.14,177,0.285,0.0,13.91
2026-09-12 16:36:00,31.32,38.76,344.47,177,0.135,0.0,13.91
2026-09-12 16:37:00,31.3,39.19,339.89,134,0.36,0.0,13.91
2026-09-12 16:38:00,31.32,39.22,337.22,168,0.27,0.0,13.91
2026-09-12 16:39:00,31.3,39.59,334.17,182,0.555,0.0,13.91
2026-09-12 16:40:00,31.24,39.81,331.5,138,0.57,0.0,13.91
2026-09-12 16:41:00,31.16,39.77,329.21,208,0.45,0.0,13.91
2026-09-12 16:42:00,31.21,39.69,325.78,208,0.105,0.0,13.91
2026-09-12 16:43:00,31.21,39.8,321.2,208,0.225,0.0,13.91
2026-09-12 16:44:00,31.17,39.81,318.91,165,0.33,0.0,13.91
2026-09-12 16:45:00,31.2,39.67,316.24,212,0.36,0.0,13.91
2026-09-12 16:46:00,31.24,39.5,313.19,193,0.255,0.0,13.91
2026-09-12 16:47:00,31.23,39.52,310.14,168,0.39,0.0,13.91
2026-09-12 16:48:00,31.17,39.51,305.94,160,0.45,0.0,13.91
2026-09-12 16:49:00,31.14,39.61,301.75,148,0.315,0.0,13.91
2026-09-12 16:50:00,31.16,39.73,298.7,148,0.33,0.0,13.91
2026-09-12 16:51:00,31.1,39.9,296.79,148,0.075,0.0,13.91
2026-09-12 16:52:00,31.11,39.78,293.74,310,0.195,0.0,13.91
2026-09-12 16:53:00,31.07,39.74,291.07,186,0.39,0.0,13.91
2026-09-12 16:54:00,30.98,39.81,287.25,183,0.345,0.0,13.91
2026-09-12 16:55:00,30.93,39.92,283.82,186,0.39,0.0,13.91
2026-09-12 16:56:00,30.86,40.0,282.67,203,0.405,0.0,13.91
2026-09-12 16:57:00,30.84,40.07,279.24,203,0.255,0.0,13.91
2026-09-12 16:58:00,30.83,40.23,275.81,203,0.21,0.0,13.91
2026-09-12 16:59:00,30.87,40.35,273.14,203,0.06,0.0,13.91
2026-09-12 17:00:00,30.9,40.29,270.08,203,0.105,0.0,13.91
2026-09-12 17:01:00,30.86,40.08,267.03,203,0.015,0.0,13.91
2026-09-12 17:02:00,30.72,40.32,263.98,227,0.285,0.0,13.83
2026-09-12 17:03:00,30.61,40.44,259.4,220,0.135,0.0,13.83
2026-09-12 17:04:00,30.47,40.69,254.44,220,0.045,0.0,13.83
2026-09-12 17:05:00,30.36,41.0,181.96,156,0.165,0.0,13.83
2026-09-12 17:06:00,30.28,41.03,85.45,183,0.21,0.0,13.79
2026-09-12 17:07:00,30.16,41.3,49.21,183,0.12,0.0,13.79
2026-09-12 17:08:00,30.01,41.74,48.83,183,0.12,0.0,13.79
2026-09-12 17:09:00,29.95,41.88,48.83,183,0.06,0.0,13.79
2026-09-12 17:10:00,29.88,41.86,48.07,109,0.285,0.0,13.79
2026-09-12 17:11:00,29.81,42.02,48.07,109,0.105,0.0,13.79
2026-09-12 17:12:00,29.77,41.9,47.3,109,0.12,0.0,13.79
2026-09-12 17:13:00,29.68,41.89,46.92,175,0.105,0.0,13.79
2026-09-12 17:14:00,29.6,42.14,46.92,236,0.465,0.0,13.79
2026-09-12 17:15:00,29.5,42.38,46.16,144,0.33,0.0,13.79
2026-09-12 17:16:00,29.43,42.66,45.78,226,0.24,0.0,13.79
2026-09-12 17:17:00,29.33,42.72,45.78,305,0.735,0.0,13.79
2026-09-12 17:18:00,29.27,42.95,45.4,287,0.465,0.0,13.79
2026-09-12 17:19:00,29.19,43.07,45.4,190,0.705,0.0,13.79
2026-09-12 17:20:00,29.17,43.33,44.63,192,0.105,0.0,13.79
2026-09-12 17:21:00,29.16,43.5,44.63,197,0.24,0.0,13.79
2026-09-12 17:22:00,29.16,43.72,43.87,247,0.405,0.0,13.79
2026-09-12 17:23:00,29.09,43.6,43.87,288,0.435,0.0,13.79
2026-09-12 17:24:00,29.09,43.57,43.49,256,0.435,0.0,13.79
2026-09-12 17:25:00,29.05,43.66,43.11,336,0.675,0.0,13.79
2026-09-12 17:26:00,29.02,43.65,43.11,118,0.51,0.0,13.79
2026-09-12 17:27:00,28.99,43.73,42.34,257,0.24,0.0,13.79
2026-09-12 17:28:00,28.97,43.86,42.73,333,0.495,0.0,13.79
2026-09-12 17:29:00,28.96,43.99,40.82,275,0.33,0.0,13.79
2026-09-12 17:30:00,28.92,44.07,41.2,270,0.21,0.0,13.79
2026-09-12 17:31:00,28.93,44.14,41.2,270,0.03,0.0,13.79
2026-09-12 17:32:00,28.95,44.16,40.82,179,0.21,0.0,13.79
2026-09-12 17:33:00,28.97,44.2,40.82,181,0.165,0.0,13.79
2026-09-12 17:34:00,28.93,44.44,40.44,181,0.165,0.0,13.79
2026-09-12 17:35:00,28.89,44.35,40.05,223,0.36,0.0,13.79
2026-09-12 17:36:00,28.87,44.27,39.67,223,0.015,0.0,13.79
2026-09-12 17:37:00,28.89,44.25,39.29,223,0.09,0.0,13.64
2026-09-12 17:38:00,28.87,44.07,38.91,223,0.21,0.0,13.64
2026-09-12 17:39:00,28.83,44.26,38.53,223,0.075,0.0,13.61
2026-09-12 17:40:00,28.83,44.32,38.53,223,0.045,0.0,13.57
2026-09-12 17:41:00,28.81,44.32,37.77,223,0.075,0.0,13.53
2026-09-12 17:42:00,28.81,44.49,37.38,223,0.105,0.0,13.53
2026-09-12 17:43:00,28.76,44.56,37.0,214,0.285,0.0,13.46
2026-09-12 17:44:00,28.72,44.47,36.62,214,0.21,0.0,13.46
2026-09-12 17:45:00,28.71,44.63,35.86,214,0.075,0.0,13.46
2026-09-12 17:46:00,28.68,44.69,35.48,214,0.06,0.0,13.46
2026-09-12 17:47:00,28.65,44.98,35.1,214,0.06,0.0,13.46
2026-09-12 17:48:00,28.61,44.81,34.33,214,0.015,0.0,13.46
2026-09-12 17:49:00,28.61,44.83,33.95,214,0.12,0.0,13.46
2026-09-12 17:50:00,28.59,45.02,33.19,214,0.06,0.0,13.46
2026-09-12 17:51:00,28.58,45.11,32.81,214,0.075,0.0,13.46
2026-09-12 17:52:00,28.61,45.07,32.81,214,0.045,0.0,13.46
2026-09-12 17:53:00,28.56,45.24,32.04,206,0.18,0.0,13.46
2026-09-12 17:54:00,28.49,45.46,31.66,153,0.105,0.0,13.16
2026-09-12 17:55:00,28.48,45.43,31.28,169,0.225,0.0,13.16
2026-09-12 17:56:00,28.42,45.33,30.52,168,0.285,0.0,13.16
2026-09-12 17:57:00,28.35,45.36,29.76,177,0.315,0.0,13.16
2026-09-12 17:58:00,28.31,45.5,29.37,177,0.255,0.0,13.16
2026-09-12 17:59:00,28.27,45.35,28.61,158,0.315,0.0,13.16
2026-09-12 18:00:00,28.23,45.35,27.85,157,0.315,0.0,13.16
2026-09-12 18:01:00,28.18,45.55,27.47,158,0.33,0.0,13.16
2026-09-12 18:02:00,28.15,45.59,27.47,158,0.285,0.0,13.16
2026-09-12 18:03:00,28.1,45.64,27.08,212,0.345,0.0,13.16
2026-09-12 18:04:00,28.05,45.52,25.94,213,0.3,0.0,13.16
2026-09-12 18:05:00,28.04,45.52,25.56,178,0.57,0.0,13.16
2026-09-12 18:06:00,28.03,45.51,24.03,180,0.195,0.0,13.16
2026-09-12 18:07:00,27.98,45.46,18.31,199,0.42,0.0,13.16
2026-09-12 18:08:00,27.97,45.46,18.31,194,0.285,0.0,13.16
2026-09-12 18:09:00,27.93,45.51,14.11,194,0.15,0.0,13.16
2026-09-12 18:10:00,27.88,45.41,11.83,194,0.225,0.0,13.16
2026-09-12 18:11:00,27.83,45.06,11.06,151,0.6,0.0,13.16
2026-09-12 18:12:00,27.83,44.96,10.68,191,0.36,0.0,13.16
2026-09-12 18:13:00,27.77,45.05,10.3,191,0.15,0.0,13.16
2026-09-12 18:14:00,27.77,45.12,9.54,183,0.27,0.0,13.16
2026-09-12 18:15:00,27.73,45.23,9.16,170,0.315,0.0,13.16
2026-09-12 18:16:00,27.73,45.27,8.77,170,0.12,0.0,13.16
2026-09-12 18:17:00,27.69,45.33,8.77,170,0.075,0.0,13.16
2026-09-12 18:18:00,27.63,45.31,8.01,170,0.165,0.0,13.16
2026-09-12 18:19:00,27.62,45.38,8.39,170,0.21,0.0,13.16
2026-09-12 18:20:00,27.57,45.46,8.39,170,0.195,0.0,13.12
2026-09-12 18:21:00,27.54,45.59,8.77,170,0.24,0.0,13.12
2026-09-12 18:22:00,27.53,45.7,8.01,170,0.24,0.0,13.12
2026-09-12 18:23:00,27.5,45.63,7.63,212,0.18,0.0,13.08
2026-09-12 18:24:00,27.49,45.81,7.25,209,0.24,0.0,13.08
2026-09-12 18:25:00,27.43,45.85,6.87,108,0.315,0.0,13.08
2026-09-12 18:26:00,27.39,45.49,6.49,175,0.24,0.0,13.04
2026-09-12 18:27:00,27.39,45.6,6.1,175,0.075,0.0,13.04
2026-09-12 18:28:00,27.36,45.78,5.72,175,0.15,0.0,13.04
2026-09-12 18:29:00,27.35,45.79,5.34,171,0.27,0.0,13.04
2026-09-12 18:30:00,27.3,45.89,5.34,175,0.315,0.0,13.04
2026-09-12 18:31:00,27.26,45.65,4.96,175,0.21,0.0,13.04
2026-09-12 18:32:00,27.25,45.77,4.96,175,0.03,0.0,13.04
2026-09-12 18:33:00,27.22,45.08,4.96,142,0.225,0.0,13.04
2026-09-12 18:34:00,27.21,45.14,4.58,142,0.09,0.0,13.04
2026-09-12 18:35:00,27.19,45.24,4.2,142,0.18,0.0,13.04
2026-09-12 18:36:00,27.15,45.41,4.2,147,0.12,0.0,13.04
2026-09-12 18:37:00,27.15,45.52,3.81,147,0.105,0.0,13.04
2026-09-12 18:38:00,27.12,45.62,3.43,147,0.045,0.0,13.04
2026-09-12 18:39:00,27.09,45.55,3.43,147,0.03,0.0,13.04
2026-09-12 18:40:00,27.03,45.26,3.05,147,0.075,0.0,13.04
2026-09-12 18:41:00,27.01,45.24,2.67,141,0.195,0.0,13.04
2026-09-12 18:42:00,26.99,45.09,3.05,141,0.09,0.0,13.04
2026-09-12 18:43:00,26.98,44.89,2.67,141,0.075,0.0,13.04
2026-09-12 18:44:00,26.94,44.91,1.91,141,0.045,0.0,13.04
2026-09-12 18:45:00,26.94,45.18,1.53,141,0.015,0.0,13.04
2026-09-12 18:46:00,26.92,45.44,1.53,141,0.0,0.0,13.04
2026-09-12 18:47:00,26.91,45.53,1.53,141,0.0,0.0,13.04
2026-09-12 18:48:00,26.87,45.56,0.76,141,0.03,0.0,13.04
2026-09-12 18:49:00,26.85,45.56,0.76,141,0.045,0.0,13.04
2026-09-12 18:50:00,26.81,45.66,0.76,141,0.0,0.0,13.04
2026-09-12 18:51:00,26.77,45.69,0.76,141,0.03,0.0,13.04
2026-09-12 18:52:00,26.75,45.81,0.0,141,0.015,0.0,13.04
2026-09-12 18:53:00,26.7,45.82,0.0,141,0.0,0.0,13.04
2026-09-12 18:54:00,26.67,45.8,0.0,141,0.0,0.0,13.04
2026-09-12 18:55:00,26.67,45.8,0.0,141,0.03,0.0,13.04
2026-09-12 18:56:00,26.63,45.76,0.0,160,0.18,0.0,13.04
2026-09-12 18:57:00,26.61,46.08,0.0,160,0.09,0.0,13.04
2026-09-12 18:58:00,26.61,46.27,0.0,160,0.0,0.0,13.04
2026-09-12 18:59:00,26.58,46.09,0.0,172,0.09,0.0,13.04
2026-09-12 19:00:00,26.57,45.87,0.0,172,0.12,0.0,13.04
2026-09-12 19:01:00,26.52,45.82,0.0,190,0.075,0.0,13.04
2026-09-12 19:02:00,26.52,45.55,0.0,190,0.12,0.0,13.04
2026-09-12 19:03:00,26.5,45.34,0.0,190,0.045,0.0,13.04
2026-09-12 19:04:00,26.5,45.23,0.0,190,0.165,0.0,13.04
2026-09-12 19:05:00,26.48,45.49,0.0,190,0.135,0.0,13.04
2026-09-12 19:06:00,26.48,45.46,0.0,190,0.045,0.0,13.04
2026-09-12 19:07:00,26.47,45.68,0.0,190,0.045,0.0,13.04
2026-09-12 19:08:00,26.44,45.8,0.0,190,0.0,0.0,13.04
2026-09-12 19:09:00,26.43,45.57,0.0,190,0.075,0.0,13.04
2026-09-12 19:10:00,26.41,45.36,0.0,196,0.27,0.0,13.04
2026-09-12 19:11:00,26.4,46.13,0.0,196,0.03,0.0,13.04
2026-09-12 19:12:00,26.4,46.03,0.0,196,0.165,0.0,13.04
2026-09-12 19:13:00,26.36,45.49,0.0,196,0.015,0.0,13.04
2026-09-12 19:14:00,26.36,45.49,0.0,207,0.21,0.0,13.04
2026-09-12 19:15:00,26.3,45.67,0.0,229,0.255,0.0,13.04
2026-09-12 19:16:00,26.3,45.67,0.0,218,0.105,0.0,13.04
2026-09-12 19:17:00,26.28,46.22,0.0,218,0.06,0.0,13.04
2026-09-12 19:18:00,26.24,45.86,0.0,227,0.06,0.0,13.04
2026-09-12 19:19:00,26.24,46.41,0.0,227,0.165,0.0,13.04
2026-09-12 19:20:00,26.21,46.57,0.0,227,0.18,0.0,13.04
2026-09-12 19:21:00,26.17,46.07,0.0,227,0.015,0.0,13.04
2026-09-12 19:22:00,26.17,46.41,0.0,222,0.075,0.0,13.04
2026-09-12 19:23:00,26.16,46.41,0.0,222,0.03,0.0,13.04
2026-09-12 19:24:00,26.13,46.63,0.0,222,0.15,0.0,13.04
2026-09-12 19:25:00,26.09,46.91,0.0,222,0.045,0.0,13.04
2026-09-12 19:26:00,26.07,47.16,0.0,222,0.045,0.0,13.04
2026-09-12 19:27:00,26.04,47.36,0.0,222,0.09,0.0,13.04
2026-09-12 19:28:00,26.0,47.56,0.0,252,0.15,0.0,13.04
2026-09-12 19:29:00,25.96,47.9,0.0,169,0.315,0.0,13.04
2026-09-12 19:30:00,25.93,48.5,0.0,279,0.345,0.0,13.04
2026-09-12 19:31:00,25.92,49.23,0.0,203,0.24,0.0,13.04
2026-09-12 19:32:00,25.9,49.67,0.0,203,0.09,0.0,13.04
2026-09-12 19:33:00,25.89,50.17,0.0,197,0.045,0.0,13.04
2026-09-12 19:34:00,25.83,50.53,0.0,207,0.12,0.0,13.04
2026-09-12 19:35:00,25.78,50.62,0.0,207,0.105,0.0,13.04
2026-09-12 19:36:00,25.75,51.61,0.0,222,0.09,0.0,13.04
2026-09-12 19:37:00,25.7,51.61,0.0,222,0.12,0.0,13.04
2026-09-12 19:38:00,25.66,53.84,0.0,267,0.27,0.0,13.04
2026-09-12 19:39:00,25.65,55.36,0.0,273,0.3,0.0,13.04
2026-09-12 19:40:00,25.62,55.99,0.0,267,0.33,0.0,13.04
2026-09-12 19:41:00,25.61,56.74,0.0,157,0.225,0.0,13.04
2026-09-12 19:42:00,25.58,57.16,0.0,307,0.165,0.0,13.04
2026-09-12 19:43:00,25.55,57.46,0.0,284,0.51,0.0,13.04
2026-09-12 19:44:00,25.55,58.09,0.0,142,0.15,0.0,13.04
2026-09-12 19:45:00,25.48,58.21,0.0,145,0.135,0.0,13.04
2026-09-12 19:46:00,25.46,58.28,0.0,145,0.015,0.0,13.04
2026-09-12 19:47:00,25.46,58.73,0.0,178,0.18,0.0,13.04
2026-09-12 19:48:00,25.44,59.42,0.0,298,0.165,0.0,13.04
2026-09-12 19:49:00,25.41,59.49,0.0,282,0.24,0.0,13.04
2026-09-12 19:50:00,25.37,59.97,0.0,247,0.255,0.0,13.04
2026-09-12 19:51:00,25.35,60.14,0.0,324,0.255,0.0,13.04
2026-09-12 19:52:00,25.31,60.43,0.0,260,0.24,0.0,13.04
2026-09-12 19:53:00,25.28,60.34,0.0,253,0.105,0.0,13.04
2026-09-12 19:54:00,25.27,60.55,0.0,253,0.03,0.0,13.04
2026-09-12 19:55:00,25.24,60.64,0.0,253,0.015,0.0,13.04
2026-09-12 19:56:00,25.21,61.1,0.0,253,0.015,0.0,13.04
2026-09-12 19:57:00,25.21,61.19,0.0,253,0.015,0.0,13.04
2026-09-12 19:58:00,25.18,61.03,0.0,253,0.0,0.0,13.04
2026-09-12 19:59:00,25.14,61.0,0.0,253,0.0,0.0,13.04
2026-09-12 20:00:00,25.13,60.63,0.0,253,0.015,0.0,13.04
2026-09-12 20:01:00,25.08,60.8,0.0,253,0.0,0.0,13.04
2026-09-12 20:02:00,25.07,61.45,0.0,253,0.0,0.0,13.04
2026-09-12 20:03:00,25.05,61.8,0.0,257,0.195,0.0,13.04
2026-09-12 20:04:00,25.02,61.62,0.0,257,0.045,0.0,13.04
2026-09-12 20:05:00,24.97,61.32,0.0,257,0.0,0.0,13.04
2026-09-12 20:06:00,24.93,60.95,0.0,257,0.0,0.0,13.04
2026-09-12 20:07:00,24.86,60.47,0.0,257,0.0,0.0,13.04
2026-09-12 20:08:00,24.87,60.75,0.0,257,0.0,0.0,13.04
2026-09-12 20:09:00,24.83,61.5,0.0,257,0.015,0.0,13.04
2026-09-12 20:10:00,24.83,60.76,0.0,257,0.0,0.0,13.04
2026-09-12 20:11:00,24.79,60.93,0.0,257,0.0,0.0,13.04
2026-09-12 20:12:00,24.73,61.46,0.0,257,0.0,0.0,13.04
2026-09-12 20:13:00,24.73,61.78,0.0,257,0.0,0.0,13.04
2026-09-12 20:14:00,24.71,61.56,0.0,257,0.0,0.0,13.04
2026-09-12 20:15:00,24.67,61.75,0.0,257,0.0,0.0,13.04
2026-09-12 20:16:00,24.66,62.09,0.0,257,0.0,0.0,13.04
2026-09-12 20:17:00,24.63,62.2,0.0,257,0.18,0.0,13.04
2026-09-12 20:18:00,24.56,61.95,0.0,257,0.0,0.0,13.04
2026-09-12 20:19:00,24.54,62.51,0.0,257,0.0,0.0,13.04
2026-09-12 20:20:00,24.54,62.64,0.0,257,0.0,0.0,13.04
2026-09-12 20:21:00,24.51,62.67,0.0,257,0.0,0.0,13.04
2026-09-12 20:22:00,24.5,63.17,0.0,257,0.03,0.0,13.04
2026-09-12 20:23:00,24.49,63.36,0.0,257,0.135,0.0,13.04
2026-09-12 20:24:00,24.5,63.24,0.0,257,0.045,0.0,13.04
2026-09-12 20:25:00,24.47,63.59,0.0,257,0.06,0.0,13.04
2026-09-12 20:26:00,24.46,63.67,0.0,257,0.015,0.0,13.04
2026-09-12 20:27:00,24.42,63.91,0.0,256,0.045,0.0,13.04
2026-09-12 20:28:00,24.42,63.95,0.0,256,0.0,0.0,13.04
2026-09-12 20:29:00,24.4,64.35,0.0,284,0.195,0.0,13.04
2026-09-12 20:30:00,24.42,64.37,0.0,284,0.03,0.0,13.04
2026-09-12 20:31:00,24.42,64.33,0.0,284,0.0,0.0,13.04
2026-09-12 20:32:00,24.4,64.24,0.0,284,0.03,0.0,13.04
2026-09-12 20:33:00,24.39,64.35,0.0,284,0.045,0.0,13.04
2026-09-12 20:34:00,24.38,64.37,0.0,284,0.045,0.0,13.04
2026-09-12 20:35:00,24.39,64.48,0.0,277,0.045,0.0,13.04
2026-09-12 20:36:00,24.38,64.53,0.0,277,0.15,0.0,13.04
2026-09-12 20:37:00,24.35,64.64,0.0,277,0.24,0.0,13.04
2026-09-12 20:38:00,24.36,64.78,0.0,277,0.03,0.0,13.04
2026-09-12 20:39:00,24.36,64.73,0.0,277,0.0,0.0,13.04
2026-09-12 20:40:00,24.35,64.75,0.0,285,0.105,0.0,13.04
2026-09-12 20:41:00,24.36,64.85,0.0,285,0.12,0.0,13.04
2026-09-12 20:42:00,24.36,64.79,0.0,284,0.015,0.0,13.04
2026-09-12 20:43:00,24.35,64.84,0.0,279,0.015,0.0,13.04
2026-09-12 20:44:00,24.35,64.91,0.0,279,0.15,0.0,13.04
2026-09-12 20:45:00,24.35,64.97,0.0,268,0.075,0.0,13.04
2026-09-12 20:46:00,24.32,64.93,0.0,254,0.015,0.0,13.04
2026-09-12 20:47:00,24.32,65.05,0.0,268,0.06,0.0,13.04
2026-09-12 20:48:00,24.32,65.11,0.0,263,0.075,0.0,13.04
2026-09-12 20:49:00,24.3,65.0,0.0,258,0.015,0.0,13.04
2026-09-12 20:50:00,24.3,64.98,0.0,258,0.0,0.0,13.04
2026-09-12 20:51:00,24.29,64.99,0.0,258,0.0,0.0,13.04
2026-09-12 20:52:00,24.3,65.11,0.0,258,0.0,0.0,13.04
2026-09-12 20:53:00,24.26,65.15,0.0,258,0.03,0.0,13.04
2026-09-12 20:54:00,24.25,65.21,0.0,258,0.0,0.0,13.04
2026-09-12 20:55:00,24.22,65.29,0.0,258,0.0,0.0,13.04
2026-09-12 20:56:00,24.16,65.47,0.0,258,0.015,0.0,13.04
2026-09-12 20:57:00,24.12,65.7,0.0,258,0.105,0.0,13.04
2026-09-12 20:58:00,24.11,65.79,0.0,258,0.0,0.0,13.04
2026-09-12 20:59:00,24.06,65.87,0.0,258,0.0,0.0,13.04
2026-09-12 21:00:00,24.03,65.91,0.0,258,0.015,0.0,13.04
2026-09-12 21:01:00,24.01,66.2,0.0,258,0.015,0.0,13.04
2026-09-12 21:02:00,23.98,66.27,0.0,258,0.0,0.0,13.04
2026-09-12 21:03:00,23.95,66.43,0.0,258,0.0,0.0,13.04
2026-09-12 21:04:00,23.91,66.58,0.0,258,0.045,0.0,13.04
2026-09-12 21:05:00,23.85,66.79,0.0,258,0.015,0.0,13.04
2026-09-12 21:06:00,23.82,66.84,0.0,258,0.09,0.0,13.04
2026-09-12 21:07:00,23.79,67.04,0.0,258,0.0,0.0,13.04
2026-09-12 21:08:00,23.77,66.97,0.0,258,0.015,0.0,13.04
2026-09-12 21:09:00,23.78,67.12,0.0,264,0.135,0.0,13.04
2026-09-12 21:10:00,23.72,67.09,0.0,264,0.03,0.0,13.04
2026-09-12 21:11:00,23.71,67.07,0.0,260,0.06,0.0,13.04
2026-09-12 21:12:00,23.71,67.13,0.0,260,0.06,0.0,13.04
2026-09-12 21:13:00,23.71,67.13,0.0,260,0.15,0.0,13.04
2026-09-12 21:14:00,23.72,67.14,0.0,263,0.12,0.0,13.04
2026-09-12 21:15:00,23.7,67.19,0.0,263,0.09,0.0,13.04
2026-09-12 21:16:00,23.7,67.35,0.0,263,0.12,0.0,13.04
2026-09-12 21:17:00,23.67,67.47,0.0,263,0.03,0.0,13.04
2026-09-12 21:18:00,23.64,67.65,0.0,263,0.0,0.0,13.04
2026-09-12 21:19:00,23.57,67.9,0.0,263,0.015,0.0,13.04
2026-09-12 21:20:00,23.52,67.94,0.0,263,0.015,0.0,13.04
2026-09-12 21:21:00,23.51,67.92,0.0,263,0.0,0.0,13.04
2026-09-12 21:22:00,23.5,67.93,0.0,263,0.135,0.0,13.04
2026-09-12 21:23:00,23.51,67.95,0.0,263,0.075,0.0,13.04
2026-09-12 21:24:00,23.51,68.1,0.0,263,0.0,0.0,13.04
2026-09-12 21:25:00,23.5,68.07,0.0,263,0.0,0.0,13.04
2026-09-12 21:26:00,23.47,68.26,0.0,263,0.015,0.0,13.04
2026-09-12 21:27:00,23.42,68.27,0.0,263,0.0,0.0,13.04
2026-09-12 21:28:00,23.41,68.3,0.0,263,0.09,0.0,13.04
2026-09-12 21:29:00,23.34,68.38,0.0,263,0.015,0.0,13.04
2026-09-12 21:30:00,23.27,68.58,0.0,263,0.225,0.0,13.04
2026-09-12 21:31:00,23.19,68.81,0.0,263,0.24,0.0,13.01
2026-09-12 21:32:00,23.1,68.93,0.0,263,0.195,0.0,13.01
2026-09-12 21:33:00,22.94,69.09,0.0,263,0.24,0.0,13.01
2026-09-12 21:34:00,22.87,69.53,0.0,263,0.165,0.0,13.01
2026-09-12 21:35:00,22.78,69.85,0.0,263,0.165,0.0,13.01
2026-09-12 21:36:00,22.69,70.13,0.0,263,0.045,0.0,13.01
2026-09-12 21:37:00,22.66,70.04,0.0,263,0.045,0.0,12.97
2026-09-12 21:38:00,22.61,69.88,0.0,201,0.135,0.0,13.01
2026-09-12 21:39:00,22.53,69.69,0.0,150,0.105,0.0,13.01
2026-09-12 21:40:00,22.53,69.83,0.0,150,0.165,0.0,13.01
2026-09-12 21:41:00,22.48,69.93,0.0,140,0.225,0.0,12.97
2026-09-12 21:42:00,22.45,70.12,0.0,140,0.015,0.0,13.01
2026-09-12 21:43:00,22.46,70.13,0.0,140,0.0,0.0,13.01
2026-09-12 21:44:00,22.42,70.25,0.0,140,0.0,0.0,13.01
2026-09-12 21:45:00,22.46,70.54,0.0,140,0.0,0.0,13.01
2026-09-12 21:46:00,22.43,70.65,0.0,140,0.0,0.0,12.97
2026-09-12 21:47:00,22.46,70.75,0.0,140,0.0,0.0,13.01
2026-09-12 21:48:00,22.43,70.75,0.0,140,0.015,0.0,13.01
2026-09-12 21:49:00,22.43,70.76,0.0,140,0.105,0.0,13.01
2026-09-12 21:50:00,22.39,70.86,0.0,140,0.12,0.0,13.01
2026-09-12 21:51:00,22.32,71.03,0.0,140,0.165,0.0,13.01
2026-09-12 21:52:00,22.29,71.32,0.0,140,0.105,0.0,12.97
2026-09-12 21:53:00,22.25,71.45,0.0,140,0.165,0.0,13.01
2026-09-12 21:54:00,22.17,71.52,0.0,140,0.15,0.0,12.97
2026-09-12 21:55:00,22.1,71.61,0.0,140,0.015,0.0,12.97
2026-09-12 21:56:00,22.07,71.73,0.0,140,0.09,0.0,12.97
2026-09-12 21:57:00,22.05,71.7,0.0,140,0.015,0.0,13.01
2026-09-12 21:58:00,22.01,71.73,0.0,134,0.0,0.0,12.97
2026-09-12 21:59:00,22.0,71.85,0.0,134,0.015,0.0,13.01
2026-09-12 22:00:00,21.95,71.99,0.0,134,0.0,0.0,12.97
2026-09-12 22:01:00,21.98,71.94,0.0,134,0.0,0.0,12.97
2026-09-12 22:02:00,21.98,72.09,0.0,134,0.075,0.0,12.97
2026-09-12 22:03:00,21.98,72.0,0.0,134,0.09,0.0,12.97
2026-09-12 22:04:00,22.0,71.76,0.0,134,0.24,0.0,12.97
2026-09-12 22:05:00,21.97,71.86,0.0,134,0.15,0.0,12.97
2026-09-12 22:06:00,21.97,71.94,0.0,134,0.03,0.0,12.97
2026-09-12 22:07:00,21.95,71.96,0.0,134,0.06,0.0,12.97
2026-09-12 22:08:00,21.9,72.05,0.0,134,0.105,0.0,12.97
2026-09-12 22:09:00,21.88,71.79,0.0,134,0.195,0.0,12.97
2026-09-12 22:10:00,21.83,71.66,0.0,134,0.045,0.0,12.97
2026-09-12 22:11:00,21.78,71.81,0.0,134,0.03,0.0,12.97
2026-09-12 22:12:00,21.76,71.99,0.0,134,0.135,0.0,12.97
2026-09-12 22:13:00,21.74,72.23,0.0,134,0.105,0.0,12.97
2026-09-12 22:14:00,21.71,72.32,0.0,134,0.18,0.0,12.97
2026-09-12 22:15:00,21.67,72.34,0.0,134,0.105,0.0,12.97
2026-09-12 22:16:00,21.64,72.44,0.0,134,0.045,0.0,12.97
2026-09-12 22:17:00,21.61,72.43,0.0,134,0.12,0.0,12.97
2026-09-12 22:18:00,21.59,72.55,0.0,134,0.285,0.0,12.97
2026-09-12 22:19:00,21.52,72.78,0.0,134,0.03,0.0,12.97
2026-09-12 22:20:00,21.52,72.97,0.0,134,0.0,0.0,12.97
2026-09-12 22:21:00,21.52,73.01,0.0,134,0.06,0.0,12.93
2026-09-12 22:22:00,21.53,73.03,0.0,134,0.0,0.0,12.97
2026-09-12 22:23:00,21.52,73.08,0.0,134,0.06,0.0,12.93
2026-09-12 22:24:00,21.53,73.09,0.0,134,0.075,0.0,12.97
2026-09-12 22:25:00,21.52,73.07,0.0,134,0.12,0.0,12.93
2026-09-12 22:26:00,21.52,73.13,0.0,134,0.24,0.0,12.93
2026-09-12 22:27:00,21.5,73.19,0.0,134,0.105,0.0,12.97
2026-09-12 22:28:00,21.46,73.24,0.0,134,0.0,0.0,12.93
2026-09-12 22:29:00,21.46,73.42,0.0,134,0.015,0.0,12.97
2026-09-12 22:30:00,21.43,73.5,0.0,134,0.0,0.0,12.97
2026-09-12 22:31:00,21.44,73.52,0.0,134,0.0,0.0,12.93
2026-09-12 22:32:00,21.4,73.53,0.0,134,0.0,0.0,12.93
2026-09-12 22:33:00,21.42,73.52,0.0,134,0.0,0.0,12.93
2026-09-12 22:34:00,21.43,73.6,0.0,134,0.03,0.0,12.97
2026-09-12 22:35:00,21.44,73.52,0.0,134,0.105,0.0,12.93
2026-09-12 22:36:00,21.43,73.53,0.0,134,0.195,0.0,12.93
2026-09-12 22:37:00,21.42,73.6,0.0,134,0.105,0.0,12.97
2026-09-12 22:38:00,21.39,73.65,0.0,134,0.135,0.0,12.93
2026-09-12 22:39:00,21.37,73.66,0.0,134,0.105,0.0,12.93
2026-09-12 22:40:00,21.34,73.71,0.0,134,0.015,0.0,12.93
2026-09-12 22:41:00,21.33,73.77,0.0,134,0.075,0.0,12.93
2026-09-12 22:42:00,21.33,73.9,0.0,134,0.06,0.0,12.93
2026-09-12 22:43:00,21.3,73.88,0.0,134,0.18,0.0,12.93
2026-09-12 22:44:00,21.26,73.81,0.0,105,0.285,0.0,12.93
2026-09-12 22:45:00,21.22,73.82,0.0,104,0.375,0.0,12.93
2026-09-12 22:46:00,21.18,73.79,0.0,98,0.45,0.0,12.93
2026-09-12 22:47:00,21.11,73.89,0.0,98,0.39,0.0,12.93
2026-09-12 22:48:00,21.09,74.02,0.0,98,0.285,0.0,12.93
2026-09-12 22:49:00,21.05,74.14,0.0,98,0.03,0.0,12.93
2026-09-12 22:50:00,21.03,74.19,0.0,98,0.0,0.0,12.93
2026-09-12 22:51:00,21.02,74.37,0.0,98,0.0,0.0,12.93
2026-09-12 22:52:00,21.02,74.34,0.0,98,0.0,0.0,12.93
2026-09-12 22:53:00,21.02,74.3,0.0,98,0.0,0.0,12.93
2026-09-12 22:54:00,21.01,74.22,0.0,98,0.0,0.0,12.93
2026-09-12 22:55:00,20.99,74.28,0.0,97,0.0,0.0,12.93
2026-09-12 22:56:00,20.99,74.16,0.0,84,0.09,0.0,12.93
2026-09-12 22:57:00,20.92,74.15,0.0,84,0.615,0.0,12.93
2026-09-12 22:58:00,20.86,74.31,0.0,79,0.36,0.0,12.93
2026-09-12 22:59:00,20.81,74.44,0.0,98,0.21,0.0,12.93
2026-09-12 23:00:00,20.78,74.64,0.0,98,0.345,0.0,12.93
2026-09-12 23:01:00,20.74,74.83,0.0,98,0.135,0.0,12.93
2026-09-12 23:02:00,20.75,74.96,0.0,98,0.36,0.0,12.93
2026-09-12 23:03:00,20.71,75.08,0.0,98,0.27,0.0,12.93
2026-09-12 23:04:00,20.7,75.18,0.0,98,0.39,0.0,12.93
2026-09-12 23:05:00,20.65,75.18,0.0,98,0.375,0.0,12.93
2026-09-12 23:06:00,20.65,75.31,0.0,98,0.09,0.0,12.93
2026-09-12 23:07:00,20.62,75.32,0.0,98,0.03,0.0,12.93
2026-09-12 23:08:00,20.62,75.37,0.0,98,0.0,0.0,12.93
2026-09-12 23:09:00,20.56,75.46,0.0,98,0.0,0.0,12.93
2026-09-12 23:10:00,20.54,75.59,0.0,98,0.0,0.0,12.93
2026-09-12 23:11:00,20.55,75.71,0.0,98,0.0,0.0,12.93
2026-09-12 23:12:00,20.51,75.75,0.0,98,0.0,0.0,12.93
2026-09-12 23:13:00,20.54,75.86,0.0,98,0.0,0.0,12.93
2026-09-12 23:14:00,20.54,75.88,0.0,98,0.0,0.0,12.93
2026-09-12 23:15:00,20.55,75.94,0.0,98,0.0,0.0,12.93
2026-09-12 23:16:00,20.56,75.95,0.0,98,0.0,0.0,12.93
2026-09-12 23:17:00,20.61,75.92,0.0,98,0.0,0.0,12.93
2026-09-12 23:18:00,20.58,75.84,0.0,98,0.0,0.0,12.93
2026-09-12 23:19:00,20.62,75.88,0.0,98,0.0,0.0,12.93
2026-09-12 23:20:00,20.62,75.86,0.0,98,0.0,0.0,12.93
2026-09-12 23:21:00,20.67,75.86,0.0,98,0.0,0.0,12.93
2026-09-12 23:22:00,20.68,75.76,0.0,98,0.0,0.0,12.93
2026-09-12 23:23:00,20.7,75.75,0.0,98,0.0,0.0,12.93
2026-09-12 23:24:00,20.74,75.67,0.0,98,0.0,0.0,12.93
2026-09-12 23:25:00,20.74,75.63,0.0,98,0.0,0.0,12.93
2026-09-12 23:26:00,20.74,75.56,0.0,98,0.0,0.0,12.93
2026-09-12 23:27:00,20.71,75.63,0.0,98,0.0,0.0,12.93
2026-09-12 23:28:00,20.65,75.74,0.0,98,0.0,0.0,12.93
2026-09-12 23:29:00,20.6,75.91,0.0,98,0.0,0.0,12.93
2026-09-12 23:30:00,20.55,75.98,0.0,98,0.0,0.0,12.93
2026-09-12 23:31:00,20.51,76.1,0.0,98,0.0,0.0,12.93
2026-09-12 23:32:00,20.48,76.3,0.0,98,0.0,0.0,12.93
2026-09-12 23:33:00,20.5,76.37,0.0,98,0.0,0.0,12.93
2026-09-12 23:34:00,20.51,76.37,0.0,98,0.0,0.0,12.93
2026-09-12 23:35:00,20.51,76.39,0.0,98,0.0,0.0,12.93
2026-09-12 23:36:00,20.52,76.27,0.0,98,0.0,0.0,12.93
2026-09-12 23:37:00,20.55,76.28,0.0,98,0.0,0.0,12.93
2026-09-12 23:38:00,20.54,76.19,0.0,98,0.0,0.0,12.93
2026-09-12 23:39:00,20.56,76.19,0.0,98,0.0,0.0,12.93
2026-09-12 23:40:00,20.56,76.12,0.0,98,0.0,0.0,12.93
2026-09-12 23:41:00,20.6,76.04,0.0,98,0.0,0.0,12.93
2026-09-12 23:42:00,20.6,76.0,0.0,98,0.0,0.0,12.93
2026-09-12 23:43:00,20.58,75.82,0.0,71,0.42,0.0,12.93
2026-09-12 23:44:00,20.58,75.78,0.0,81,0.42,0.0,12.93
2026-09-12 23:45:00,20.54,75.82,0.0,83,0.39,0.0,12.93
2026-09-12 23:46:00,20.52,75.7,0.0,50,0.33,0.0,12.93
2026-09-12 23:47:00,20.5,75.66,0.0,51,0.24,0.0,12.93
2026-09-12 23:48:00,20.51,75.61,0.0,51,0.09,0.0,12.93
2026-09-12 23:49:00,20.5,75.51,0.0,51,0.135,0.0,12.93
2026-09-12 23:50:00,20.51,75.52,0.0,51,0.105,0.0,12.93
2026-09-12 23:51:00,20.5,75.5,0.0,51,0.135,0.0,12.93
2026-09-12 23:52:00,20.52,75.54,0.0,51,0.09,0.0,12.93
2026-09-12 23:53:00,20.5,75.55,0.0,51,0.015,0.0,12.93
2026-09-12 23:54:00,20.52,75.54,0.0,51,0.0,0.0,12.93
2026-09-12 23:55:00,20.52,75.54,0.0,51,0.0,0.0,12.93
2026-09-12 23:56:00,20.54,75.57,0.0,51,0.06,0.0,12.93
2026-09-12 23:57:00,20.55,75.58,0.0,51,0.045,0.0,12.93
2026-09-12 23:58:00,20.52,75.59,0.0,51,0.0,0.0,12.93
2026-09-12 23:59:00,20.54,75.65,0.0,51,0.03,0.0,12.93
2026-09-13 00:00:00,20.52,75.7,0,51,0.03,0,12.93
2026-09-13 00:01:00,20.52,75.79,0,51,0.075,0,12.93
2026-09-13 00:02:00,20.52,75.76,0,51,0.195,0,12.93
2026-09-13 00:03:00,20.51,75.71,0,75,0.435,0,12.93
2026-09-13 00:04:00,20.52,75.66,0,76,0.555,0,12.93
2026-09-13 00:05:00,20.48,75.62,0,83,0.495,0,12.93
2026-09-13 00:06:00,20.47,75.76,0,83,0.12,0,12.93
2026-09-13 00:07:00,20.45,75.81,0,62,0.3,0,12.93
2026-09-13 00:08:00,20.44,75.87,0,61,0.195,0,12.93
2026-09-13 00:09:00,20.44,75.92,0,61,0.045,0,12.93
2026-09-13 00:10:00,20.43,75.96,0,61,0.12,0,12.93
2026-09-13 00:11:00,20.43,75.91,0,61,0.09,0,12.93
2026-09-13 00:12:00,20.43,75.89,0,61,0.045,0,12.93
2026-09-13 00:13:00,20.43,75.98,0,61,0.105,0,12.93
2026-09-13 00:14:00,20.41,76.02,0,61,0.045,0,12.93
2026-09-13 00:15:00,20.38,76.1,0,61,0.015,0,12.93
2026-09-13 00:16:00,20.38,76.2,0,61,0,0,12.93
2026-09-13 00:17:00,20.37,76.32,0,61,0,0,12.93
2026-09-13 00:18:00,20.35,76.36,0,61,0,0,12.93
2026-09-13 00:19:00,20.34,76.45,0,61,0,0,12.93
2026-09-13 00:20:00,20.37,76.46,0,61,0,0,12.93
2026-09-13 00:21:00,20.37,76.4,0,61,0.21,0,12.89
2026-09-13 00:22:00,20.31,76.44,0,61,0.27,0,12.93
2026-09-13 00:23:00,20.25,76.65,0,61,0.12,0,12.93
2026-09-13 00:24:00,20.21,76.95,0,61,0.06,0,12.93
2026-09-13 00:25:00,20.19,77.07,0,61,0,0,12.93
2026-09-13 00:26:00,20.17,77.16,0,61,0.045,0,12.93
2026-09-13 00:27:00,20.14,77.32,0,61,0.15,0,12.93
2026-09-13 00:28:00,20.1,77.41,0,61,0.045,0,12.93
2026-09-13 00:29:00,20.13,77.55,0,61,0,0,12.93
2026-09-13 00:30:00,20.12,77.5,0,61,0.06,0,12.93
2026-09-13 00:31:00,20.12,77.56,0,61,0.09,0,12.93
2026-09-13 00:32:00,20.1,77.55,0,61,0.03,0,12.89
2026-09-13 00:33:00,20.12,77.65,0,61,0,0,12.93
2026-09-13 00:34:00,20.14,77.74,0,61,0,0,12.89
2026-09-13 00:35:00,20.16,77.63,0,61,0,0,12.93
2026-09-13 00:36:00,20.17,77.51,0,61,0,0,12.89
2026-09-13 00:37:00,20.2,77.5,0,61,0,0,12.93
2026-09-13 00:38:00,20.2,77.48,0,61,0,0,12.93
2026-09-13 00:39:00,20.2,77.48,0,61,0,0,12.89
2026-09-13 00:40:00,20.21,77.51,0,61,0,0,12.89
2026-09-13 00:41:00,20.23,77.44,0,61,0,0,12.89
2026-09-13 00:42:00,20.24,77.49,0,61,0,0,12.93
2026-09-13 00:43:00,20.24,77.46,0,61,0,0,12.89
2026-09-13 00:44:00,20.27,77.42,0,61,0,0,12.89
2026-09-13 00:45:00,20.28,77.37,0,61,0.03,0,12.89
2026-09-13 00:46:00,20.28,77.36,0,61,0.135,0,12.89
2026-09-13 00:47:00,20.24,77.45,0,61,0.18,0,12.93
2026-09-13 00:48:00,20.19,77.55,0,61,0.24,0,12.93
2026-09-13 00:49:00,20.13,77.82,0,61,0.09,0,12.89
2026-09-13 00:50:00,20.1,77.99,0,61,0.06,0,12.93
2026-09-13 00:51:00,20.06,78.12,0,61,0.135,0,12.89
2026-09-13 00:52:00,20,78.25,0,61,0.225,0,12.89
2026-09-13 00:53:00,19.97,78.43,0,61,0.03,0,12.89
2026-09-13 00:54:00,19.96,78.55,0,61,0.165,0,12.89
2026-09-13 00:55:00,19.92,78.63,0,61,0.045,0,12.89
2026-09-13 00:56:00,19.93,78.75,0,61,0.15,0,12.89
2026-09-13 00:57:00,19.93,78.81,0,61,0,0,12.89
2026-09-13 00:58:00,19.89,78.77,0,61,0,0,12.89
2026-09-13 00:59:00,19.9,78.74,0,61,0.03,0,12.89
2026-09-13 01:00:00,19.9,78.69,0,61,0.075,0,12.89
2026-09-13 01:01:00,19.9,78.72,0,61,0,0,12.89
2026-09-13 01:02:00,19.9,78.69,0,61,0.015,0,12.89
2026-09-13 01:03:00,19.9,78.64,0,61,0.015,0,12.89
2026-09-13 01:04:00,19.89,78.61,0,61,0.015,0,12.89
2026-09-13 01:05:00,19.87,78.62,0,61,0,0,12.89
2026-09-13 01:06:00,19.9,78.67,0,61,0,0,12.89
2026-09-13 01:07:00,19.9,78.71,0,61,0,0,12.89
2026-09-13 01:08:00,19.9,78.73,0,61,0,0,12.89
2026-09-13 01:09:00,19.89,78.71,0,61,0,0,12.89
2026-09-13 01:10:00,19.92,78.69,0,61,0,0,12.89
2026-09-13 01:11:00,19.92,78.73,0,61,0.015,0,12.89
2026-09-13 01:12:00,19.9,78.81,0,61,0.015,0,12.89
2026-09-13 01:13:00,19.92,78.78,0,61,0.045,0,12.89
2026-09-13 01:14:00,19.87,78.74,0,61,0.225,0,12.89
2026-09-13 01:15:00,19.84,78.85,0,61,0.24,0,12.89
2026-09-13 01:16:00,19.84,78.99,0,61,0.03,0,12.89
2026-09-13 01:17:00,19.83,79.08,0,61,0,0,12.89
2026-09-13 01:18:00,19.82,79.13,0,61,0.045,0,12.89
2026-09-13 01:19:00,19.8,79.15,0,61,0.15,0,12.89
2026-09-13 01:20:00,19.79,79.21,0,61,0.03,0,12.89
2026-09-13 01:21:00,19.77,79.25,0,61,0.195,0,12.89
2026-09-13 01:22:00,19.77,79.3,0,61,0.255,0,12.89
2026-09-13 01:23:00,19.72,79.3,0,61,0.12,0,12.89
2026-09-13 01:24:00,19.69,79.31,0,61,0.27,0,12.89
2026-09-13 01:25:00,19.66,79.36,0,61,0.18,0,12.89
2026-09-13 01:26:00,19.62,79.53,0,59,0.105,0,12.89
2026-09-13 01:27:00,19.56,79.67,0,59,0,0,12.89
2026-09-13 01:28:00,19.55,79.84,0,59,0.015,0,12.89
2026-09-13 01:29:00,19.53,79.92,0,80,0.195,0,12.89
2026-09-13 01:30:00,19.53,79.94,0,80,0,0,12.89
2026-09-13 01:31:00,19.51,79.86,0,80,0,0,12.89
2026-09-13 01:32:00,19.49,79.84,0,80,0.015,0,12.89
2026-09-13 01:33:00,19.45,79.86,0,80,0,0,12.89
2026-09-13 01:34:00,19.41,79.94,0,80,0.03,0,12.89
2026-09-13 01:35:00,19.39,80.08,0,80,0.045,0,12.89
2026-09-13 01:36:00,19.35,80.21,0,80,0.015,0,12.89
2026-09-13 01:37:00,19.35,80.3,0,80,0,0,12.89
2026-09-13 01:38:00,19.32,80.37,0,80,0.015,0,12.89
2026-09-13 01:39:00,19.32,80.45,0,80,0.03,0,12.89
2026-09-13 01:40:00,19.32,80.49,0,80,0.06,0,12.89
2026-09-13 01:41:00,19.32,80.51,0,80,0.015,0,12.89
2026-09-13 01:42:00,19.32,80.52,0,80,0,0,12.89
2026-09-13 01:43:00,19.34,80.6,0,80,0.015,0,12.89
2026-09-13 01:44:00,19.34,80.6,0,80,0,0,12.89
2026-09-13 01:45:00,19.37,80.69,0,80,0,0,12.89
2026-09-13 01:46:00,19.38,80.68,0,80,0,0,12.89
2026-09-13 01:47:00,19.38,80.7,0,80,0,0,12.89
2026-09-13 01:48:00,19.45,80.71,0,80,0.015,0,12.89
2026-09-13 01:49:00,19.48,80.71,0,80,0,0,12.89
2026-09-13 01:50:00,19.51,80.61,0,80,0,0,12.89
2026-09-13 01:51:00,19.56,80.61,0,80,0,0,12.89
2026-09-13 01:52:00,19.58,80.53,0,80,0,0,12.89
2026-09-13 01:53:00,19.61,80.39,0,80,0.015,0,12.89
2026-09-13 01:54:00,19.63,80.22,0,80,0.015,0,12.89
2026-09-13 01:55:00,19.63,80.14,0,72,0.045,0,12.89
2026-09-13 01:56:00,19.65,80.04,0,49,0.18,0,12.89
2026-09-13 01:57:00,19.63,80.01,0,49,0.015,0,12.89
2026-09-13 01:58:00,19.65,79.97,0,49,0,0,12.89
2026-09-13 01:59:00,19.66,79.92,0,49,0,0,12.89
2026-09-13 02:00:00,19.68,79.91,0,49,0,0,12.89
2026-09-13 02:01:00,19.65,79.84,0,52,0.15,0,12.89
2026-09-13 02:02:00,19.63,79.85,0,52,0.015,0,12.89
2026-09-13 02:03:00,19.65,79.89,0,52,0.015,0,12.89
2026-09-13 02:04:00,19.62,79.96,0,52,0.03,0,12.89
2026-09-13 02:05:00,19.62,80.02,0,52,0,0,12.89
2026-09-13 02:06:00,19.59,80.01,0,52,0,0,12.89
2026-09-13 02:07:00,19.58,80.06,0,52,0.03,0,12.89
2026-09-13 02:08:00,19.59,80.12,0,52,0,0,12.89
2026-09-13 02:09:00,19.59,80.14,0,52,0,0,12.89
2026-09-13 02:10:00,19.59,80.16,0,52,0,0,12.89
2026-09-13 02:11:00,19.59,80.22,0,52,0.09,0,12.89
2026-09-13 02:12:00,19.59,80.21,0,52,0,0,12.89
2026-09-13 02:13:00,19.59,80.22,0,52,0,0,12.89
2026-09-13 02:14:00,19.62,80.18,0,52,0,0,12.89
2026-09-13 02:15:00,19.59,80.16,0,52,0,0,12.89
2026-09-13 02:16:00,19.59,80.13,0,52,0.015,0,12.89
2026-09-13 02:17:00,19.59,80.2,0,52,0.03,0,12.89
2026-09-13 02:18:00,19.59,80.16,0,52,0,0,12.89
2026-09-13 02:19:00,19.58,80.21,0,52,0,0,12.89
2026-09-13 02:20:00,19.56,80.23,0,52,0,0,12.89
2026-09-13 02:21:00,19.56,80.28,0,52,0,0,12.89
2026-09-13 02:22:00,19.55,80.36,0,80,0,0,12.89
2026-09-13 02:23:00,19.52,80.42,0,55,0,0,12.89
2026-09-13 02:24:00,19.49,80.44,0,67,0,0,12.89
2026-09-13 02:25:00,19.48,80.43,0,56,0,0,12.89
2026-09-13 02:26:00,19.48,80.48,0,55,0,0,12.89
2026-09-13 02:27:00,19.45,80.45,0,61,0,0,12.89
2026-09-13 02:28:00,19.44,80.5,0,61,0,0,12.89
2026-09-13 02:29:00,19.44,80.57,0,61,0,0,12.89
2026-09-13 02:30:00,19.42,80.57,0,61,0,0,12.89
2026-09-13 02:31:00,19.42,80.52,0,61,0,0,12.89
2026-09-13 02:32:00,19.44,80.59,0,61,0,0,12.89
2026-09-13 02:33:00,19.46,80.59,0,61,0,0,12.89
2026-09-13 02:34:00,19.45,80.57,0,61,0,0,12.89
2026-09-13 02:35:00,19.44,80.59,0,61,0,0,12.89
2026-09-13 02:36:00,19.44,80.54,0,61,0,0,12.89
2026-09-13 02:37:00,19.44,80.49,0,61,0,0,12.89
2026-09-13 02:38:00,19.41,80.57,0,61,0,0,12.89
2026-09-13 02:39:00,19.41,80.54,0,61,0,0,12.89
2026-09-13 02:40:00,19.38,80.52,0,61,0,0,12.89
2026-09-13 02:41:00,19.35,80.58,0,61,0,0,12.89
2026-09-13 02:42:00,19.34,80.63,0,61,0,0,12.89
2026-09-13 02:43:00,19.3,80.74,0,61,0,0,12.89
2026-09-13 02:44:00,19.26,80.78,0,61,0,0,12.89
2026-09-13 02:45:00,19.24,80.88,0,61,0,0,12.89
2026-09-13 02:46:00,19.21,80.97,0,61,0,0,12.89
2026-09-13 02:47:00,19.21,81.13,0,61,0,0,12.89
2026-09-13 02:48:00,19.19,81.16,0,61,0,0,12.89
2026-09-13 02:49:00,19.15,81.16,0,61,0,0,12.89
2026-09-13 02:50:00,19.15,81.21,0,61,0,0,12.89
2026-09-13 02:51:00,19.12,81.21,0,61,0,0,12.89
2026-09-13 02:52:00,19.08,81.3,0,61,0,0,12.89
2026-09-13 02:53:00,19.08,81.28,0,61,0,0,12.89
2026-09-13 02:54:00,19.04,81.32,0,61,0,0,12.89
2026-09-13 02:55:00,19.03,81.32,0,61,0,0,12.89
2026-09-13 02:56:00,19.03,81.36,0,61,0,0,12.89
2026-09-13 02:57:00,19.01,81.34,0,61,0,0,12.89
2026-09-13 02:58:00,19.04,81.49,0,61,0,0,12.89
2026-09-13 02:59:00,19.04,81.49,0,61,0,0,12.89
2026-09-13 03:00:00,19.05,81.58,0,61,0,0,12.89
2026-09-13 03:01:00,19.1,81.62,0,61,0,0,12.89
2026-09-13 03:02:00,19.11,81.59,0,61,0,0,12.89
2026-09-13 03:03:00,19.11,81.64,0,61,0,0,12.89
2026-09-13 03:04:00,19.15,81.56,0,61,0,0,12.89
2026-09-13 03:05:00,19.18,81.54,0,61,0,0,12.89
2026-09-13 03:06:00,19.21,81.43,0,61,0,0,12.89
2026-09-13 03:07:00,19.18,81.38,0,61,0,0,12.89
2026-09-13 03:08:00,19.18,81.41,0,61,0,0,12.89
2026-09-13 03:09:00,19.15,81.34,0,61,0,0,12.89
2026-09-13 03:10:00,19.17,81.4,0,61,0,0,12.89
2026-09-13 03:11:00,19.11,81.39,0,61,0,0,12.89
2026-09-13 03:12:00,19.1,81.42,0,61,0,0,12.89
2026-09-13 03:13:00,19.08,81.52,0,61,0,0,12.89
2026-09-13 03:14:00,19.05,81.56,0,61,0,0,12.89
2026-09-13 03:15:00,19.08,81.63,0,61,0,0,12.89
2026-09-13 03:16:00,19.1,81.72,0,61,0,0,12.89
2026-09-13 03:17:00,19.1,81.69,0,61,0,0,12.89
2026-09-13 03:18:00,19.07,81.66,0,61,0,0,12.89
2026-09-13 03:19:00,19.07,81.65,0,61,0,0,12.89
2026-09-13 03:20:00,19.07,81.62,0,61,0,0,12.89
2026-09-13 03:21:00,19.1,81.58,0,61,0,0,12.89
2026-09-13 03:22:00,19.08,81.76,0,61,0,0,12.89
2026-09-13 03:23:00,19.07,81.76,0,61,0,0,12.89
2026-09-13 03:24:00,19.07,81.74,0,61,0,0,12.89
2026-09-13 03:25:00,19.07,81.77,0,61,0,0,12.89
2026-09-13 03:26:00,19.07,81.81,0,61,0,0,12.89
2026-09-13 03:27:00,19.07,81.81,0,61,0,0,12.89
2026-09-13 03:28:00,19.1,81.82,0,61,0,0,12.89
2026-09-13 03:29:00,19.1,81.83,0,61,0,0,12.89
2026-09-13 03:30:00,19.1,81.88,0,61,0,0,12.89
2026-09-13 03:31:00,19.1,81.83,0,61,0,0,12.89
2026-09-13 03:32:00,19.11,81.78,0,61,0,0,12.89
2026-09-13 03:33:00,19.11,81.72,0,61,0,0,12.89
2026-09-13 03:34:00,19.11,81.73,0,61,0,0,12.89
2026-09-13 03:35:00,19.1,81.68,0,61,0,0,12.89
2026-09-13 03:36:00,19.08,81.75,0,61,0,0,12.89
2026-09-13 03:37:00,19.07,81.88,0,61,0,0,12.89
2026-09-13 03:38:00,19.05,81.96,0,61,0,0,12.89
2026-09-13 03:39:00,19.07,81.91,0,61,0,0,12.89
2026-09-13 03:40:00,19.1,81.82,0,61,0,0,12.89
2026-09-13 03:41:00,19.08,81.75,0,61,0,0,12.89
2026-09-13 03:42:00,19.08,81.78,0,61,0,0,12.89
2026-09-13 03:43:00,19.1,81.76,0,61,0,0,12.89
2026-09-13 03:44:00,19.1,81.79,0,61,0,0,12.89
2026-09-13 03:45:00,19.11,81.78,0,61,0,0,12.89
2026-09-13 03:46:00,19.12,81.8,0,61,0,0,12.89
2026-09-13 03:47:00,19.12,81.76,0,61,0,0,12.89
2026-09-13 03:48:00,19.17,81.73,0,61,0,0,12.89
2026-09-13 03:49:00,19.18,81.69,0,61,0,0,12.89
2026-09-13 03:50:00,19.21,81.65,0,61,0,0,12.89
2026-09-13 03:51:00,19.19,81.61,0,61,0,0,12.89
2026-09-13 03:52:00,19.21,81.61,0,61,0,0,12.89
2026-09-13 03:53:00,19.22,81.58,0,61,0,0,12.89
2026-09-13 03:54:00,19.25,81.54,0,61,0,0,12.89
2026-09-13 03:55:00,19.24,81.53,0,61,0,0,12.89
2026-09-13 03:56:00,19.24,81.48,0,61,0,0,12.89
2026-09-13 03:57:00,19.26,81.45,0,61,0,0,12.89
2026-09-13 03:58:00,19.26,81.37,0,61,0,0,12.89
2026-09-13 03:59:00,19.26,81.42,0,61,0,0,12.89
2026-09-13 04:00:00,19.3,81.37,0,61,0,0,12.89
2026-09-13 04:01:00,19.3,81.31,0,61,0,0,12.89
2026-09-13 04:02:00,19.3,81.25,0,61,0,0,12.89
2026-09-13 04:03:00,19.3,81.29,0,61,0,0,12.89
2026-09-13 04:04:00,19.25,81.32,0,61,0,0,12.89
2026-09-13 04:05:00,19.25,81.31,0,61,0,0,12.89
2026-09-13 04:06:00,19.21,81.37,0,61,0,0,12.89
2026-09-13 04:07:00,19.21,81.42,0,61,0,0,12.89
2026-09-13 04:08:00,19.22,81.48,0,61,0,0,12.89
2026-09-13 04:09:00,19.18,81.5,0,61,0,0,12.89
2026-09-13 04:10:00,19.15,81.46,0,61,0,0,12.89
2026-09-13 04:11:00,19.15,81.47,0,61,0,0,12.89
2026-09-13 04:12:00,19.14,81.51,0,61,0,0,12.89
2026-09-13 04:13:00,19.11,81.57,0,61,0,0,12.89
2026-09-13 04:14:00,19.11,81.61,0,61,0,0,12.89
2026-09-13 04:15:00,19.1,81.66,0,61,0,0,12.89
2026-09-13 04:16:00,19.07,81.73,0,61,0,0,12.89
2026-09-13 04:17:00,19.05,81.76,0,61,0,0,12.89
2026-09-13 04:18:00,19.03,81.83,0,61,0,0,12.89
2026-09-13 04:19:00,19.04,81.89,0,61,0,0,12.89
2026-09-13 04:20:00,19.01,81.97,0,61,0,0,12.89
2026-09-13 04:21:00,19.01,82.02,0,61,0,0,12.89
2026-09-13 04:22:00,19,82.08,0,61,0,0,12.89
2026-09-13 04:23:00,19,82.09,0,61,0,0,12.89
2026-09-13 04:24:00,19.01,82.06,0,61,0,0,12.89
2026-09-13 04:25:00,18.98,82,0,61,0,0,12.89
2026-09-13 04:26:00,18.97,82,0,61,0,0,12.89
2026-09-13 04:27:00,19,82.06,0,61,0,0,12.89
2026-09-13 04:28:00,18.98,82.01,0,61,0,0,12.89
2026-09-13 04:29:00,19,82.05,0,61,0,0,12.89
2026-09-13 04:30:00,19.01,82.03,0,73,0.015,0,12.89
2026-09-13 04:31:00,19.03,81.96,0,73,0,0,12.89
2026-09-13 04:32:00,19.04,81.93,0,73,0,0,12.89
2026-09-13 04:33:00,19.07,81.87,0,73,0,0,12.89
2026-09-13 04:34:00,19.11,81.73,0,73,0,0,12.89
2026-09-13 04:35:00,19.12,81.68,0,73,0,0,12.89
2026-09-13 04:36:00,19.15,81.61,0,73,0,0,12.89
2026-09-13 04:37:00,19.17,81.54,0,73,0,0,12.89
2026-09-13 04:38:00,19.22,81.45,0,73,0,0,12.89
2026-09-13 04:39:00,19.24,81.35,0,73,0,0,12.89
2026-09-13 04:40:00,19.24,81.24,0,73,0,0,12.89
2026-09-13 04:41:00,19.25,81.2,0,73,0,0,12.89
2026-09-13 04:42:00,19.26,81.1,0,73,0,0,12.89
2026-09-13 04:43:00,19.28,81.06,0,73,0,0,12.89
2026-09-13 04:44:00,19.3,81.07,0,73,0,0,12.89
2026-09-13 04:45:00,19.26,81.01,0,73,0,0,12.89
2026-09-13 04:46:00,19.26,81.04,0,73,0,0,12.89
2026-09-13 04:47:00,19.25,81.03,0,73,0,0,12.89
2026-09-13 04:48:00,19.24,81.02,0,73,0,0,12.89
2026-09-13 04:49:00,19.24,81.07,0,73,0,0,12.89
2026-09-13 04:50:00,19.25,81.04,0,73,0,0,12.89
2026-09-13 04:51:00,19.26,80.98,0,73,0,0,12.89
2026-09-13 04:52:00,19.26,81,0,73,0,0,12.89
2026-09-13 04:53:00,19.25,80.97,0,73,0,0,12.89
2026-09-13 04:54:00,19.21,81.01,0,73,0,0,12.89
2026-09-13 04:55:00,19.22,81.04,0,73,0,0,12.89
2026-09-13 04:56:00,19.24,81.03,0,73,0,0,12.89
2026-09-13 04:57:00,19.21,81.01,0,73,0,0,12.89
2026-09-13 04:58:00,19.21,81.02,0,73,0,0,12.89
2026-09-13 04:59:00,19.17,81.06,0,73,0,0,12.89
2026-09-13 05:00:00,19.18,81.23,0,73,0,0,12.89
2026-09-13 05:01:00,19.19,81.25,0,73,0,0,12.89
2026-09-13 05:02:00,19.18,81.32,0,73,0,0,12.89
2026-09-13 05:03:00,19.17,81.29,0,73,0,0,12.89
2026-09-13 05:04:00,19.18,81.33,0,73,0,0,12.89
2026-09-13 05:05:00,19.15,81.37,0,73,0,0,12.89
2026-09-13 05:06:00,19.18,81.34,0,73,0,0,12.89
2026-09-13 05:07:00,19.15,81.33,0,73,0,0,12.89
2026-09-13 05:08:00,19.14,81.33,0,73,0,0,12.89
2026-09-13 05:09:00,19.15,81.37,0,73,0,0,12.89
2026-09-13 05:10:00,19.15,81.37,0,73,0,0,12.89
2026-09-13 05:11:00,19.11,81.39,0,73,0,0,12.89
2026-09-13 05:12:00,19.12,81.5,0,73,0,0,12.89
2026-09-13 05:13:00,19.11,81.55,0,73,0,0,12.89
2026-09-13 05:14:00,19.1,81.52,0,73,0,0,12.89
2026-09-13 05:15:00,19.07,81.58,0,73,0,0,12.89
2026-09-13 05:16:00,19.08,81.61,0,73,0,0,12.89
2026-09-13 05:17:00,19.05,81.66,0,73,0,0,12.89
2026-09-13 05:18:00,19.03,81.72,0,73,0,0,12.89
2026-09-13 05:19:00,19.04,81.77,0,73,0,0,12.89
2026-09-13 05:20:00,19.04,81.78,0,73,0,0,12.89
2026-09-13 05:21:00,19.01,81.89,0,73,0,0,12.89
2026-09-13 05:22:00,19.03,81.93,0,73,0,0,12.89
2026-09-13 05:23:00,19.01,81.91,0,73,0,0,12.89
2026-09-13 05:24:00,19.03,81.98,0,73,0,0,12.89
2026-09-13 05:25:00,19.01,81.99,0,73,0,0,12.89
2026-09-13 05:26:00,19.01,82.02,0,73,0,0,12.89
2026-09-13 05:27:00,19.01,82.04,0,73,0,0,12.89
2026-09-13 05:28:00,19.03,82.09,0,73,0,0,12.89
2026-09-13 05:29:00,19.01,82.14,0,73,0,0,12.89
2026-09-13 05:30:00,19.04,82.13,0,73,0,0,12.89
2026-09-13 05:31:00,18.98,82.19,0,73,0,0,12.89
2026-09-13 05:32:00,18.97,82.15,0,73,0,0,12.89
2026-09-13 05:33:00,18.95,82.23,0,73,0,0,12.89
2026-09-13 05:34:00,18.94,82.25,0,73,0,0,12.89
2026-09-13 05:35:00,18.94,82.3,0,73,0,0,12.89
2026-09-13 05:36:00,18.91,82.33,0,73,0,0,12.89
2026-09-13 05:37:00,18.9,82.39,0,73,0,0,12.89
2026-09-13 05:38:00,18.9,82.42,0,73,0,0,12.89
2026-09-13 05:39:00,18.9,82.48,0,73,0,0,12.89
2026-09-13 05:40:00,18.86,82.55,0,73,0,0,12.89
2026-09-13 05:41:00,18.84,82.59,0,73,0,0,12.89
2026-09-13 05:42:00,18.83,82.67,0,73,0,0,12.89
2026-09-13 05:43:00,18.83,82.71,0,73,0,0,12.89
2026-09-13 05:44:00,18.84,82.73,0,73,0,0,12.89
2026-09-13 05:45:00,18.81,82.74,0,73,0,0,12.89
2026-09-13 05:46:00,18.8,82.75,0,73,0,0,12.89
2026-09-13 05:47:00,18.81,82.8,0,73,0,0,12.89
2026-09-13 05:48:00,18.8,82.86,0,73,0,0,12.89
2026-09-13 05:49:00,18.8,82.88,0,73,0,0,12.89
2026-09-13 05:50:00,18.79,82.93,0,73,0,0,12.89
2026-09-13 05:51:00,18.8,83.01,0,73,0,0,12.89
2026-09-13 05:52:00,18.81,83.05,0,73,0,0,12.89
2026-09-13 05:53:00,18.81,83.04,0,73,0.045,0,12.89
2026-09-13 05:54:00,18.81,82.91,0,73,0,0,12.89
2026-09-13 05:55:00,18.81,82.91,0,73,0,0,12.89
2026-09-13 05:56:00,18.8,82.93,0,73,0,0,12.89
2026-09-13 05:57:00,18.81,82.94,0,73,0,0,12.89
2026-09-13 05:58:00,18.81,82.97,0,73,0,0,12.89
2026-09-13 05:59:00,18.83,83.02,0,73,0,0,12.89
2026-09-13 06:00:00,18.83,82.99,0,73,0,0,12.89
2026-09-13 06:01:00,18.81,82.98,0.76,73,0,0,12.89
2026-09-13 06:02:00,18.86,82.96,0.76,73,0,0,12.89
2026-09-13 06:03:00,18.81,82.91,1.14,73,0,0,12.89
2026-09-13 06:04:00,18.81,82.86,0.76,73,0.045,0,12.89
2026-09-13 06:05:00,18.81,82.93,1.53,73,0.015,0,12.89
2026-09-13 06:06:00,18.79,82.89,1.53,73,0,0,12.89
2026-09-13 06:07:00,18.8,82.98,1.53,73,0,0,12.89
2026-09-13 06:08:00,18.8,82.93,1.91,73,0,0,12.89
2026-09-13 06:09:00,18.81,82.92,2.29,73,0,0,12.89
2026-09-13 06:10:00,18.83,82.92,2.67,73,0,0,12.89
2026-09-13 06:11:00,18.8,82.91,3.05,73,0,0,12.89
2026-09-13 06:12:00,18.8,82.92,3.05,73,0,0,12.89
2026-09-13 06:13:00,18.77,82.92,3.43,73,0,0,12.89
2026-09-13 06:14:00,18.76,82.93,4.2,73,0,0,12.89
2026-09-13 06:15:00,18.76,82.98,4.2,73,0,0,12.89
2026-09-13 06:16:00,18.76,83,4.58,73,0,0,12.89
2026-09-13 06:17:00,18.77,83.05,5.34,73,0,0,12.89
2026-09-13 06:18:00,18.76,83.05,5.72,73,0,0,12.89
2026-09-13 06:19:00,18.77,83.08,6.1,73,0,0,12.89
2026-09-13 06:20:00,18.77,83.1,6.87,73,0,0,12.89
2026-09-13 06:21:00,18.76,83.09,7.25,73,0,0,12.89
2026-09-13 06:22:00,18.76,83.14,8.01,73,0,0,12.89
2026-09-13 06:23:00,18.74,83.16,8.77,73,0,0,12.89
2026-09-13 06:24:00,18.74,83.13,9.16,73,0,0,12.89
2026-09-13 06:25:00,18.77,83.16,10.3,73,0,0,12.89
2026-09-13 06:26:00,18.79,83.2,10.3,73,0,0,12.89
2026-09-13 06:27:00,18.79,83.16,11.06,73,0,0,12.89
2026-09-13 06:28:00,18.8,83.2,12.21,73,0,0,12.89
2026-09-13 06:29:00,18.8,83.09,12.59,73,0,0,12.89
2026-09-13 06:30:00,18.8,83.08,13.35,73,0,0,12.89
2026-09-13 06:31:00,18.8,83.11,13.73,73,0,0,12.89
2026-09-13 06:32:00,18.79,83.15,14.11,73,0,0,12.89
2026-09-13 06:33:00,18.83,83.07,14.5,73,0,0,12.89
2026-09-13 06:34:00,18.81,83.06,15.64,73,0,0,12.89
2026-09-13 06:35:00,18.87,83.07,16.02,73,0,0,12.89
2026-09-13 06:36:00,18.87,82.97,17.17,73,0,0,12.89
2026-09-13 06:37:00,18.88,82.93,17.93,73,0,0,12.89
2026-09-13 06:38:00,18.9,82.93,18.69,73,0,0,12.89
2026-09-13 06:39:00,18.91,82.93,19.07,73,0,0,12.89
2026-09-13 06:40:00,18.95,82.99,19.84,73,0.03,0,12.89
2026-09-13 06:41:00,18.98,82.99,20.98,73,0,0,12.89
2026-09-13 06:42:00,18.98,82.91,21.74,73,0,0,12.89
2026-09-13 06:43:00,19.05,82.89,22.89,73,0,0,12.89
2026-09-13 06:44:00,19.08,82.74,24.03,73,0,0,12.89
2026-09-13 06:45:00,19.12,82.65,25.56,73,0,0,12.89
2026-09-13 06:46:00,19.12,82.55,26.7,73,0,0,12.89
2026-09-13 06:47:00,19.18,82.5,27.85,73,0,0,12.89
2026-09-13 06:48:00,19.21,82.45,28.99,73,0,0,12.89
2026-09-13 06:49:00,19.21,82.32,30.14,73,0.015,0,12.89
2026-09-13 06:50:00,19.26,82.3,30.14,73,0.015,0,12.89
2026-09-13 06:51:00,19.28,82.16,29.37,73,0.075,0,12.89
2026-09-13 06:52:00,19.26,82.12,28.99,73,0.15,0,12.89
2026-09-13 06:53:00,19.24,82.13,28.23,73,0.075,0,12.89
2026-09-13 06:54:00,19.22,82.15,29.76,73,0,0,12.93
2026-09-13 06:55:00,19.25,82.23,30.52,73,0,0,12.93
2026-09-13 06:56:00,19.28,82.25,32.04,73,0,0,12.93
2026-09-13 06:57:00,19.3,82.21,33.57,73,0,0,12.93
2026-09-13 06:58:00,19.34,82.14,33.95,73,0,0,12.93
2026-09-13 06:59:00,19.34,82.06,35.48,73,0,0,12.97
2026-09-13 07:00:00,19.39,81.99,36.62,73,0,0,13.01
2026-09-13 07:01:00,19.41,81.92,38.15,73,0,0,13.04
2026-09-13 07:02:00,19.45,81.89,41.58,73,0,0,13.04
2026-09-13 07:03:00,19.46,81.82,45.01,73,0,0,13.04
2026-09-13 07:04:00,19.49,81.78,46.16,73,0.015,0,13.04
2026-09-13 07:05:00,19.53,81.73,48.45,73,0,0,13.08
2026-09-13 07:06:00,19.55,81.68,50.74,73,0,0,13.12
2026-09-13 07:07:00,19.59,81.63,53.41,73,0,0,13.12
2026-09-13 07:08:00,19.61,81.54,55.31,73,0,0,13.16
2026-09-13 07:09:00,19.66,81.45,56.84,73,0,0,13.16
2026-09-13 07:10:00,19.66,81.36,57.6,73,0,0,13.16
2026-09-13 07:11:00,19.76,81.29,58.37,73,0,0,13.16
2026-09-13 07:12:00,19.83,81.13,59.51,73,0,0,13.16
2026-09-13 07:13:00,19.86,80.92,60.65,73,0,0,13.16
2026-09-13 07:14:00,19.93,80.66,62.18,73,0,0,13.16
2026-09-13 07:15:00,20,80.49,61.04,73,0,0,13.16
2026-09-13 07:16:00,20.06,80.27,57.6,73,0,0,13.16
2026-09-13 07:17:00,20.13,80.21,57.98,73,0,0,13.16
2026-09-13 07:18:00,20.17,80.06,61.04,73,0,0,13.16
2026-09-13 07:19:00,20.23,79.92,66,73,0,0,13.16
2026-09-13 07:20:00,20.28,79.66,67.9,73,0,0,13.16
2026-09-13 07:21:00,20.31,79.5,69.43,73,0,0,13.16
2026-09-13 07:22:00,20.4,79.22,69.43,73,0,0,13.16
2026-09-13 07:23:00,20.45,79.03,64.85,73,0,0,13.16
2026-09-13 07:24:00,20.51,78.79,61.42,73,0,0,13.16
2026-09-13 07:25:00,20.55,78.63,61.04,73,0,0,13.16
2026-09-13 07:26:00,20.6,78.58,64.85,73,0,0,13.46
2026-09-13 07:27:00,20.62,78.52,67.9,73,0,0,13.46
2026-09-13 07:28:00,20.68,78.48,68.67,73,0,0,13.46
2026-09-13 07:29:00,20.72,78.32,68.28,73,0,0,13.46
2026-09-13 07:30:00,20.78,78.29,68.28,73,0.015,0,13.46
2026-09-13 07:31:00,20.81,78.3,67.9,73,0,0,13.46
2026-09-13 07:32:00,20.83,78.25,68.28,73,0.015,0,13.46
2026-09-13 07:33:00,20.88,78.18,68.28,73,0,0,13.46
2026-09-13 07:34:00,20.93,78.23,67.9,73,0,0,13.46
2026-09-13 07:35:00,20.96,78.29,67.52,73,0,0,13.53
2026-09-13 07:36:00,21.02,78.21,67.52,73,0,0,13.53
2026-09-13 07:37:00,21.06,78.04,66.76,73,0,0,13.53
2026-09-13 07:38:00,21.13,77.92,66,73,0,0,13.53
2026-09-13 07:39:00,21.15,77.75,66,73,0,0,13.53
2026-09-13 07:40:00,21.21,77.58,66,73,0,0,13.53
2026-09-13 07:41:00,21.25,77.4,66.38,73,0,0,13.53
2026-09-13 07:42:00,21.3,77.25,66.76,73,0,0,13.53
2026-09-13 07:43:00,21.33,77.08,66.76,73,0,0,13.57
2026-09-13 07:44:00,21.4,76.88,102.24,73,0,0,13.61
2026-09-13 07:45:00,21.46,76.68,174.72,73,0,0,13.79
2026-09-13 07:46:00,21.5,76.48,204.85,73,0,0,14.09
2026-09-13 07:47:00,21.57,76.33,208.29,73,0.015,0,14.24
2026-09-13 07:48:00,21.63,76.23,213.63,73,0,0,14.24
2026-09-13 07:49:00,21.7,76,214.39,73,0.015,0,14.24
2026-09-13 07:50:00,21.83,75.87,220.49,73,0,0,14.24
2026-09-13 07:51:00,21.98,75.46,224.31,73,0,0,14.24
2026-09-13 07:52:00,22.15,74.92,228.89,73,0.075,0,14.24
2026-09-13 07:53:00,22.31,74.42,231.56,73,0.075,0,14.24
2026-09-13 07:54:00,22.51,74.03,235.75,73,0,0,14.24
2026-09-13 07:55:00,22.66,73.24,238.42,118,0.03,0,14.24
2026-09-13 07:56:00,22.8,72.42,240.71,193,0.195,0,14.24
2026-09-13 07:57:00,22.92,71.93,244.14,267,0.21,0,14.24
2026-09-13 07:58:00,23.03,71.66,245.67,129,0.27,0,14.24
2026-09-13 07:59:00,23.17,70.92,251.39,168,0.33,0,14.24
2026-09-13 08:00:00,23.27,70.45,254.44,168,0.06,0,14.24
2026-09-13 08:01:00,23.27,70.03,257.88,269,0.675,0,14.24
2026-09-13 08:02:00,23.3,70.08,259.78,269,0.21,0,14.24
2026-09-13 08:03:00,23.4,69.99,262.84,269,0.015,0,14.24
2026-09-13 08:04:00,23.45,69.64,268.56,269,0.045,0,14.24
2026-09-13 08:05:00,23.55,69.64,271.61,269,0,0,14.24
2026-09-13 08:06:00,23.74,69.27,276.19,269,0,0,14.24
2026-09-13 08:07:00,23.93,69.07,278.1,269,0,0,14.24
2026-09-13 08:08:00,24.16,68.43,280,269,0,0,14.24
2026-09-13 08:09:00,24.33,67.97,282.67,269,0.09,0,14.24
2026-09-13 08:10:00,24.44,67.93,285.73,269,0.09,0,14.24
2026-09-13 08:11:00,24.57,67.73,290.3,269,0.21,0,14.24
2026-09-13 08:12:00,24.62,67.32,293.74,134,0.315,0,14.24
2026-09-13 08:13:00,24.7,67.17,296.41,134,0.03,0,14.24
2026-09-13 08:14:00,24.8,66.98,299.46,80,0.27,0,14.24
2026-09-13 08:15:00,24.84,66.92,300.6,80,0.12,0,14.24
2026-09-13 08:16:00,24.95,66.68,300.98,80,0,0,14.24
2026-09-13 08:17:00,25.08,66.09,302.89,80,0,0,14.24
2026-09-13 08:18:00,25.19,65.55,306.71,80,0,0,14.24
2026-09-13 08:19:00,25.35,64.91,308.61,80,0,0,14.24
2026-09-13 08:20:00,25.46,64.84,313.57,80,0.015,0,14.24
2026-09-13 08:21:00,25.61,64.45,318.15,80,0,0,14.24
2026-09-13 08:22:00,25.76,63.43,322.35,80,0.06,0,14.24
2026-09-13 08:23:00,25.72,63.3,328.07,80,0.105,0,14.24
2026-09-13 08:24:00,25.72,63.15,330.36,114,0.165,0,14.24
2026-09-13 08:25:00,25.72,63.03,323.11,239,0.39,0,14.24
2026-09-13 08:26:00,25.72,63.1,329.59,239,0.045,0,14.24
2026-09-13 08:27:00,25.78,63.22,336.08,239,0,0,14.24
2026-09-13 08:28:00,25.88,62.87,339.51,239,0.075,0,14.24
2026-09-13 08:29:00,25.95,62.41,341.42,239,0.06,0,14.24
2026-09-13 08:30:00,26.03,61.94,341.8,239,0.165,0,14.24
2026-09-13 08:31:00,25.97,61.91,328.07,239,0.09,0,14.24
2026-09-13 08:32:00,26.06,61.55,349.05,239,0,0,14.24
2026-09-13 08:33:00,26.19,61.3,347.14,239,0.015,0,14.24
2026-09-13 08:34:00,26.19,61.01,358.21,239,0.135,0,14.24
2026-09-13 08:35:00,26.21,61.1,362.02,239,0.15,0,14.24
2026-09-13 08:36:00,26.23,61,365.84,239,0.24,0,14.24
2026-09-13 08:37:00,26.16,60.84,366.6,209,0.24,0,14.24
2026-09-13 08:38:00,26.09,61.27,372.32,209,0.09,0,14.24
2026-09-13 08:39:00,26.09,61.45,375.37,209,0.03,0,14.24
2026-09-13 08:40:00,26.17,61.38,374.99,209,0.03,0,14.24
2026-09-13 08:41:00,26.26,61.36,380.71,209,0,0,14.24
2026-09-13 08:42:00,26.41,61.13,383,209,0.015,0,14.24
2026-09-13 08:43:00,26.55,60.72,386.05,209,0.015,0,14.24
2026-09-13 08:44:00,26.61,59.77,389.87,209,0.165,0,14.24
2026-09-13 08:45:00,26.5,60.19,388.34,209,0.135,0,14.24
2026-09-13 08:46:00,26.52,60.11,391.78,209,0.015,0,14.24
2026-09-13 08:47:00,26.58,60.21,391.78,209,0,0,14.24
2026-09-13 08:48:00,26.73,60.02,395.21,209,0.015,0,14.24
2026-09-13 08:49:00,26.88,59.54,400.17,209,0,0,14.24
2026-09-13 08:50:00,27.02,58.94,398.64,209,0.075,0,14.24
2026-09-13 08:51:00,27.11,58.81,402.08,209,0.015,0,14.24
2026-09-13 08:52:00,27.15,58.72,403.6,209,0.15,0,14.24
2026-09-13 08:53:00,27.24,58.74,404.75,209,0.075,0,14.24
2026-09-13 08:54:00,27.45,57.68,408.56,216,0.06,0,14.24
2026-09-13 08:55:00,27.43,57.11,411.23,263,0.345,0,14.24
2026-09-13 08:56:00,27.28,57.51,413.9,257,0.435,0,14.24
2026-09-13 08:57:00,27.29,57.9,416.95,257,0.06,0,14.24
2026-09-13 08:58:00,27.36,57.39,420,257,0,0,14.24
2026-09-13 08:59:00,27.32,57.22,422.67,257,0.075,0,14.24
2026-09-13 09:00:00,27.16,57.67,425.35,207,0.3,0,14.24
2026-09-13 09:01:00,27.06,57.84,429.54,235,0.48,0,14.24
2026-09-13 09:02:00,27.02,58.29,432.59,216,0.285,0,14.24
2026-09-13 09:03:00,27.05,58.17,432.97,345,0.24,0,14.24
2026-09-13 09:04:00,27.09,58.31,438.32,344,0.09,0,14.24
2026-09-13 09:05:00,27.21,57.67,440.22,301,0.105,0,14.24
2026-09-13 09:06:00,27.18,57.46,440.99,336,0.525,0,14.24
2026-09-13 09:07:00,27.12,57.92,441.37,349,0.375,0,14.24
2026-09-13 09:08:00,27.22,57.78,444.8,349,0.03,0,14.24
2026-09-13 09:09:00,27.35,57.14,448.23,295,0.075,0,14.24
2026-09-13 09:10:00,27.47,56.28,450.9,302,0.105,0,14.24
2026-09-13 09:11:00,27.53,55.71,453.19,255,0.255,0,14.24
2026-09-13 09:12:00,27.54,55.75,457.01,71,0.285,0,14.24
2026-09-13 09:13:00,27.53,55.49,456.24,54,0.3,0,14.24
2026-09-13 09:14:00,27.56,55.53,463.11,63,0.15,0,14.17
2026-09-13 09:15:00,27.6,54.13,461.97,148,0.225,0,14.21
2026-09-13 09:16:00,27.67,54.22,465.78,148,0.3,0,14.17
2026-09-13 09:17:00,27.72,54.09,468.45,59,0.15,0,14.17
2026-09-13 09:18:00,27.7,54.29,472.27,59,0.24,0,14.17
2026-09-13 09:19:00,27.66,54.3,477.61,59,0.195,0,14.17
2026-09-13 09:20:00,27.67,53.92,477.99,59,0.165,0,14.17
2026-09-13 09:21:00,27.72,53.84,479.51,213,0.36,0,14.13
2026-09-13 09:22:00,27.74,54.06,481.8,64,0.24,0,14.17
2026-09-13 09:23:00,27.79,53.95,484.86,141,0.315,0,14.13
2026-09-13 09:24:00,27.83,54.06,488.29,141,0.195,0,14.13
2026-09-13 09:25:00,27.91,53.69,489.43,132,0.21,0,14.17
2026-09-13 09:26:00,27.94,53.4,491.34,136,0.45,0,14.13
2026-09-13 09:27:00,28.01,53.16,494.01,119,0.12,0,14.13
2026-09-13 09:28:00,28.13,52.88,496.68,119,0.27,0,14.13
2026-09-13 09:29:00,28.17,52.14,498.59,168,0.075,0,14.13
2026-09-13 09:30:00,28.2,51.15,500.88,296,0.21,0,14.13
2026-09-13 09:31:00,28.28,50.28,502.02,255,0.495,0,14.13
2026-09-13 09:32:00,28.24,50.55,503.17,73,0.27,0,14.13
2026-09-13 09:33:00,28.2,50.27,509.27,306,0.27,0,14.13
2026-09-13 09:34:00,28.17,49.8,510.8,344,0.375,0,14.13
2026-09-13 09:35:00,28.17,49.75,514.61,232,0.255,0,14.13
2026-09-13 09:36:00,28.27,49.34,515.75,159,0.09,0,14.13
2026-09-13 09:37:00,28.38,49.03,517.28,159,0.12,0,14.13
2026-09-13 09:38:00,28.51,48.77,517.28,159,0,0,14.13
2026-09-13 09:39:00,28.61,48.93,517.66,159,0.045,0,14.13
2026-09-13 09:40:00,28.71,48.63,522.24,159,0.015,0,14.13
2026-09-13 09:41:00,28.83,48.49,523.77,117,0.075,0,14.13
2026-09-13 09:42:00,28.87,48.51,527.96,122,0.24,0,14.09
2026-09-13 09:43:00,28.86,48.56,514.61,154,0.18,0,14.13
2026-09-13 09:44:00,28.82,48.68,496.68,99,0.24,0,14.09
2026-09-13 09:45:00,28.74,48.38,485.24,164,0.36,0,14.09
2026-09-13 09:46:00,28.66,48.52,537.5,200,0.285,0,14.09
2026-09-13 09:47:00,28.71,47.68,540.55,200,0.045,0,14.09
2026-09-13 09:48:00,28.82,47.63,542.08,200,0,0,14.09
2026-09-13 09:49:00,28.81,47.79,544.37,105,0.39,0,14.09
2026-09-13 09:50:00,28.78,47.98,548.56,181,0.405,0,14.09
2026-09-13 09:51:00,28.76,47.72,553.14,77,0.57,0,14.09
2026-09-13 09:52:00,28.68,47.76,556.57,127,0.48,0,14.09
2026-09-13 09:53:00,28.61,47.97,560.01,132,0.225,0,14.09
2026-09-13 09:54:00,28.66,48.23,562.68,252,0.15,0,14.09
2026-09-13 09:55:00,28.76,47.81,563.06,145,0.135,0,14.09
2026-09-13 09:56:00,28.81,47.75,564.2,197,0.33,0,14.09
2026-09-13 09:57:00,28.87,48.03,568.4,233,0.15,0,14.09
2026-09-13 09:58:00,28.97,47.74,563.44,232,0.195,0,14.09
2026-09-13 09:59:00,28.99,47.98,557.72,232,0.105,0,14.09
2026-09-13 10:00:00,28.96,48.12,574.5,232,0.105,0,14.09
2026-09-13 10:01:00,28.99,48.36,576.79,241,0.21,0,14.09
2026-09-13 10:02:00,29.06,48.49,580.99,178,0.135,0,14.09
2026-09-13 10:03:00,29.12,48.3,584.8,269,0.315,0,14.09
2026-09-13 10:04:00,29.16,48.46,589,243,0.18,0,14.09
2026-09-13 10:05:00,29.24,48.47,598.92,326,0.345,0,14.09
2026-09-13 10:06:00,29.27,48.45,591.67,312,0.09,0,14.09
2026-09-13 10:07:00,29.29,48.11,579.46,185,0.225,0,14.09
2026-09-13 10:08:00,29.19,47.73,577.94,155,0.375,0,14.09
2026-09-13 10:09:00,29.12,47.72,476.08,278,0.45,0,14.09
2026-09-13 10:10:00,29.05,47.61,557.34,124,0.735,0,14.09
